# Blender 5.0.0
# www.blender.org
o Rope_Bridge
v 14.701731 1.585645 -1.446220
v 14.828753 1.509950 -1.413808
v 14.834042 1.528691 -1.397469
v 14.841335 1.552711 -1.392992
v 14.848680 1.575572 -1.401577
v 14.854107 1.591150 -1.420923
v 14.856162 1.595271 -1.445847
v 14.854296 1.586829 -1.469671
v 14.849007 1.568088 -1.486010
v 14.841713 1.544069 -1.490487
v 14.834370 1.521207 -1.481902
v 14.828941 1.505629 -1.462556
v 14.826886 1.501509 -1.437632
v 15.113800 1.434731 -1.458029
v 15.118431 1.450508 -1.477389
v 15.112375 1.430453 -1.433094
v 15.401814 1.369093 -1.457955
v 15.405822 1.385011 -1.477314
v 15.400829 1.364714 -1.433019
v 15.689291 1.308990 -1.460553
v 15.692836 1.325006 -1.479909
v 15.688573 1.304556 -1.435620
v 15.972551 1.254701 -1.464043
v 15.975782 1.270777 -1.483395
v 15.971929 1.250248 -1.439111
v 16.247929 1.206501 -1.466643
v 16.250994 1.222606 -1.485994
v 16.247211 1.202064 -1.441711
v 16.475363 1.171088 -1.467054
v 16.477980 1.187261 -1.486404
v 16.474646 1.166653 -1.442121
v 16.700407 1.144222 -1.467054
v 16.702484 1.160460 -1.486404
v 16.699837 1.139768 -1.442121
v 16.962894 1.118403 -1.467054
v 16.964657 1.134673 -1.486404
v 16.962412 1.113941 -1.442121
v 17.247776 1.094170 -1.467054
v 17.249325 1.110458 -1.486404
v 17.247351 1.089703 -1.442121
v 17.539808 1.072097 -1.467054
v 17.541197 1.088397 -1.486404
v 17.539429 1.067626 -1.442121
v 17.823696 1.052769 -1.467054
v 17.824947 1.069078 -1.486404
v 17.823351 1.048295 -1.442121
v 18.100357 1.035355 -1.467054
v 18.101593 1.051666 -1.486404
v 18.100019 1.030882 -1.442121
v 18.456728 1.012210 -1.467053
v 18.457991 1.028518 -1.486404
v 18.456381 1.007736 -1.442121
v 18.874361 0.985161 -1.467054
v 18.875599 1.001471 -1.486404
v 18.874023 0.980687 -1.442121
v 19.312870 0.957872 -1.467054
v 19.314034 0.974187 -1.486404
v 19.312551 0.953397 -1.442121
v 19.731943 0.934004 -1.467054
v 19.732964 0.950327 -1.486404
v 19.731663 0.929527 -1.442121
v 20.091442 0.917213 -1.467054
v 20.092165 0.933549 -1.486404
v 20.091244 0.912732 -1.442121
v 20.371859 0.909374 -1.467054
v 20.372326 0.925718 -1.486404
v 20.371731 0.904891 -1.442121
v 20.703705 0.901400 -1.467054
v 20.704166 0.917744 -1.486404
v 20.703579 0.896917 -1.442121
v 21.088980 0.892498 -1.467054
v 21.089413 0.908843 -1.486404
v 21.088861 0.888015 -1.442121
v 21.494349 0.883934 -1.467054
v 21.494732 0.900281 -1.486404
v 21.494246 0.879451 -1.442121
v 21.886517 0.876975 -1.467054
v 21.886812 0.893323 -1.486404
v 21.886436 0.872491 -1.442121
v 22.232256 0.872886 -1.467054
v 22.232389 0.889235 -1.486404
v 22.232220 0.868401 -1.442121
v 22.232288 0.876984 -1.418286
v 22.232447 0.896334 -1.401936
v 22.232649 0.921266 -1.397452
v 22.232843 0.945100 -1.406035
v 22.232975 0.961449 -1.425385
v 22.233013 0.965933 -1.450318
v 22.232943 0.957351 -1.474153
v 22.232786 0.938001 -1.490503
v 22.232582 0.913069 -1.494987
v 21.887243 0.917154 -1.494987
v 21.887691 0.942083 -1.490503
v 21.888041 0.961430 -1.474153
v 21.888195 0.970012 -1.450318
v 21.888115 0.965529 -1.425385
v 21.887819 0.949181 -1.406035
v 21.887390 0.925350 -1.397452
v 21.886940 0.900420 -1.401936
v 21.886591 0.881073 -1.418287
v 21.494446 0.888032 -1.418286
v 21.494898 0.907378 -1.401936
v 21.495480 0.932305 -1.397452
v 21.496037 0.956134 -1.406035
v 21.496416 0.972480 -1.425385
v 21.496521 0.976963 -1.450318
v 21.496321 0.968382 -1.474153
v 21.495869 0.949037 -1.490503
v 21.495287 0.924110 -1.494987
v 21.090042 0.932671 -1.494987
v 21.090702 0.957596 -1.490503
v 21.091213 0.976941 -1.474153
v 21.091440 0.985521 -1.450318
v 21.091322 0.981038 -1.425385
v 21.090889 0.964693 -1.406035
v 21.090260 0.940865 -1.397452
v 21.089600 0.915940 -1.401937
v 21.089088 0.896595 -1.418286
v 20.703821 0.905497 -1.418286
v 20.704367 0.924841 -1.401936
v 20.705069 0.949765 -1.397452
v 20.705740 0.973592 -1.406035
v 20.706200 0.989936 -1.425385
v 20.706326 0.994419 -1.450318
v 20.706083 0.985839 -1.474153
v 20.705540 0.966495 -1.490503
v 20.704838 0.941571 -1.494987
v 20.373005 0.949545 -1.494987
v 20.373716 0.974469 -1.490503
v 20.374269 0.993813 -1.474153
v 20.374514 1.002392 -1.450318
v 20.374386 0.997910 -1.425385
v 20.373920 0.981565 -1.406035
v 20.373240 0.957739 -1.397452
v 20.372528 0.932815 -1.401936
v 20.371975 0.913471 -1.418286
v 20.091623 0.921308 -1.418286
v 20.092480 0.940642 -1.401937
v 20.093582 0.965554 -1.397452
v 20.094639 0.989369 -1.406035
v 20.095364 1.005706 -1.425385
v 20.095562 1.010186 -1.450318
v 20.095181 1.001611 -1.474153
v 20.094324 0.982276 -1.490502
v 20.093220 0.957364 -1.494987
v 19.734451 0.974122 -1.494987
v 19.736008 0.999014 -1.490503
v 19.737215 1.018332 -1.474152
v 19.737751 1.026901 -1.450318
v 19.737473 1.022424 -1.425385
v 19.736452 1.006101 -1.406035
v 19.734962 0.982306 -1.397452
v 19.733406 0.957414 -1.401937
v 19.732199 0.938096 -1.418287
v 19.313162 0.961962 -1.418286
v 19.314537 0.981271 -1.401937
v 19.316311 1.006150 -1.397452
v 19.318007 1.029934 -1.406035
v 19.319170 1.046249 -1.425385
v 19.319489 1.050724 -1.450318
v 19.318878 1.042159 -1.474153
v 19.317501 1.022850 -1.490502
v 19.315729 0.997971 -1.494987
v 18.877399 1.025248 -1.494987
v 18.879286 1.050121 -1.490502
v 18.880749 1.069424 -1.474153
v 18.881397 1.077986 -1.450318
v 18.881058 1.073513 -1.425385
v 18.879822 1.057202 -1.406035
v 18.878019 1.033425 -1.397452
v 18.876135 1.008553 -1.401936
v 18.874672 0.989249 -1.418286
v 18.457043 1.016298 -1.418286
v 18.458538 1.035599 -1.401936
v 18.460464 1.060469 -1.397452
v 18.462305 1.084244 -1.406035
v 18.463570 1.100553 -1.425385
v 18.463915 1.105026 -1.450318
v 18.463253 1.096465 -1.474153
v 18.461758 1.077163 -1.490503
v 18.459831 1.052293 -1.494987
v 18.103394 1.075443 -1.494987
v 18.105278 1.100316 -1.490502
v 18.106741 1.119619 -1.474153
v 18.107388 1.128181 -1.450318
v 18.107050 1.123708 -1.425385
v 18.105814 1.107397 -1.406035
v 18.104013 1.083620 -1.397452
v 18.102129 1.058747 -1.401936
v 18.100668 1.039444 -1.418286
v 17.824009 1.056857 -1.418286
v 17.825493 1.076159 -1.401937
v 17.827404 1.101030 -1.397452
v 17.829231 1.124806 -1.406035
v 17.830484 1.141115 -1.425385
v 17.830828 1.145588 -1.450318
v 17.830170 1.137027 -1.474153
v 17.828686 1.117725 -1.490503
v 17.826775 1.092853 -1.494987
v 17.543221 1.112159 -1.494987
v 17.545336 1.137016 -1.490502
v 17.546978 1.156308 -1.474153
v 17.547707 1.164864 -1.450318
v 17.547325 1.160394 -1.425386
v 17.545938 1.144093 -1.406035
v 17.543915 1.120331 -1.397452
v 17.541800 1.095474 -1.401937
v 17.540157 1.076183 -1.418286
v 17.248163 1.098253 -1.418286
v 17.249996 1.117530 -1.401937
v 17.252357 1.142369 -1.397452
v 17.254614 1.166113 -1.406035
v 17.256161 1.182401 -1.425385
v 17.256588 1.186868 -1.450318
v 17.255774 1.178318 -1.474153
v 17.253941 1.159041 -1.490503
v 17.251581 1.134202 -1.494987
v 16.967224 1.158391 -1.494987
v 16.969910 1.183201 -1.490502
v 16.971996 1.202457 -1.474153
v 16.972919 1.210998 -1.450318
v 16.972437 1.206535 -1.425385
v 16.970676 1.190266 -1.406035
v 16.968107 1.166548 -1.397452
v 16.965420 1.141737 -1.401936
v 16.963337 1.122482 -1.418286
v 16.700928 1.148292 -1.418286
v 16.703388 1.167510 -1.401936
v 16.706556 1.192273 -1.397452
v 16.709583 1.215945 -1.406035
v 16.711662 1.232183 -1.425386
v 16.712233 1.236637 -1.450318
v 16.711142 1.228113 -1.474153
v 16.708681 1.208895 -1.490502
v 16.705515 1.184132 -1.494987
v 16.481792 1.210837 -1.494987
v 16.485783 1.235500 -1.490503
v 16.488880 1.254640 -1.474153
v 16.490253 1.263130 -1.450318
v 16.489536 1.258694 -1.425385
v 16.486919 1.242522 -1.406035
v 16.483105 1.218946 -1.397452
v 16.479115 1.194283 -1.401936
v 16.476017 1.175143 -1.418286
v 16.249035 1.210485 -1.417877
v 16.252911 1.229507 -1.401528
v 16.257801 1.254033 -1.397046
v 16.262392 1.277492 -1.405631
v 16.265459 1.293597 -1.424981
v 16.266174 1.298034 -1.449914
v 16.264351 1.289613 -1.473748
v 16.260475 1.270591 -1.490096
v 16.255587 1.246065 -1.494579
v 15.980757 1.294169 -1.491983
v 15.986140 1.318609 -1.487505
v 15.990490 1.337548 -1.471161
v 15.992643 1.345912 -1.447330
v 15.992020 1.341459 -1.422399
v 15.988787 1.325383 -1.403046
v 15.983813 1.301991 -1.394458
v 15.978430 1.277551 -1.398937
v 15.974079 1.258612 -1.415280
v 15.690880 1.312890 -1.411791
v 15.695590 1.331760 -1.395451
v 15.701443 1.356110 -1.390979
v 15.706869 1.379415 -1.399571
v 15.710417 1.395431 -1.418928
v 15.711132 1.399865 -1.443861
v 15.708826 1.391531 -1.467690
v 15.704115 1.372661 -1.484029
v 15.698263 1.348311 -1.488502
v 15.411784 1.408204 -1.485913
v 15.418099 1.432457 -1.481444
v 15.423079 1.451271 -1.465106
v 15.425386 1.459605 -1.441278
v 15.424403 1.455227 -1.416342
v 15.420393 1.439308 -1.396982
v 15.414433 1.416115 -1.388384
v 15.408115 1.391862 -1.392853
v 15.403137 1.373048 -1.409190
v 15.114538 1.438821 -1.409266
v 15.119707 1.457592 -1.392928
v 15.126499 1.481736 -1.388459
v 15.133093 1.504785 -1.397057
v 15.137722 1.520562 -1.416416
v 15.139147 1.524840 -1.441351
v 15.136984 1.516472 -1.465180
v 15.131816 1.497701 -1.481517
v 15.125025 1.473557 -1.485986
v 30.170378 0.012498 -1.443595
v 30.170378 1.975582 -1.443595
v 14.955771 0.626568 1.720882
v 14.955771 0.626568 -1.720878
v 14.983869 0.729955 1.720882
v 15.779068 0.438246 1.720882
v 15.779068 0.438246 -1.720878
v 15.807165 0.541633 1.720882
v 15.807165 0.541633 -1.720878
v 14.983869 0.729955 -1.720878
v 16.093060 0.382080 1.720882
v 16.093060 0.382080 -1.720878
v 16.110399 0.487438 1.720882
v 16.932049 0.265866 1.720882
v 16.932049 0.265866 -1.720878
v 16.949390 0.371225 1.720882
v 16.949390 0.371225 -1.720878
v 16.110399 0.487438 -1.720878
v 17.239811 0.248149 1.720882
v 17.239811 0.248149 -1.720878
v 17.249275 0.354348 1.720882
v 18.085491 0.184720 1.720882
v 18.085491 0.184720 -1.720878
v 18.094954 0.290918 1.720882
v 18.094954 0.290918 -1.720878
v 17.249275 0.354348 -1.720878
v 18.440739 0.157561 1.720882
v 18.440739 0.157561 -1.720878
v 18.448891 0.263851 1.720882
v 19.287146 0.102923 1.720882
v 19.287146 0.102923 -1.720878
v 19.295298 0.209213 1.720882
v 19.295298 0.209213 -1.720878
v 18.448891 0.263851 -1.720878
v 19.608906 0.090052 1.720882
v 19.608906 0.090052 -1.720878
v 19.613466 0.196523 1.720882
v 20.456751 0.059481 1.720882
v 20.456751 0.059481 -1.720878
v 20.461313 0.165952 1.720882
v 20.461313 0.165952 -1.720878
v 19.613466 0.196523 -1.720878
v 20.797207 0.043986 1.720882
v 20.797207 0.043986 -1.720878
v 20.799049 0.150525 1.720882
v 21.645601 0.031639 1.720882
v 21.645601 0.031639 -1.720878
v 21.647444 0.138179 1.720882
v 21.647444 0.138179 -1.720878
v 20.799049 0.150525 -1.720878
v 21.958460 0.019345 1.720882
v 21.958460 0.019345 -1.720878
v 21.958460 0.125898 1.720882
v 22.806961 0.019345 1.720882
v 22.806961 0.019345 -1.720878
v 22.806961 0.125898 1.720882
v 22.806961 0.125898 -1.720878
v 21.958460 0.125898 -1.720878
v 23.111713 0.031639 1.720882
v 23.111713 0.031639 -1.720878
v 23.109871 0.138179 1.720882
v 23.960108 0.043986 1.720882
v 23.960108 0.043986 -1.720878
v 23.958265 0.150525 1.720882
v 23.958265 0.150525 -1.720878
v 23.109871 0.138179 -1.720878
v 24.300564 0.059481 1.720882
v 24.300564 0.059481 -1.720878
v 24.296003 0.165952 1.720882
v 25.148411 0.090052 1.720882
v 25.148411 0.090052 -1.720878
v 25.143848 0.196523 1.720882
v 25.143848 0.196523 -1.720878
v 24.296003 0.165952 -1.720878
v 25.470169 0.102923 1.720882
v 25.470169 0.102923 -1.720878
v 25.462017 0.209213 1.720882
v 26.316578 0.157561 1.720882
v 26.316578 0.157561 -1.720878
v 26.308426 0.263851 1.720882
v 26.308426 0.263851 -1.720878
v 25.462017 0.209213 -1.720878
v 26.671824 0.184720 1.720882
v 26.671824 0.184720 -1.720878
v 26.662359 0.290918 1.720882
v 27.517504 0.248149 1.720882
v 27.517504 0.248149 -1.720878
v 27.508039 0.354348 1.720882
v 27.508039 0.354348 -1.720878
v 26.662359 0.290918 -1.720878
v 27.825264 0.265866 1.720882
v 27.825264 0.265866 -1.720878
v 27.807924 0.371225 1.720882
v 28.664255 0.382080 1.720882
v 28.664255 0.382080 -1.720878
v 28.646915 0.487438 1.720882
v 28.646915 0.487438 -1.720878
v 27.807924 0.371225 -1.720878
v 28.978247 0.438246 1.720882
v 28.978247 0.438246 -1.720878
v 28.950148 0.541633 1.720882
v 29.801542 0.626568 1.720882
v 29.801542 0.626568 -1.720878
v 29.773445 0.729955 1.720882
v 29.773445 0.729955 -1.720878
v 28.950148 0.541633 -1.720878
v 14.586956 0.012498 1.443600
v 14.586956 1.975582 1.443600
v 14.586958 0.012498 -1.443596
v 14.586956 1.975582 -1.443595
v 30.170359 0.012498 1.443600
v 30.170361 1.975582 1.443600
v 14.701733 0.644111 1.446223
v 14.828755 0.568416 1.413812
v 14.834044 0.587157 1.397473
v 14.841337 0.611176 1.392995
v 14.848681 0.634038 1.401580
v 14.854109 0.649616 1.420927
v 14.856165 0.653736 1.445851
v 14.854297 0.645295 1.469674
v 14.849009 0.626554 1.486014
v 14.841715 0.602535 1.490491
v 14.834370 0.579673 1.481906
v 14.828943 0.564095 1.462560
v 14.826887 0.559975 1.437635
v 15.113803 0.493197 1.458032
v 15.118432 0.508974 1.477392
v 15.112379 0.488919 1.433098
v 15.401814 0.427558 1.457958
v 15.405825 0.443477 1.477318
v 15.400831 0.423180 1.433023
v 15.689291 0.367456 1.460556
v 15.692839 0.383472 1.479912
v 15.688576 0.363022 1.435623
v 15.972553 0.313167 1.464046
v 15.975785 0.329243 1.483399
v 15.971930 0.308714 1.439114
v 16.247931 0.264967 1.466647
v 16.250996 0.281072 1.485998
v 16.247213 0.260530 1.441714
v 16.475365 0.229554 1.467057
v 16.477982 0.245727 1.486408
v 16.474646 0.225118 1.442125
v 16.700409 0.202687 1.467057
v 16.702486 0.218926 1.486408
v 16.699841 0.198234 1.442125
v 16.962898 0.176869 1.467057
v 16.964659 0.193139 1.486408
v 16.962414 0.172407 1.442125
v 17.247776 0.152636 1.467057
v 17.249325 0.168924 1.486408
v 17.247353 0.148168 1.442125
v 17.539810 0.130563 1.467057
v 17.541199 0.146863 1.486408
v 17.539431 0.126092 1.442125
v 17.823698 0.111234 1.467057
v 17.824951 0.127544 1.486408
v 17.823355 0.106761 1.442125
v 18.100361 0.093821 1.467057
v 18.101595 0.110131 1.486408
v 18.100021 0.089347 1.442125
v 18.456730 0.070675 1.467057
v 18.457993 0.086984 1.486408
v 18.456383 0.066202 1.442125
v 18.874363 0.043626 1.467057
v 18.875599 0.059937 1.486408
v 18.874025 0.039153 1.442125
v 19.312872 0.016338 1.467057
v 19.314034 0.032653 1.486408
v 19.312553 0.011863 1.442125
v 19.731945 -0.007530 1.467057
v 19.732965 0.008793 1.486408
v 19.731665 -0.012007 1.442125
v 20.091444 -0.024321 1.467057
v 20.092167 -0.007985 1.486408
v 20.091246 -0.028802 1.442125
v 20.371861 -0.032160 1.467057
v 20.372326 -0.015816 1.486408
v 20.371733 -0.036643 1.442125
v 20.703707 -0.040134 1.467057
v 20.704168 -0.023790 1.486408
v 20.703581 -0.044617 1.442125
v 21.088982 -0.049036 1.467057
v 21.089415 -0.032691 1.486408
v 21.088863 -0.053519 1.442125
v 21.494350 -0.057600 1.467057
v 21.494732 -0.041254 1.486408
v 21.494247 -0.062083 1.442125
v 21.886518 -0.064559 1.467057
v 21.886814 -0.048212 1.486408
v 21.886438 -0.069043 1.442125
v 22.232258 -0.068648 1.467057
v 22.232391 -0.052299 1.486408
v 22.232222 -0.073133 1.442125
v 22.525057 -0.068649 1.467057
v 22.524925 -0.052299 1.486408
v 22.525093 -0.073133 1.442125
v 22.525024 -0.064550 1.418290
v 22.232290 -0.064550 1.418290
v 22.524866 -0.045200 1.401940
v 22.232449 -0.045200 1.401940
v 22.524664 -0.020269 1.397456
v 22.232651 -0.020268 1.397456
v 22.524471 0.003565 1.406039
v 22.232845 0.003565 1.406039
v 22.524338 0.019915 1.425389
v 22.232977 0.019915 1.425389
v 22.524302 0.024399 1.450322
v 22.233015 0.024399 1.450322
v 22.524370 0.015816 1.474156
v 22.232944 0.015816 1.474156
v 22.524529 -0.003533 1.490506
v 22.232788 -0.003533 1.490506
v 22.524731 -0.028465 1.494990
v 22.232584 -0.028465 1.494990
v 21.887243 -0.024381 1.494990
v 21.887693 0.000549 1.490506
v 21.888042 0.019896 1.474156
v 21.888197 0.028478 1.450322
v 21.888117 0.023994 1.425389
v 21.887821 0.007647 1.406039
v 21.887392 -0.016185 1.397456
v 21.886942 -0.041114 1.401940
v 21.886593 -0.060461 1.418290
v 21.494446 -0.053502 1.418290
v 21.494898 -0.034156 1.401940
v 21.495481 -0.009229 1.397456
v 21.496037 0.014600 1.406039
v 21.496418 0.030946 1.425389
v 21.496523 0.035429 1.450322
v 21.496323 0.026848 1.474156
v 21.495871 0.007502 1.490506
v 21.495289 -0.017425 1.494990
v 21.090044 -0.008864 1.494990
v 21.090704 0.016062 1.490506
v 21.091215 0.035406 1.474156
v 21.091442 0.043987 1.450322
v 21.091324 0.039504 1.425389
v 21.090891 0.023159 1.406039
v 21.089602 -0.025594 1.401940
v 21.089090 -0.044939 1.418290
v 20.703823 -0.036037 1.418290
v 20.704367 -0.016693 1.401940
v 21.090261 -0.000669 1.397456
v 20.705070 0.008231 1.397456
v 20.705742 0.032058 1.406039
v 20.706202 0.048402 1.425389
v 20.706327 0.052885 1.450322
v 20.706085 0.044305 1.474156
v 20.705542 0.024961 1.490506
v 20.704840 0.000037 1.494990
v 20.373007 0.008011 1.494990
v 20.373718 0.032935 1.490506
v 20.374271 0.052278 1.474156
v 20.374516 0.060858 1.450322
v 20.374388 0.056375 1.425389
v 20.373920 0.040031 1.406039
v 20.373241 0.016205 1.397456
v 20.372530 -0.008719 1.401940
v 20.371977 -0.028063 1.418290
v 20.091625 -0.020226 1.418290
v 20.092482 -0.000892 1.401940
v 20.093586 0.024020 1.397456
v 20.094641 0.047835 1.406039
v 20.095364 0.064172 1.425389
v 20.095564 0.068652 1.450322
v 20.095182 0.060076 1.474156
v 20.094326 0.040742 1.490506
v 20.093224 0.015830 1.494990
v 19.734453 0.032588 1.494990
v 19.736010 0.057480 1.490506
v 19.737219 0.076798 1.474156
v 19.737755 0.085367 1.450322
v 19.737474 0.080890 1.425389
v 19.736454 0.064567 1.406039
v 19.734966 0.040772 1.397456
v 19.733410 0.015880 1.401940
v 19.732201 -0.003439 1.418290
v 19.313164 0.020428 1.418290
v 19.314541 0.039737 1.401940
v 19.316315 0.064616 1.397456
v 19.318008 0.088400 1.406039
v 19.319172 0.104715 1.425389
v 19.319490 0.109190 1.450322
v 19.318880 0.100625 1.474156
v 19.317505 0.081316 1.490506
v 19.315731 0.056437 1.494990
v 18.877403 0.083714 1.494990
v 18.879288 0.108587 1.490506
v 18.880751 0.127890 1.474156
v 18.881399 0.136452 1.450322
v 18.881060 0.131979 1.425389
v 18.879824 0.115668 1.406039
v 18.878023 0.091891 1.397456
v 18.876137 0.067019 1.401940
v 18.874674 0.047715 1.418290
v 18.457047 0.074764 1.418290
v 18.458540 0.094065 1.401940
v 18.460466 0.118935 1.397456
v 18.462309 0.142710 1.406039
v 18.463570 0.159019 1.425389
v 18.463917 0.163492 1.450322
v 18.463255 0.154930 1.474156
v 18.461760 0.135629 1.490506
v 18.459833 0.110759 1.494990
v 18.103395 0.133909 1.494990
v 18.105280 0.158782 1.490506
v 18.106743 0.178085 1.474156
v 18.107391 0.186647 1.450322
v 18.107052 0.182174 1.425389
v 18.105818 0.165863 1.406039
v 18.104015 0.142086 1.397456
v 18.102131 0.117213 1.401940
v 18.100670 0.097910 1.418290
v 17.824011 0.115323 1.418290
v 17.825495 0.134625 1.401940
v 17.827404 0.159496 1.397456
v 17.829231 0.183272 1.406039
v 17.830486 0.199581 1.425389
v 17.830830 0.204054 1.450322
v 17.830172 0.195493 1.474156
v 17.828688 0.176190 1.490506
v 17.826778 0.151319 1.494990
v 17.543221 0.170625 1.494990
v 17.545338 0.195482 1.490506
v 17.546980 0.214773 1.474156
v 17.547709 0.223330 1.450322
v 17.547329 0.218860 1.425389
v 17.545940 0.202559 1.406039
v 17.543919 0.178797 1.397456
v 17.541801 0.153940 1.401940
v 17.540157 0.134649 1.418290
v 17.248165 0.156719 1.418290
v 17.249996 0.175996 1.401940
v 17.252357 0.200834 1.397456
v 17.254616 0.224579 1.406039
v 17.256163 0.240867 1.425389
v 17.256588 0.245334 1.450322
v 17.255775 0.236784 1.474156
v 17.253944 0.217507 1.490506
v 17.251581 0.192668 1.494990
v 16.967226 0.216857 1.494990
v 16.969913 0.241667 1.490506
v 16.971998 0.260923 1.474156
v 16.972921 0.269464 1.450322
v 16.972439 0.265001 1.425389
v 16.970678 0.248731 1.406039
v 16.968109 0.225014 1.397456
v 16.965424 0.200203 1.401940
v 16.963337 0.180947 1.418290
v 16.700930 0.206758 1.418290
v 16.703388 0.225976 1.401940
v 16.706556 0.250739 1.397456
v 16.709587 0.274411 1.406039
v 16.711664 0.290649 1.425389
v 16.712234 0.295103 1.450322
v 16.711143 0.286579 1.474156
v 16.708685 0.267360 1.490506
v 16.705517 0.242598 1.494990
v 16.481796 0.269303 1.494990
v 16.485786 0.293966 1.490506
v 16.488882 0.313106 1.474156
v 16.490255 0.321596 1.450322
v 16.489538 0.317160 1.425389
v 16.486921 0.300988 1.406039
v 16.483107 0.277411 1.397456
v 16.479118 0.252749 1.401940
v 16.476021 0.233608 1.418290
v 16.249037 0.268951 1.417881
v 16.252913 0.287973 1.401532
v 16.257801 0.312499 1.397050
v 16.262394 0.335958 1.405634
v 16.265459 0.352063 1.424985
v 16.266176 0.356500 1.449917
v 16.264353 0.348079 1.473751
v 16.260477 0.329057 1.490099
v 16.255589 0.304531 1.494582
v 15.980759 0.352635 1.491987
v 15.986142 0.377075 1.487508
v 15.990493 0.396014 1.471164
v 15.992643 0.404378 1.447334
v 15.992021 0.399925 1.422402
v 15.988789 0.383849 1.403049
v 15.983814 0.360457 1.394462
v 15.978432 0.336017 1.398940
v 15.974081 0.317078 1.415284
v 15.690882 0.371356 1.411794
v 15.695593 0.390226 1.395454
v 15.701446 0.414576 1.390982
v 15.706873 0.437881 1.399575
v 15.710419 0.453896 1.418931
v 15.711135 0.458331 1.443864
v 15.708828 0.449997 1.467693
v 15.704119 0.431127 1.484033
v 15.698265 0.406777 1.488506
v 15.411785 0.466670 1.485916
v 15.418102 0.490923 1.481447
v 15.423080 0.509737 1.465110
v 15.425388 0.518071 1.441281
v 15.424406 0.513692 1.416346
v 15.420397 0.497774 1.396986
v 15.414433 0.474581 1.388388
v 15.408117 0.450328 1.392857
v 15.403139 0.431514 1.409194
v 15.114539 0.497286 1.409269
v 15.119709 0.516057 1.392932
v 15.126499 0.540202 1.388463
v 15.133094 0.563251 1.397060
v 15.137723 0.579028 1.416420
v 15.139149 0.583305 1.441354
v 15.136987 0.574938 1.465183
v 15.131817 0.556167 1.481521
v 15.125027 0.532022 1.485989
v 30.055582 0.644111 1.446223
v 29.928560 0.568416 1.413812
v 29.923271 0.587157 1.397473
v 29.915977 0.611176 1.392995
v 29.908632 0.634038 1.401580
v 29.903206 0.649616 1.420927
v 29.901152 0.653736 1.445851
v 29.903019 0.645295 1.469674
v 29.908306 0.626554 1.486014
v 29.915600 0.602535 1.490491
v 29.922945 0.579673 1.481906
v 29.928371 0.564095 1.462559
v 29.930428 0.559974 1.437635
v 29.643513 0.493197 1.458032
v 29.638882 0.508974 1.477392
v 29.644938 0.488919 1.433098
v 29.355501 0.427558 1.457958
v 29.351492 0.443477 1.477318
v 29.356483 0.423179 1.433023
v 29.068024 0.367456 1.460556
v 29.064476 0.383472 1.479912
v 29.068741 0.363022 1.435623
v 28.784761 0.313167 1.464046
v 28.781528 0.329243 1.483399
v 28.785385 0.308714 1.439114
v 28.509384 0.264967 1.466647
v 28.506319 0.281072 1.485998
v 28.510101 0.260530 1.441714
v 28.281950 0.229554 1.467057
v 28.279333 0.245727 1.486408
v 28.282669 0.225118 1.442125
v 28.056906 0.202687 1.467057
v 28.054829 0.218926 1.486408
v 28.057476 0.198234 1.442125
v 27.794418 0.176869 1.467057
v 27.792656 0.193139 1.486408
v 27.794903 0.172407 1.442125
v 27.509539 0.152636 1.467057
v 27.507990 0.168924 1.486408
v 27.509964 0.148168 1.442125
v 27.217503 0.130562 1.467057
v 27.216116 0.146863 1.486408
v 27.217884 0.126092 1.442125
v 26.933619 0.111234 1.467057
v 26.932365 0.127544 1.486408
v 26.933962 0.106761 1.442125
v 26.656956 0.093821 1.467057
v 26.655720 0.110131 1.486408
v 26.657293 0.089347 1.442125
v 26.300587 0.070675 1.467057
v 26.299322 0.086984 1.486408
v 26.300934 0.066202 1.442125
v 25.882952 0.043626 1.467057
v 25.881716 0.059937 1.486408
v 25.883289 0.039153 1.442125
v 25.444443 0.016338 1.467057
v 25.443281 0.032653 1.486408
v 25.444763 0.011863 1.442125
v 25.024351 0.008793 1.486408
v 25.025652 -0.012007 1.442125
v 25.025370 -0.007530 1.467057
v 24.665873 -0.024321 1.467057
v 24.665148 -0.007985 1.486408
v 24.666071 -0.028802 1.442125
v 24.385456 -0.032160 1.467057
v 24.384989 -0.015816 1.486408
v 24.385582 -0.036643 1.442125
v 24.053608 -0.040134 1.467057
v 24.053146 -0.023790 1.486408
v 24.053734 -0.044617 1.442125
v 23.668333 -0.049036 1.467057
v 23.667902 -0.032691 1.486408
v 23.668451 -0.053519 1.442125
v 23.262964 -0.057600 1.467057
v 23.262583 -0.041254 1.486408
v 23.263069 -0.062083 1.442125
v 22.870796 -0.064559 1.467057
v 22.870502 -0.048212 1.486408
v 22.870876 -0.069043 1.442125
v 22.870071 -0.024381 1.494990
v 22.869621 0.000549 1.490506
v 22.869272 0.019896 1.474156
v 22.869118 0.028478 1.450322
v 22.869200 0.023994 1.425389
v 22.869493 0.007647 1.406039
v 22.869925 -0.016185 1.397456
v 22.870373 -0.041114 1.401940
v 22.870722 -0.060461 1.418290
v 23.262869 -0.053502 1.418290
v 23.262417 -0.034156 1.401940
v 23.261835 -0.009229 1.397456
v 23.261278 0.014600 1.406039
v 23.260897 0.030946 1.425389
v 23.260792 0.035429 1.450322
v 23.260992 0.026848 1.474156
v 23.261444 0.007502 1.490506
v 23.262026 -0.017425 1.494990
v 23.667271 -0.008864 1.494990
v 23.666611 0.016062 1.490506
v 23.666100 0.035406 1.474156
v 23.665873 0.043987 1.450322
v 23.665991 0.039504 1.425389
v 23.666424 0.023159 1.406039
v 23.667053 -0.000669 1.397456
v 23.667713 -0.025594 1.401940
v 23.668224 -0.044939 1.418290
v 24.053493 -0.036037 1.418290
v 24.052948 -0.016693 1.401940
v 24.052244 0.008231 1.397456
v 24.051575 0.032058 1.406039
v 24.051113 0.048402 1.425389
v 24.050987 0.052885 1.450322
v 24.051229 0.044305 1.474156
v 24.051775 0.024961 1.490506
v 24.052477 0.000037 1.494990
v 24.384308 0.008011 1.494990
v 24.383596 0.032935 1.490506
v 24.383043 0.052278 1.474156
v 24.382799 0.060858 1.450322
v 24.382927 0.056375 1.425389
v 24.383394 0.040031 1.406039
v 24.384075 0.016205 1.397456
v 24.384787 -0.008719 1.401940
v 24.385338 -0.028063 1.418290
v 24.665691 -0.020226 1.418290
v 24.664833 -0.000892 1.401940
v 24.663731 0.024020 1.397456
v 24.662674 0.047835 1.406039
v 24.661951 0.064171 1.425389
v 24.661753 0.068652 1.450322
v 24.662132 0.060076 1.474156
v 24.662989 0.040742 1.490506
v 24.664093 0.015830 1.494990
v 25.022861 0.032588 1.494990
v 25.021307 0.057480 1.490506
v 25.020098 0.076798 1.474156
v 25.019562 0.085367 1.450322
v 25.019840 0.080890 1.425389
v 25.020863 0.064567 1.406039
v 25.022350 0.040772 1.397456
v 25.023907 0.015880 1.401940
v 25.025114 -0.003439 1.418290
v 25.444153 0.020428 1.418290
v 25.442776 0.039736 1.401940
v 25.441002 0.064616 1.397456
v 25.439306 0.088400 1.406039
v 25.438143 0.104715 1.425389
v 25.437824 0.109190 1.450322
v 25.438435 0.100625 1.474156
v 25.439812 0.081316 1.490506
v 25.441586 0.056436 1.494990
v 25.879913 0.083714 1.494990
v 25.878027 0.108587 1.490506
v 25.876564 0.127890 1.474156
v 25.875916 0.136452 1.450322
v 25.876255 0.131979 1.425389
v 25.877491 0.115668 1.406039
v 25.879293 0.091891 1.397456
v 25.881178 0.067019 1.401940
v 25.882641 0.047715 1.418290
v 26.300268 0.074763 1.418290
v 26.298775 0.094065 1.401940
v 26.296848 0.118935 1.397456
v 26.295006 0.142710 1.406039
v 26.293745 0.159019 1.425389
v 26.293398 0.163492 1.450322
v 26.294060 0.154930 1.474156
v 26.295555 0.135629 1.490506
v 26.297482 0.110759 1.494990
v 26.653919 0.133909 1.494990
v 26.652035 0.158781 1.490506
v 26.650574 0.178085 1.474156
v 26.649925 0.186647 1.450322
v 26.650263 0.182174 1.425389
v 26.651499 0.165863 1.406039
v 26.653299 0.142086 1.397456
v 26.655182 0.117213 1.401940
v 26.656645 0.097910 1.418290
v 26.933304 0.115323 1.418290
v 26.931820 0.134625 1.401940
v 26.929909 0.159496 1.397456
v 26.928083 0.183272 1.406039
v 26.926830 0.199581 1.425389
v 26.926487 0.204054 1.450322
v 26.927143 0.195493 1.474156
v 26.928627 0.176190 1.490506
v 26.930538 0.151319 1.494990
v 27.214094 0.170625 1.494990
v 27.211977 0.195482 1.490506
v 27.210335 0.214773 1.474156
v 27.209606 0.223330 1.450322
v 27.209988 0.218859 1.425389
v 27.211376 0.202559 1.406039
v 27.213398 0.178797 1.397456
v 27.215515 0.153940 1.401940
v 27.217155 0.134649 1.418290
v 27.509151 0.156719 1.418290
v 27.507317 0.175996 1.401940
v 27.504957 0.200834 1.397456
v 27.502701 0.224579 1.406039
v 27.501152 0.240867 1.425389
v 27.500727 0.245334 1.450322
v 27.501541 0.236784 1.474156
v 27.503372 0.217507 1.490506
v 27.505733 0.192668 1.494990
v 27.790089 0.216857 1.494990
v 27.787403 0.241667 1.490506
v 27.785316 0.260923 1.474156
v 27.784391 0.269463 1.450322
v 27.784876 0.265001 1.425389
v 27.786638 0.248731 1.406039
v 27.789206 0.225014 1.397456
v 27.791891 0.200203 1.401940
v 27.793976 0.180947 1.418290
v 28.056385 0.206758 1.418290
v 28.053926 0.225976 1.401940
v 28.050758 0.250739 1.397456
v 28.047729 0.274411 1.406039
v 28.045650 0.290649 1.425389
v 28.045082 0.295103 1.450322
v 28.046171 0.286579 1.474156
v 28.048630 0.267360 1.490506
v 28.051800 0.242598 1.494990
v 28.275520 0.269303 1.494990
v 28.271530 0.293966 1.490506
v 28.268433 0.313106 1.474156
v 28.267059 0.321596 1.450322
v 28.267776 0.317160 1.425389
v 28.270393 0.300988 1.406039
v 28.274208 0.277411 1.397456
v 28.278198 0.252749 1.401940
v 28.281294 0.233608 1.418290
v 28.508278 0.268951 1.417881
v 28.504402 0.287973 1.401532
v 28.499514 0.312499 1.397050
v 28.494921 0.335958 1.405634
v 28.491856 0.352063 1.424985
v 28.491138 0.356500 1.449917
v 28.492962 0.348079 1.473751
v 28.496838 0.329057 1.490099
v 28.501726 0.304531 1.494582
v 28.776556 0.352635 1.491987
v 28.771172 0.377075 1.487508
v 28.766823 0.396014 1.471164
v 28.764671 0.404377 1.447334
v 28.765293 0.399925 1.422402
v 28.768526 0.383849 1.403049
v 28.773500 0.360457 1.394462
v 28.778883 0.336017 1.398940
v 28.783234 0.317078 1.415284
v 29.066433 0.371356 1.411794
v 29.061722 0.390226 1.395454
v 29.055870 0.414576 1.390982
v 29.050442 0.437881 1.399575
v 29.046898 0.453896 1.418931
v 29.046181 0.458331 1.443864
v 29.048487 0.449997 1.467693
v 29.053196 0.431127 1.484033
v 29.059052 0.406777 1.488505
v 29.345530 0.466670 1.485916
v 29.339214 0.490923 1.481447
v 29.334234 0.509737 1.465110
v 29.331926 0.518071 1.441281
v 29.332909 0.513692 1.416346
v 29.336918 0.497774 1.396986
v 29.342880 0.474581 1.388388
v 29.349197 0.450328 1.392857
v 29.354176 0.431514 1.409194
v 29.642775 0.497286 1.409269
v 29.637606 0.516057 1.392932
v 29.630814 0.540202 1.388463
v 29.624222 0.563251 1.397060
v 29.619591 0.579027 1.416420
v 29.618166 0.583305 1.441354
v 29.620329 0.574938 1.465183
v 29.625498 0.556167 1.481521
v 29.632288 0.532022 1.485989
v 14.701733 0.644111 -1.446218
v 14.828754 0.568416 -1.413807
v 14.834043 0.587157 -1.397468
v 14.841337 0.611176 -1.392991
v 14.848681 0.634038 -1.401576
v 14.854109 0.649616 -1.420922
v 14.856163 0.653736 -1.445846
v 14.854297 0.645295 -1.469670
v 14.849009 0.626554 -1.486009
v 14.841714 0.602535 -1.490486
v 14.834370 0.579673 -1.481901
v 14.828942 0.564095 -1.462555
v 14.826887 0.559974 -1.437631
v 15.113802 0.493197 -1.458028
v 15.118432 0.508974 -1.477388
v 15.112377 0.488919 -1.433093
v 15.401814 0.427558 -1.457953
v 15.405823 0.443477 -1.477313
v 15.400831 0.423180 -1.433018
v 15.689291 0.367456 -1.460552
v 15.692837 0.383472 -1.479908
v 15.688574 0.363022 -1.435619
v 15.972553 0.313167 -1.464042
v 15.975784 0.329243 -1.483394
v 15.971930 0.308714 -1.439110
v 16.247929 0.264967 -1.466642
v 16.250996 0.281072 -1.485993
v 16.247211 0.260530 -1.441710
v 16.475365 0.229554 -1.467053
v 16.477982 0.245727 -1.486403
v 16.474646 0.225118 -1.442120
v 16.700409 0.202687 -1.467053
v 16.702486 0.218926 -1.486403
v 16.699841 0.198234 -1.442120
v 16.962896 0.176869 -1.467053
v 16.964659 0.193139 -1.486403
v 16.962414 0.172407 -1.442120
v 17.247776 0.152636 -1.467053
v 17.249325 0.168924 -1.486403
v 17.247351 0.148168 -1.442120
v 17.539810 0.130562 -1.467053
v 17.541197 0.146863 -1.486403
v 17.539429 0.126092 -1.442120
v 17.823696 0.111234 -1.467053
v 17.824949 0.127544 -1.486403
v 17.823353 0.106761 -1.442120
v 18.100359 0.093821 -1.467053
v 18.101593 0.110131 -1.486403
v 18.100021 0.089347 -1.442120
v 18.456730 0.070675 -1.467052
v 18.457991 0.086984 -1.486403
v 18.456383 0.066202 -1.442120
v 18.874363 0.043626 -1.467053
v 18.875599 0.059937 -1.486403
v 18.874023 0.039153 -1.442120
v 19.312872 0.016338 -1.467053
v 19.314034 0.032653 -1.486403
v 19.312551 0.011863 -1.442120
v 19.732965 0.008793 -1.486403
v 19.731665 -0.012007 -1.442120
v 19.731945 -0.007531 -1.467053
v 20.091442 -0.024321 -1.467053
v 20.092167 -0.007985 -1.486403
v 20.091244 -0.028802 -1.442120
v 20.371859 -0.032160 -1.467053
v 20.372326 -0.015816 -1.486403
v 20.371731 -0.036643 -1.442120
v 20.703707 -0.040134 -1.467053
v 20.704166 -0.023790 -1.486403
v 20.703581 -0.044617 -1.442120
v 21.088982 -0.049036 -1.467053
v 21.089413 -0.032691 -1.486403
v 21.088861 -0.053519 -1.442120
v 21.494350 -0.057600 -1.467053
v 21.494732 -0.041254 -1.486403
v 21.494246 -0.062083 -1.442120
v 21.886518 -0.064559 -1.467053
v 21.886812 -0.048212 -1.486403
v 21.886436 -0.069043 -1.442120
v 22.232256 -0.068649 -1.467053
v 22.232389 -0.052299 -1.486403
v 22.232220 -0.073133 -1.442120
v 22.232290 -0.064550 -1.418285
v 22.232447 -0.045200 -1.401935
v 22.232649 -0.020269 -1.397451
v 22.232843 0.003565 -1.406034
v 22.232977 0.019915 -1.425384
v 22.233013 0.024399 -1.450317
v 22.232943 0.015816 -1.474151
v 22.232786 -0.003533 -1.490502
v 22.232584 -0.028465 -1.494986
v 21.887243 -0.024381 -1.494986
v 21.887693 0.000549 -1.490502
v 21.888042 0.019896 -1.474151
v 21.888197 0.028478 -1.450317
v 21.888115 0.023994 -1.425384
v 21.887821 0.007647 -1.406034
v 21.887390 -0.016185 -1.397451
v 21.886940 -0.041114 -1.401935
v 21.886593 -0.060461 -1.418286
v 21.494446 -0.053502 -1.418285
v 21.494898 -0.034156 -1.401935
v 21.495480 -0.009229 -1.397451
v 21.496037 0.014599 -1.406034
v 21.496418 0.030946 -1.425384
v 21.496523 0.035429 -1.450317
v 21.496323 0.026848 -1.474151
v 21.495871 0.007502 -1.490502
v 21.495289 -0.017425 -1.494985
v 21.090042 -0.008864 -1.494986
v 21.090702 0.016062 -1.490502
v 21.091215 0.035406 -1.474151
v 21.091442 0.043987 -1.450317
v 21.091324 0.039504 -1.425384
v 21.090891 0.023159 -1.406034
v 21.090260 -0.000669 -1.397451
v 21.089600 -0.025594 -1.401936
v 21.089088 -0.044939 -1.418285
v 20.703823 -0.036037 -1.418285
v 20.704367 -0.016693 -1.401935
v 20.705069 0.008231 -1.397451
v 20.705740 0.032058 -1.406034
v 20.706200 0.048402 -1.425384
v 20.706326 0.052885 -1.450317
v 20.706085 0.044305 -1.474152
v 20.705540 0.024961 -1.490502
v 20.704838 0.000037 -1.494986
v 20.373007 0.008011 -1.494986
v 20.373718 0.032935 -1.490502
v 20.374269 0.052278 -1.474151
v 20.374516 0.060858 -1.450317
v 20.374388 0.056375 -1.425384
v 20.373920 0.040031 -1.406034
v 20.373240 0.016205 -1.397451
v 20.372528 -0.008719 -1.401935
v 20.371977 -0.028063 -1.418285
v 20.091625 -0.020226 -1.418285
v 20.092482 -0.000892 -1.401936
v 20.093584 0.024020 -1.397451
v 20.094641 0.047835 -1.406034
v 20.095364 0.064171 -1.425384
v 20.095562 0.068652 -1.450317
v 20.095182 0.060076 -1.474151
v 20.094326 0.040742 -1.490501
v 20.093222 0.015830 -1.494986
v 19.734451 0.032588 -1.494986
v 19.736008 0.057480 -1.490502
v 19.737217 0.076798 -1.474151
v 19.737753 0.085367 -1.450317
v 19.737473 0.080890 -1.425384
v 19.736454 0.064567 -1.406034
v 19.734964 0.040772 -1.397451
v 19.733408 0.015880 -1.401936
v 19.732201 -0.003439 -1.418286
v 19.313162 0.020427 -1.418285
v 19.314539 0.039736 -1.401936
v 19.316313 0.064616 -1.397451
v 19.318008 0.088400 -1.406034
v 19.319172 0.104715 -1.425384
v 19.319490 0.109190 -1.450317
v 19.318880 0.100625 -1.474151
v 19.317503 0.081316 -1.490501
v 19.315731 0.056436 -1.494985
v 18.877401 0.083714 -1.494986
v 18.879288 0.108587 -1.490501
v 18.880751 0.127890 -1.474151
v 18.881399 0.136452 -1.450317
v 18.881060 0.131979 -1.425384
v 18.879822 0.115668 -1.406034
v 18.878021 0.091891 -1.397451
v 18.876135 0.067019 -1.401935
v 18.874672 0.047715 -1.418285
v 18.457045 0.074764 -1.418285
v 18.458540 0.094065 -1.401935
v 18.460466 0.118935 -1.397451
v 18.462307 0.142710 -1.406034
v 18.463570 0.159018 -1.425384
v 18.463917 0.163491 -1.450317
v 18.463253 0.154930 -1.474151
v 18.461760 0.135629 -1.490502
v 18.459833 0.110759 -1.494986
v 18.103395 0.133909 -1.494986
v 18.105278 0.158781 -1.490501
v 18.106743 0.178085 -1.474151
v 18.107389 0.186647 -1.450317
v 18.107050 0.182174 -1.425384
v 18.105816 0.165863 -1.406034
v 18.104015 0.142086 -1.397451
v 18.102131 0.117213 -1.401935
v 18.100670 0.097910 -1.418285
v 17.824009 0.115323 -1.418285
v 17.825495 0.134625 -1.401936
v 17.827404 0.159496 -1.397451
v 17.829231 0.183272 -1.406034
v 17.830486 0.199581 -1.425384
v 17.830828 0.204054 -1.450317
v 17.830170 0.195493 -1.474151
v 17.828686 0.176190 -1.490502
v 17.826778 0.151319 -1.494986
v 17.543221 0.170625 -1.494985
v 17.545336 0.195482 -1.490501
v 17.546980 0.214773 -1.474151
v 17.547707 0.223330 -1.450317
v 17.547327 0.218859 -1.425385
v 17.545938 0.202559 -1.406034
v 17.543917 0.178797 -1.397451
v 17.541801 0.153940 -1.401936
v 17.540157 0.134649 -1.418285
v 17.248165 0.156719 -1.418285
v 17.249996 0.175996 -1.401936
v 17.252357 0.200834 -1.397451
v 17.254614 0.224579 -1.406034
v 17.256163 0.240867 -1.425384
v 17.256588 0.245334 -1.450317
v 17.255775 0.236784 -1.474151
v 17.253942 0.217507 -1.490502
v 17.251581 0.192668 -1.494986
v 16.967226 0.216857 -1.494985
v 16.969912 0.241667 -1.490501
v 16.971996 0.260923 -1.474151
v 16.972921 0.269463 -1.450317
v 16.972439 0.265001 -1.425384
v 16.970676 0.248731 -1.406034
v 16.968109 0.225013 -1.397451
v 16.965422 0.200203 -1.401935
v 16.963337 0.180947 -1.418285
v 16.700930 0.206758 -1.418285
v 16.703388 0.225976 -1.401935
v 16.706556 0.250739 -1.397451
v 16.709585 0.274411 -1.406034
v 16.711662 0.290649 -1.425385
v 16.712234 0.295103 -1.450317
v 16.711143 0.286579 -1.474151
v 16.708683 0.267360 -1.490501
v 16.705517 0.242598 -1.494985
v 16.481794 0.269303 -1.494986
v 16.485785 0.293966 -1.490502
v 16.488880 0.313106 -1.474152
v 16.490255 0.321596 -1.450317
v 16.489536 0.317160 -1.425384
v 16.486919 0.300988 -1.406034
v 16.483105 0.277411 -1.397451
v 16.479118 0.252749 -1.401935
v 16.476019 0.233608 -1.418285
v 16.249037 0.268951 -1.417876
v 16.252913 0.287973 -1.401527
v 16.257801 0.312499 -1.397045
v 16.262394 0.335958 -1.405630
v 16.265459 0.352063 -1.424980
v 16.266174 0.356500 -1.449913
v 16.264353 0.348079 -1.473747
v 16.260475 0.329057 -1.490095
v 16.255589 0.304531 -1.494578
v 15.980759 0.352635 -1.491982
v 15.986141 0.377075 -1.487504
v 15.990492 0.396014 -1.471160
v 15.992643 0.404377 -1.447329
v 15.992021 0.399925 -1.422397
v 15.988789 0.383849 -1.403045
v 15.983814 0.360457 -1.394457
v 15.978432 0.336017 -1.398935
v 15.974081 0.317078 -1.415279
v 15.690880 0.371356 -1.411790
v 15.695591 0.390226 -1.395450
v 15.701445 0.414576 -1.390978
v 15.706871 0.437881 -1.399570
v 15.710418 0.453896 -1.418927
v 15.711134 0.458331 -1.443860
v 15.708828 0.449997 -1.467688
v 15.704117 0.431127 -1.484028
v 15.698265 0.406777 -1.488501
v 15.411785 0.466670 -1.485911
v 15.418100 0.490923 -1.481443
v 15.423080 0.509737 -1.465105
v 15.425388 0.518071 -1.441276
v 15.424404 0.513692 -1.416341
v 15.420395 0.497774 -1.396981
v 15.414433 0.474581 -1.388383
v 15.408117 0.450328 -1.392852
v 15.403139 0.431514 -1.409189
v 15.114539 0.497286 -1.409264
v 15.119707 0.516057 -1.392927
v 15.126499 0.540202 -1.388458
v 15.133094 0.563251 -1.397056
v 15.137723 0.579027 -1.416415
v 15.139148 0.583305 -1.441350
v 15.136986 0.574938 -1.465178
v 15.131817 0.556167 -1.481516
v 15.125027 0.532022 -1.485985
v 30.055580 0.644111 -1.446219
v 29.928558 0.568416 -1.413807
v 29.923271 0.587157 -1.397468
v 29.915976 0.611176 -1.392991
v 29.908630 0.634038 -1.401576
v 29.903204 0.649616 -1.420922
v 29.901150 0.653736 -1.445846
v 29.903017 0.645295 -1.469670
v 29.908306 0.626554 -1.486009
v 29.915598 0.602534 -1.490486
v 29.922943 0.579673 -1.481902
v 29.928370 0.564095 -1.462555
v 29.930426 0.559974 -1.437631
v 29.643511 0.493196 -1.458028
v 29.638882 0.508973 -1.477388
v 29.644936 0.488919 -1.433093
v 29.355499 0.427558 -1.457953
v 29.351490 0.443477 -1.477313
v 29.356483 0.423179 -1.433018
v 29.068022 0.367456 -1.460552
v 29.064476 0.383472 -1.479908
v 29.068739 0.363021 -1.435619
v 28.784760 0.313167 -1.464042
v 28.781528 0.329243 -1.483394
v 28.785381 0.308714 -1.439110
v 28.509384 0.264966 -1.466642
v 28.506317 0.281072 -1.485993
v 28.510099 0.260530 -1.441710
v 28.281948 0.229554 -1.467053
v 28.279333 0.245727 -1.486403
v 28.282665 0.225118 -1.442120
v 28.056904 0.202687 -1.467053
v 28.054827 0.218926 -1.486403
v 28.057474 0.198233 -1.442120
v 27.794418 0.176869 -1.467053
v 27.792656 0.193139 -1.486403
v 27.794899 0.172406 -1.442120
v 27.509537 0.152636 -1.467053
v 27.507988 0.168924 -1.486403
v 27.509962 0.148168 -1.442120
v 27.217503 0.130562 -1.467053
v 27.216116 0.146863 -1.486403
v 27.217884 0.126092 -1.442120
v 26.933617 0.111234 -1.467053
v 26.932364 0.127544 -1.486403
v 26.933960 0.106761 -1.442120
v 26.656954 0.093821 -1.467053
v 26.655720 0.110131 -1.486403
v 26.657291 0.089347 -1.442120
v 26.300585 0.070675 -1.467053
v 26.299322 0.086984 -1.486403
v 26.300930 0.066202 -1.442120
v 25.882950 0.043626 -1.467053
v 25.881714 0.059937 -1.486403
v 25.883287 0.039153 -1.442120
v 25.444441 0.016337 -1.467053
v 25.443279 0.032653 -1.486403
v 25.444759 0.011863 -1.442120
v 25.025368 -0.007531 -1.467053
v 25.024349 0.008792 -1.486403
v 25.025650 -0.012008 -1.442120
v 24.665869 -0.024321 -1.467053
v 24.665148 -0.007985 -1.486403
v 24.666069 -0.028802 -1.442120
v 24.385454 -0.032160 -1.467053
v 24.384987 -0.015816 -1.486403
v 24.385580 -0.036643 -1.442120
v 24.053606 -0.040134 -1.467053
v 24.053146 -0.023790 -1.486403
v 24.053732 -0.044617 -1.442120
v 23.668333 -0.049036 -1.467053
v 23.667900 -0.032691 -1.486403
v 23.668451 -0.053519 -1.442120
v 23.262962 -0.057600 -1.467053
v 23.262581 -0.041254 -1.486403
v 23.263067 -0.062083 -1.442120
v 22.870796 -0.064559 -1.467053
v 22.870501 -0.048212 -1.486403
v 22.870876 -0.069043 -1.442120
v 22.525057 -0.068649 -1.467053
v 22.524923 -0.052299 -1.486403
v 22.525093 -0.073133 -1.442120
v 22.525023 -0.064550 -1.418285
v 22.524866 -0.045201 -1.401935
v 22.524664 -0.020269 -1.397451
v 22.524469 0.003565 -1.406034
v 22.524338 0.019915 -1.425384
v 22.524300 0.024399 -1.450317
v 22.524370 0.015816 -1.474151
v 22.524527 -0.003533 -1.490502
v 22.524731 -0.028465 -1.494986
v 22.870070 -0.024381 -1.494986
v 22.869272 0.019896 -1.474151
v 22.869116 0.028478 -1.450317
v 22.869198 0.023994 -1.425384
v 22.869492 0.007647 -1.406034
v 22.869923 -0.016185 -1.397451
v 22.870373 -0.041114 -1.401935
v 22.870722 -0.060461 -1.418286
v 23.262867 -0.053502 -1.418285
v 23.262415 -0.034156 -1.401935
v 23.261833 -0.009230 -1.397451
v 23.261278 0.014599 -1.406034
v 23.260897 0.030946 -1.425384
v 23.260792 0.035429 -1.450317
v 23.260992 0.026848 -1.474151
v 22.869621 0.000549 -1.490502
v 23.261442 0.007502 -1.490502
v 23.262024 -0.017425 -1.494986
v 23.667271 -0.008864 -1.494986
v 23.666611 0.016062 -1.490502
v 23.666098 0.035406 -1.474151
v 23.665873 0.043987 -1.450317
v 23.665991 0.039503 -1.425384
v 23.666424 0.023159 -1.406034
v 23.667053 -0.000669 -1.397451
v 23.667713 -0.025594 -1.401936
v 23.668224 -0.044939 -1.418285
v 24.053490 -0.036037 -1.418285
v 24.052944 -0.016693 -1.401935
v 24.052242 0.008231 -1.397451
v 24.051573 0.032058 -1.406034
v 24.051111 0.048402 -1.425384
v 24.050985 0.052885 -1.450317
v 24.051228 0.044305 -1.474152
v 24.051773 0.024961 -1.490501
v 24.052475 0.000037 -1.494986
v 24.384306 0.008010 -1.494986
v 24.383595 0.032935 -1.490501
v 24.383043 0.052278 -1.474151
v 24.382797 0.060858 -1.450317
v 24.382925 0.056375 -1.425384
v 24.383392 0.040031 -1.406034
v 24.384073 0.016205 -1.397451
v 24.384785 -0.008719 -1.401935
v 24.385336 -0.028063 -1.418285
v 24.665689 -0.020226 -1.418285
v 24.664831 -0.000892 -1.401936
v 24.663729 0.024020 -1.397451
v 24.662672 0.047835 -1.406034
v 24.661949 0.064171 -1.425384
v 24.661751 0.068652 -1.450317
v 24.662132 0.060076 -1.474151
v 24.662989 0.040742 -1.490501
v 24.664091 0.015830 -1.494986
v 25.022861 0.032588 -1.494986
v 25.021305 0.057480 -1.490501
v 25.020096 0.076798 -1.474151
v 25.019562 0.085367 -1.450317
v 25.019840 0.080890 -1.425384
v 25.020861 0.064567 -1.406034
v 25.022348 0.040772 -1.397451
v 25.023905 0.015880 -1.401936
v 25.025114 -0.003439 -1.418286
v 25.444151 0.020427 -1.418285
v 25.442776 0.039736 -1.401936
v 25.441000 0.064616 -1.397451
v 25.439304 0.088400 -1.406034
v 25.438141 0.104715 -1.425384
v 25.437824 0.109189 -1.450317
v 25.438435 0.100625 -1.474151
v 25.439810 0.081316 -1.490501
v 25.441584 0.056436 -1.494985
v 25.879913 0.083714 -1.494986
v 25.878025 0.108586 -1.490501
v 25.876562 0.127890 -1.474151
v 25.875912 0.136452 -1.450317
v 25.876253 0.131979 -1.425384
v 25.877491 0.115668 -1.406034
v 25.879292 0.091891 -1.397451
v 25.881178 0.067018 -1.401935
v 25.882641 0.047715 -1.418285
v 26.300268 0.074763 -1.418285
v 26.298773 0.094065 -1.401935
v 26.296846 0.118935 -1.397451
v 26.295004 0.142710 -1.406034
v 26.293743 0.159018 -1.425384
v 26.293396 0.163491 -1.450317
v 26.294058 0.154930 -1.474151
v 26.295555 0.135629 -1.490502
v 26.297478 0.110759 -1.494986
v 26.653917 0.133909 -1.494986
v 26.652035 0.158781 -1.490501
v 26.650572 0.178085 -1.474151
v 26.649923 0.186647 -1.450317
v 26.650263 0.182174 -1.425384
v 26.651497 0.165863 -1.406034
v 26.653297 0.142086 -1.397451
v 26.655180 0.117213 -1.401935
v 26.656645 0.097909 -1.418285
v 26.933304 0.115323 -1.418285
v 26.931820 0.134625 -1.401936
v 26.929909 0.159496 -1.397451
v 26.928082 0.183271 -1.406034
v 26.926826 0.199581 -1.425384
v 26.926483 0.204054 -1.450317
v 26.927141 0.195492 -1.474151
v 26.928623 0.176190 -1.490502
v 26.930534 0.151319 -1.494986
v 27.214092 0.170625 -1.494985
v 27.211975 0.195482 -1.490501
v 27.210335 0.214773 -1.474151
v 27.209606 0.223330 -1.450317
v 27.209986 0.218859 -1.425385
v 27.211374 0.202559 -1.406034
v 27.213398 0.178797 -1.397451
v 27.215513 0.153940 -1.401936
v 27.217155 0.134648 -1.418285
v 27.509150 0.156719 -1.418285
v 27.507317 0.175996 -1.401936
v 27.504955 0.200834 -1.397451
v 27.502699 0.224579 -1.406034
v 27.501150 0.240867 -1.425384
v 27.500725 0.245334 -1.450317
v 27.501539 0.236784 -1.474151
v 27.503370 0.217507 -1.490502
v 27.505732 0.192668 -1.494986
v 27.790089 0.216857 -1.494985
v 27.787399 0.241667 -1.490501
v 27.785316 0.260923 -1.474151
v 27.784391 0.269463 -1.450317
v 27.784874 0.265001 -1.425384
v 27.786636 0.248731 -1.406034
v 27.789204 0.225013 -1.397451
v 27.791891 0.200203 -1.401935
v 27.793976 0.180947 -1.418285
v 28.056383 0.206758 -1.418285
v 28.053925 0.225976 -1.401935
v 28.050755 0.250739 -1.397451
v 28.047728 0.274411 -1.406034
v 28.045650 0.290649 -1.425385
v 28.045080 0.295103 -1.450317
v 28.046171 0.286579 -1.474151
v 28.048630 0.267360 -1.490501
v 28.051798 0.242598 -1.494985
v 28.275517 0.269303 -1.494986
v 28.271530 0.293966 -1.490502
v 28.268431 0.313106 -1.474152
v 28.267059 0.321596 -1.450317
v 28.267775 0.317160 -1.425384
v 28.270391 0.300987 -1.406034
v 28.274206 0.277411 -1.397451
v 28.278194 0.252749 -1.401935
v 28.281292 0.233608 -1.418285
v 28.508276 0.268951 -1.417876
v 28.504400 0.287973 -1.401527
v 28.499512 0.312499 -1.397045
v 28.494919 0.335958 -1.405630
v 28.491852 0.352063 -1.424980
v 28.491137 0.356500 -1.449913
v 28.492960 0.348079 -1.473747
v 28.496836 0.329057 -1.490095
v 28.501724 0.304530 -1.494578
v 28.776554 0.352635 -1.491982
v 28.771172 0.377075 -1.487504
v 28.766821 0.396014 -1.471160
v 28.764669 0.404377 -1.447329
v 28.765293 0.399925 -1.422397
v 28.768524 0.383849 -1.403045
v 28.773499 0.360457 -1.394457
v 28.778881 0.336017 -1.398935
v 28.783234 0.317078 -1.415279
v 29.066431 0.371356 -1.411790
v 29.061720 0.390226 -1.395450
v 29.055868 0.414576 -1.390978
v 29.050440 0.437881 -1.399570
v 29.046896 0.453896 -1.418927
v 29.046181 0.458331 -1.443860
v 29.048485 0.449997 -1.467688
v 29.053196 0.431127 -1.484028
v 29.059048 0.406777 -1.488501
v 29.345528 0.466670 -1.485911
v 29.339211 0.490923 -1.481443
v 29.334232 0.509737 -1.465105
v 29.331924 0.518071 -1.441277
v 29.332907 0.513692 -1.416341
v 29.336918 0.497774 -1.396981
v 29.342878 0.474581 -1.388383
v 29.349195 0.450328 -1.392852
v 29.354174 0.431514 -1.409189
v 29.642775 0.497286 -1.409264
v 29.637604 0.516057 -1.392927
v 29.630814 0.540202 -1.388458
v 29.624220 0.563250 -1.397056
v 29.619591 0.579027 -1.416415
v 29.618166 0.583305 -1.441350
v 29.620327 0.574938 -1.465178
v 29.625496 0.556167 -1.481516
v 29.632286 0.532022 -1.485985
v 14.701733 1.585645 1.446223
v 14.828755 1.509950 1.413812
v 14.834044 1.528691 1.397473
v 14.841337 1.552711 1.392995
v 14.848681 1.575572 1.401580
v 14.854109 1.591150 1.420927
v 14.856165 1.595271 1.445851
v 14.854297 1.586829 1.469674
v 14.849009 1.568088 1.486014
v 14.841715 1.544069 1.490491
v 14.834370 1.521207 1.481906
v 14.828943 1.505629 1.462560
v 14.826887 1.501509 1.437635
v 15.113803 1.434731 1.458032
v 15.118432 1.450508 1.477392
v 15.112379 1.430453 1.433098
v 15.401814 1.369093 1.457958
v 15.405825 1.385011 1.477318
v 15.400831 1.364714 1.433023
v 15.689291 1.308991 1.460556
v 15.692839 1.325006 1.479912
v 15.688576 1.304556 1.435623
v 15.972553 1.254701 1.464046
v 15.975785 1.270777 1.483399
v 15.971930 1.250248 1.439114
v 16.247931 1.206501 1.466647
v 16.250996 1.222606 1.485998
v 16.247213 1.202064 1.441714
v 16.475365 1.171088 1.467057
v 16.477982 1.187261 1.486408
v 16.474646 1.166653 1.442125
v 16.700409 1.144222 1.467057
v 16.702486 1.160460 1.486408
v 16.699841 1.139768 1.442125
v 16.962898 1.118403 1.467057
v 16.964659 1.134673 1.486408
v 16.962414 1.113941 1.442125
v 17.247776 1.094170 1.467057
v 17.249325 1.110458 1.486408
v 17.247353 1.089703 1.442125
v 17.539810 1.072097 1.467057
v 17.541199 1.088397 1.486408
v 17.539431 1.067626 1.442125
v 17.823698 1.052769 1.467057
v 17.824951 1.069078 1.486408
v 17.823355 1.048295 1.442125
v 18.100361 1.035355 1.467057
v 18.101595 1.051666 1.486408
v 18.100021 1.030882 1.442125
v 18.456730 1.012210 1.467057
v 18.457993 1.028518 1.486408
v 18.456383 1.007737 1.442125
v 18.873394 0.985223 1.467057
v 18.874630 1.001534 1.486408
v 18.873055 0.980750 1.442125
v 18.874363 0.985161 1.467057
v 18.875599 1.001471 1.486408
v 18.874025 0.980687 1.442125
v 19.312872 0.957872 1.467057
v 19.314034 0.974187 1.486408
v 19.312553 0.953397 1.442125
v 19.731945 0.934004 1.467057
v 19.732965 0.950327 1.486408
v 19.731665 0.929527 1.442125
v 20.091444 0.917213 1.467057
v 20.092167 0.933549 1.486408
v 20.091246 0.912732 1.442125
v 20.371861 0.909374 1.467057
v 20.372326 0.925718 1.486408
v 20.371733 0.904891 1.442125
v 20.703707 0.901400 1.467057
v 20.704168 0.917745 1.486408
v 20.703581 0.896917 1.442125
v 21.088982 0.892498 1.467057
v 21.089415 0.908843 1.486408
v 21.088863 0.888015 1.442125
v 21.494350 0.883934 1.467057
v 21.494732 0.900281 1.486408
v 21.494247 0.879451 1.442125
v 21.884270 0.877012 1.467057
v 21.884565 0.893360 1.486408
v 21.884190 0.872529 1.442125
v 21.886518 0.876975 1.467057
v 21.886814 0.893323 1.486408
v 21.886438 0.872491 1.442125
v 22.232258 0.872886 1.467057
v 22.232391 0.889235 1.486408
v 22.232222 0.868401 1.442125
v 22.525057 0.872886 1.467057
v 22.524925 0.889235 1.486408
v 22.525093 0.868401 1.442125
v 22.525024 0.876984 1.418290
v 22.232290 0.876984 1.418290
v 22.524866 0.896334 1.401940
v 22.232449 0.896334 1.401940
v 22.524664 0.921266 1.397456
v 22.232651 0.921266 1.397456
v 22.524471 0.945100 1.406039
v 22.232845 0.945100 1.406039
v 22.524338 0.961449 1.425389
v 22.232977 0.961449 1.425389
v 22.524302 0.965933 1.450322
v 22.233015 0.965933 1.450322
v 22.524370 0.957351 1.474156
v 22.232944 0.957351 1.474156
v 22.524529 0.938001 1.490506
v 22.232788 0.938001 1.490506
v 22.524731 0.913069 1.494990
v 22.232584 0.913069 1.494990
v 21.887243 0.917154 1.494990
v 21.887693 0.942083 1.490506
v 21.888042 0.961431 1.474156
v 21.888197 0.970012 1.450322
v 21.888117 0.965529 1.425389
v 21.887821 0.949181 1.406039
v 21.887392 0.925350 1.397456
v 21.886942 0.900420 1.401940
v 21.886593 0.881073 1.418290
v 21.884344 0.881110 1.418290
v 21.494446 0.888032 1.418290
v 21.884693 0.900458 1.401940
v 21.494898 0.907378 1.401940
v 21.885143 0.925387 1.397456
v 21.495481 0.932305 1.397456
v 21.885576 0.949218 1.406039
v 21.496037 0.956134 1.406039
v 21.885870 0.965566 1.425389
v 21.496418 0.972480 1.425389
v 21.885952 0.970050 1.450322
v 21.496523 0.976963 1.450322
v 21.885796 0.961468 1.474156
v 21.496323 0.968382 1.474156
v 21.885447 0.942120 1.490506
v 21.495871 0.949037 1.490506
v 21.884996 0.917191 1.494990
v 21.495289 0.924110 1.494990
v 21.090044 0.932671 1.494990
v 21.090704 0.957596 1.490506
v 21.091215 0.976941 1.474156
v 21.091442 0.985521 1.450322
v 21.091324 0.981038 1.425389
v 21.090891 0.964693 1.406039
v 21.090261 0.940865 1.397456
v 21.089602 0.915940 1.401940
v 21.089090 0.896595 1.418290
v 20.703823 0.905497 1.418290
v 20.704367 0.924841 1.401940
v 20.705070 0.949765 1.397456
v 20.705742 0.973592 1.406039
v 20.706202 0.989936 1.425389
v 20.706327 0.994419 1.450322
v 20.706085 0.985839 1.474156
v 20.705542 0.966496 1.490506
v 20.704840 0.941571 1.494990
v 20.373007 0.949545 1.494990
v 20.373718 0.974469 1.490506
v 20.374271 0.993813 1.474156
v 20.374516 1.002392 1.450322
v 20.374388 0.997910 1.425389
v 20.373920 0.981566 1.406039
v 20.373241 0.957739 1.397456
v 20.372530 0.932815 1.401940
v 20.371977 0.913471 1.418290
v 20.091625 0.921308 1.418290
v 20.092482 0.940642 1.401940
v 20.093586 0.965555 1.397456
v 20.094641 0.989369 1.406039
v 20.095364 1.005706 1.425389
v 20.095564 1.010186 1.450322
v 20.095182 1.001611 1.474156
v 20.094326 0.982276 1.490506
v 20.093224 0.957364 1.494990
v 19.734453 0.974122 1.494990
v 19.736010 0.999014 1.490506
v 19.737219 1.018333 1.474156
v 19.737755 1.026901 1.450322
v 19.737474 1.022424 1.425389
v 19.736454 1.006101 1.406039
v 19.734966 0.982306 1.397456
v 19.733410 0.957414 1.401940
v 19.732201 0.938096 1.418290
v 19.313164 0.961962 1.418290
v 19.314541 0.981271 1.401940
v 19.316315 1.006150 1.397456
v 19.318008 1.029934 1.406039
v 19.319172 1.046249 1.425389
v 19.319490 1.050724 1.450322
v 19.318880 1.042159 1.474156
v 19.317505 1.022850 1.490506
v 19.315731 0.997971 1.494990
v 18.877403 1.025248 1.494990
v 18.879288 1.050121 1.490506
v 18.880751 1.069425 1.474156
v 18.881399 1.077987 1.450322
v 18.881060 1.073513 1.425389
v 18.879824 1.057203 1.406039
v 18.878023 1.033426 1.397456
v 18.876137 1.008553 1.401940
v 18.874674 0.989249 1.418290
v 18.873703 0.989312 1.418290
v 18.457047 1.016298 1.418290
v 18.875166 1.008615 1.401940
v 18.458540 1.035599 1.401940
v 18.877052 1.033488 1.397456
v 18.460466 1.060470 1.397456
v 18.878855 1.057265 1.406039
v 18.462309 1.084244 1.406039
v 18.880091 1.073575 1.425389
v 18.463570 1.100553 1.425389
v 18.880430 1.078049 1.450322
v 18.463917 1.105026 1.450322
v 18.879780 1.069487 1.474156
v 18.463255 1.096465 1.474156
v 18.878317 1.050183 1.490506
v 18.461760 1.077163 1.490506
v 18.876432 1.025311 1.494990
v 18.459833 1.052293 1.494990
v 18.103395 1.075443 1.494990
v 18.105280 1.100316 1.490506
v 18.106743 1.119619 1.474156
v 18.107391 1.128182 1.450322
v 18.107052 1.123708 1.425389
v 18.105818 1.107398 1.406039
v 18.104015 1.083620 1.397456
v 18.102131 1.058748 1.401940
v 18.100670 1.039444 1.418290
v 17.824011 1.056857 1.418290
v 17.825495 1.076159 1.401940
v 17.827404 1.101030 1.397456
v 17.829231 1.124806 1.406039
v 17.830486 1.141115 1.425389
v 17.830830 1.145588 1.450322
v 17.830172 1.137027 1.474156
v 17.828688 1.117725 1.490506
v 17.826778 1.092854 1.494990
v 17.543221 1.112159 1.494990
v 17.545338 1.137016 1.490506
v 17.546980 1.156308 1.474156
v 17.547709 1.164865 1.450322
v 17.547329 1.160394 1.425389
v 17.545940 1.144094 1.406039
v 17.543919 1.120331 1.397456
v 17.541801 1.095474 1.401940
v 17.540157 1.076183 1.418290
v 17.248165 1.098253 1.418290
v 17.249996 1.117530 1.401940
v 17.252357 1.142369 1.397456
v 17.254616 1.166113 1.406039
v 17.256163 1.182401 1.425389
v 17.256588 1.186868 1.450322
v 17.255775 1.178318 1.474156
v 17.253944 1.159041 1.490506
v 17.251581 1.134203 1.494990
v 16.967226 1.158391 1.494990
v 16.969913 1.183202 1.490506
v 16.971998 1.202457 1.474156
v 16.972921 1.210998 1.450322
v 16.972439 1.206535 1.425389
v 16.970678 1.190266 1.406039
v 16.968109 1.166548 1.397456
v 16.965424 1.141737 1.401940
v 16.963337 1.122482 1.418290
v 16.700930 1.148292 1.418290
v 16.703388 1.167511 1.401940
v 16.706556 1.192273 1.397456
v 16.709587 1.215945 1.406039
v 16.711664 1.232184 1.425389
v 16.712234 1.236637 1.450322
v 16.711143 1.228113 1.474156
v 16.708685 1.208895 1.490506
v 16.705517 1.184132 1.494990
v 16.481796 1.210837 1.494990
v 16.485786 1.235500 1.490506
v 16.488882 1.254640 1.474156
v 16.490255 1.263130 1.450322
v 16.489538 1.258695 1.425389
v 16.486921 1.242522 1.406039
v 16.483107 1.218946 1.397456
v 16.479118 1.194283 1.401940
v 16.476021 1.175143 1.418290
v 16.249037 1.210485 1.417881
v 16.252913 1.229507 1.401532
v 16.257801 1.254034 1.397050
v 16.262394 1.277492 1.405634
v 16.265459 1.293597 1.424985
v 16.266176 1.298034 1.449917
v 16.264353 1.289613 1.473751
v 16.260477 1.270591 1.490099
v 16.255589 1.246065 1.494582
v 15.980759 1.294169 1.491987
v 15.986142 1.318609 1.487508
v 15.990493 1.337548 1.471164
v 15.992643 1.345912 1.447334
v 15.992021 1.341459 1.422402
v 15.988789 1.325383 1.403049
v 15.983814 1.301991 1.394462
v 15.978432 1.277551 1.398940
v 15.974081 1.258612 1.415284
v 15.690882 1.312890 1.411794
v 15.695593 1.331760 1.395454
v 15.701446 1.356110 1.390982
v 15.706873 1.379415 1.399575
v 15.710419 1.395431 1.418931
v 15.711135 1.399865 1.443864
v 15.708828 1.391531 1.467693
v 15.704119 1.372661 1.484033
v 15.698265 1.348311 1.488506
v 15.411785 1.408204 1.485916
v 15.418102 1.432457 1.481447
v 15.423080 1.451271 1.465110
v 15.425388 1.459605 1.441281
v 15.424406 1.455227 1.416346
v 15.420397 1.439308 1.396986
v 15.414433 1.416115 1.388388
v 15.408117 1.391862 1.392857
v 15.403139 1.373048 1.409194
v 15.114539 1.438821 1.409269
v 15.119709 1.457592 1.392932
v 15.126499 1.481736 1.388463
v 15.133094 1.504785 1.397060
v 15.137723 1.520562 1.416420
v 15.139149 1.524840 1.441354
v 15.136987 1.516472 1.465183
v 15.131817 1.497701 1.481521
v 15.125027 1.473557 1.485989
v 30.055582 1.585645 1.446223
v 29.928560 1.509950 1.413812
v 29.923271 1.528691 1.397473
v 29.915977 1.552711 1.392995
v 29.908632 1.575572 1.401580
v 29.903206 1.591150 1.420927
v 29.901152 1.595271 1.445851
v 29.903019 1.586829 1.469674
v 29.908306 1.568088 1.486014
v 29.915600 1.544069 1.490491
v 29.922945 1.521207 1.481906
v 29.928371 1.505629 1.462559
v 29.930428 1.501509 1.437635
v 29.643513 1.434731 1.458032
v 29.638882 1.450508 1.477392
v 29.644938 1.430453 1.433098
v 29.355501 1.369093 1.457958
v 29.351492 1.385011 1.477318
v 29.356483 1.364714 1.433023
v 29.068024 1.308991 1.460556
v 29.064476 1.325006 1.479912
v 29.068741 1.304556 1.435623
v 28.784761 1.254701 1.464046
v 28.781528 1.270777 1.483399
v 28.785385 1.250248 1.439114
v 28.509384 1.206501 1.466647
v 28.506319 1.222606 1.485998
v 28.510101 1.202064 1.441714
v 28.281950 1.171088 1.467057
v 28.279333 1.187261 1.486408
v 28.282669 1.166653 1.442125
v 28.056906 1.144222 1.467057
v 28.054829 1.160460 1.486408
v 28.057476 1.139768 1.442125
v 27.794418 1.118403 1.467057
v 27.792656 1.134673 1.486408
v 27.794903 1.113941 1.442125
v 27.509539 1.094170 1.467057
v 27.507990 1.110458 1.486408
v 27.509964 1.089703 1.442125
v 27.217503 1.072097 1.467057
v 27.216116 1.088397 1.486408
v 27.217884 1.067626 1.442125
v 26.933619 1.052769 1.467057
v 26.932365 1.069078 1.486408
v 26.933962 1.048295 1.442125
v 26.656956 1.035355 1.467057
v 26.655720 1.051666 1.486408
v 26.657293 1.030882 1.442125
v 26.300587 1.012210 1.467057
v 26.299322 1.028518 1.486408
v 26.300934 1.007736 1.442125
v 25.882952 0.985161 1.467057
v 25.881716 1.001471 1.486408
v 25.883289 0.980687 1.442125
v 25.444443 0.957872 1.467057
v 25.443281 0.974187 1.486408
v 25.444763 0.953397 1.442125
v 25.025370 0.934004 1.467057
v 25.024351 0.950327 1.486408
v 25.025652 0.929527 1.442125
v 24.665873 0.917213 1.467057
v 24.665148 0.933549 1.486408
v 24.666071 0.912732 1.442125
v 24.385456 0.909374 1.467057
v 24.384989 0.925718 1.486408
v 24.385582 0.904891 1.442125
v 24.053608 0.901400 1.467057
v 24.053146 0.917744 1.486408
v 24.053734 0.896917 1.442125
v 23.668333 0.892498 1.467057
v 23.667902 0.908843 1.486408
v 23.668451 0.888015 1.442125
v 23.262964 0.883934 1.467057
v 23.262583 0.900281 1.486408
v 23.263069 0.879451 1.442125
v 22.870796 0.876975 1.467057
v 22.870502 0.893322 1.486408
v 22.870876 0.872491 1.442125
v 22.870071 0.917154 1.494990
v 22.869621 0.942083 1.490506
v 22.869272 0.961431 1.474156
v 22.869118 0.970012 1.450322
v 22.869200 0.965529 1.425389
v 22.869493 0.949181 1.406039
v 22.869925 0.925350 1.397456
v 22.870373 0.900420 1.401940
v 22.870722 0.881073 1.418290
v 23.262869 0.888032 1.418290
v 23.262417 0.907378 1.401940
v 23.261835 0.932305 1.397456
v 23.261278 0.956134 1.406039
v 23.260897 0.972480 1.425389
v 23.260792 0.976963 1.450322
v 23.260992 0.968382 1.474156
v 23.261444 0.949037 1.490506
v 23.262026 0.924110 1.494990
v 23.667271 0.932671 1.494990
v 23.666611 0.957596 1.490506
v 23.666100 0.976941 1.474156
v 23.665873 0.985521 1.450322
v 23.665991 0.981038 1.425389
v 23.666424 0.964693 1.406039
v 23.667053 0.940865 1.397456
v 23.667713 0.915940 1.401940
v 23.668224 0.896595 1.418290
v 24.053493 0.905497 1.418290
v 24.052948 0.924841 1.401940
v 24.052244 0.949765 1.397456
v 24.051575 0.973592 1.406039
v 24.051113 0.989936 1.425389
v 24.050987 0.994419 1.450322
v 24.051229 0.985839 1.474156
v 24.051775 0.966495 1.490506
v 24.052477 0.941571 1.494990
v 24.384308 0.949545 1.494990
v 24.383596 0.974469 1.490506
v 24.383043 0.993813 1.474156
v 24.382799 1.002392 1.450322
v 24.382927 0.997910 1.425389
v 24.383394 0.981565 1.406039
v 24.384075 0.957739 1.397456
v 24.384787 0.932815 1.401940
v 24.385338 0.913471 1.418290
v 24.665691 0.921308 1.418290
v 24.664833 0.940642 1.401940
v 24.663731 0.965554 1.397456
v 24.662674 0.989369 1.406039
v 24.661951 1.005706 1.425389
v 24.661753 1.010186 1.450322
v 24.662132 1.001611 1.474156
v 24.662989 0.982276 1.490506
v 24.664093 0.957364 1.494990
v 25.022861 0.974122 1.494990
v 25.021307 0.999014 1.490506
v 25.020098 1.018332 1.474156
v 25.019562 1.026901 1.450322
v 25.019840 1.022424 1.425389
v 25.020863 1.006101 1.406039
v 25.022350 0.982306 1.397456
v 25.023907 0.957414 1.401940
v 25.025114 0.938096 1.418290
v 25.444153 0.961962 1.418290
v 25.442776 0.981271 1.401940
v 25.441002 1.006150 1.397456
v 25.439306 1.029934 1.406039
v 25.438143 1.046249 1.425389
v 25.437824 1.050724 1.450322
v 25.438435 1.042159 1.474156
v 25.439812 1.022850 1.490506
v 25.441586 0.997971 1.494990
v 25.879913 1.025248 1.494990
v 25.878027 1.050121 1.490506
v 25.876564 1.069424 1.474156
v 25.875916 1.077986 1.450322
v 25.876255 1.073513 1.425389
v 25.877491 1.057203 1.406039
v 25.879293 1.033425 1.397456
v 25.881178 1.008553 1.401940
v 25.882641 0.989249 1.418290
v 26.300268 1.016298 1.418290
v 26.298775 1.035599 1.401940
v 26.296848 1.060469 1.397456
v 26.295006 1.084244 1.406039
v 26.293745 1.100553 1.425389
v 26.293398 1.105026 1.450322
v 26.294060 1.096465 1.474156
v 26.295555 1.077163 1.490506
v 26.297482 1.052293 1.494990
v 26.653919 1.075443 1.494990
v 26.652035 1.100316 1.490506
v 26.650574 1.119619 1.474156
v 26.649925 1.128181 1.450322
v 26.650263 1.123708 1.425389
v 26.651499 1.107397 1.406039
v 26.653299 1.083620 1.397456
v 26.655182 1.058747 1.401940
v 26.656645 1.039444 1.418290
v 26.933304 1.056857 1.418290
v 26.931820 1.076159 1.401940
v 26.929909 1.101030 1.397456
v 26.928083 1.124806 1.406039
v 26.926830 1.141115 1.425389
v 26.926487 1.145588 1.450322
v 26.927143 1.137027 1.474156
v 26.928627 1.117725 1.490506
v 26.930538 1.092853 1.494990
v 27.214094 1.112159 1.494990
v 27.211977 1.137016 1.490506
v 27.210335 1.156308 1.474156
v 27.209606 1.164864 1.450322
v 27.209988 1.160394 1.425389
v 27.211376 1.144093 1.406039
v 27.213398 1.120331 1.397456
v 27.215515 1.095474 1.401940
v 27.217155 1.076183 1.418290
v 27.509151 1.098253 1.418290
v 27.507317 1.117530 1.401940
v 27.504957 1.142369 1.397456
v 27.502701 1.166113 1.406039
v 27.501152 1.182401 1.425389
v 27.500727 1.186868 1.450322
v 27.501541 1.178318 1.474156
v 27.503372 1.159041 1.490506
v 27.505733 1.134202 1.494990
v 27.790089 1.158391 1.494990
v 27.787403 1.183201 1.490506
v 27.785316 1.202457 1.474156
v 27.784391 1.210998 1.450322
v 27.784876 1.206535 1.425389
v 27.786638 1.190266 1.406039
v 27.789206 1.166548 1.397456
v 27.791891 1.141737 1.401940
v 27.793976 1.122482 1.418290
v 28.056385 1.148292 1.418290
v 28.053926 1.167511 1.401940
v 28.050758 1.192273 1.397456
v 28.047729 1.215945 1.406039
v 28.045650 1.232183 1.425389
v 28.045082 1.236637 1.450322
v 28.046171 1.228113 1.474156
v 28.048630 1.208895 1.490506
v 28.051800 1.184132 1.494990
v 28.275520 1.210837 1.494990
v 28.271530 1.235500 1.490506
v 28.268433 1.254640 1.474156
v 28.267059 1.263130 1.450322
v 28.267776 1.258695 1.425389
v 28.270393 1.242522 1.406039
v 28.274208 1.218946 1.397456
v 28.278198 1.194283 1.401940
v 28.281294 1.175143 1.418290
v 28.508278 1.210485 1.417881
v 28.504402 1.229507 1.401532
v 28.499514 1.254033 1.397050
v 28.494921 1.277492 1.405634
v 28.491856 1.293597 1.424985
v 28.491138 1.298034 1.449917
v 28.492962 1.289613 1.473751
v 28.496838 1.270591 1.490099
v 28.501726 1.246065 1.494582
v 28.776556 1.294169 1.491987
v 28.771172 1.318609 1.487508
v 28.766823 1.337548 1.471164
v 28.764671 1.345912 1.447334
v 28.765293 1.341459 1.422402
v 28.768526 1.325383 1.403049
v 28.773500 1.301991 1.394462
v 28.778883 1.277551 1.398940
v 28.783234 1.258612 1.415284
v 29.066433 1.312890 1.411794
v 29.061722 1.331760 1.395454
v 29.055870 1.356110 1.390982
v 29.050442 1.379415 1.399575
v 29.046898 1.395431 1.418931
v 29.046181 1.399865 1.443864
v 29.048487 1.391531 1.467693
v 29.053196 1.372661 1.484033
v 29.059052 1.348311 1.488505
v 29.345530 1.408204 1.485916
v 29.339214 1.432457 1.481447
v 29.334234 1.451271 1.465110
v 29.331926 1.459605 1.441281
v 29.332909 1.455227 1.416346
v 29.336918 1.439308 1.396986
v 29.342880 1.416115 1.388388
v 29.349197 1.391862 1.392857
v 29.354176 1.373048 1.409194
v 29.642775 1.438821 1.409269
v 29.637606 1.457592 1.392932
v 29.630814 1.481736 1.388463
v 29.624222 1.504785 1.397060
v 29.619591 1.520562 1.416420
v 29.618166 1.524840 1.441354
v 29.620329 1.516472 1.465183
v 29.625498 1.497701 1.481521
v 29.632288 1.473557 1.485989
v 30.069239 1.547441 -1.418316
v 30.070904 1.538947 -1.442133
v 29.928558 1.509950 -1.413807
v 30.063910 1.566173 -1.401976
v 29.923271 1.528691 -1.397468
v 30.056353 1.590122 -1.397490
v 29.915976 1.552710 -1.392991
v 30.048588 1.612871 -1.406061
v 29.908630 1.575572 -1.401576
v 30.042694 1.628325 -1.425393
v 29.903204 1.591150 -1.420922
v 30.040257 1.632343 -1.450304
v 29.901150 1.595271 -1.445846
v 30.041924 1.623848 -1.474121
v 29.903017 1.586829 -1.469670
v 30.047249 1.605117 -1.490462
v 29.908306 1.568088 -1.486009
v 30.054806 1.581168 -1.494947
v 29.915598 1.544069 -1.490486
v 30.062572 1.558419 -1.486376
v 29.922943 1.521207 -1.481902
v 30.068464 1.542965 -1.467045
v 29.928370 1.505629 -1.462555
v 29.930426 1.501509 -1.437631
v 29.643511 1.434731 -1.458028
v 29.638882 1.450508 -1.477388
v 29.644936 1.430453 -1.433093
v 29.355499 1.369092 -1.457953
v 29.351490 1.385011 -1.477313
v 29.356483 1.364714 -1.433018
v 29.068913 1.309173 -1.460542
v 29.065365 1.325188 -1.479898
v 29.069632 1.304738 -1.435609
v 29.068022 1.308990 -1.460552
v 29.064476 1.325006 -1.479908
v 29.068739 1.304556 -1.435619
v 28.784760 1.254701 -1.464042
v 28.781528 1.270777 -1.483394
v 28.785381 1.250248 -1.439110
v 28.509384 1.206501 -1.466642
v 28.506317 1.222606 -1.485993
v 28.510099 1.202064 -1.441710
v 28.281948 1.171088 -1.467053
v 28.279333 1.187261 -1.486403
v 28.282665 1.166652 -1.442120
v 28.056904 1.144222 -1.467053
v 28.054827 1.160460 -1.486403
v 28.057474 1.139768 -1.442120
v 27.794418 1.118403 -1.467053
v 27.792656 1.134673 -1.486403
v 27.794899 1.113941 -1.442120
v 27.509537 1.094170 -1.467053
v 27.507988 1.110458 -1.486403
v 27.509962 1.089703 -1.442120
v 27.217503 1.072097 -1.467053
v 27.216116 1.088397 -1.486403
v 27.217884 1.067626 -1.442120
v 26.933617 1.052769 -1.467053
v 26.932364 1.069078 -1.486403
v 26.933960 1.048295 -1.442120
v 26.656954 1.035355 -1.467053
v 26.655720 1.051666 -1.486403
v 26.657291 1.030882 -1.442120
v 26.300585 1.012210 -1.467053
v 26.299322 1.028518 -1.486403
v 26.300930 1.007736 -1.442120
v 25.882950 0.985161 -1.467053
v 25.881714 1.001471 -1.486403
v 25.883287 0.980687 -1.442120
v 25.444441 0.957872 -1.467053
v 25.443279 0.974187 -1.486403
v 25.444759 0.953397 -1.442120
v 25.025368 0.934004 -1.467053
v 25.024349 0.950327 -1.486403
v 25.025650 0.929527 -1.442120
v 24.665869 0.917213 -1.467053
v 24.665148 0.933549 -1.486403
v 24.666069 0.912732 -1.442120
v 24.385454 0.909374 -1.467053
v 24.384987 0.925718 -1.486403
v 24.385580 0.904891 -1.442120
v 24.053606 0.901400 -1.467053
v 24.053146 0.917744 -1.486403
v 24.053732 0.896917 -1.442120
v 23.668333 0.892498 -1.467053
v 23.667900 0.908843 -1.486403
v 23.668451 0.888015 -1.442120
v 23.262962 0.883934 -1.467053
v 23.262581 0.900281 -1.486403
v 23.263067 0.879451 -1.442120
v 22.870796 0.876975 -1.467053
v 22.870501 0.893322 -1.486403
v 22.870876 0.872491 -1.442120
v 22.525057 0.872886 -1.467053
v 22.524923 0.889235 -1.486403
v 22.525093 0.868401 -1.442120
v 22.525023 0.876984 -1.418285
v 22.524866 0.896334 -1.401935
v 22.524664 0.921266 -1.397451
v 22.524469 0.945100 -1.406034
v 22.524338 0.961449 -1.425384
v 22.524300 0.965933 -1.450317
v 22.524370 0.957351 -1.474151
v 22.524527 0.938001 -1.490502
v 22.524731 0.913069 -1.494986
v 22.870070 0.917154 -1.494986
v 22.869621 0.942083 -1.490502
v 22.869272 0.961430 -1.474151
v 22.869116 0.970012 -1.450317
v 22.869198 0.965528 -1.425384
v 22.869492 0.949181 -1.406034
v 22.869923 0.925350 -1.397451
v 22.870373 0.900420 -1.401935
v 22.870722 0.881073 -1.418286
v 23.262867 0.888032 -1.418285
v 23.262415 0.907378 -1.401935
v 23.261833 0.932305 -1.397451
v 23.261278 0.956134 -1.406034
v 23.260897 0.972480 -1.425384
v 23.260792 0.976963 -1.450317
v 23.260992 0.968382 -1.474151
v 23.261442 0.949037 -1.490502
v 23.262024 0.924110 -1.494986
v 23.667271 0.932671 -1.494986
v 23.666611 0.957596 -1.490502
v 23.666098 0.976941 -1.474151
v 23.665873 0.985521 -1.450317
v 23.665991 0.981038 -1.425384
v 23.666424 0.964693 -1.406034
v 23.667053 0.940865 -1.397451
v 23.667713 0.915940 -1.401936
v 23.668224 0.896595 -1.418285
v 24.053490 0.905497 -1.418285
v 24.052944 0.924841 -1.401935
v 24.052242 0.949765 -1.397451
v 24.051573 0.973592 -1.406034
v 24.051111 0.989936 -1.425384
v 24.050985 0.994419 -1.450317
v 24.051228 0.985839 -1.474152
v 24.051773 0.966495 -1.490501
v 24.052475 0.941571 -1.494986
v 24.384306 0.949545 -1.494986
v 24.383595 0.974469 -1.490501
v 24.383043 0.993813 -1.474151
v 24.382797 1.002392 -1.450317
v 24.382925 0.997910 -1.425384
v 24.383392 0.981565 -1.406034
v 24.384073 0.957739 -1.397451
v 24.384785 0.932815 -1.401935
v 24.385336 0.913471 -1.418285
v 24.665689 0.921308 -1.418285
v 24.664831 0.940642 -1.401936
v 24.663729 0.965554 -1.397451
v 24.662672 0.989369 -1.406034
v 24.661949 1.005706 -1.425384
v 24.661751 1.010186 -1.450317
v 24.662132 1.001611 -1.474151
v 24.662989 0.982276 -1.490501
v 24.664091 0.957364 -1.494986
v 25.022861 0.974122 -1.494986
v 25.021305 0.999014 -1.490501
v 25.020096 1.018332 -1.474151
v 25.019562 1.026901 -1.450317
v 25.019840 1.022424 -1.425384
v 25.020861 1.006101 -1.406034
v 25.022348 0.982306 -1.397451
v 25.023905 0.957414 -1.401936
v 25.025114 0.938096 -1.418286
v 25.444151 0.961962 -1.418285
v 25.442776 0.981271 -1.401936
v 25.441000 1.006150 -1.397451
v 25.439304 1.029934 -1.406034
v 25.438141 1.046249 -1.425384
v 25.437824 1.050724 -1.450317
v 25.438435 1.042159 -1.474151
v 25.439810 1.022850 -1.490501
v 25.441584 0.997971 -1.494985
v 25.879913 1.025248 -1.494986
v 25.878025 1.050121 -1.490501
v 25.876562 1.069424 -1.474151
v 25.875912 1.077986 -1.450317
v 25.876253 1.073513 -1.425384
v 25.877491 1.057202 -1.406034
v 25.879292 1.033425 -1.397451
v 25.881178 1.008553 -1.401935
v 25.882641 0.989249 -1.418285
v 26.300268 1.016298 -1.418285
v 26.298773 1.035599 -1.401935
v 26.296846 1.060469 -1.397451
v 26.295004 1.084244 -1.406034
v 26.293743 1.100553 -1.425384
v 26.293396 1.105026 -1.450317
v 26.294058 1.096464 -1.474151
v 26.295555 1.077163 -1.490502
v 26.297478 1.052293 -1.494986
v 26.653917 1.075443 -1.494986
v 26.652035 1.100316 -1.490501
v 26.650572 1.119619 -1.474151
v 26.649923 1.128181 -1.450317
v 26.650263 1.123708 -1.425384
v 26.651497 1.107397 -1.406034
v 26.653297 1.083620 -1.397451
v 26.655180 1.058747 -1.401935
v 26.656645 1.039444 -1.418285
v 26.933304 1.056857 -1.418285
v 26.931820 1.076159 -1.401936
v 26.929909 1.101030 -1.397451
v 26.928082 1.124806 -1.406034
v 26.926826 1.141115 -1.425384
v 26.926483 1.145588 -1.450317
v 26.927141 1.137027 -1.474151
v 26.928623 1.117724 -1.490502
v 26.930534 1.092853 -1.494986
v 27.214092 1.112159 -1.494985
v 27.211975 1.137016 -1.490501
v 27.210335 1.156307 -1.474151
v 27.209606 1.164864 -1.450317
v 27.209986 1.160394 -1.425385
v 27.211374 1.144093 -1.406034
v 27.213398 1.120331 -1.397451
v 27.215513 1.095474 -1.401936
v 27.217155 1.076183 -1.418285
v 27.509150 1.098253 -1.418285
v 27.507317 1.117530 -1.401936
v 27.504955 1.142369 -1.397451
v 27.502699 1.166113 -1.406034
v 27.501150 1.182401 -1.425384
v 27.500725 1.186868 -1.450317
v 27.501539 1.178318 -1.474151
v 27.503370 1.159041 -1.490502
v 27.505732 1.134202 -1.494986
v 27.790089 1.158391 -1.494985
v 27.787399 1.183201 -1.490501
v 27.785316 1.202457 -1.474151
v 27.784391 1.210998 -1.450317
v 27.784874 1.206535 -1.425384
v 27.786636 1.190266 -1.406034
v 27.789204 1.166548 -1.397451
v 27.791891 1.141737 -1.401935
v 27.793976 1.122482 -1.418285
v 28.056383 1.148292 -1.418285
v 28.053925 1.167510 -1.401935
v 28.050755 1.192273 -1.397451
v 28.047728 1.215945 -1.406034
v 28.045650 1.232183 -1.425385
v 28.045080 1.236637 -1.450317
v 28.046171 1.228113 -1.474151
v 28.048630 1.208894 -1.490501
v 28.051798 1.184132 -1.494985
v 28.275517 1.210837 -1.494986
v 28.271530 1.235500 -1.490502
v 28.268431 1.254640 -1.474152
v 28.267059 1.263130 -1.450317
v 28.267775 1.258694 -1.425384
v 28.270391 1.242522 -1.406034
v 28.274206 1.218946 -1.397451
v 28.278194 1.194283 -1.401935
v 28.281292 1.175142 -1.418285
v 28.508276 1.210485 -1.417876
v 28.504400 1.229507 -1.401527
v 28.499512 1.254033 -1.397045
v 28.494919 1.277492 -1.405630
v 28.491852 1.293597 -1.424980
v 28.491137 1.298034 -1.449913
v 28.492960 1.289613 -1.473747
v 28.496836 1.270591 -1.490095
v 28.501724 1.246065 -1.494578
v 28.776554 1.294169 -1.491982
v 28.771172 1.318609 -1.487504
v 28.766821 1.337548 -1.471160
v 28.764669 1.345912 -1.447329
v 28.765293 1.341459 -1.422397
v 28.768524 1.325383 -1.403045
v 28.773499 1.301991 -1.394457
v 28.778881 1.277551 -1.398935
v 28.783234 1.258612 -1.415279
v 29.066431 1.312890 -1.411790
v 29.061720 1.331760 -1.395450
v 29.055868 1.356110 -1.390978
v 29.050440 1.379415 -1.399570
v 29.046896 1.395431 -1.418927
v 29.046181 1.399865 -1.443860
v 29.048485 1.391531 -1.467688
v 29.053196 1.372661 -1.484028
v 29.059048 1.348311 -1.488501
v 29.059937 1.348493 -1.488491
v 29.345528 1.408204 -1.485911
v 29.054083 1.372842 -1.484019
v 29.339211 1.432457 -1.481443
v 29.049372 1.391712 -1.467679
v 29.334232 1.451271 -1.465105
v 29.047066 1.400046 -1.443850
v 29.331924 1.459605 -1.441277
v 29.047783 1.395612 -1.418917
v 29.332907 1.455227 -1.416341
v 29.051329 1.379597 -1.399561
v 29.336918 1.439308 -1.396981
v 29.056759 1.356292 -1.390968
v 29.342878 1.416115 -1.388383
v 29.062611 1.331943 -1.395440
v 29.349195 1.391862 -1.392852
v 29.067324 1.313073 -1.411780
v 29.354174 1.373048 -1.409189
v 29.642775 1.438820 -1.409264
v 29.637604 1.457591 -1.392927
v 29.630814 1.481736 -1.388458
v 29.624220 1.504785 -1.397056
v 29.619591 1.520562 -1.416415
v 29.618166 1.524839 -1.441350
v 29.620327 1.516472 -1.465178
v 29.625496 1.497701 -1.481516
v 29.632286 1.473556 -1.485985
v 30.102051 1.975582 1.313472
v 30.047274 1.975582 1.353549
v 30.170359 1.975582 1.299169
v 30.016872 1.975582 1.411461
v 30.016872 1.975582 1.475739
v 30.047274 1.975582 1.533651
v 30.102051 1.975582 1.573728
v 30.170359 1.975582 1.588031
v 30.238665 1.975582 1.573728
v 30.293444 1.975582 1.533651
v 30.323843 1.975582 1.475739
v 30.323843 1.975582 1.411461
v 30.293444 1.975582 1.353549
v 30.238665 1.975582 1.313472
v 30.170359 0.012498 1.299169
v 30.238665 0.012498 1.313472
v 30.102051 0.012498 1.313472
v 30.047274 0.012498 1.353549
v 30.016872 0.012498 1.475739
v 30.016872 0.012498 1.411461
v 30.047274 0.012498 1.533651
v 30.102051 0.012498 1.573728
v 30.238665 0.012498 1.573728
v 30.170359 0.012498 1.588031
v 30.293444 0.012498 1.533651
v 30.323843 0.012498 1.475739
v 30.293444 0.012498 1.353549
v 30.323843 0.012498 1.411461
v 30.238684 1.975582 -1.573723
v 30.170376 1.975582 -1.588027
v 30.293463 1.975582 -1.533647
v 30.323860 1.975582 -1.475734
v 30.323860 1.975582 -1.411456
v 30.293463 1.975582 -1.353544
v 30.238684 1.975582 -1.313468
v 30.170376 1.975582 -1.299164
v 30.102070 1.975582 -1.313468
v 30.047291 1.975582 -1.353544
v 30.016891 1.975582 -1.411456
v 30.016891 1.975582 -1.475734
v 30.047291 1.975582 -1.533647
v 30.102070 1.975582 -1.573723
v 30.170376 0.012498 -1.588027
v 30.238684 0.012498 -1.573723
v 30.293463 0.012498 -1.533647
v 30.323860 0.012498 -1.475734
v 30.323860 0.012498 -1.411456
v 30.293463 0.012498 -1.353544
v 30.238684 0.012498 -1.313468
v 30.170376 0.012498 -1.299164
v 30.102070 0.012498 -1.313468
v 30.047291 0.012498 -1.353544
v 30.016891 0.012498 -1.411456
v 30.016891 0.012498 -1.475734
v 30.047291 0.012498 -1.533647
v 30.102070 0.012498 -1.573723
v 14.518650 1.975582 1.313472
v 14.463872 1.975582 1.353549
v 14.586957 1.975582 1.299169
v 14.433472 1.975582 1.411461
v 14.433472 1.975582 1.475739
v 14.463872 1.975582 1.533651
v 14.518650 1.975582 1.573728
v 14.586957 1.975582 1.588031
v 14.655264 1.975582 1.573728
v 14.710042 1.975582 1.533651
v 14.740442 1.975582 1.475739
v 14.740442 1.975582 1.411461
v 14.710042 1.975582 1.353549
v 14.655264 1.975582 1.313472
v 14.586957 0.012498 1.299169
v 14.655264 0.012498 1.313472
v 14.518650 0.012498 1.313472
v 14.463872 0.012498 1.353549
v 14.433472 0.012498 1.475739
v 14.433472 0.012498 1.411461
v 14.463872 0.012498 1.533651
v 14.518650 0.012498 1.573728
v 14.655264 0.012498 1.573728
v 14.586957 0.012498 1.588031
v 14.710042 0.012498 1.533651
v 14.740442 0.012498 1.475739
v 14.710042 0.012498 1.353549
v 14.740442 0.012498 1.411461
v 14.586957 0.012498 -1.588027
v 14.655264 0.012498 -1.573723
v 14.518650 0.012498 -1.573723
v 14.463872 0.012498 -1.533647
v 14.433472 0.012498 -1.411456
v 14.433472 0.012498 -1.475734
v 14.463872 0.012498 -1.353544
v 14.518650 0.012498 -1.313468
v 14.655264 0.012498 -1.313468
v 14.586957 0.012498 -1.299164
v 14.710042 0.012498 -1.353544
v 14.740442 0.012498 -1.411456
v 14.710042 0.012498 -1.533647
v 14.740442 0.012498 -1.475734
v 14.518650 1.975582 -1.573723
v 14.463872 1.975582 -1.533647
v 14.586957 1.975582 -1.588027
v 14.433472 1.975582 -1.475734
v 14.433472 1.975582 -1.411456
v 14.463872 1.975582 -1.353544
v 14.518650 1.975582 -1.313468
v 14.586957 1.975582 -1.299164
v 14.655264 1.975582 -1.313468
v 14.710042 1.975582 -1.353544
v 14.740442 1.975582 -1.411456
v 14.740442 1.975582 -1.475734
v 14.710042 1.975582 -1.533647
v 14.655264 1.975582 -1.573723
v 14.688074 1.547441 -1.418317
v 14.686407 1.538947 -1.442134
v 14.693399 1.566173 -1.401977
v 14.700958 1.590122 -1.397491
v 14.708725 1.612871 -1.406062
v 14.714617 1.628325 -1.425394
v 14.717055 1.632343 -1.450305
v 14.715389 1.623848 -1.474122
v 14.710062 1.605117 -1.490463
v 14.702505 1.581168 -1.494949
v 14.694738 1.558419 -1.486377
v 14.688848 1.542965 -1.467046
v 14.688075 0.605907 -1.418316
v 14.686409 0.597413 -1.442133
v 14.693400 0.624638 -1.401976
v 14.700959 0.648587 -1.397490
v 14.708725 0.671336 -1.406061
v 14.714617 0.686791 -1.425393
v 14.717056 0.690809 -1.450304
v 14.715391 0.682314 -1.474121
v 14.710064 0.663583 -1.490462
v 14.702506 0.639634 -1.494947
v 14.694740 0.616885 -1.486376
v 14.688848 0.601431 -1.467045
v 14.688075 1.547442 1.418321
v 14.686409 1.538947 1.442138
v 14.693402 1.566173 1.401980
v 14.700960 1.590122 1.397494
v 14.708725 1.612871 1.406066
v 14.714619 1.628325 1.425397
v 14.717058 1.632343 1.450309
v 14.715391 1.623848 1.474126
v 14.710065 1.605117 1.490466
v 14.702506 1.581168 1.494952
v 14.694740 1.558419 1.486381
v 14.688848 1.542965 1.467050
v 14.688075 0.605907 1.418321
v 14.686409 0.597413 1.442138
v 14.693402 0.624639 1.401980
v 14.700960 0.648587 1.397494
v 14.708725 0.671337 1.406066
v 14.714619 0.686791 1.425397
v 14.717058 0.690809 1.450309
v 14.715391 0.682314 1.474126
v 14.710065 0.663583 1.490466
v 14.702506 0.639634 1.494952
v 14.694740 0.616885 1.486381
v 14.688848 0.601431 1.467050
v 30.069239 1.547441 1.418321
v 30.070906 1.538947 1.442138
v 30.063913 1.566173 1.401980
v 30.056355 1.590122 1.397494
v 30.048590 1.612871 1.406066
v 30.042696 1.628325 1.425397
v 30.040258 1.632343 1.450309
v 30.041924 1.623848 1.474126
v 30.047249 1.605117 1.490466
v 30.054808 1.581168 1.494952
v 30.062574 1.558419 1.486381
v 30.068466 1.542965 1.467050
v 30.069239 0.605907 1.418321
v 30.070906 0.597413 1.442138
v 30.063913 0.624639 1.401980
v 30.056355 0.648587 1.397494
v 30.048590 0.671337 1.406066
v 30.042696 0.686791 1.425397
v 30.040258 0.690809 1.450309
v 30.041924 0.682314 1.474126
v 30.047249 0.663583 1.490466
v 30.054808 0.639634 1.494952
v 30.062574 0.616885 1.486381
v 30.068466 0.601431 1.467050
v 30.069239 0.605907 -1.418316
v 30.070904 0.597412 -1.442133
v 30.063910 0.624638 -1.401976
v 30.056353 0.648587 -1.397490
v 30.048588 0.671336 -1.406061
v 30.042694 0.686790 -1.425393
v 30.040257 0.690808 -1.450304
v 30.041924 0.682314 -1.474121
v 30.047249 0.663583 -1.490462
v 30.054806 0.639634 -1.494947
v 30.062572 0.616885 -1.486376
v 30.068464 0.601431 -1.467045
vn -0.8168 -0.4036 0.4123
vn -0.8419 -0.5384 0.0372
vn -0.2506 -0.9643 0.0857
vn -0.2174 -0.7900 0.5733
vn -0.7393 -0.1077 0.6647
vn -0.1261 -0.4049 0.9056
vn -0.6321 0.2641 0.7285
vn -0.0016 0.0863 0.9963
vn -0.5237 0.6122 0.5924
vn 0.1234 0.5549 0.8227
vn -0.4424 0.8473 0.2939
vn 0.2158 0.8774 0.4284
vn -0.4095 0.9080 -0.0889
vn 0.2505 0.9645 -0.0834
vn -0.4338 0.7779 -0.4545
vn 0.2173 0.7903 -0.5729
vn -0.5086 0.4925 -0.7062
vn 0.1257 0.4038 -0.9062
vn -0.6141 0.1264 -0.7791
vn 0.0010 -0.0891 -0.9960
vn -0.7232 -0.2265 -0.6524
vn -0.1240 -0.5579 -0.8206
vn -0.8071 -0.4720 -0.3546
vn -0.2163 -0.8788 -0.4253
vn -0.1262 -0.5574 -0.8206
vn -0.2067 -0.8813 -0.4249
vn -0.2317 -0.9690 0.0859
vn -0.1253 -0.5572 -0.8209
vn -0.1950 -0.8838 -0.4253
vn -0.2124 -0.9735 0.0853
vn -0.1205 -0.5580 -0.8210
vn -0.1822 -0.8863 -0.4257
vn -0.1949 -0.9772 0.0846
vn -0.1115 -0.5596 -0.8212
vn -0.1677 -0.8890 -0.4261
vn -0.1789 -0.9803 0.0838
vn -0.0976 -0.5623 -0.8212
vn -0.1499 -0.8920 -0.4263
vn -0.1622 -0.9832 0.0832
vn -0.0786 -0.5666 -0.8202
vn -0.1237 -0.8966 -0.4253
vn -0.1357 -0.9872 0.0835
vn -0.0618 -0.5682 -0.8206
vn -0.0980 -0.8997 -0.4254
vn -0.1079 -0.9906 0.0837
vn -0.0522 -0.5689 -0.8208
vn -0.0827 -0.9012 -0.4255
vn -0.0910 -0.9923 0.0837
vn -0.0457 -0.5693 -0.8209
vn -0.0725 -0.9020 -0.4256
vn -0.0798 -0.9933 0.0837
vn -0.0409 -0.5696 -0.8209
vn -0.0648 -0.9026 -0.4256
vn -0.0714 -0.9939 0.0837
vn -0.0373 -0.5697 -0.8210
vn -0.0592 -0.9029 -0.4257
vn -0.0651 -0.9944 0.0837
vn -0.0364 -0.5694 -0.8213
vn -0.0577 -0.9029 -0.4259
vn -0.0636 -0.9945 0.0838
vn -0.0369 -0.5695 -0.8212
vn -0.0586 -0.9029 -0.4258
vn -0.0645 -0.9944 0.0838
vn -0.0362 -0.5696 -0.8211
vn -0.0573 -0.9030 -0.4258
vn -0.0632 -0.9945 0.0838
vn -0.0340 -0.5699 -0.8210
vn -0.0538 -0.9033 -0.4256
vn -0.0593 -0.9947 0.0837
vn -0.0296 -0.5705 -0.8208
vn -0.0468 -0.9038 -0.4255
vn -0.0516 -0.9952 0.0837
vn -0.0213 -0.5714 -0.8204
vn -0.0338 -0.9045 -0.4252
vn -0.0372 -0.9958 0.0836
vn -0.0148 -0.5708 -0.8210
vn -0.0235 -0.9046 -0.4256
vn -0.0259 -0.9962 0.0837
vn -0.0134 -0.5706 -0.8211
vn -0.0213 -0.9046 -0.4257
vn -0.0235 -0.9962 0.0837
vn -0.0126 -0.5707 -0.8210
vn -0.0200 -0.9047 -0.4257
vn -0.0220 -0.9962 0.0837
vn -0.0111 -0.5708 -0.8210
vn -0.0176 -0.9047 -0.4256
vn -0.0194 -0.9963 0.0837
vn -0.0084 -0.5710 -0.8209
vn -0.0134 -0.9048 -0.4255
vn -0.0147 -0.9964 0.0837
vn -0.0034 -0.5714 -0.8207
vn -0.0054 -0.9050 -0.4253
vn -0.0059 -0.9965 0.0837
vn -0.0012 -0.0842 -0.9964
vn -0.0005 -0.0847 -0.9964
vn 0.0063 0.4253 -0.9050
vn 0.0025 0.4249 -0.9052
vn 0.0121 0.8209 -0.5710
vn 0.0049 0.8208 -0.5712
vn 0.0147 0.9964 -0.0838
vn 0.0059 0.9965 -0.0838
vn 0.0134 0.9047 0.4259
vn 0.0053 0.9047 0.4261
vn 0.0084 0.5704 0.8213
vn 0.0034 0.5701 0.8216
vn 0.0012 0.0833 0.9965
vn 0.0005 0.0828 0.9966
vn -0.0063 -0.4261 0.9047
vn -0.0025 -0.4265 0.9045
vn -0.0121 -0.8212 0.5705
vn -0.0049 -0.8214 0.5703
vn -0.0083 -0.4259 0.9048
vn -0.0160 -0.8210 0.5707
vn 0.0016 0.0835 0.9965
vn 0.0111 0.5705 0.8212
vn 0.0176 0.9046 0.4258
vn 0.0194 0.9963 -0.0838
vn 0.0160 0.8209 -0.5709
vn 0.0083 0.4254 -0.9050
vn -0.0016 -0.0840 -0.9965
vn -0.0019 -0.0839 -0.9965
vn 0.0094 0.4255 -0.9049
vn 0.0182 0.8208 -0.5709
vn 0.0220 0.9962 -0.0838
vn 0.0200 0.9046 0.4258
vn 0.0126 0.5705 0.8212
vn 0.0018 0.0836 0.9965
vn -0.0094 -0.4257 0.9048
vn -0.0182 -0.8210 0.5707
vn -0.0100 -0.4256 0.9048
vn -0.0193 -0.8209 0.5708
vn 0.0020 0.0836 0.9965
vn 0.0134 0.5705 0.8212
vn 0.0213 0.9046 0.4258
vn 0.0235 0.9962 -0.0838
vn 0.0193 0.8208 -0.5708
vn 0.0100 0.4255 -0.9049
vn -0.0020 -0.0838 -0.9965
vn -0.0022 -0.0840 -0.9965
vn 0.0111 0.4253 -0.9050
vn 0.0213 0.8207 -0.5709
vn 0.0259 0.9961 -0.0838
vn 0.0235 0.9045 0.4259
vn 0.0148 0.5703 0.8213
vn 0.0022 0.0834 0.9965
vn -0.0111 -0.4258 0.9047
vn -0.0213 -0.8209 0.5706
vn -0.0159 -0.4266 0.9043
vn -0.0306 -0.8210 0.5701
vn 0.0031 0.0821 0.9966
vn 0.0213 0.5693 0.8219
vn 0.0337 0.9039 0.4264
vn 0.0372 0.9958 -0.0839
vn 0.0306 0.8200 -0.5715
vn 0.0158 0.4241 -0.9055
vn -0.0032 -0.0852 -0.9964
vn -0.0044 -0.0844 -0.9964
vn 0.0220 0.4244 -0.9052
vn 0.0425 0.8197 -0.5712
vn 0.0516 0.9951 -0.0838
vn 0.0468 0.9035 0.4261
vn 0.0295 0.5694 0.8216
vn 0.0043 0.0828 0.9966
vn -0.0221 -0.4258 0.9046
vn -0.0425 -0.8202 0.5705
vn -0.0253 -0.4252 0.9047
vn -0.0489 -0.8197 0.5707
vn 0.0050 0.0831 0.9965
vn 0.0339 0.5694 0.8214
vn 0.0538 0.9031 0.4260
vn 0.0593 0.9947 -0.0838
vn 0.0488 0.8194 -0.5711
vn 0.0253 0.4245 -0.9051
vn -0.0050 -0.0840 -0.9965
vn -0.0053 -0.0838 -0.9965
vn 0.0270 0.4246 -0.9050
vn 0.0520 0.8193 -0.5710
vn 0.0631 0.9945 -0.0838
vn 0.0573 0.9029 0.4259
vn 0.0362 0.5694 0.8213
vn 0.0053 0.0833 0.9965
vn -0.0270 -0.4249 0.9048
vn -0.0520 -0.8194 0.5708
vn -0.0275 -0.4247 0.9049
vn -0.0531 -0.8193 0.5709
vn 0.0054 0.0835 0.9965
vn 0.0369 0.5694 0.8212
vn 0.0586 0.9029 0.4258
vn 0.0645 0.9944 -0.0838
vn 0.0531 0.8193 -0.5709
vn 0.0275 0.4247 -0.9049
vn -0.0054 -0.0836 -0.9965
vn -0.0053 -0.0834 -0.9965
vn 0.0272 0.4249 -0.9048
vn 0.0524 0.8194 -0.5708
vn 0.0636 0.9945 -0.0838
vn 0.0577 0.9030 0.4258
vn 0.0364 0.5696 0.8211
vn 0.0054 0.0837 0.9965
vn -0.0272 -0.4246 0.9050
vn -0.0524 -0.8193 0.5710
vn -0.0278 -0.4250 0.9048
vn -0.0537 -0.8194 0.5707
vn 0.0055 0.0831 0.9965
vn 0.0373 0.5691 0.8214
vn 0.0591 0.9028 0.4260
vn 0.0651 0.9944 -0.0838
vn 0.0537 0.8191 -0.5711
vn 0.0278 0.4243 -0.9051
vn -0.0055 -0.0840 -0.9965
vn -0.0060 -0.0841 -0.9964
vn 0.0305 0.4240 -0.9052
vn 0.0588 0.8187 -0.5712
vn 0.0714 0.9939 -0.0838
vn 0.0648 0.9024 0.4261
vn 0.0409 0.5687 0.8215
vn 0.0060 0.0829 0.9965
vn -0.0305 -0.4250 0.9047
vn -0.0588 -0.8191 0.5706
vn -0.0341 -0.4248 0.9046
vn -0.0658 -0.8186 0.5706
vn 0.0067 0.0827 0.9966
vn 0.0456 0.5682 0.8216
vn 0.0724 0.9017 0.4262
vn 0.0798 0.9933 -0.0839
vn 0.0657 0.8181 -0.5713
vn 0.0340 0.4235 -0.9052
vn -0.0068 -0.0842 -0.9964
vn -0.0077 -0.0844 -0.9964
vn 0.0388 0.4228 -0.9054
vn 0.0749 0.8171 -0.5715
vn 0.0910 0.9923 -0.0839
vn 0.0826 0.9008 0.4264
vn 0.0520 0.5674 0.8218
vn 0.0076 0.0823 0.9966
vn -0.0389 -0.4246 0.9045
vn -0.0750 -0.8178 0.5705
vn -0.0462 -0.4243 0.9044
vn -0.0889 -0.8166 0.5703
vn 0.0089 0.0815 0.9966
vn 0.0616 0.5659 0.8222
vn 0.0978 0.8991 0.4267
vn 0.1078 0.9906 -0.0840
vn 0.0887 0.8155 -0.5719
vn 0.0459 0.4215 -0.9057
vn -0.0092 -0.0849 -0.9963
vn -0.0126 -0.0856 -0.9963
vn 0.0568 0.4189 -0.9063
vn 0.1111 0.8121 -0.5728
vn 0.1356 0.9872 -0.0843
vn 0.1235 0.8956 0.4273
vn 0.0782 0.5628 0.8229
vn 0.0119 0.0798 0.9967
vn -0.0574 -0.4238 0.9040
vn -0.1115 -0.8141 0.5699
vn -0.0646 -0.4217 0.9045
vn -0.1309 -0.8108 0.5704
vn 0.0189 0.0800 0.9966
vn 0.0974 0.5608 0.8222
vn 0.1499 0.8920 0.4265
vn 0.1621 0.9831 -0.0847
vn 0.1306 0.8093 -0.5727
vn 0.0642 0.4187 -0.9059
vn -0.0193 -0.0829 -0.9964
vn -0.0257 -0.0814 -0.9963
vn 0.0669 0.4185 -0.9058
vn 0.1418 0.8075 -0.5726
vn 0.1788 0.9803 -0.0845
vn 0.1675 0.8887 0.4268
vn 0.1113 0.5581 0.8223
vn 0.0253 0.0789 0.9966
vn -0.0673 -0.4208 0.9047
vn -0.1420 -0.8085 0.5711
vn -0.0743 -0.4191 0.9049
vn -0.1553 -0.8056 0.5717
vn 0.0264 0.0785 0.9966
vn 0.1202 0.5559 0.8225
vn 0.1820 0.8857 0.4272
vn 0.1948 0.9772 -0.0843
vn 0.1551 0.8050 -0.5727
vn 0.0739 0.4171 -0.9059
vn -0.0269 -0.0813 -0.9963
vn -0.0224 -0.0826 -0.9963
vn 0.0865 0.4141 -0.9061
vn 0.1725 0.8013 -0.5728
vn 0.2123 0.9736 -0.0840
vn 0.1947 0.8827 0.4277
vn 0.1248 0.5546 0.8227
vn 0.0218 0.0796 0.9966
vn -0.0869 -0.4159 0.9052
vn -0.1726 -0.8015 0.5725
vn -0.1053 -0.4111 0.9055
vn -0.1945 -0.7961 0.5731
vn 0.0116 0.0821 0.9966
vn 0.1255 0.5541 0.8229
vn 0.2063 0.8798 0.4283
vn 0.2316 0.9692 -0.0836
vn 0.1943 0.7962 -0.5730
vn 0.1049 0.4094 -0.9063
vn -0.0123 -0.0855 -0.9963
vn 0.2050 -0.0000 -0.9788
vn 0.5905 -0.0000 -0.8071
vn 0.8854 -0.0000 -0.4648
vn 1.0000 -0.0000 -0.0000
vn 0.8854 -0.0000 0.4648
vn 0.5905 -0.0000 0.8071
vn 0.2050 -0.0000 0.9788
vn -0.2050 -0.0000 0.9788
vn -0.5905 -0.0000 0.8071
vn -0.8854 -0.0000 0.4648
vn -1.0000 -0.0000 -0.0000
vn -0.8854 -0.0000 -0.4648
vn -0.5905 -0.0000 -0.8071
vn -0.2050 -0.0000 -0.9788
vn -0.2230 -0.9748 -0.0000
vn -0.9650 0.2623 -0.0000
vn -0.0000 -0.0000 1.0000
vn 0.9650 -0.2623 -0.0000
vn 0.2230 0.9748 -0.0000
vn -0.0000 -0.0000 -1.0000
vn -0.1372 -0.9905 -0.0000
vn -0.9867 0.1624 -0.0000
vn 0.9867 -0.1624 -0.0000
vn 0.1372 0.9905 -0.0000
vn -0.0748 -0.9972 -0.0000
vn -0.9961 0.0888 -0.0000
vn 0.9961 -0.0888 -0.0000
vn 0.0748 0.9972 -0.0000
vn -0.0644 -0.9979 -0.0000
vn -0.9971 0.0765 -0.0000
vn 0.9971 -0.0765 -0.0000
vn 0.0644 0.9979 -0.0000
vn -0.0360 -0.9994 -0.0000
vn -0.9991 0.0428 -0.0000
vn 0.9991 -0.0428 -0.0000
vn 0.0360 0.9994 -0.0000
vn -0.0146 -0.9999 -0.0000
vn -0.9999 0.0173 -0.0000
vn 0.9999 -0.0173 -0.0000
vn 0.0146 0.9999 -0.0000
vn -0.0000 -1.0000 -0.0000
vn -0.0000 1.0000 -0.0000
vn 0.0146 -0.9999 -0.0000
vn -0.9999 -0.0173 -0.0000
vn 0.9999 0.0173 -0.0000
vn -0.0146 0.9999 -0.0000
vn 0.0360 -0.9994 -0.0000
vn -0.9991 -0.0428 -0.0000
vn 0.9991 0.0428 -0.0000
vn -0.0360 0.9994 -0.0000
vn 0.0644 -0.9979 -0.0000
vn -0.9971 -0.0765 -0.0000
vn 0.9971 0.0765 -0.0000
vn -0.0644 0.9979 -0.0000
vn 0.0748 -0.9972 -0.0000
vn -0.9961 -0.0888 -0.0000
vn 0.9961 0.0888 -0.0000
vn -0.0748 0.9972 -0.0000
vn 0.1372 -0.9905 -0.0000
vn -0.9867 -0.1624 -0.0000
vn 0.9867 0.1624 -0.0000
vn -0.1372 0.9905 -0.0000
vn 0.2230 -0.9748 -0.0000
vn -0.9650 -0.2623 -0.0000
vn 0.9650 0.2623 -0.0000
vn -0.2230 0.9748 -0.0000
vn 0.2049 -0.0000 -0.9788
vn -0.2049 -0.0000 -0.9788
vn -0.2049 -0.0000 0.9788
vn 0.2049 -0.0000 0.9788
vn -0.8168 -0.4036 -0.4123
vn -0.2174 -0.7900 -0.5733
vn -0.2506 -0.9643 -0.0857
vn -0.8419 -0.5384 -0.0371
vn -0.7393 -0.1077 -0.6647
vn -0.1261 -0.4049 -0.9056
vn -0.6320 0.2641 -0.7286
vn -0.0016 0.0863 -0.9963
vn -0.5237 0.6122 -0.5924
vn 0.1234 0.5549 -0.8227
vn -0.4424 0.8473 -0.2939
vn 0.2158 0.8774 -0.4284
vn -0.4095 0.9080 0.0890
vn 0.2505 0.9645 0.0834
vn -0.4338 0.7779 0.4545
vn 0.2173 0.7903 0.5729
vn -0.5086 0.4925 0.7062
vn 0.1257 0.4038 0.9062
vn -0.6141 0.1264 0.7790
vn 0.0010 -0.0891 0.9960
vn -0.7232 -0.2265 0.6524
vn -0.1240 -0.5579 0.8206
vn -0.8071 -0.4720 0.3546
vn -0.2162 -0.8788 0.4253
vn -0.2067 -0.8813 0.4249
vn -0.1262 -0.5574 0.8206
vn -0.2317 -0.9690 -0.0858
vn -0.1950 -0.8838 0.4253
vn -0.1253 -0.5572 0.8209
vn -0.2124 -0.9735 -0.0853
vn -0.1822 -0.8863 0.4257
vn -0.1205 -0.5580 0.8210
vn -0.1949 -0.9772 -0.0846
vn -0.1677 -0.8890 0.4261
vn -0.1115 -0.5596 0.8212
vn -0.1789 -0.9803 -0.0838
vn -0.1499 -0.8920 0.4263
vn -0.0976 -0.5623 0.8212
vn -0.1622 -0.9832 -0.0832
vn -0.1237 -0.8966 0.4253
vn -0.0786 -0.5666 0.8202
vn -0.1357 -0.9872 -0.0835
vn -0.0980 -0.8997 0.4254
vn -0.0618 -0.5682 0.8206
vn -0.1079 -0.9906 -0.0837
vn -0.0827 -0.9012 0.4255
vn -0.0522 -0.5689 0.8208
vn -0.0910 -0.9923 -0.0837
vn -0.0725 -0.9020 0.4256
vn -0.0457 -0.5693 0.8209
vn -0.0798 -0.9933 -0.0837
vn -0.0648 -0.9026 0.4256
vn -0.0409 -0.5696 0.8209
vn -0.0714 -0.9939 -0.0837
vn -0.0592 -0.9029 0.4257
vn -0.0373 -0.5697 0.8210
vn -0.0651 -0.9944 -0.0837
vn -0.0577 -0.9029 0.4259
vn -0.0364 -0.5694 0.8213
vn -0.0636 -0.9945 -0.0838
vn -0.0586 -0.9029 0.4258
vn -0.0369 -0.5695 0.8212
vn -0.0645 -0.9944 -0.0838
vn -0.0573 -0.9030 0.4257
vn -0.0362 -0.5696 0.8211
vn -0.0632 -0.9945 -0.0838
vn -0.0538 -0.9033 0.4256
vn -0.0340 -0.5699 0.8210
vn -0.0593 -0.9947 -0.0837
vn -0.0468 -0.9038 0.4255
vn -0.0296 -0.5705 0.8208
vn -0.0516 -0.9952 -0.0837
vn -0.0338 -0.9045 0.4252
vn -0.0213 -0.5714 0.8204
vn -0.0372 -0.9958 -0.0836
vn -0.0235 -0.9046 0.4256
vn -0.0148 -0.5708 0.8210
vn -0.0259 -0.9962 -0.0837
vn -0.0213 -0.9046 0.4257
vn -0.0134 -0.5706 0.8211
vn -0.0235 -0.9962 -0.0837
vn -0.0200 -0.9047 0.4257
vn -0.0126 -0.5707 0.8210
vn -0.0220 -0.9962 -0.0837
vn -0.0176 -0.9047 0.4256
vn -0.0111 -0.5708 0.8210
vn -0.0194 -0.9963 -0.0837
vn -0.0134 -0.9048 0.4255
vn -0.0084 -0.5710 0.8209
vn -0.0147 -0.9964 -0.0837
vn -0.0054 -0.9050 0.4253
vn -0.0034 -0.5714 0.8207
vn -0.0059 -0.9965 -0.0837
vn 0.0054 -0.9050 0.4253
vn 0.0034 -0.5714 0.8207
vn 0.0059 -0.9965 -0.0837
vn -0.0049 -0.8214 -0.5703
vn 0.0049 -0.8214 -0.5703
vn -0.0025 -0.4265 -0.9045
vn 0.0025 -0.4265 -0.9045
vn 0.0005 0.0828 -0.9966
vn -0.0005 0.0828 -0.9966
vn 0.0034 0.5701 -0.8216
vn -0.0034 0.5701 -0.8216
vn 0.0053 0.9047 -0.4261
vn -0.0053 0.9047 -0.4261
vn 0.0059 0.9965 0.0838
vn -0.0059 0.9965 0.0838
vn 0.0049 0.8208 0.5712
vn -0.0049 0.8208 0.5712
vn 0.0025 0.4249 0.9052
vn -0.0025 0.4249 0.9052
vn -0.0005 -0.0847 0.9964
vn 0.0005 -0.0847 0.9964
vn -0.0012 -0.0842 0.9964
vn 0.0063 0.4253 0.9050
vn 0.0121 0.8209 0.5710
vn 0.0147 0.9964 0.0838
vn 0.0134 0.9047 -0.4259
vn 0.0084 0.5704 -0.8213
vn 0.0012 0.0833 -0.9965
vn -0.0063 -0.4261 -0.9047
vn -0.0121 -0.8212 -0.5705
vn -0.0083 -0.4259 -0.9048
vn -0.0160 -0.8210 -0.5706
vn 0.0016 0.0835 -0.9965
vn 0.0111 0.5705 -0.8212
vn 0.0176 0.9046 -0.4258
vn 0.0194 0.9963 0.0838
vn 0.0160 0.8209 0.5709
vn 0.0083 0.4254 0.9050
vn -0.0016 -0.0840 0.9965
vn -0.0019 -0.0839 0.9965
vn 0.0094 0.4255 0.9049
vn 0.0182 0.8208 0.5709
vn 0.0220 0.9962 0.0838
vn 0.0200 0.9046 -0.4258
vn 0.0126 0.5705 -0.8212
vn 0.0018 0.0836 -0.9965
vn -0.0094 -0.4257 -0.9048
vn -0.0182 -0.8210 -0.5707
vn -0.0100 -0.4256 -0.9048
vn -0.0193 -0.8209 -0.5708
vn 0.0020 0.0836 -0.9965
vn 0.0134 0.5705 -0.8212
vn 0.0213 0.9046 -0.4258
vn 0.0235 0.9962 0.0838
vn 0.0193 0.8208 0.5708
vn 0.0100 0.4255 0.9049
vn -0.0020 -0.0838 0.9965
vn -0.0022 -0.0840 0.9965
vn 0.0111 0.4253 0.9050
vn 0.0213 0.8207 0.5709
vn 0.0259 0.9961 0.0838
vn 0.0235 0.9045 -0.4259
vn 0.0148 0.5703 -0.8213
vn 0.0022 0.0834 -0.9965
vn -0.0111 -0.4258 -0.9047
vn -0.0213 -0.8209 -0.5706
vn -0.0159 -0.4266 -0.9043
vn -0.0306 -0.8210 -0.5701
vn 0.0031 0.0822 -0.9966
vn 0.0213 0.5693 -0.8219
vn 0.0337 0.9039 -0.4264
vn 0.0372 0.9958 0.0839
vn 0.0306 0.8200 0.5715
vn 0.0158 0.4241 0.9055
vn -0.0032 -0.0852 0.9964
vn -0.0044 -0.0845 0.9964
vn 0.0220 0.4244 0.9052
vn 0.0425 0.8197 0.5712
vn 0.0516 0.9951 0.0838
vn 0.0468 0.9035 -0.4261
vn 0.0295 0.5694 -0.8216
vn 0.0043 0.0828 -0.9966
vn -0.0221 -0.4258 -0.9046
vn -0.0425 -0.8202 -0.5705
vn -0.0253 -0.4252 -0.9047
vn -0.0489 -0.8197 -0.5707
vn 0.0050 0.0831 -0.9965
vn 0.0339 0.5694 -0.8214
vn 0.0538 0.9031 -0.4260
vn 0.0593 0.9947 0.0838
vn 0.0488 0.8194 0.5711
vn 0.0253 0.4245 0.9051
vn -0.0050 -0.0840 0.9965
vn -0.0053 -0.0838 0.9965
vn 0.0270 0.4246 0.9050
vn 0.0520 0.8193 0.5710
vn 0.0631 0.9945 0.0838
vn 0.0573 0.9029 -0.4259
vn 0.0362 0.5694 -0.8213
vn 0.0053 0.0834 -0.9965
vn -0.0270 -0.4249 -0.9048
vn -0.0520 -0.8194 -0.5708
vn -0.0275 -0.4247 -0.9049
vn -0.0531 -0.8193 -0.5709
vn 0.0054 0.0835 -0.9965
vn 0.0369 0.5694 -0.8212
vn 0.0586 0.9029 -0.4258
vn 0.0645 0.9944 0.0838
vn 0.0531 0.8193 0.5709
vn 0.0275 0.4247 0.9049
vn -0.0054 -0.0836 0.9965
vn -0.0053 -0.0834 0.9965
vn 0.0272 0.4249 0.9048
vn 0.0524 0.8194 0.5708
vn 0.0636 0.9945 0.0838
vn 0.0577 0.9030 -0.4258
vn 0.0364 0.5696 -0.8211
vn 0.0054 0.0837 -0.9965
vn -0.0272 -0.4246 -0.9050
vn -0.0524 -0.8193 -0.5710
vn -0.0278 -0.4250 -0.9048
vn -0.0537 -0.8194 -0.5707
vn 0.0055 0.0831 -0.9965
vn 0.0373 0.5691 -0.8214
vn 0.0591 0.9028 -0.4260
vn 0.0651 0.9944 0.0838
vn 0.0537 0.8191 0.5711
vn 0.0278 0.4243 0.9051
vn -0.0055 -0.0840 0.9965
vn -0.0060 -0.0841 0.9964
vn 0.0305 0.4240 0.9052
vn 0.0588 0.8187 0.5712
vn 0.0714 0.9939 0.0838
vn 0.0648 0.9024 -0.4261
vn 0.0409 0.5687 -0.8215
vn 0.0060 0.0829 -0.9965
vn -0.0305 -0.4250 -0.9047
vn -0.0588 -0.8191 -0.5706
vn -0.0341 -0.4248 -0.9046
vn -0.0658 -0.8186 -0.5706
vn 0.0067 0.0827 -0.9966
vn 0.0456 0.5682 -0.8216
vn 0.0724 0.9017 -0.4262
vn 0.0798 0.9933 0.0839
vn 0.0657 0.8181 0.5713
vn 0.0340 0.4235 0.9052
vn -0.0068 -0.0842 0.9964
vn -0.0077 -0.0844 0.9964
vn 0.0388 0.4228 0.9054
vn 0.0749 0.8171 0.5715
vn 0.0910 0.9923 0.0839
vn 0.0826 0.9008 -0.4264
vn 0.0520 0.5674 -0.8218
vn 0.0076 0.0823 -0.9966
vn -0.0389 -0.4246 -0.9046
vn -0.0750 -0.8179 -0.5705
vn -0.0462 -0.4243 -0.9044
vn -0.0889 -0.8166 -0.5703
vn 0.0089 0.0815 -0.9966
vn 0.0616 0.5659 -0.8222
vn 0.0978 0.8991 -0.4267
vn 0.1078 0.9906 0.0840
vn 0.0887 0.8155 0.5719
vn 0.0459 0.4215 0.9057
vn -0.0092 -0.0849 0.9963
vn -0.0126 -0.0856 0.9963
vn 0.0568 0.4189 0.9063
vn 0.1111 0.8121 0.5728
vn 0.1356 0.9872 0.0843
vn 0.1235 0.8956 -0.4273
vn 0.0782 0.5628 -0.8229
vn 0.0119 0.0798 -0.9967
vn -0.0574 -0.4238 -0.9039
vn -0.1115 -0.8141 -0.5699
vn -0.0646 -0.4217 -0.9045
vn -0.1309 -0.8108 -0.5704
vn 0.0189 0.0800 -0.9966
vn 0.0974 0.5608 -0.8222
vn 0.1499 0.8920 -0.4265
vn 0.1621 0.9831 0.0847
vn 0.1306 0.8093 0.5727
vn 0.0642 0.4187 0.9059
vn -0.0193 -0.0829 0.9964
vn -0.0257 -0.0814 0.9963
vn 0.0669 0.4185 0.9058
vn 0.1418 0.8075 0.5726
vn 0.1788 0.9803 0.0845
vn 0.1675 0.8887 -0.4268
vn 0.1113 0.5581 -0.8223
vn 0.0253 0.0789 -0.9966
vn -0.0673 -0.4208 -0.9047
vn -0.1420 -0.8085 -0.5711
vn -0.0743 -0.4191 -0.9049
vn -0.1553 -0.8056 -0.5717
vn 0.0264 0.0785 -0.9966
vn 0.1202 0.5559 -0.8225
vn 0.1820 0.8857 -0.4272
vn 0.1948 0.9772 0.0843
vn 0.1551 0.8050 0.5727
vn 0.0739 0.4171 0.9059
vn -0.0269 -0.0813 0.9963
vn -0.0224 -0.0826 0.9963
vn 0.0865 0.4141 0.9061
vn 0.1725 0.8013 0.5728
vn 0.2123 0.9736 0.0840
vn 0.1947 0.8827 -0.4276
vn 0.1248 0.5546 -0.8227
vn 0.0218 0.0796 -0.9966
vn -0.0869 -0.4159 -0.9052
vn -0.1726 -0.8015 -0.5725
vn -0.1053 -0.4111 -0.9055
vn -0.1945 -0.7961 -0.5731
vn 0.0116 0.0821 -0.9966
vn 0.1255 0.5541 -0.8229
vn 0.2063 0.8798 -0.4283
vn 0.2316 0.9692 0.0836
vn 0.1943 0.7962 0.5730
vn 0.1049 0.4094 0.9063
vn -0.0123 -0.0855 0.9963
vn 0.8168 -0.4036 -0.4123
vn 0.8419 -0.5383 -0.0372
vn 0.2506 -0.9643 -0.0857
vn 0.2174 -0.7900 -0.5733
vn 0.7393 -0.1077 -0.6647
vn 0.1261 -0.4049 -0.9056
vn 0.6321 0.2641 -0.7285
vn 0.0016 0.0863 -0.9963
vn 0.5237 0.6122 -0.5924
vn -0.1234 0.5549 -0.8227
vn 0.4424 0.8473 -0.2939
vn -0.2158 0.8774 -0.4284
vn 0.4095 0.9080 0.0889
vn -0.2505 0.9645 0.0834
vn 0.4338 0.7779 0.4546
vn -0.2173 0.7903 0.5729
vn 0.5086 0.4925 0.7062
vn -0.1257 0.4038 0.9062
vn 0.6141 0.1264 0.7790
vn -0.0010 -0.0891 0.9960
vn 0.7232 -0.2265 0.6524
vn 0.1240 -0.5579 0.8206
vn 0.8071 -0.4720 0.3546
vn 0.2163 -0.8788 0.4253
vn 0.1262 -0.5574 0.8206
vn 0.2067 -0.8813 0.4249
vn 0.2317 -0.9690 -0.0859
vn 0.1253 -0.5572 0.8209
vn 0.1950 -0.8838 0.4253
vn 0.2124 -0.9735 -0.0853
vn 0.1205 -0.5580 0.8210
vn 0.1822 -0.8863 0.4257
vn 0.1949 -0.9772 -0.0846
vn 0.1115 -0.5596 0.8212
vn 0.1677 -0.8890 0.4261
vn 0.1789 -0.9803 -0.0838
vn 0.0976 -0.5623 0.8212
vn 0.1499 -0.8920 0.4263
vn 0.1622 -0.9832 -0.0832
vn 0.0786 -0.5666 0.8202
vn 0.1237 -0.8966 0.4253
vn 0.1357 -0.9872 -0.0835
vn 0.0618 -0.5682 0.8206
vn 0.0980 -0.8997 0.4254
vn 0.1079 -0.9906 -0.0837
vn 0.0522 -0.5689 0.8208
vn 0.0827 -0.9012 0.4255
vn 0.0910 -0.9923 -0.0837
vn 0.0457 -0.5693 0.8209
vn 0.0725 -0.9020 0.4256
vn 0.0798 -0.9933 -0.0837
vn 0.0409 -0.5696 0.8209
vn 0.0648 -0.9026 0.4256
vn 0.0714 -0.9939 -0.0837
vn 0.0373 -0.5697 0.8210
vn 0.0592 -0.9029 0.4257
vn 0.0651 -0.9944 -0.0837
vn 0.0364 -0.5694 0.8213
vn 0.0577 -0.9029 0.4259
vn 0.0636 -0.9945 -0.0838
vn 0.0369 -0.5695 0.8212
vn 0.0586 -0.9029 0.4258
vn 0.0645 -0.9944 -0.0838
vn 0.0362 -0.5696 0.8211
vn 0.0573 -0.9030 0.4257
vn 0.0632 -0.9945 -0.0838
vn 0.0340 -0.5699 0.8210
vn 0.0538 -0.9033 0.4256
vn 0.0593 -0.9947 -0.0837
vn 0.0296 -0.5705 0.8208
vn 0.0468 -0.9038 0.4255
vn 0.0516 -0.9952 -0.0837
vn 0.0213 -0.5714 0.8204
vn 0.0338 -0.9045 0.4252
vn 0.0372 -0.9958 -0.0836
vn 0.0148 -0.5708 0.8210
vn 0.0235 -0.9046 0.4256
vn 0.0259 -0.9962 -0.0837
vn 0.0134 -0.5706 0.8211
vn 0.0213 -0.9046 0.4257
vn 0.0235 -0.9962 -0.0837
vn 0.0126 -0.5707 0.8210
vn 0.0200 -0.9047 0.4257
vn 0.0220 -0.9962 -0.0837
vn 0.0111 -0.5708 0.8210
vn 0.0176 -0.9047 0.4256
vn 0.0194 -0.9963 -0.0837
vn 0.0084 -0.5710 0.8209
vn 0.0134 -0.9048 0.4255
vn 0.0147 -0.9964 -0.0837
vn 0.0012 -0.0842 0.9964
vn -0.0063 0.4253 0.9050
vn -0.0121 0.8209 0.5710
vn -0.0147 0.9964 0.0838
vn -0.0134 0.9047 -0.4259
vn -0.0084 0.5704 -0.8213
vn -0.0012 0.0833 -0.9965
vn 0.0063 -0.4261 -0.9047
vn 0.0121 -0.8212 -0.5705
vn 0.0083 -0.4259 -0.9048
vn 0.0160 -0.8210 -0.5706
vn -0.0016 0.0835 -0.9965
vn -0.0111 0.5705 -0.8212
vn -0.0176 0.9046 -0.4258
vn -0.0194 0.9963 0.0838
vn -0.0160 0.8209 0.5709
vn -0.0083 0.4254 0.9050
vn 0.0016 -0.0840 0.9965
vn 0.0019 -0.0839 0.9965
vn -0.0094 0.4255 0.9049
vn -0.0182 0.8208 0.5709
vn -0.0220 0.9962 0.0838
vn -0.0200 0.9046 -0.4258
vn -0.0126 0.5705 -0.8212
vn -0.0018 0.0836 -0.9965
vn 0.0094 -0.4257 -0.9048
vn 0.0182 -0.8210 -0.5707
vn 0.0100 -0.4256 -0.9048
vn 0.0193 -0.8209 -0.5708
vn -0.0020 0.0836 -0.9965
vn -0.0134 0.5705 -0.8212
vn -0.0213 0.9046 -0.4258
vn -0.0235 0.9962 0.0838
vn -0.0193 0.8208 0.5708
vn -0.0100 0.4255 0.9049
vn 0.0020 -0.0838 0.9965
vn 0.0022 -0.0840 0.9965
vn -0.0111 0.4253 0.9050
vn -0.0213 0.8207 0.5709
vn -0.0259 0.9961 0.0838
vn -0.0235 0.9045 -0.4259
vn -0.0148 0.5703 -0.8213
vn -0.0022 0.0834 -0.9965
vn 0.0111 -0.4258 -0.9047
vn 0.0213 -0.8209 -0.5706
vn 0.0159 -0.4266 -0.9043
vn 0.0306 -0.8210 -0.5701
vn -0.0031 0.0822 -0.9966
vn -0.0213 0.5693 -0.8219
vn -0.0337 0.9039 -0.4264
vn -0.0372 0.9958 0.0839
vn -0.0306 0.8200 0.5715
vn -0.0158 0.4241 0.9055
vn 0.0032 -0.0852 0.9964
vn 0.0044 -0.0845 0.9964
vn -0.0220 0.4244 0.9052
vn -0.0425 0.8197 0.5712
vn -0.0516 0.9951 0.0838
vn -0.0468 0.9035 -0.4261
vn -0.0295 0.5694 -0.8216
vn -0.0043 0.0828 -0.9966
vn 0.0221 -0.4258 -0.9046
vn 0.0425 -0.8202 -0.5705
vn 0.0253 -0.4252 -0.9047
vn 0.0489 -0.8197 -0.5707
vn -0.0050 0.0831 -0.9965
vn -0.0339 0.5694 -0.8214
vn -0.0538 0.9031 -0.4260
vn -0.0593 0.9947 0.0838
vn -0.0488 0.8194 0.5711
vn -0.0253 0.4245 0.9051
vn 0.0050 -0.0840 0.9965
vn 0.0053 -0.0838 0.9965
vn -0.0270 0.4246 0.9050
vn -0.0520 0.8193 0.5710
vn -0.0631 0.9945 0.0838
vn -0.0573 0.9029 -0.4259
vn -0.0362 0.5694 -0.8213
vn -0.0053 0.0833 -0.9965
vn 0.0270 -0.4249 -0.9048
vn 0.0520 -0.8194 -0.5708
vn 0.0275 -0.4247 -0.9049
vn 0.0531 -0.8193 -0.5709
vn -0.0054 0.0835 -0.9965
vn -0.0369 0.5694 -0.8212
vn -0.0586 0.9029 -0.4258
vn -0.0645 0.9944 0.0838
vn -0.0531 0.8193 0.5709
vn -0.0275 0.4247 0.9049
vn 0.0054 -0.0836 0.9965
vn 0.0053 -0.0834 0.9965
vn -0.0272 0.4249 0.9048
vn -0.0524 0.8194 0.5708
vn -0.0636 0.9945 0.0838
vn -0.0577 0.9030 -0.4258
vn -0.0364 0.5696 -0.8211
vn -0.0054 0.0837 -0.9965
vn 0.0272 -0.4246 -0.9050
vn 0.0524 -0.8193 -0.5710
vn 0.0278 -0.4250 -0.9048
vn 0.0537 -0.8194 -0.5707
vn -0.0055 0.0831 -0.9965
vn -0.0373 0.5691 -0.8214
vn -0.0591 0.9028 -0.4260
vn -0.0651 0.9944 0.0838
vn -0.0537 0.8191 0.5711
vn -0.0278 0.4243 0.9051
vn 0.0055 -0.0840 0.9965
vn 0.0060 -0.0841 0.9964
vn -0.0305 0.4240 0.9052
vn -0.0588 0.8187 0.5712
vn -0.0714 0.9939 0.0838
vn -0.0648 0.9024 -0.4261
vn -0.0409 0.5687 -0.8215
vn -0.0060 0.0829 -0.9965
vn 0.0305 -0.4250 -0.9047
vn 0.0588 -0.8191 -0.5706
vn 0.0341 -0.4248 -0.9046
vn 0.0658 -0.8186 -0.5706
vn -0.0067 0.0827 -0.9966
vn -0.0456 0.5682 -0.8216
vn -0.0724 0.9017 -0.4262
vn -0.0798 0.9933 0.0839
vn -0.0657 0.8181 0.5713
vn -0.0340 0.4235 0.9052
vn 0.0068 -0.0842 0.9964
vn 0.0077 -0.0844 0.9964
vn -0.0388 0.4228 0.9054
vn -0.0749 0.8171 0.5715
vn -0.0910 0.9923 0.0839
vn -0.0826 0.9008 -0.4264
vn -0.0520 0.5674 -0.8218
vn -0.0076 0.0823 -0.9966
vn 0.0389 -0.4246 -0.9046
vn 0.0750 -0.8179 -0.5705
vn 0.0462 -0.4243 -0.9044
vn 0.0889 -0.8166 -0.5703
vn -0.0089 0.0815 -0.9966
vn -0.0616 0.5659 -0.8222
vn -0.0978 0.8991 -0.4267
vn -0.1078 0.9906 0.0840
vn -0.0887 0.8155 0.5719
vn -0.0459 0.4215 0.9057
vn 0.0092 -0.0849 0.9963
vn 0.0126 -0.0856 0.9963
vn -0.0568 0.4189 0.9063
vn -0.1111 0.8121 0.5728
vn -0.1356 0.9872 0.0843
vn -0.1235 0.8956 -0.4273
vn -0.0782 0.5628 -0.8229
vn -0.0119 0.0798 -0.9967
vn 0.0574 -0.4238 -0.9039
vn 0.1115 -0.8141 -0.5699
vn 0.0646 -0.4217 -0.9045
vn 0.1309 -0.8108 -0.5704
vn -0.0189 0.0800 -0.9966
vn -0.0974 0.5608 -0.8222
vn -0.1499 0.8920 -0.4265
vn -0.1621 0.9831 0.0847
vn -0.1306 0.8093 0.5727
vn -0.0642 0.4187 0.9059
vn 0.0193 -0.0829 0.9964
vn 0.0257 -0.0814 0.9963
vn -0.0669 0.4185 0.9058
vn -0.1418 0.8075 0.5726
vn -0.1788 0.9803 0.0845
vn -0.1675 0.8887 -0.4268
vn -0.1113 0.5581 -0.8223
vn -0.0253 0.0789 -0.9966
vn 0.0673 -0.4208 -0.9047
vn 0.1420 -0.8085 -0.5711
vn 0.0743 -0.4191 -0.9049
vn 0.1553 -0.8056 -0.5717
vn -0.0264 0.0785 -0.9966
vn -0.1202 0.5559 -0.8225
vn -0.1820 0.8857 -0.4272
vn -0.1948 0.9772 0.0843
vn -0.1551 0.8050 0.5727
vn -0.0739 0.4171 0.9059
vn 0.0269 -0.0813 0.9963
vn 0.0224 -0.0826 0.9963
vn -0.0865 0.4141 0.9061
vn -0.1725 0.8013 0.5728
vn -0.2123 0.9736 0.0841
vn -0.1947 0.8827 -0.4276
vn -0.1248 0.5546 -0.8227
vn -0.0218 0.0796 -0.9966
vn 0.0869 -0.4159 -0.9052
vn 0.1726 -0.8015 -0.5725
vn 0.1053 -0.4111 -0.9055
vn 0.1945 -0.7961 -0.5731
vn -0.0116 0.0821 -0.9966
vn -0.1255 0.5541 -0.8229
vn -0.2063 0.8798 -0.4283
vn -0.2316 0.9692 0.0836
vn -0.1943 0.7962 0.5730
vn -0.1049 0.4094 0.9063
vn 0.0123 -0.0855 0.9963
vn -0.7394 -0.1077 0.6646
vn -0.6320 0.2641 0.7286
vn -0.4095 0.9080 -0.0890
vn -0.4338 0.7779 -0.4546
vn -0.5087 0.4925 -0.7062
vn -0.6141 0.1264 -0.7790
vn -0.1677 -0.8890 -0.4262
vn -0.0160 -0.8210 0.5706
vn 0.0053 0.0834 0.9965
vn 0.1947 0.8827 0.4276
vn 0.8168 -0.4035 0.4123
vn 0.2174 -0.7900 0.5733
vn 0.2506 -0.9643 0.0857
vn 0.8419 -0.5384 0.0372
vn 0.7393 -0.1077 0.6647
vn 0.1261 -0.4049 0.9056
vn 0.6321 0.2640 0.7286
vn 0.0016 0.0863 0.9963
vn 0.5238 0.6122 0.5923
vn -0.1234 0.5549 0.8227
vn 0.4424 0.8473 0.2939
vn -0.2158 0.8774 0.4284
vn 0.4095 0.9079 -0.0889
vn -0.2505 0.9645 -0.0834
vn 0.4338 0.7779 -0.4545
vn -0.2173 0.7903 -0.5729
vn 0.5086 0.4925 -0.7062
vn -0.1257 0.4038 -0.9062
vn 0.6141 0.1264 -0.7791
vn -0.0010 -0.0891 -0.9960
vn 0.7232 -0.2265 -0.6524
vn 0.1240 -0.5579 -0.8206
vn 0.8071 -0.4720 -0.3546
vn 0.2163 -0.8788 -0.4253
vn 0.2067 -0.8813 -0.4249
vn 0.1262 -0.5574 -0.8206
vn 0.2317 -0.9690 0.0858
vn 0.1950 -0.8838 -0.4253
vn 0.1253 -0.5572 -0.8209
vn 0.2124 -0.9735 0.0853
vn 0.1822 -0.8863 -0.4257
vn 0.1205 -0.5580 -0.8210
vn 0.1949 -0.9772 0.0846
vn 0.1677 -0.8890 -0.4262
vn 0.1115 -0.5596 -0.8212
vn 0.1789 -0.9803 0.0838
vn 0.1499 -0.8920 -0.4263
vn 0.0976 -0.5623 -0.8212
vn 0.1622 -0.9832 0.0832
vn 0.1237 -0.8966 -0.4253
vn 0.0786 -0.5666 -0.8202
vn 0.1357 -0.9872 0.0835
vn 0.0980 -0.8997 -0.4254
vn 0.0618 -0.5682 -0.8206
vn 0.1079 -0.9906 0.0837
vn 0.0827 -0.9012 -0.4255
vn 0.0522 -0.5689 -0.8208
vn 0.0910 -0.9923 0.0837
vn 0.0725 -0.9020 -0.4256
vn 0.0457 -0.5693 -0.8209
vn 0.0798 -0.9933 0.0837
vn 0.0648 -0.9026 -0.4256
vn 0.0409 -0.5696 -0.8209
vn 0.0714 -0.9939 0.0837
vn 0.0592 -0.9029 -0.4257
vn 0.0373 -0.5697 -0.8210
vn 0.0651 -0.9944 0.0837
vn 0.0577 -0.9029 -0.4259
vn 0.0364 -0.5694 -0.8213
vn 0.0636 -0.9945 0.0838
vn 0.0586 -0.9029 -0.4258
vn 0.0369 -0.5695 -0.8212
vn 0.0645 -0.9944 0.0838
vn 0.0573 -0.9030 -0.4258
vn 0.0362 -0.5696 -0.8211
vn 0.0632 -0.9945 0.0838
vn 0.0538 -0.9033 -0.4256
vn 0.0340 -0.5699 -0.8210
vn 0.0593 -0.9947 0.0837
vn 0.0468 -0.9038 -0.4255
vn 0.0296 -0.5705 -0.8208
vn 0.0516 -0.9952 0.0837
vn 0.0338 -0.9045 -0.4252
vn 0.0213 -0.5714 -0.8204
vn 0.0372 -0.9958 0.0836
vn 0.0235 -0.9046 -0.4256
vn 0.0148 -0.5708 -0.8210
vn 0.0259 -0.9962 0.0837
vn 0.0213 -0.9046 -0.4257
vn 0.0134 -0.5706 -0.8211
vn 0.0235 -0.9962 0.0837
vn 0.0200 -0.9047 -0.4257
vn 0.0126 -0.5707 -0.8210
vn 0.0220 -0.9962 0.0837
vn 0.0176 -0.9047 -0.4256
vn 0.0111 -0.5708 -0.8210
vn 0.0194 -0.9963 0.0837
vn 0.0134 -0.9048 -0.4255
vn 0.0084 -0.5710 -0.8209
vn 0.0147 -0.9964 0.0837
vn 0.0054 -0.9050 -0.4253
vn 0.0034 -0.5714 -0.8207
vn 0.0059 -0.9965 0.0837
vn 0.0049 -0.8214 0.5703
vn 0.0025 -0.4265 0.9045
vn -0.0005 0.0828 0.9966
vn -0.0034 0.5701 0.8216
vn -0.0053 0.9047 0.4261
vn -0.0059 0.9965 -0.0838
vn -0.0049 0.8208 -0.5712
vn -0.0025 0.4249 -0.9052
vn 0.0005 -0.0847 -0.9964
vn 0.0012 -0.0842 -0.9964
vn -0.0063 0.4253 -0.9050
vn -0.0121 0.8209 -0.5710
vn -0.0147 0.9964 -0.0838
vn -0.0134 0.9047 0.4259
vn -0.0084 0.5704 0.8213
vn -0.0012 0.0833 0.9965
vn 0.0063 -0.4261 0.9047
vn 0.0121 -0.8212 0.5705
vn 0.0083 -0.4259 0.9048
vn 0.0160 -0.8210 0.5707
vn -0.0016 0.0835 0.9965
vn -0.0111 0.5705 0.8212
vn -0.0176 0.9046 0.4258
vn -0.0194 0.9963 -0.0838
vn -0.0160 0.8209 -0.5709
vn -0.0083 0.4254 -0.9050
vn 0.0016 -0.0840 -0.9965
vn 0.0019 -0.0839 -0.9965
vn -0.0094 0.4255 -0.9049
vn -0.0182 0.8208 -0.5709
vn -0.0220 0.9962 -0.0838
vn -0.0200 0.9046 0.4258
vn -0.0126 0.5705 0.8212
vn -0.0018 0.0836 0.9965
vn 0.0094 -0.4257 0.9048
vn 0.0182 -0.8210 0.5707
vn 0.0100 -0.4256 0.9048
vn 0.0193 -0.8209 0.5708
vn -0.0020 0.0836 0.9965
vn -0.0134 0.5705 0.8212
vn -0.0213 0.9046 0.4258
vn -0.0235 0.9962 -0.0838
vn -0.0193 0.8208 -0.5708
vn -0.0100 0.4255 -0.9049
vn 0.0020 -0.0838 -0.9965
vn 0.0022 -0.0840 -0.9965
vn -0.0111 0.4253 -0.9050
vn -0.0213 0.8207 -0.5709
vn -0.0259 0.9961 -0.0838
vn -0.0235 0.9045 0.4259
vn -0.0148 0.5703 0.8213
vn -0.0022 0.0834 0.9965
vn 0.0111 -0.4258 0.9047
vn 0.0213 -0.8209 0.5706
vn 0.0159 -0.4266 0.9043
vn 0.0306 -0.8210 0.5701
vn -0.0031 0.0821 0.9966
vn -0.0213 0.5693 0.8219
vn -0.0337 0.9039 0.4264
vn -0.0372 0.9958 -0.0839
vn -0.0306 0.8200 -0.5715
vn -0.0158 0.4241 -0.9055
vn 0.0032 -0.0852 -0.9964
vn 0.0044 -0.0844 -0.9964
vn -0.0220 0.4244 -0.9052
vn -0.0425 0.8197 -0.5712
vn -0.0516 0.9951 -0.0838
vn -0.0468 0.9035 0.4261
vn -0.0295 0.5694 0.8216
vn -0.0043 0.0828 0.9966
vn 0.0221 -0.4258 0.9046
vn 0.0425 -0.8202 0.5705
vn 0.0253 -0.4252 0.9047
vn 0.0489 -0.8197 0.5707
vn -0.0050 0.0831 0.9965
vn -0.0339 0.5694 0.8214
vn -0.0538 0.9031 0.4260
vn -0.0593 0.9947 -0.0838
vn -0.0488 0.8194 -0.5711
vn -0.0253 0.4245 -0.9051
vn 0.0050 -0.0840 -0.9965
vn 0.0053 -0.0838 -0.9965
vn -0.0270 0.4246 -0.9050
vn -0.0520 0.8193 -0.5710
vn -0.0631 0.9945 -0.0838
vn -0.0573 0.9029 0.4259
vn -0.0362 0.5694 0.8213
vn -0.0053 0.0834 0.9965
vn 0.0270 -0.4249 0.9048
vn 0.0520 -0.8194 0.5708
vn 0.0275 -0.4247 0.9049
vn 0.0531 -0.8193 0.5709
vn -0.0054 0.0835 0.9965
vn -0.0369 0.5694 0.8212
vn -0.0586 0.9029 0.4258
vn -0.0645 0.9944 -0.0838
vn -0.0531 0.8193 -0.5709
vn -0.0275 0.4247 -0.9049
vn 0.0054 -0.0836 -0.9965
vn 0.0053 -0.0834 -0.9965
vn -0.0272 0.4249 -0.9048
vn -0.0524 0.8194 -0.5708
vn -0.0636 0.9945 -0.0838
vn -0.0577 0.9030 0.4258
vn -0.0364 0.5696 0.8211
vn -0.0054 0.0837 0.9965
vn 0.0272 -0.4246 0.9050
vn 0.0524 -0.8193 0.5710
vn 0.0278 -0.4250 0.9048
vn 0.0537 -0.8194 0.5707
vn -0.0055 0.0831 0.9965
vn -0.0373 0.5691 0.8214
vn -0.0591 0.9028 0.4260
vn -0.0651 0.9944 -0.0838
vn -0.0537 0.8191 -0.5711
vn -0.0278 0.4243 -0.9051
vn 0.0055 -0.0840 -0.9965
vn 0.0060 -0.0841 -0.9964
vn -0.0305 0.4240 -0.9052
vn -0.0588 0.8187 -0.5712
vn -0.0714 0.9939 -0.0838
vn -0.0648 0.9024 0.4261
vn -0.0409 0.5687 0.8215
vn -0.0060 0.0829 0.9965
vn 0.0305 -0.4250 0.9047
vn 0.0588 -0.8191 0.5706
vn 0.0341 -0.4248 0.9046
vn 0.0658 -0.8186 0.5706
vn -0.0067 0.0827 0.9966
vn -0.0456 0.5682 0.8216
vn -0.0724 0.9017 0.4262
vn -0.0798 0.9933 -0.0839
vn -0.0657 0.8181 -0.5713
vn -0.0340 0.4235 -0.9052
vn 0.0068 -0.0842 -0.9964
vn 0.0077 -0.0844 -0.9964
vn -0.0388 0.4228 -0.9054
vn -0.0749 0.8171 -0.5715
vn -0.0910 0.9923 -0.0839
vn -0.0826 0.9008 0.4264
vn -0.0520 0.5674 0.8218
vn -0.0076 0.0823 0.9966
vn 0.0389 -0.4246 0.9045
vn 0.0750 -0.8178 0.5705
vn 0.0462 -0.4243 0.9044
vn 0.0889 -0.8166 0.5703
vn -0.0089 0.0815 0.9966
vn -0.0616 0.5659 0.8222
vn -0.0978 0.8991 0.4267
vn -0.1078 0.9906 -0.0840
vn -0.0887 0.8155 -0.5719
vn -0.0459 0.4215 -0.9057
vn 0.0092 -0.0849 -0.9964
vn 0.0126 -0.0856 -0.9963
vn -0.0568 0.4189 -0.9063
vn -0.1111 0.8121 -0.5728
vn -0.1356 0.9872 -0.0843
vn -0.1235 0.8956 0.4273
vn -0.0782 0.5628 0.8229
vn -0.0119 0.0798 0.9967
vn 0.0574 -0.4238 0.9039
vn 0.1115 -0.8141 0.5699
vn 0.0646 -0.4217 0.9045
vn 0.1309 -0.8108 0.5704
vn -0.0189 0.0800 0.9966
vn -0.0974 0.5608 0.8222
vn -0.1499 0.8920 0.4265
vn -0.1621 0.9831 -0.0847
vn -0.1306 0.8093 -0.5727
vn -0.0642 0.4187 -0.9059
vn 0.0193 -0.0829 -0.9964
vn 0.0257 -0.0814 -0.9963
vn -0.0669 0.4185 -0.9058
vn -0.1418 0.8075 -0.5726
vn -0.1788 0.9803 -0.0845
vn -0.1675 0.8887 0.4268
vn -0.1113 0.5581 0.8223
vn -0.0253 0.0789 0.9966
vn 0.0673 -0.4208 0.9047
vn 0.1420 -0.8085 0.5711
vn 0.0743 -0.4191 0.9049
vn 0.1553 -0.8056 0.5718
vn -0.0264 0.0785 0.9966
vn -0.1202 0.5559 0.8225
vn -0.1820 0.8857 0.4272
vn -0.1948 0.9772 -0.0843
vn -0.1551 0.8050 -0.5727
vn -0.0739 0.4171 -0.9059
vn 0.0269 -0.0813 -0.9963
vn 0.0224 -0.0826 -0.9963
vn -0.0865 0.4141 -0.9061
vn -0.1725 0.8013 -0.5728
vn -0.2123 0.9736 -0.0841
vn -0.1947 0.8827 0.4276
vn -0.1248 0.5546 0.8227
vn -0.0218 0.0796 0.9966
vn 0.0869 -0.4159 0.9052
vn 0.1726 -0.8015 0.5725
vn 0.1053 -0.4111 0.9055
vn 0.1945 -0.7961 0.5731
vn -0.0116 0.0821 0.9966
vn -0.1255 0.5541 0.8229
vn -0.2063 0.8798 0.4283
vn -0.2316 0.9692 -0.0836
vn -0.1943 0.7962 -0.5730
vn -0.1049 0.4094 -0.9063
vn 0.0123 -0.0855 -0.9963
vn -0.8419 -0.5384 -0.0372
vn -0.4424 0.8473 -0.2938
vn -0.2163 -0.8788 0.4253
vn -0.0583 -0.9029 0.4258
vn -0.0368 -0.5695 0.8212
vn -0.0642 -0.9944 -0.0838
vn -0.0572 -0.9030 0.4258
vn -0.0361 -0.5696 0.8211
vn -0.0630 -0.9945 -0.0838
vn -0.0156 -0.9047 0.4257
vn -0.0098 -0.5707 0.8211
vn -0.0171 -0.9963 -0.0837
vn -0.0129 -0.9048 0.4256
vn -0.0081 -0.5710 0.8209
vn -0.0142 -0.9964 -0.0837
vn -0.0012 -0.0841 0.9965
vn 0.0061 0.4253 0.9050
vn 0.0117 0.8209 0.5710
vn 0.0142 0.9964 0.0838
vn 0.0129 0.9047 -0.4259
vn 0.0081 0.5704 -0.8213
vn -0.0061 -0.4260 -0.9047
vn -0.0117 -0.8212 -0.5706
vn -0.0073 -0.4257 -0.9048
vn -0.0141 -0.8210 -0.5707
vn -0.0160 -0.8210 -0.5707
vn 0.0014 0.0836 -0.9965
vn 0.0098 0.5706 -0.8212
vn 0.0156 0.9047 -0.4258
vn 0.0171 0.9963 0.0838
vn 0.0141 0.8210 0.5708
vn 0.0073 0.4256 0.9049
vn -0.0014 -0.0838 0.9965
vn -0.0053 -0.0837 0.9965
vn 0.0269 0.4246 0.9050
vn 0.0519 0.8193 0.5710
vn 0.0630 0.9945 0.0838
vn 0.0572 0.9030 -0.4259
vn 0.0361 0.5694 -0.8213
vn -0.0269 -0.4249 -0.9049
vn -0.0519 -0.8194 -0.5708
vn -0.0274 -0.4247 -0.9049
vn -0.0530 -0.8193 -0.5709
vn 0.0368 0.5694 -0.8212
vn 0.0583 0.9029 -0.4258
vn 0.0642 0.9944 0.0838
vn 0.0529 0.8193 0.5709
vn 0.0274 0.4246 0.9049
vn 0.2123 0.9736 0.0841
vn 0.5237 0.6122 -0.5923
vn 0.4338 0.7779 0.4545
vn 0.2162 -0.8788 0.4253
vn 0.0160 -0.8210 -0.5707
vn 0.0750 -0.8178 -0.5705
vn 0.1553 -0.8056 -0.5718
vn 0.2286 -0.7891 0.5702
vn 0.2591 -0.9620 0.0856
vn 0.1375 -0.4075 0.9028
vn 0.0103 0.0813 0.9966
vn -0.1202 0.5503 0.8263
vn -0.2193 0.8748 0.4320
vn -0.2591 0.9623 -0.0830
vn -0.2277 0.7853 -0.5757
vn -0.1344 0.3952 -0.9087
vn -0.0057 -0.0982 -0.9952
vn 0.1240 -0.5634 -0.8168
vn 0.2208 -0.8793 -0.4219
vn 0.2317 -0.9690 0.0859
vn 0.1872 -0.8851 -0.4261
vn 0.1231 -0.5567 -0.8215
vn 0.2010 -0.9759 0.0846
vn 0.1805 -0.8866 -0.4259
vn 0.1199 -0.5579 -0.8212
vn 0.1928 -0.9776 0.0845
vn 0.1677 -0.8890 -0.4261
vn 0.0573 -0.9030 -0.4257
vn -0.0050 0.0832 0.9965
vn 0.0750 -0.8179 0.5705
vn 0.0726 -0.4192 0.9050
vn 0.1531 -0.8060 0.5718
vn -0.0271 0.0788 0.9965
vn -0.1197 0.5564 0.8222
vn -0.1804 0.8861 0.4269
vn -0.1926 0.9776 -0.0843
vn -0.1530 0.8055 -0.5725
vn -0.0724 0.4177 -0.9057
vn 0.0274 -0.0808 -0.9964
vn 0.0264 -0.0804 -0.9964
vn -0.0774 0.4171 -0.9056
vn -0.1607 0.8041 -0.5724
vn -0.2010 0.9760 -0.0844
vn -0.1872 0.8848 0.4266
vn -0.1231 0.5561 0.8219
vn -0.0263 0.0797 0.9965
vn 0.0775 -0.4175 0.9054
vn 0.1607 -0.8042 0.5723
vn -0.9504 0.3081 -0.0434
vn -0.9504 0.3081 0.0434
vn 0.9504 0.3081 0.0434
vn 0.9504 0.3081 -0.0434
vt 0.409998 0.021447
vt 0.409998 0.020410
vt 0.410724 0.020410
vt 0.410724 0.021447
vt 0.409998 0.010041
vt 0.409998 0.009004
vt 0.410724 0.009004
vt 0.410724 0.010041
vt 0.409998 0.011078
vt 0.410724 0.011078
vt 0.409998 0.012115
vt 0.410724 0.012115
vt 0.409998 0.013152
vt 0.410724 0.013152
vt 0.409998 0.014189
vt 0.410724 0.014189
vt 0.409998 0.015226
vt 0.410724 0.015226
vt 0.409998 0.016263
vt 0.410724 0.016263
vt 0.409998 0.017300
vt 0.410724 0.017300
vt 0.409998 0.018337
vt 0.410724 0.018337
vt 0.409998 0.019373
vt 0.410724 0.019373
vt 0.410724 0.018337
vt 0.412174 0.018337
vt 0.412174 0.019373
vt 0.410724 0.020410
vt 0.412174 0.020410
vt 0.412174 0.019373
vt 0.412175 0.018337
vt 0.413625 0.018337
vt 0.413625 0.019373
vt 0.412175 0.020410
vt 0.413625 0.020410
vt 0.415076 0.018337
vt 0.415076 0.019373
vt 0.413625 0.020410
vt 0.415076 0.020410
vt 0.415076 0.019373
vt 0.416527 0.018337
vt 0.416527 0.019373
vt 0.415076 0.020410
vt 0.416527 0.020410
vt 0.417977 0.018337
vt 0.417977 0.019373
vt 0.416527 0.020410
vt 0.417977 0.020410
vt 0.417977 0.019373
vt 0.417977 0.018337
vt 0.419428 0.018337
vt 0.419428 0.019373
vt 0.417977 0.020410
vt 0.419428 0.020410
vt 0.419428 0.019373
vt 0.420879 0.018337
vt 0.420879 0.019373
vt 0.420879 0.020410
vt 0.420879 0.018337
vt 0.422329 0.018337
vt 0.422329 0.019373
vt 0.420879 0.020410
vt 0.422329 0.020410
vt 0.423780 0.018337
vt 0.423780 0.019373
vt 0.422329 0.020410
vt 0.423780 0.020410
vt 0.423780 0.019373
vt 0.425231 0.018337
vt 0.425231 0.019373
vt 0.423780 0.020410
vt 0.425231 0.020410
vt 0.425231 0.019373
vt 0.426682 0.018337
vt 0.426682 0.019373
vt 0.425231 0.020410
vt 0.426682 0.020410
vt 0.426682 0.019373
vt 0.426682 0.018337
vt 0.428132 0.018337
vt 0.428132 0.019373
vt 0.426682 0.020410
vt 0.428132 0.020410
vt 0.429583 0.018337
vt 0.429583 0.019373
vt 0.428132 0.020410
vt 0.429583 0.020410
vt 0.431034 0.018337
vt 0.431034 0.019373
vt 0.429583 0.020410
vt 0.431034 0.020410
vt 0.431034 0.018337
vt 0.432484 0.018337
vt 0.432484 0.019373
vt 0.431034 0.020410
vt 0.432484 0.020410
vt 0.433935 0.018337
vt 0.433935 0.019373
vt 0.433935 0.020410
vt 0.435386 0.018337
vt 0.435386 0.019373
vt 0.433935 0.020410
vt 0.435386 0.020410
vt 0.435386 0.018337
vt 0.436836 0.018337
vt 0.436836 0.019373
vt 0.435386 0.020410
vt 0.436836 0.020410
vt 0.436837 0.019373
vt 0.438287 0.018337
vt 0.438287 0.019373
vt 0.436836 0.020410
vt 0.438287 0.020410
vt 0.438287 0.019373
vt 0.439738 0.018337
vt 0.439738 0.019373
vt 0.438287 0.020410
vt 0.439738 0.020410
vt 0.441189 0.018337
vt 0.441189 0.019373
vt 0.441189 0.020410
vt 0.441189 0.019373
vt 0.441189 0.018337
vt 0.442639 0.018337
vt 0.442639 0.019373
vt 0.441189 0.020410
vt 0.442639 0.020410
vt 0.442639 0.019373
vt 0.442639 0.018337
vt 0.444090 0.018337
vt 0.444090 0.019373
vt 0.442639 0.020410
vt 0.444090 0.020410
vt 0.442639 0.017300
vt 0.444090 0.017300
vt 0.442639 0.016263
vt 0.444090 0.016263
vt 0.442639 0.015226
vt 0.444090 0.015226
vt 0.442639 0.014189
vt 0.444090 0.014189
vt 0.442639 0.013152
vt 0.444090 0.013152
vt 0.442639 0.012115
vt 0.444090 0.012115
vt 0.442639 0.011078
vt 0.444090 0.011078
vt 0.442639 0.010041
vt 0.444090 0.010041
vt 0.442639 0.009004
vt 0.444090 0.009004
vt 0.442639 0.021447
vt 0.444090 0.021447
vt 0.441189 0.010041
vt 0.441189 0.009004
vt 0.442639 0.010041
vt 0.441189 0.021447
vt 0.441189 0.011078
vt 0.441189 0.012115
vt 0.442639 0.012115
vt 0.441189 0.013152
vt 0.441189 0.014189
vt 0.441189 0.015226
vt 0.442639 0.015226
vt 0.441189 0.016263
vt 0.442639 0.016263
vt 0.441189 0.017300
vt 0.442639 0.017300
vt 0.439738 0.017300
vt 0.441189 0.017300
vt 0.439738 0.016263
vt 0.441189 0.016263
vt 0.439738 0.015226
vt 0.441189 0.015226
vt 0.439738 0.014189
vt 0.441189 0.014189
vt 0.439738 0.013152
vt 0.441189 0.013152
vt 0.439738 0.012115
vt 0.439738 0.011078
vt 0.439738 0.010041
vt 0.441189 0.010041
vt 0.439738 0.009004
vt 0.439738 0.021447
vt 0.441189 0.021447
vt 0.438287 0.010041
vt 0.438287 0.009004
vt 0.439738 0.010041
vt 0.438287 0.021447
vt 0.438287 0.011078
vt 0.439738 0.011078
vt 0.438287 0.012115
vt 0.439738 0.012115
vt 0.438287 0.013152
vt 0.438287 0.014189
vt 0.438287 0.015226
vt 0.438287 0.016263
vt 0.439738 0.016263
vt 0.438287 0.017300
vt 0.439738 0.017300
vt 0.436836 0.017300
vt 0.436836 0.016263
vt 0.436836 0.015226
vt 0.438287 0.015226
vt 0.436836 0.014189
vt 0.438287 0.014189
vt 0.436836 0.013152
vt 0.436836 0.012115
vt 0.438287 0.012115
vt 0.436836 0.011078
vt 0.438287 0.011078
vt 0.436836 0.010041
vt 0.438287 0.010041
vt 0.436836 0.009004
vt 0.436836 0.021447
vt 0.438287 0.021447
vt 0.435386 0.010041
vt 0.435386 0.009004
vt 0.435386 0.021447
vt 0.435386 0.011078
vt 0.436836 0.011078
vt 0.435386 0.012115
vt 0.436836 0.012115
vt 0.435386 0.013152
vt 0.435386 0.014189
vt 0.435386 0.015226
vt 0.436836 0.015226
vt 0.435386 0.016263
vt 0.436836 0.016263
vt 0.435386 0.017300
vt 0.433935 0.017300
vt 0.435386 0.017300
vt 0.433935 0.016263
vt 0.435386 0.016263
vt 0.433935 0.015226
vt 0.433935 0.014189
vt 0.435386 0.014189
vt 0.433935 0.013152
vt 0.433935 0.012115
vt 0.433935 0.011078
vt 0.435386 0.011078
vt 0.433935 0.010041
vt 0.435386 0.010041
vt 0.433935 0.009004
vt 0.433935 0.021447
vt 0.432484 0.010041
vt 0.432484 0.009004
vt 0.433935 0.010041
vt 0.432484 0.021447
vt 0.433935 0.021447
vt 0.432484 0.011078
vt 0.432484 0.012115
vt 0.433935 0.012115
vt 0.432484 0.013152
vt 0.432484 0.014189
vt 0.432484 0.015226
vt 0.433935 0.015226
vt 0.432484 0.016263
vt 0.433935 0.016263
vt 0.432484 0.017300
vt 0.433935 0.017300
vt 0.431034 0.017300
vt 0.432484 0.017300
vt 0.431034 0.016263
vt 0.432484 0.016263
vt 0.431034 0.015226
vt 0.432484 0.015226
vt 0.431034 0.014189
vt 0.431034 0.013152
vt 0.431034 0.012115
vt 0.432484 0.012115
vt 0.431034 0.011078
vt 0.432484 0.011078
vt 0.431034 0.010041
vt 0.431034 0.009004
vt 0.431034 0.021447
vt 0.429583 0.010041
vt 0.429583 0.009004
vt 0.431034 0.010041
vt 0.429583 0.021447
vt 0.431034 0.021447
vt 0.429583 0.011078
vt 0.431034 0.011078
vt 0.429583 0.012115
vt 0.429583 0.013152
vt 0.429583 0.014189
vt 0.429583 0.015226
vt 0.431034 0.015226
vt 0.429583 0.016263
vt 0.431034 0.016263
vt 0.429583 0.017300
vt 0.431034 0.017300
vt 0.428132 0.017300
vt 0.429583 0.017300
vt 0.428132 0.016263
vt 0.428132 0.015226
vt 0.428132 0.014189
vt 0.429583 0.014189
vt 0.428132 0.013152
vt 0.428132 0.012115
vt 0.429583 0.012115
vt 0.428132 0.011078
vt 0.429583 0.011078
vt 0.428132 0.010041
vt 0.429583 0.010041
vt 0.428132 0.009004
vt 0.428132 0.021447
vt 0.429583 0.021447
vt 0.426682 0.010041
vt 0.426682 0.009004
vt 0.428132 0.010041
vt 0.426682 0.021447
vt 0.428132 0.021447
vt 0.426682 0.011078
vt 0.426682 0.012115
vt 0.428132 0.012115
vt 0.426682 0.013152
vt 0.428132 0.013152
vt 0.426682 0.014189
vt 0.426682 0.015226
vt 0.428132 0.015226
vt 0.426682 0.016263
vt 0.428132 0.016263
vt 0.426682 0.017300
vt 0.425231 0.017300
vt 0.426682 0.017300
vt 0.425231 0.016263
vt 0.426682 0.016263
vt 0.425231 0.015226
vt 0.426682 0.015226
vt 0.425231 0.014189
vt 0.426682 0.014189
vt 0.425231 0.013152
vt 0.426682 0.013152
vt 0.425231 0.012115
vt 0.425231 0.011078
vt 0.426682 0.011078
vt 0.425231 0.010041
vt 0.426682 0.010041
vt 0.425231 0.009004
vt 0.425231 0.021447
vt 0.423780 0.010041
vt 0.423780 0.009004
vt 0.423780 0.021447
vt 0.423780 0.011078
vt 0.423780 0.012115
vt 0.423780 0.013152
vt 0.425231 0.013152
vt 0.423780 0.014189
vt 0.425231 0.014189
vt 0.423780 0.015226
vt 0.425231 0.015226
vt 0.423780 0.016263
vt 0.425231 0.016263
vt 0.423780 0.017300
vt 0.425231 0.017300
vt 0.422329 0.017300
vt 0.423780 0.017300
vt 0.422329 0.016263
vt 0.422329 0.015226
vt 0.422329 0.014189
vt 0.422329 0.013152
vt 0.422329 0.012115
vt 0.422329 0.011078
vt 0.423780 0.011078
vt 0.422329 0.010041
vt 0.422329 0.009004
vt 0.422329 0.021447
vt 0.420879 0.010041
vt 0.420879 0.009004
vt 0.422329 0.010041
vt 0.420879 0.021447
vt 0.422329 0.021447
vt 0.420879 0.011078
vt 0.422329 0.011078
vt 0.420879 0.012115
vt 0.422329 0.012115
vt 0.420879 0.013152
vt 0.420879 0.014189
vt 0.420879 0.015226
vt 0.422329 0.015226
vt 0.420879 0.016263
vt 0.420879 0.017300
vt 0.419428 0.017300
vt 0.420879 0.017300
vt 0.419428 0.016263
vt 0.420879 0.016263
vt 0.419428 0.015226
vt 0.420879 0.015226
vt 0.419428 0.014189
vt 0.420879 0.014189
vt 0.419428 0.013152
vt 0.419428 0.012115
vt 0.420879 0.012115
vt 0.419428 0.011078
vt 0.420879 0.011078
vt 0.419428 0.010041
vt 0.420879 0.010041
vt 0.419428 0.009004
vt 0.419428 0.021447
vt 0.417977 0.010041
vt 0.417977 0.009004
vt 0.419428 0.010041
vt 0.417977 0.021447
vt 0.419428 0.021447
vt 0.417977 0.011078
vt 0.419428 0.011078
vt 0.417977 0.012115
vt 0.417977 0.013152
vt 0.419428 0.013152
vt 0.417977 0.014189
vt 0.419428 0.014189
vt 0.417977 0.015226
vt 0.417977 0.016263
vt 0.417977 0.017300
vt 0.419428 0.017300
vt 0.416527 0.017300
vt 0.417977 0.017300
vt 0.416527 0.016263
vt 0.416527 0.015226
vt 0.416527 0.014189
vt 0.417977 0.014189
vt 0.416527 0.013152
vt 0.417977 0.013152
vt 0.416527 0.012115
vt 0.417977 0.012115
vt 0.416527 0.011078
vt 0.416527 0.010041
vt 0.417977 0.010041
vt 0.416527 0.009004
vt 0.416527 0.021447
vt 0.415076 0.010041
vt 0.415076 0.009004
vt 0.415076 0.021447
vt 0.415076 0.011078
vt 0.415076 0.012115
vt 0.415076 0.013152
vt 0.416527 0.013152
vt 0.415076 0.014189
vt 0.415076 0.015226
vt 0.416527 0.015226
vt 0.415076 0.016263
vt 0.416527 0.016263
vt 0.415076 0.017300
vt 0.413625 0.017300
vt 0.413625 0.016263
vt 0.415076 0.016263
vt 0.413625 0.015226
vt 0.415076 0.015226
vt 0.413625 0.014189
vt 0.413625 0.013152
vt 0.413625 0.012115
vt 0.415076 0.012115
vt 0.413625 0.011078
vt 0.415076 0.011078
vt 0.413625 0.010041
vt 0.413625 0.009004
vt 0.413625 0.021447
vt 0.412174 0.010041
vt 0.412174 0.009004
vt 0.413625 0.010041
vt 0.412174 0.021447
vt 0.412175 0.011078
vt 0.412174 0.012115
vt 0.413625 0.012115
vt 0.412174 0.013152
vt 0.412174 0.014189
vt 0.413625 0.014189
vt 0.412174 0.015226
vt 0.412174 0.016263
vt 0.413625 0.016263
vt 0.412175 0.017300
vt 0.413625 0.017300
vt 0.410724 0.017300
vt 0.412174 0.017300
vt 0.410724 0.016263
vt 0.412174 0.016263
vt 0.410724 0.015226
vt 0.412174 0.015226
vt 0.410724 0.014189
vt 0.410724 0.013152
vt 0.412174 0.013152
vt 0.410724 0.012115
vt 0.412174 0.012115
vt 0.410724 0.011078
vt 0.412174 0.011078
vt 0.410724 0.010041
vt 0.412174 0.021447
vt 0.638619 0.679869
vt 0.637956 0.325273
vt 0.662989 0.325082
vt 0.663652 0.679677
vt 0.688023 0.324890
vt 0.688685 0.679486
vt 0.713056 0.324699
vt 0.713718 0.679294
vt 0.738089 0.324507
vt 0.738751 0.679103
vt 0.763122 0.324316
vt 0.763784 0.678911
vt 0.788155 0.324124
vt 0.788818 0.678720
vt 0.813188 0.323933
vt 0.813851 0.678528
vt 0.838222 0.323741
vt 0.838884 0.678337
vt 0.863255 0.323550
vt 0.863917 0.678145
vt 0.888288 0.323358
vt 0.888950 0.677954
vt 0.913321 0.323167
vt 0.913984 0.677762
vt 0.938354 0.322975
vt 0.939017 0.677571
vt 0.963387 0.322784
vt 0.964050 0.677379
vt 0.988421 0.322592
vt 0.989083 0.677188
vt 0.023252 0.031043
vt 0.235273 0.031043
vt 0.235273 0.986620
vt 0.023252 0.986620
vt 0.100101 0.123725
vt 0.152514 0.123725
vt 0.152514 0.845655
vt 0.100101 0.845655
vt 0.495329 0.425983
vt 0.496318 0.551594
vt 0.308125 0.552254
vt 0.307135 0.426644
vt 0.375166 0.155609
vt 0.430628 0.155609
vt 0.430628 0.874691
vt 0.375166 0.874691
vt 0.017927 0.033837
vt 0.233182 0.033837
vt 0.233182 0.971598
vt 0.017927 0.971598
vt 0.494762 0.432474
vt 0.495752 0.558085
vt 0.307559 0.558746
vt 0.306569 0.433135
vt 0.296568 0.029493
vt 0.508589 0.029493
vt 0.508589 0.985070
vt 0.296568 0.985070
vt 0.119678 0.154946
vt 0.175140 0.154946
vt 0.175140 0.874028
vt 0.119678 0.874028
vt 0.496345 0.431721
vt 0.497335 0.557331
vt 0.309141 0.557992
vt 0.308151 0.432381
vt 0.369678 0.155609
vt 0.425140 0.155609
vt 0.425140 0.874691
vt 0.369678 0.874691
vt 0.297878 0.025357
vt 0.507908 0.025357
vt 0.507908 0.986156
vt 0.297878 0.986156
vt 0.493826 0.442118
vt 0.494815 0.567729
vt 0.306622 0.568389
vt 0.305632 0.442779
vt 0.229340 0.978786
vt 0.017321 0.978003
vt 0.020846 0.022433
vt 0.232866 0.023215
vt 0.369678 0.132836
vt 0.425140 0.132836
vt 0.425140 0.851918
vt 0.369678 0.851918
vt 0.495524 0.436316
vt 0.496513 0.561927
vt 0.308320 0.562587
vt 0.307330 0.436977
vt 0.081055 0.119535
vt 0.136518 0.119535
vt 0.136518 0.838617
vt 0.081055 0.838617
vt 0.224535 0.981602
vt 0.015560 0.979665
vt 0.024447 0.020575
vt 0.233422 0.022511
vt 0.498864 0.436948
vt 0.499853 0.562559
vt 0.311660 0.563219
vt 0.310670 0.437609
vt 0.511380 0.984447
vt 0.299362 0.985543
vt 0.294425 0.029979
vt 0.506443 0.028883
vt 0.406416 0.156273
vt 0.461878 0.156273
vt 0.461878 0.875356
vt 0.406416 0.875356
vt 0.496460 0.438391
vt 0.497450 0.564002
vt 0.309257 0.564662
vt 0.308267 0.439052
vt 0.121374 0.113384
vt 0.176836 0.113384
vt 0.176836 0.832465
vt 0.121374 0.832465
vt 0.506649 0.989205
vt 0.297665 0.989328
vt 0.297102 0.030196
vt 0.506086 0.030074
vt 0.497847 0.437070
vt 0.498837 0.562681
vt 0.310644 0.563341
vt 0.309654 0.437731
vt 0.023472 0.026512
vt 0.235493 0.026512
vt 0.235493 0.982089
vt 0.023472 0.982089
vt 0.364190 0.201821
vt 0.419653 0.201821
vt 0.419653 0.920903
vt 0.364190 0.920903
vt 0.495408 0.431599
vt 0.496398 0.557209
vt 0.308204 0.557870
vt 0.307215 0.432260
vt 0.098565 -2.750641
vt 0.154028 -2.750641
vt 0.154028 -2.031559
vt 0.098565 -2.031559
vt 0.018508 0.019073
vt 0.229381 0.019073
vt 0.229381 0.986869
vt 0.018508 0.986869
vt 0.492889 0.436137
vt 0.493878 0.561747
vt 0.305685 0.562408
vt 0.304695 0.436798
vt 0.297049 0.033672
vt 0.509070 0.033672
vt 0.509070 0.989249
vt 0.297049 0.989249
vt 0.387628 0.144555
vt 0.443090 0.144555
vt 0.443090 0.863637
vt 0.387628 0.863637
vt 0.217243 0.613929
vt 0.218233 0.739539
vt 0.030039 0.740200
vt 0.029050 0.614590
vt 0.098565 0.125687
vt 0.154028 0.125687
vt 0.154028 0.844769
vt 0.098565 0.844769
vt 0.299982 0.027674
vt 0.508966 0.027674
vt 0.508966 0.986806
vt 0.299982 0.986806
vt 0.494020 0.446592
vt 0.495010 0.572203
vt 0.306817 0.572863
vt 0.305827 0.447253
vt 0.229976 0.984580
vt 0.017956 0.984947
vt 0.016302 0.029371
vt 0.228322 0.029004
vt 0.093916 0.149786
vt 0.149378 0.149786
vt 0.149378 0.868869
vt 0.093916 0.868869
vt 0.495640 0.439081
vt 0.496630 0.564691
vt 0.308436 0.565352
vt 0.307447 0.439741
vt 0.394697 0.095762
vt 0.450159 0.095762
vt 0.450159 0.814844
vt 0.394697 0.814844
vt 0.225621 0.979004
vt 0.016645 0.977168
vt 0.025073 0.018074
vt 0.234050 0.019910
vt 0.491167 0.437759
vt 0.492157 0.563370
vt 0.303964 0.564031
vt 0.302974 0.438420
vt 0.508589 0.981022
vt 0.296568 0.981022
vt 0.296568 0.025445
vt 0.508589 0.025445
vt 0.381397 0.153692
vt 0.436859 0.153692
vt 0.436859 0.872775
vt 0.381397 0.872775
vt 0.494703 0.427240
vt 0.495693 0.552851
vt 0.307499 0.553511
vt 0.306510 0.427901
vt 0.373584 0.142637
vt 0.429047 0.142637
vt 0.429047 0.861719
vt 0.373584 0.861719
vt 0.507818 0.986949
vt 0.298836 0.987803
vt 0.294918 0.028680
vt 0.503901 0.027826
vt 0.492184 0.431778
vt 0.493173 0.557389
vt 0.304980 0.558049
vt 0.303990 0.432439
vt 0.019293 0.023452
vt 0.231313 0.024275
vt 0.227603 0.979845
vt 0.015583 0.979022
vt 0.093078 0.154946
vt 0.148540 0.154946
vt 0.148540 0.874028
vt 0.093078 0.874028
vt 0.494471 0.417805
vt 0.495461 0.543416
vt 0.307267 0.544076
vt 0.306278 0.418466
vt 0.091331 0.132724
vt 0.146793 0.132724
vt 0.146793 0.851806
vt 0.091331 0.851806
vt 0.017805 0.018575
vt 0.228992 0.018575
vt 0.228992 0.975649
vt 0.017805 0.975649
vt 0.495265 0.436441
vt 0.496254 0.562052
vt 0.308061 0.562712
vt 0.307071 0.437102
vt 0.297840 0.026827
vt 0.509861 0.027177
vt 0.508280 0.982753
vt 0.296259 0.982402
vt 0.102472 0.102911
vt 0.157934 0.102911
vt 0.157934 0.821994
vt 0.102472 0.821994
vt 0.495719 0.434931
vt 0.496709 0.560541
vt 0.308516 0.561202
vt 0.307526 0.435592
vt 0.114190 0.138731
vt 0.169653 0.138731
vt 0.169653 0.857812
vt 0.114190 0.857812
vt 0.296625 0.027020
vt 0.505609 0.027020
vt 0.505609 0.986151
vt 0.296625 0.986151
vt 0.495153 0.433610
vt 0.496143 0.559220
vt 0.307949 0.559881
vt 0.306960 0.434270
vt 0.232817 0.979093
vt 0.020798 0.979868
vt 0.017302 0.024297
vt 0.229322 0.023522
vt 0.370421 0.109398
vt 0.425884 0.109398
vt 0.425884 0.828481
vt 0.370421 0.828481
vt 0.495603 0.436073
vt 0.496593 0.561683
vt 0.308399 0.562344
vt 0.307410 0.436733
vt 0.100080 0.124457
vt 0.155543 0.124457
vt 0.155543 0.843538
vt 0.100080 0.843538
vt 0.226831 0.985580
vt 0.017061 0.984552
vt 0.021781 0.021811
vt 0.231552 0.022840
vt 0.493084 0.440611
vt 0.494073 0.566221
vt 0.305880 0.566882
vt 0.304890 0.441272
vt 0.509436 0.984658
vt 0.297415 0.984323
vt 0.298927 0.028747
vt 0.510947 0.029083
vt 0.108703 0.200567
vt 0.164165 0.200567
vt 0.164165 0.919650
vt 0.108703 0.919650
vt 0.492829 0.430903
vt 0.493819 0.556513
vt 0.305626 0.557174
vt 0.304636 0.431564
vt 0.374328 0.162169
vt 0.429790 0.162169
vt 0.429790 0.881250
vt 0.374328 0.881250
vt 0.508687 0.983723
vt 0.299710 0.985447
vt 0.291795 0.026349
vt 0.500772 0.024624
vt 0.496169 0.433488
vt 0.497159 0.559098
vt 0.308966 0.559759
vt 0.307976 0.434149
vt 0.023181 0.031809
vt 0.235197 0.033266
vt 0.228631 0.988821
vt 0.016615 0.987364
vt 0.384465 0.170571
vt 0.439927 0.170571
vt 0.439927 0.889653
vt 0.384465 0.889653
vt 0.216360 0.611554
vt 0.217350 0.737164
vt 0.029156 0.737825
vt 0.028167 0.612214
vt 0.431340 -2.750641
vt 0.486802 -2.750641
vt 0.486802 -2.031559
vt 0.431340 -2.031559
vt 0.018938 0.025886
vt 0.227922 0.025886
vt 0.227922 0.985018
vt 0.018938 0.985018
vt 0.223426 0.608845
vt 0.221424 0.742775
vt 0.026378 0.741400
vt 0.028380 0.607471
vt 0.990780 0.211562
vt 0.993245 0.729635
vt 0.968095 0.730671
vt 0.965630 0.212599
vt 0.663839 0.225035
vt 0.666303 0.743107
vt 0.641154 0.744143
vt 0.638689 0.226071
vt 0.688988 0.223998
vt 0.691453 0.742071
vt 0.714137 0.222962
vt 0.716602 0.741034
vt 0.739286 0.221926
vt 0.741751 0.739998
vt 0.764436 0.220889
vt 0.766901 0.738962
vt 0.789585 0.219853
vt 0.792050 0.737925
vt 0.814734 0.218817
vt 0.817199 0.736889
vt 0.839884 0.217781
vt 0.842349 0.735853
vt 0.865033 0.216744
vt 0.867498 0.734816
vt 0.890182 0.215708
vt 0.892648 0.733780
vt 0.915332 0.214671
vt 0.917797 0.732744
vt 0.940481 0.213635
vt 0.942946 0.731707
vt 0.636729 0.720213
vt 0.637706 0.220220
vt 0.663419 0.220608
vt 0.662442 0.720601
vt 0.971002 0.725255
vt 0.971979 0.225262
vt 0.997692 0.225650
vt 0.996715 0.725643
vt 0.945288 0.724867
vt 0.946265 0.224874
vt 0.919575 0.724479
vt 0.920552 0.224486
vt 0.893862 0.724091
vt 0.894839 0.224099
vt 0.868148 0.723703
vt 0.869126 0.223711
vt 0.842435 0.723316
vt 0.843412 0.223323
vt 0.816722 0.722928
vt 0.817699 0.222935
vt 0.791008 0.722540
vt 0.791986 0.222547
vt 0.765295 0.722152
vt 0.766272 0.222160
vt 0.739582 0.721764
vt 0.740559 0.221772
vt 0.713868 0.721377
vt 0.714846 0.221384
vt 0.688155 0.720989
vt 0.689132 0.220996
vt 0.972574 0.318372
vt 0.972574 0.714244
vt 0.945859 0.714244
vt 0.945859 0.318372
vt 0.837177 0.712978
vt 0.837567 0.317107
vt 0.864282 0.317225
vt 0.863892 0.713096
vt 0.810463 0.712860
vt 0.810852 0.316989
vt 0.783748 0.712743
vt 0.784138 0.316871
vt 0.757033 0.712625
vt 0.757423 0.316753
vt 0.730318 0.712507
vt 0.730708 0.316636
vt 0.703604 0.712389
vt 0.703993 0.316518
vt 0.676889 0.712271
vt 0.677278 0.316400
vt 0.650174 0.712153
vt 0.650564 0.316282
vt 0.623459 0.712036
vt 0.623849 0.316164
vt 1.000903 0.322966
vt 1.001028 0.712969
vt 0.973475 0.713006
vt 0.973350 0.323002
vt 0.892430 0.318372
vt 0.892430 0.714244
vt 0.865715 0.714244
vt 0.865715 0.318372
vt 0.919145 0.318372
vt 0.919145 0.714244
vt 0.402316 0.024193
vt 0.403361 0.024193
vt 0.403361 0.022698
vt 0.402316 0.022698
vt 0.402316 0.007753
vt 0.403361 0.007753
vt 0.403361 0.006259
vt 0.402316 0.006259
vt 0.402316 0.009248
vt 0.403361 0.009248
vt 0.402316 0.010742
vt 0.403361 0.010742
vt 0.402316 0.012237
vt 0.403361 0.012237
vt 0.402316 0.013731
vt 0.403361 0.013731
vt 0.402316 0.015226
vt 0.403361 0.015226
vt 0.402316 0.016720
vt 0.403361 0.016720
vt 0.402316 0.018215
vt 0.403361 0.018215
vt 0.402316 0.019709
vt 0.403361 0.019709
vt 0.402316 0.021204
vt 0.403361 0.021204
vt 0.405452 0.021204
vt 0.405452 0.019709
vt 0.405452 0.022698
vt 0.407543 0.021204
vt 0.407543 0.019709
vt 0.405452 0.022698
vt 0.407543 0.022698
vt 0.407543 0.021204
vt 0.409634 0.021204
vt 0.409634 0.019709
vt 0.407543 0.019709
vt 0.407543 0.022698
vt 0.409634 0.022698
vt 0.409634 0.021204
vt 0.411725 0.021204
vt 0.411725 0.019709
vt 0.411725 0.022698
vt 0.411725 0.021204
vt 0.413816 0.021204
vt 0.413816 0.019709
vt 0.411725 0.022698
vt 0.413816 0.022698
vt 0.415907 0.021204
vt 0.415907 0.019709
vt 0.413816 0.022698
vt 0.415907 0.022698
vt 0.415907 0.021204
vt 0.417998 0.021204
vt 0.417998 0.019709
vt 0.415907 0.022698
vt 0.417998 0.022698
vt 0.420089 0.021204
vt 0.420089 0.019709
vt 0.417998 0.022698
vt 0.420089 0.022698
vt 0.420089 0.021204
vt 0.422180 0.021204
vt 0.422180 0.019709
vt 0.420089 0.022698
vt 0.422180 0.022698
vt 0.422180 0.021204
vt 0.424271 0.021204
vt 0.424270 0.019709
vt 0.422180 0.022698
vt 0.424271 0.022698
vt 0.426361 0.021204
vt 0.426361 0.019709
vt 0.424271 0.019709
vt 0.426361 0.022698
vt 0.426361 0.021204
vt 0.428452 0.021204
vt 0.428452 0.019709
vt 0.426361 0.022698
vt 0.428452 0.022698
vt 0.428452 0.021204
vt 0.430543 0.021204
vt 0.430543 0.019709
vt 0.428452 0.022698
vt 0.430543 0.022698
vt 0.430543 0.021204
vt 0.432634 0.021204
vt 0.432634 0.019709
vt 0.430543 0.022698
vt 0.432634 0.022698
vt 0.434725 0.021204
vt 0.434725 0.019709
vt 0.432634 0.022698
vt 0.434725 0.022698
vt 0.436816 0.021204
vt 0.436816 0.019709
vt 0.436816 0.022698
vt 0.438907 0.021204
vt 0.438907 0.019709
vt 0.436816 0.019709
vt 0.438907 0.022698
vt 0.438907 0.021204
vt 0.440998 0.021204
vt 0.440998 0.019709
vt 0.438907 0.019709
vt 0.440998 0.022698
vt 0.440998 0.021204
vt 0.443089 0.021204
vt 0.443089 0.019709
vt 0.443089 0.022698
vt 0.443089 0.021204
vt 0.445180 0.021204
vt 0.445180 0.019709
vt 0.443089 0.022698
vt 0.445180 0.022698
vt 0.445180 0.021204
vt 0.447271 0.021204
vt 0.447271 0.019709
vt 0.445180 0.022698
vt 0.447271 0.022698
vt 0.447271 0.021204
vt 0.449362 0.021204
vt 0.449362 0.019709
vt 0.447271 0.022698
vt 0.449362 0.022698
vt 0.451453 0.021204
vt 0.451453 0.019709
vt 0.449362 0.022698
vt 0.451453 0.022698
vt 0.451453 0.021204
vt 0.452928 0.021571
vt 0.452928 0.019984
vt 0.451453 0.022698
vt 0.452928 0.023157
vt 0.451453 0.024193
vt 0.452928 0.024743
vt 0.451453 0.007753
vt 0.452928 0.007295
vt 0.452928 0.005708
vt 0.451453 0.006259
vt 0.451453 0.009248
vt 0.452928 0.008881
vt 0.451453 0.010742
vt 0.452928 0.010467
vt 0.451453 0.012237
vt 0.452928 0.012053
vt 0.451453 0.013731
vt 0.452928 0.013640
vt 0.451453 0.015226
vt 0.452928 0.015226
vt 0.451453 0.016720
vt 0.452928 0.016812
vt 0.451453 0.018215
vt 0.452928 0.018398
vt 0.449362 0.018215
vt 0.449362 0.016720
vt 0.451453 0.015226
vt 0.449362 0.015226
vt 0.449362 0.013731
vt 0.449362 0.012237
vt 0.451453 0.010742
vt 0.449362 0.010742
vt 0.449362 0.009248
vt 0.451453 0.007753
vt 0.449362 0.007753
vt 0.451453 0.006259
vt 0.449362 0.006259
vt 0.449362 0.024193
vt 0.447271 0.007753
vt 0.449362 0.007753
vt 0.449362 0.006259
vt 0.447271 0.006259
vt 0.447271 0.024193
vt 0.447271 0.009248
vt 0.447271 0.010742
vt 0.447271 0.012237
vt 0.447271 0.013731
vt 0.447271 0.015226
vt 0.449362 0.015226
vt 0.447271 0.016720
vt 0.449362 0.016720
vt 0.447271 0.018215
vt 0.449362 0.018215
vt 0.445180 0.018215
vt 0.445180 0.016720
vt 0.447271 0.015226
vt 0.445180 0.015226
vt 0.445180 0.013731
vt 0.445180 0.012237
vt 0.447271 0.010742
vt 0.445180 0.010742
vt 0.445180 0.009248
vt 0.447271 0.007753
vt 0.445180 0.007753
vt 0.445180 0.006259
vt 0.445180 0.024193
vt 0.443089 0.007753
vt 0.445180 0.007753
vt 0.443089 0.006259
vt 0.443089 0.024193
vt 0.443089 0.009248
vt 0.443089 0.010742
vt 0.443089 0.012237
vt 0.445180 0.012237
vt 0.443089 0.013731
vt 0.445180 0.013731
vt 0.443089 0.015226
vt 0.443089 0.016720
vt 0.445180 0.016720
vt 0.443089 0.018215
vt 0.443089 0.018215
vt 0.440998 0.018215
vt 0.440998 0.016720
vt 0.443089 0.015226
vt 0.440998 0.015226
vt 0.443089 0.013731
vt 0.440998 0.013731
vt 0.440998 0.012237
vt 0.440998 0.010742
vt 0.440998 0.009248
vt 0.443089 0.007753
vt 0.440998 0.007753
vt 0.440998 0.006259
vt 0.440998 0.024193
vt 0.438907 0.007753
vt 0.440998 0.007753
vt 0.438907 0.006259
vt 0.438907 0.024193
vt 0.438907 0.009248
vt 0.438907 0.010742
vt 0.438907 0.012237
vt 0.440998 0.012237
vt 0.438907 0.013731
vt 0.440998 0.013731
vt 0.438907 0.015226
vt 0.440998 0.015226
vt 0.438907 0.016720
vt 0.438907 0.018215
vt 0.436816 0.018215
vt 0.436816 0.016720
vt 0.438907 0.015226
vt 0.436816 0.015226
vt 0.438907 0.013731
vt 0.436816 0.013731
vt 0.436816 0.012237
vt 0.436816 0.010742
vt 0.436816 0.009248
vt 0.438907 0.007753
vt 0.436816 0.007753
vt 0.438907 0.006259
vt 0.436816 0.006259
vt 0.436816 0.024193
vt 0.434725 0.007753
vt 0.436816 0.007753
vt 0.434725 0.006259
vt 0.434725 0.024193
vt 0.434725 0.009248
vt 0.434725 0.010742
vt 0.434725 0.012237
vt 0.434725 0.013731
vt 0.436816 0.013731
vt 0.434725 0.015226
vt 0.434725 0.016720
vt 0.434725 0.018215
vt 0.432634 0.018215
vt 0.432634 0.016720
vt 0.434725 0.015226
vt 0.432634 0.015226
vt 0.434725 0.013731
vt 0.432634 0.013731
vt 0.432634 0.012237
vt 0.434725 0.010742
vt 0.432634 0.010742
vt 0.434725 0.009248
vt 0.432634 0.009248
vt 0.432634 0.007753
vt 0.434725 0.006259
vt 0.432634 0.006259
vt 0.432634 0.024193
vt 0.430543 0.007753
vt 0.432634 0.007753
vt 0.432634 0.006259
vt 0.430543 0.006259
vt 0.430543 0.024193
vt 0.430543 0.009248
vt 0.430543 0.010742
vt 0.430543 0.012237
vt 0.432634 0.012237
vt 0.430543 0.013731
vt 0.432634 0.013731
vt 0.430543 0.015226
vt 0.432634 0.015226
vt 0.430543 0.016720
vt 0.430543 0.018215
vt 0.432634 0.018215
vt 0.428452 0.018215
vt 0.428452 0.016720
vt 0.430543 0.015226
vt 0.428452 0.015226
vt 0.430543 0.013731
vt 0.428452 0.013731
vt 0.428452 0.012237
vt 0.428452 0.010742
vt 0.428452 0.009248
vt 0.428452 0.007753
vt 0.428452 0.006259
vt 0.428452 0.024193
vt 0.426361 0.007753
vt 0.426361 0.006259
vt 0.426361 0.024193
vt 0.426361 0.009248
vt 0.428452 0.009248
vt 0.426361 0.010742
vt 0.426361 0.012237
vt 0.426361 0.013731
vt 0.428452 0.013731
vt 0.426361 0.015226
vt 0.426361 0.016720
vt 0.426361 0.018215
vt 0.426361 0.018215
vt 0.424271 0.018215
vt 0.424271 0.016720
vt 0.426361 0.015226
vt 0.424271 0.015226
vt 0.424271 0.013731
vt 0.426361 0.012237
vt 0.424271 0.012237
vt 0.424271 0.010742
vt 0.426361 0.009248
vt 0.424271 0.009248
vt 0.426361 0.007753
vt 0.424271 0.007753
vt 0.424271 0.006259
vt 0.424271 0.024193
vt 0.422180 0.007753
vt 0.424270 0.007753
vt 0.422180 0.006259
vt 0.422180 0.024193
vt 0.422180 0.009248
vt 0.424270 0.009248
vt 0.422180 0.010742
vt 0.422180 0.012237
vt 0.422180 0.013731
vt 0.424271 0.013731
vt 0.422180 0.015226
vt 0.424271 0.015226
vt 0.422180 0.016720
vt 0.422180 0.018215
vt 0.420089 0.018215
vt 0.420089 0.016720
vt 0.422180 0.015226
vt 0.420089 0.015226
vt 0.422180 0.013731
vt 0.420089 0.013731
vt 0.420089 0.012237
vt 0.420089 0.010742
vt 0.420089 0.009248
vt 0.422180 0.007753
vt 0.420089 0.007753
vt 0.420089 0.006259
vt 0.420089 0.024193
vt 0.417998 0.007753
vt 0.420089 0.007753
vt 0.420089 0.006259
vt 0.417998 0.006259
vt 0.417998 0.024193
vt 0.417998 0.009248
vt 0.417998 0.010742
vt 0.420089 0.010742
vt 0.417998 0.012237
vt 0.420089 0.012237
vt 0.417998 0.013731
vt 0.420089 0.013731
vt 0.417998 0.015226
vt 0.420089 0.015226
vt 0.417998 0.016720
vt 0.420089 0.016720
vt 0.417998 0.018215
vt 0.415907 0.018215
vt 0.415907 0.016720
vt 0.415907 0.015226
vt 0.417998 0.013731
vt 0.415907 0.013731
vt 0.415907 0.012237
vt 0.415907 0.010742
vt 0.415907 0.009248
vt 0.417998 0.007753
vt 0.415907 0.007753
vt 0.415907 0.006259
vt 0.415907 0.024193
vt 0.413816 0.007753
vt 0.415907 0.007753
vt 0.415907 0.006259
vt 0.413816 0.006259
vt 0.413816 0.024193
vt 0.413816 0.009248
vt 0.413816 0.010742
vt 0.413816 0.012237
vt 0.415907 0.012237
vt 0.413816 0.013731
vt 0.415907 0.013731
vt 0.413816 0.015226
vt 0.415907 0.015226
vt 0.413816 0.016720
vt 0.415907 0.016720
vt 0.413816 0.018215
vt 0.413816 0.018215
vt 0.411725 0.018215
vt 0.411725 0.016720
vt 0.411725 0.015226
vt 0.411725 0.013731
vt 0.411725 0.012237
vt 0.413816 0.010742
vt 0.411725 0.010742
vt 0.411725 0.009248
vt 0.413816 0.007753
vt 0.411725 0.007753
vt 0.411725 0.006259
vt 0.411725 0.024193
vt 0.409634 0.007753
vt 0.409634 0.006259
vt 0.409634 0.024193
vt 0.409634 0.009248
vt 0.411725 0.009248
vt 0.409634 0.010742
vt 0.409634 0.012237
vt 0.409634 0.013731
vt 0.411725 0.013731
vt 0.409634 0.015226
vt 0.411725 0.015226
vt 0.409634 0.016720
vt 0.409634 0.018215
vt 0.407543 0.018215
vt 0.407543 0.016720
vt 0.409634 0.015226
vt 0.407543 0.015226
vt 0.409634 0.013731
vt 0.407543 0.013731
vt 0.409634 0.012237
vt 0.407543 0.012237
vt 0.407543 0.010742
vt 0.407543 0.009248
vt 0.409634 0.007753
vt 0.407543 0.007753
vt 0.407543 0.006259
vt 0.407543 0.024193
vt 0.405452 0.007753
vt 0.407543 0.007753
vt 0.405452 0.006259
vt 0.405452 0.024193
vt 0.405452 0.009248
vt 0.405452 0.010742
vt 0.405452 0.012237
vt 0.405452 0.013731
vt 0.407543 0.013731
vt 0.405452 0.015226
vt 0.407543 0.015226
vt 0.405452 0.016720
vt 0.405452 0.018215
vt 0.405452 0.018215
vt 0.405452 0.015226
vt 0.405452 0.013731
vt 0.405452 0.012237
vt 0.405452 0.007753
vt 0.400777 0.024743
vt 0.400777 0.023157
vt 0.401886 0.023157
vt 0.401886 0.024743
vt 0.400777 0.007295
vt 0.400777 0.005708
vt 0.401886 0.005708
vt 0.401886 0.007295
vt 0.400777 0.008881
vt 0.401886 0.008881
vt 0.400777 0.010467
vt 0.401886 0.010467
vt 0.400777 0.012053
vt 0.401886 0.012053
vt 0.400777 0.013640
vt 0.401886 0.013640
vt 0.400777 0.015226
vt 0.401886 0.015226
vt 0.400777 0.016812
vt 0.401886 0.016812
vt 0.400777 0.018398
vt 0.401886 0.018398
vt 0.400777 0.019984
vt 0.401886 0.019984
vt 0.400777 0.021571
vt 0.401886 0.021571
vt 0.401886 0.021571
vt 0.401886 0.019984
vt 0.404105 0.019984
vt 0.404105 0.021571
vt 0.401886 0.023157
vt 0.404105 0.023157
vt 0.404105 0.021571
vt 0.404105 0.019984
vt 0.406325 0.019984
vt 0.406325 0.021571
vt 0.404105 0.023157
vt 0.406325 0.023157
vt 0.406325 0.019984
vt 0.408544 0.019984
vt 0.408544 0.021571
vt 0.406325 0.023157
vt 0.408544 0.023157
vt 0.408544 0.021571
vt 0.408544 0.019984
vt 0.410763 0.019984
vt 0.410763 0.021571
vt 0.410763 0.023157
vt 0.412982 0.019984
vt 0.412982 0.021571
vt 0.410763 0.023157
vt 0.412982 0.023157
vt 0.415201 0.019984
vt 0.415201 0.021571
vt 0.415201 0.023157
vt 0.415201 0.021571
vt 0.415201 0.019984
vt 0.417421 0.019984
vt 0.417421 0.021571
vt 0.415201 0.023157
vt 0.417421 0.023157
vt 0.417421 0.021571
vt 0.417421 0.019984
vt 0.419640 0.019984
vt 0.419640 0.021571
vt 0.417421 0.023157
vt 0.419640 0.023157
vt 0.419640 0.021571
vt 0.421859 0.019984
vt 0.421859 0.021571
vt 0.421859 0.023157
vt 0.421859 0.019984
vt 0.424078 0.019984
vt 0.424078 0.021571
vt 0.421859 0.023157
vt 0.424078 0.023157
vt 0.424078 0.021571
vt 0.424078 0.019984
vt 0.426297 0.019984
vt 0.426297 0.021571
vt 0.426297 0.023157
vt 0.426297 0.021571
vt 0.426297 0.019984
vt 0.428517 0.019984
vt 0.428517 0.021571
vt 0.428517 0.023157
vt 0.428516 0.021571
vt 0.428517 0.019984
vt 0.430736 0.019984
vt 0.430736 0.021571
vt 0.430736 0.023157
vt 0.432955 0.019984
vt 0.432955 0.021571
vt 0.432955 0.023157
vt 0.435174 0.019984
vt 0.435174 0.021571
vt 0.435174 0.023157
vt 0.435174 0.019984
vt 0.437393 0.019984
vt 0.437393 0.021571
vt 0.437393 0.023157
vt 0.437393 0.019984
vt 0.439612 0.019984
vt 0.439612 0.021571
vt 0.437393 0.023157
vt 0.439612 0.023157
vt 0.439612 0.019984
vt 0.441832 0.019984
vt 0.441832 0.021571
vt 0.439612 0.023157
vt 0.441832 0.023157
vt 0.444051 0.019984
vt 0.444051 0.021571
vt 0.444051 0.023157
vt 0.444051 0.021571
vt 0.444051 0.019984
vt 0.446270 0.019984
vt 0.446270 0.021571
vt 0.446270 0.023157
vt 0.448489 0.019984
vt 0.448489 0.021571
vt 0.446270 0.023157
vt 0.448489 0.023157
vt 0.448489 0.019984
vt 0.450708 0.019984
vt 0.450708 0.021571
vt 0.450708 0.023157
vt 0.450708 0.019984
vt 0.452928 0.021571
vt 0.450708 0.023157
vt 0.450708 0.018398
vt 0.450708 0.016812
vt 0.450708 0.015226
vt 0.452928 0.015226
vt 0.450708 0.013640
vt 0.450708 0.012053
vt 0.450708 0.010467
vt 0.450708 0.008881
vt 0.450708 0.007295
vt 0.452928 0.007295
vt 0.450708 0.005708
vt 0.450708 0.024743
vt 0.448489 0.007295
vt 0.448489 0.005708
vt 0.448489 0.024743
vt 0.450708 0.024743
vt 0.448489 0.008881
vt 0.448489 0.010467
vt 0.448489 0.012053
vt 0.448489 0.013640
vt 0.448489 0.015226
vt 0.450708 0.015226
vt 0.448489 0.016812
vt 0.450708 0.016812
vt 0.448489 0.018398
vt 0.446270 0.018398
vt 0.448489 0.018398
vt 0.446270 0.016812
vt 0.448489 0.016812
vt 0.446270 0.015226
vt 0.448489 0.015226
vt 0.446270 0.013640
vt 0.446270 0.012053
vt 0.446270 0.010467
vt 0.446270 0.008881
vt 0.448489 0.008881
vt 0.446270 0.007295
vt 0.446270 0.005708
vt 0.446270 0.024743
vt 0.444051 0.007295
vt 0.444051 0.005708
vt 0.444051 0.024743
vt 0.446270 0.024743
vt 0.444051 0.008881
vt 0.446270 0.008881
vt 0.444051 0.010467
vt 0.446270 0.010467
vt 0.444051 0.012053
vt 0.444051 0.013640
vt 0.444051 0.015226
vt 0.444051 0.016812
vt 0.444051 0.018398
vt 0.441832 0.018398
vt 0.444051 0.018398
vt 0.441832 0.016812
vt 0.441832 0.015226
vt 0.444051 0.015226
vt 0.441832 0.013640
vt 0.441832 0.012053
vt 0.441832 0.010467
vt 0.441832 0.008881
vt 0.444051 0.008881
vt 0.441832 0.007295
vt 0.444051 0.007295
vt 0.441832 0.005708
vt 0.441832 0.024743
vt 0.439612 0.007295
vt 0.439612 0.005708
vt 0.441832 0.007295
vt 0.439612 0.024743
vt 0.439612 0.008881
vt 0.441832 0.008881
vt 0.439612 0.010467
vt 0.439612 0.012053
vt 0.439612 0.013640
vt 0.441832 0.013640
vt 0.439612 0.015226
vt 0.439612 0.016812
vt 0.439612 0.018398
vt 0.441832 0.018398
vt 0.437393 0.018398
vt 0.437393 0.016812
vt 0.439612 0.016812
vt 0.437393 0.015226
vt 0.439612 0.015226
vt 0.437393 0.013640
vt 0.437393 0.012053
vt 0.439612 0.012053
vt 0.437393 0.010467
vt 0.437393 0.008881
vt 0.439612 0.008881
vt 0.437393 0.007295
vt 0.439612 0.007295
vt 0.437393 0.005708
vt 0.437393 0.024743
vt 0.435174 0.007295
vt 0.435174 0.005708
vt 0.435174 0.024743
vt 0.437393 0.024743
vt 0.435174 0.008881
vt 0.435174 0.010467
vt 0.437393 0.010467
vt 0.435174 0.012053
vt 0.435174 0.013640
vt 0.437393 0.013640
vt 0.435174 0.015226
vt 0.435174 0.016812
vt 0.437393 0.016812
vt 0.435174 0.018398
vt 0.437393 0.018398
vt 0.432955 0.018398
vt 0.435174 0.018398
vt 0.432955 0.016812
vt 0.432955 0.015226
vt 0.435174 0.015226
vt 0.432955 0.013640
vt 0.432955 0.012053
vt 0.432955 0.010467
vt 0.432955 0.008881
vt 0.432955 0.007295
vt 0.435174 0.007295
vt 0.432955 0.005708
vt 0.432955 0.024743
vt 0.430736 0.007295
vt 0.430736 0.005708
vt 0.430736 0.024743
vt 0.430736 0.008881
vt 0.430736 0.010467
vt 0.432955 0.010467
vt 0.430736 0.012053
vt 0.430736 0.013640
vt 0.432955 0.013640
vt 0.430736 0.015226
vt 0.430736 0.016812
vt 0.430736 0.018398
vt 0.432955 0.018398
vt 0.428517 0.018398
vt 0.430736 0.018398
vt 0.428517 0.016812
vt 0.428517 0.015226
vt 0.430736 0.015226
vt 0.428516 0.013640
vt 0.430736 0.013640
vt 0.428517 0.012053
vt 0.428517 0.010467
vt 0.428516 0.008881
vt 0.428517 0.007295
vt 0.428517 0.005708
vt 0.428517 0.024743
vt 0.430736 0.024743
vt 0.426297 0.007295
vt 0.426297 0.005708
vt 0.426297 0.024743
vt 0.426297 0.008881
vt 0.428517 0.008881
vt 0.426297 0.010467
vt 0.426297 0.012053
vt 0.426297 0.013640
vt 0.428517 0.013640
vt 0.426297 0.015226
vt 0.426297 0.016812
vt 0.426297 0.018398
vt 0.424078 0.018398
vt 0.426297 0.018398
vt 0.424078 0.016812
vt 0.424078 0.015226
vt 0.426297 0.015226
vt 0.424078 0.013640
vt 0.424078 0.012053
vt 0.424078 0.010467
vt 0.424078 0.008881
vt 0.424078 0.007295
vt 0.424078 0.005708
vt 0.424078 0.024743
vt 0.421859 0.007295
vt 0.421859 0.005708
vt 0.424078 0.007295
vt 0.421859 0.024743
vt 0.421859 0.008881
vt 0.424078 0.008881
vt 0.421859 0.010467
vt 0.424078 0.010467
vt 0.421859 0.012053
vt 0.424078 0.012053
vt 0.421859 0.013640
vt 0.421859 0.015226
vt 0.421859 0.016812
vt 0.421859 0.018398
vt 0.419640 0.018398
vt 0.421859 0.018398
vt 0.419640 0.016812
vt 0.421859 0.016812
vt 0.419640 0.015226
vt 0.421859 0.015226
vt 0.419640 0.013640
vt 0.419640 0.012053
vt 0.419640 0.010467
vt 0.421859 0.010467
vt 0.419640 0.008881
vt 0.421859 0.008881
vt 0.419640 0.007295
vt 0.419640 0.005708
vt 0.419640 0.024743
vt 0.417421 0.007295
vt 0.417421 0.005708
vt 0.419640 0.007295
vt 0.417421 0.024743
vt 0.419640 0.024743
vt 0.417421 0.008881
vt 0.419640 0.008881
vt 0.417421 0.010467
vt 0.419640 0.010467
vt 0.417421 0.012053
vt 0.417421 0.013640
vt 0.419640 0.013640
vt 0.417421 0.015226
vt 0.419640 0.015226
vt 0.417421 0.016812
vt 0.419640 0.016812
vt 0.417421 0.018398
vt 0.419640 0.018398
vt 0.415201 0.018398
vt 0.417421 0.018398
vt 0.415201 0.016812
vt 0.417421 0.016812
vt 0.415201 0.015226
vt 0.417421 0.015226
vt 0.415201 0.013640
vt 0.417421 0.013640
vt 0.415201 0.012053
vt 0.417421 0.012053
vt 0.415201 0.010467
vt 0.417421 0.010467
vt 0.415201 0.008881
vt 0.417421 0.008881
vt 0.415201 0.007295
vt 0.417421 0.007295
vt 0.415201 0.005708
vt 0.415201 0.024743
vt 0.412982 0.007295
vt 0.412982 0.005708
vt 0.415201 0.007295
vt 0.412982 0.024743
vt 0.412982 0.008881
vt 0.415201 0.008881
vt 0.412982 0.010467
vt 0.412982 0.012053
vt 0.415201 0.012053
vt 0.412982 0.013640
vt 0.415201 0.013640
vt 0.412982 0.015226
vt 0.412982 0.016812
vt 0.415201 0.016812
vt 0.412982 0.018398
vt 0.415201 0.018398
vt 0.410763 0.018398
vt 0.412982 0.018398
vt 0.410763 0.016812
vt 0.412982 0.016812
vt 0.410763 0.015226
vt 0.412982 0.015226
vt 0.410763 0.013640
vt 0.412982 0.013640
vt 0.410763 0.012053
vt 0.410763 0.010467
vt 0.412982 0.010467
vt 0.410763 0.008881
vt 0.412982 0.008881
vt 0.410763 0.007295
vt 0.410763 0.005708
vt 0.410763 0.024743
vt 0.412982 0.024743
vt 0.408544 0.007295
vt 0.408544 0.005708
vt 0.408544 0.024743
vt 0.408544 0.008881
vt 0.410763 0.008881
vt 0.408544 0.010467
vt 0.408544 0.012053
vt 0.408544 0.013640
vt 0.410763 0.013640
vt 0.408544 0.015226
vt 0.410763 0.015226
vt 0.408544 0.016812
vt 0.408544 0.018398
vt 0.410763 0.018398
vt 0.406325 0.018398
vt 0.408544 0.018398
vt 0.406325 0.016812
vt 0.406325 0.015226
vt 0.408544 0.015226
vt 0.406325 0.013640
vt 0.406325 0.012053
vt 0.406325 0.010467
vt 0.406325 0.008881
vt 0.406325 0.007295
vt 0.406325 0.005708
vt 0.406325 0.024743
vt 0.404105 0.007295
vt 0.404105 0.005708
vt 0.404105 0.024743
vt 0.404105 0.008881
vt 0.406325 0.008881
vt 0.404105 0.010467
vt 0.406325 0.010467
vt 0.404105 0.012053
vt 0.406325 0.012053
vt 0.404105 0.013640
vt 0.404105 0.015226
vt 0.406325 0.015226
vt 0.404105 0.016812
vt 0.404105 0.018398
vt 0.404105 0.018398
vt 0.401886 0.016812
vt 0.401886 0.015226
vt 0.404105 0.015226
vt 0.401886 0.012053
vt 0.404105 0.012053
vt 0.401886 0.010467
vt 0.404105 0.010467
vt 0.401886 0.008881
vt 0.404105 0.008881
vt 0.401886 0.007295
vt 0.405789 0.022952
vt 0.405789 0.021664
vt 0.406689 0.021664
vt 0.406689 0.022952
vt 0.405789 0.008787
vt 0.405789 0.007500
vt 0.406689 0.007500
vt 0.406689 0.008787
vt 0.405789 0.010075
vt 0.406689 0.010075
vt 0.405789 0.011363
vt 0.406689 0.011363
vt 0.405789 0.012650
vt 0.406689 0.012650
vt 0.405789 0.013938
vt 0.406689 0.013938
vt 0.405789 0.015226
vt 0.406689 0.015226
vt 0.405789 0.016513
vt 0.406689 0.016513
vt 0.405789 0.017801
vt 0.406689 0.017801
vt 0.405789 0.019089
vt 0.406689 0.019089
vt 0.405789 0.020376
vt 0.406689 0.020376
vt 0.406689 0.019089
vt 0.408491 0.019089
vt 0.408491 0.020376
vt 0.408491 0.021664
vt 0.408491 0.020376
vt 0.410292 0.019089
vt 0.410292 0.020376
vt 0.408491 0.021664
vt 0.410292 0.021664
vt 0.410292 0.020376
vt 0.410292 0.019089
vt 0.412094 0.019089
vt 0.412094 0.020376
vt 0.412094 0.021664
vt 0.412094 0.019089
vt 0.413895 0.019089
vt 0.413895 0.020376
vt 0.412094 0.021664
vt 0.413895 0.021664
vt 0.415697 0.019089
vt 0.415697 0.020376
vt 0.413895 0.021664
vt 0.415697 0.021664
vt 0.415697 0.020376
vt 0.415697 0.019089
vt 0.417498 0.019089
vt 0.417498 0.020376
vt 0.417498 0.021664
vt 0.417499 0.019089
vt 0.419300 0.019089
vt 0.419300 0.020376
vt 0.419300 0.021664
vt 0.419300 0.019089
vt 0.421102 0.019089
vt 0.421102 0.020376
vt 0.421102 0.021664
vt 0.421102 0.020376
vt 0.421102 0.019089
vt 0.422903 0.019089
vt 0.422903 0.020376
vt 0.422903 0.021664
vt 0.424705 0.019089
vt 0.424705 0.020376
vt 0.422903 0.021664
vt 0.424705 0.021664
vt 0.424705 0.020376
vt 0.426506 0.019089
vt 0.426506 0.020376
vt 0.426506 0.021664
vt 0.428308 0.019089
vt 0.428308 0.020376
vt 0.426506 0.021664
vt 0.428308 0.021664
vt 0.430109 0.019089
vt 0.430109 0.020376
vt 0.430109 0.021664
vt 0.431911 0.019089
vt 0.431911 0.020376
vt 0.431911 0.021664
vt 0.431911 0.019089
vt 0.433712 0.019089
vt 0.433712 0.020376
vt 0.433712 0.021664
vt 0.433712 0.020376
vt 0.435514 0.019089
vt 0.435514 0.020376
vt 0.435514 0.021664
vt 0.435514 0.020376
vt 0.437315 0.019089
vt 0.437315 0.020376
vt 0.437315 0.021664
vt 0.437315 0.019089
vt 0.439117 0.019089
vt 0.439117 0.020376
vt 0.437315 0.021664
vt 0.439117 0.021664
vt 0.439117 0.019089
vt 0.440918 0.019089
vt 0.440918 0.020376
vt 0.440918 0.021664
vt 0.442720 0.019089
vt 0.442720 0.020376
vt 0.442720 0.021664
vt 0.444521 0.019089
vt 0.444521 0.020376
vt 0.442720 0.021664
vt 0.444521 0.021664
vt 0.444521 0.020376
vt 0.444521 0.019089
vt 0.446323 0.019089
vt 0.446323 0.020376
vt 0.446323 0.021664
vt 0.446323 0.020376
vt 0.446323 0.019089
vt 0.448124 0.019089
vt 0.448124 0.020376
vt 0.448124 0.021664
vt 0.446323 0.017801
vt 0.448124 0.017801
vt 0.446323 0.016513
vt 0.448124 0.016513
vt 0.446323 0.015226
vt 0.448124 0.015226
vt 0.446323 0.013938
vt 0.448124 0.013938
vt 0.446323 0.012650
vt 0.448124 0.012650
vt 0.446323 0.011363
vt 0.448124 0.011363
vt 0.446323 0.010075
vt 0.448124 0.010075
vt 0.446323 0.008787
vt 0.448124 0.008787
vt 0.446323 0.007500
vt 0.448124 0.007500
vt 0.446323 0.022952
vt 0.448124 0.022952
vt 0.444521 0.008787
vt 0.444521 0.007500
vt 0.446323 0.008787
vt 0.444521 0.022952
vt 0.446323 0.022952
vt 0.444521 0.010075
vt 0.444521 0.011363
vt 0.444521 0.012650
vt 0.444521 0.013938
vt 0.444521 0.015226
vt 0.446323 0.015226
vt 0.444521 0.016513
vt 0.444521 0.017801
vt 0.442720 0.017801
vt 0.444521 0.017801
vt 0.442720 0.016513
vt 0.442720 0.015226
vt 0.444521 0.015226
vt 0.442720 0.013938
vt 0.442720 0.012650
vt 0.442720 0.011363
vt 0.442720 0.010075
vt 0.444521 0.010075
vt 0.442720 0.008787
vt 0.444521 0.008787
vt 0.442720 0.007500
vt 0.442720 0.022952
vt 0.444521 0.022952
vt 0.440918 0.008787
vt 0.440918 0.007500
vt 0.442720 0.008787
vt 0.440918 0.022952
vt 0.440918 0.010075
vt 0.440918 0.011363
vt 0.442720 0.011363
vt 0.440918 0.012650
vt 0.440918 0.013938
vt 0.440918 0.015226
vt 0.440918 0.016513
vt 0.440918 0.017801
vt 0.439117 0.017801
vt 0.439117 0.016513
vt 0.439117 0.015226
vt 0.439117 0.013938
vt 0.439117 0.012650
vt 0.439117 0.011363
vt 0.440918 0.011363
vt 0.439117 0.010075
vt 0.440918 0.010075
vt 0.439117 0.008787
vt 0.440918 0.008787
vt 0.439117 0.007500
vt 0.439117 0.022952
vt 0.437315 0.008787
vt 0.437315 0.007500
vt 0.439117 0.008787
vt 0.437315 0.022952
vt 0.439117 0.022952
vt 0.437315 0.010075
vt 0.437315 0.011363
vt 0.439117 0.011363
vt 0.437315 0.012650
vt 0.439117 0.012650
vt 0.437315 0.013938
vt 0.439117 0.013938
vt 0.437315 0.015226
vt 0.439117 0.015226
vt 0.437315 0.016513
vt 0.437315 0.017801
vt 0.435514 0.017801
vt 0.437315 0.017801
vt 0.435514 0.016513
vt 0.435514 0.015226
vt 0.437315 0.015226
vt 0.435514 0.013938
vt 0.435514 0.012650
vt 0.435514 0.011363
vt 0.437315 0.011363
vt 0.435514 0.010075
vt 0.435514 0.008787
vt 0.437315 0.008787
vt 0.435514 0.007500
vt 0.435514 0.022952
vt 0.433712 0.008787
vt 0.433712 0.007500
vt 0.435514 0.008787
vt 0.433712 0.022952
vt 0.433712 0.010075
vt 0.433712 0.011363
vt 0.433712 0.012650
vt 0.433712 0.013938
vt 0.435514 0.013938
vt 0.433712 0.015226
vt 0.435514 0.015226
vt 0.433712 0.016513
vt 0.433712 0.017801
vt 0.431911 0.017801
vt 0.431911 0.016513
vt 0.431911 0.015226
vt 0.431911 0.013938
vt 0.431911 0.012650
vt 0.433712 0.012650
vt 0.431911 0.011363
vt 0.431911 0.010075
vt 0.431911 0.008787
vt 0.433712 0.008787
vt 0.431911 0.007500
vt 0.431911 0.022952
vt 0.433712 0.022952
vt 0.430109 0.008787
vt 0.430109 0.007500
vt 0.430109 0.022952
vt 0.430109 0.010075
vt 0.430109 0.011363
vt 0.430109 0.012650
vt 0.430109 0.013938
vt 0.430109 0.015226
vt 0.430109 0.016513
vt 0.431911 0.016513
vt 0.430109 0.017801
vt 0.428308 0.017801
vt 0.428308 0.016513
vt 0.430109 0.016513
vt 0.428308 0.015226
vt 0.430109 0.015226
vt 0.428308 0.013938
vt 0.430109 0.013938
vt 0.428308 0.012650
vt 0.428308 0.011363
vt 0.428308 0.010075
vt 0.428308 0.008787
vt 0.430109 0.008787
vt 0.428308 0.007500
vt 0.428308 0.022952
vt 0.426506 0.008787
vt 0.426506 0.007500
vt 0.428308 0.008787
vt 0.426506 0.022952
vt 0.426506 0.010075
vt 0.426506 0.011363
vt 0.426506 0.012650
vt 0.428308 0.012650
vt 0.426506 0.013938
vt 0.426506 0.015226
vt 0.428308 0.015226
vt 0.426506 0.016513
vt 0.426506 0.017801
vt 0.428308 0.017801
vt 0.424705 0.017801
vt 0.426506 0.017801
vt 0.424705 0.016513
vt 0.426506 0.016513
vt 0.424705 0.015226
vt 0.426506 0.015226
vt 0.424705 0.013938
vt 0.426506 0.013938
vt 0.424705 0.012650
vt 0.426506 0.012650
vt 0.424705 0.011363
vt 0.424705 0.010075
vt 0.426506 0.010075
vt 0.424705 0.008787
vt 0.426506 0.008787
vt 0.424705 0.007500
vt 0.424705 0.022952
vt 0.426506 0.022952
vt 0.422903 0.008787
vt 0.422903 0.007500
vt 0.422903 0.022952
vt 0.424705 0.022952
vt 0.422903 0.010075
vt 0.422903 0.011363
vt 0.424705 0.011363
vt 0.422903 0.012650
vt 0.422903 0.013938
vt 0.422903 0.015226
vt 0.422903 0.016513
vt 0.422903 0.017801
vt 0.421102 0.017801
vt 0.422903 0.017801
vt 0.421102 0.016513
vt 0.422903 0.016513
vt 0.421102 0.015226
vt 0.422903 0.015226
vt 0.421102 0.013938
vt 0.421102 0.012650
vt 0.422903 0.012650
vt 0.421102 0.011363
vt 0.421102 0.010075
vt 0.422903 0.010075
vt 0.421102 0.008787
vt 0.422903 0.008787
vt 0.421102 0.007500
vt 0.421102 0.022952
vt 0.419300 0.008787
vt 0.419300 0.007500
vt 0.421102 0.008787
vt 0.419300 0.022952
vt 0.419300 0.010075
vt 0.419300 0.011363
vt 0.421102 0.011363
vt 0.419300 0.012650
vt 0.419300 0.013938
vt 0.419300 0.015226
vt 0.421102 0.015226
vt 0.419300 0.016513
vt 0.421102 0.016513
vt 0.419300 0.017801
vt 0.417498 0.017801
vt 0.419300 0.017801
vt 0.417498 0.016513
vt 0.417498 0.015226
vt 0.419300 0.015226
vt 0.417499 0.013938
vt 0.417498 0.012650
vt 0.417499 0.011363
vt 0.417498 0.010075
vt 0.417498 0.008787
vt 0.417498 0.007500
vt 0.417498 0.022952
vt 0.419300 0.022952
vt 0.415697 0.008787
vt 0.415697 0.007500
vt 0.417498 0.008787
vt 0.415697 0.022952
vt 0.417498 0.022952
vt 0.415697 0.010075
vt 0.415697 0.011363
vt 0.417498 0.011363
vt 0.415697 0.012650
vt 0.415697 0.013938
vt 0.417498 0.013938
vt 0.415697 0.015226
vt 0.417498 0.015226
vt 0.415697 0.016513
vt 0.417498 0.016513
vt 0.415697 0.017801
vt 0.417498 0.017801
vt 0.413895 0.017801
vt 0.413895 0.016513
vt 0.413895 0.015226
vt 0.413895 0.013938
vt 0.415697 0.013938
vt 0.413895 0.012650
vt 0.413895 0.011363
vt 0.415697 0.011363
vt 0.413895 0.010075
vt 0.413895 0.008787
vt 0.413895 0.007500
vt 0.413895 0.022952
vt 0.415697 0.022952
vt 0.412094 0.008787
vt 0.412094 0.007500
vt 0.413895 0.008787
vt 0.412094 0.022952
vt 0.413895 0.022952
vt 0.412094 0.010075
vt 0.412094 0.011363
vt 0.413895 0.011363
vt 0.412094 0.012650
vt 0.413895 0.012650
vt 0.412094 0.013938
vt 0.412094 0.015226
vt 0.413895 0.015226
vt 0.412094 0.016513
vt 0.413895 0.016513
vt 0.412094 0.017801
vt 0.413895 0.017801
vt 0.410292 0.017801
vt 0.410292 0.016513
vt 0.410292 0.015226
vt 0.412094 0.015226
vt 0.410292 0.013938
vt 0.412094 0.013938
vt 0.410292 0.012650
vt 0.410292 0.011363
vt 0.412094 0.011363
vt 0.410292 0.010075
vt 0.410292 0.008787
vt 0.412094 0.008787
vt 0.410292 0.007500
vt 0.410292 0.022952
vt 0.408491 0.008787
vt 0.408491 0.007500
vt 0.408491 0.022952
vt 0.410292 0.022952
vt 0.408491 0.010075
vt 0.408491 0.011363
vt 0.410292 0.011363
vt 0.408491 0.012650
vt 0.408491 0.013938
vt 0.410292 0.013938
vt 0.408491 0.015226
vt 0.408491 0.016513
vt 0.408491 0.017801
vt 0.410292 0.017801
vt 0.406689 0.017801
vt 0.408491 0.017801
vt 0.408491 0.016513
vt 0.406689 0.015226
vt 0.408491 0.015226
vt 0.408491 0.013938
vt 0.408491 0.012650
vt 0.406689 0.011363
vt 0.408491 0.011363
vt 0.408491 0.010075
vt 0.403490 0.023773
vt 0.404487 0.023773
vt 0.404487 0.022349
vt 0.403490 0.022349
vt 0.403490 0.008103
vt 0.404487 0.008103
vt 0.404487 0.006678
vt 0.403490 0.006678
vt 0.403490 0.009527
vt 0.404487 0.009527
vt 0.403490 0.010952
vt 0.404487 0.010952
vt 0.403490 0.012377
vt 0.404487 0.012377
vt 0.403490 0.013801
vt 0.404487 0.013801
vt 0.403490 0.015226
vt 0.404487 0.015226
vt 0.403490 0.016650
vt 0.404487 0.016650
vt 0.403490 0.018075
vt 0.404487 0.018075
vt 0.403490 0.019500
vt 0.404487 0.019500
vt 0.403490 0.020924
vt 0.404487 0.020924
vt 0.406480 0.020924
vt 0.406480 0.019500
vt 0.406480 0.022349
vt 0.406480 0.020924
vt 0.408473 0.020924
vt 0.408473 0.019500
vt 0.406480 0.022349
vt 0.408473 0.022349
vt 0.408473 0.020924
vt 0.410466 0.020924
vt 0.410466 0.019500
vt 0.408473 0.022349
vt 0.410466 0.022349
vt 0.412459 0.020924
vt 0.412459 0.019500
vt 0.410466 0.019500
vt 0.410466 0.022349
vt 0.412459 0.022349
vt 0.412459 0.020924
vt 0.414452 0.020924
vt 0.414452 0.019500
vt 0.412459 0.022349
vt 0.414452 0.022349
vt 0.414452 0.020924
vt 0.416445 0.020924
vt 0.416445 0.019500
vt 0.414452 0.019500
vt 0.416445 0.022349
vt 0.416445 0.020924
vt 0.418438 0.020924
vt 0.418438 0.019500
vt 0.418438 0.022349
vt 0.420431 0.020924
vt 0.420431 0.019500
vt 0.418438 0.019500
vt 0.420431 0.022349
vt 0.422424 0.020924
vt 0.422424 0.019500
vt 0.420431 0.022349
vt 0.422424 0.022349
vt 0.422424 0.020924
vt 0.424417 0.020924
vt 0.424417 0.019500
vt 0.422424 0.019500
vt 0.422424 0.022349
vt 0.424417 0.022349
vt 0.424417 0.020924
vt 0.426410 0.020924
vt 0.426410 0.019500
vt 0.424417 0.019500
vt 0.424417 0.022349
vt 0.426410 0.022349
vt 0.428403 0.020924
vt 0.428403 0.019500
vt 0.426410 0.022349
vt 0.428403 0.022349
vt 0.428403 0.020924
vt 0.430396 0.020924
vt 0.430396 0.019500
vt 0.430396 0.022349
vt 0.432390 0.020924
vt 0.432390 0.019500
vt 0.432390 0.022349
vt 0.432390 0.020924
vt 0.434383 0.020924
vt 0.434383 0.019500
vt 0.434383 0.022349
vt 0.436376 0.020924
vt 0.436376 0.019500
vt 0.434383 0.022349
vt 0.436376 0.022349
vt 0.438369 0.020924
vt 0.438369 0.019500
vt 0.436376 0.019500
vt 0.436376 0.022349
vt 0.438369 0.022349
vt 0.440362 0.020924
vt 0.440362 0.019500
vt 0.438369 0.019500
vt 0.440362 0.022349
vt 0.442355 0.020924
vt 0.442355 0.019500
vt 0.442355 0.022349
vt 0.444348 0.020924
vt 0.444348 0.019500
vt 0.444348 0.022349
vt 0.446341 0.020924
vt 0.446341 0.019500
vt 0.446341 0.022349
vt 0.448334 0.020924
vt 0.448334 0.019500
vt 0.448334 0.022349
vt 0.450327 0.020924
vt 0.450327 0.019500
vt 0.450327 0.022349
vt 0.448124 0.020376
vt 0.448124 0.019089
vt 0.450327 0.023773
vt 0.450327 0.008103
vt 0.448125 0.008787
vt 0.450327 0.006678
vt 0.450327 0.009527
vt 0.450327 0.010952
vt 0.448124 0.011363
vt 0.450327 0.012377
vt 0.450327 0.013801
vt 0.448124 0.013938
vt 0.450327 0.015226
vt 0.448124 0.015226
vt 0.450327 0.016650
vt 0.450327 0.018075
vt 0.448124 0.017801
vt 0.448334 0.018075
vt 0.448334 0.016650
vt 0.450327 0.015226
vt 0.448334 0.015226
vt 0.450327 0.013801
vt 0.448334 0.013801
vt 0.450327 0.012377
vt 0.448334 0.012377
vt 0.450327 0.010952
vt 0.448334 0.010952
vt 0.450327 0.009527
vt 0.448334 0.009527
vt 0.448334 0.008103
vt 0.448334 0.006678
vt 0.448334 0.023773
vt 0.446341 0.008103
vt 0.448334 0.008103
vt 0.446341 0.006678
vt 0.446341 0.023773
vt 0.446341 0.009527
vt 0.446341 0.010952
vt 0.448334 0.010952
vt 0.446341 0.012377
vt 0.448334 0.012377
vt 0.446341 0.013801
vt 0.446341 0.015226
vt 0.448334 0.015226
vt 0.446341 0.016650
vt 0.446341 0.018075
vt 0.444348 0.018075
vt 0.444348 0.016650
vt 0.446341 0.015226
vt 0.444348 0.015226
vt 0.446341 0.013801
vt 0.444348 0.013801
vt 0.444348 0.012377
vt 0.446341 0.010952
vt 0.444348 0.010952
vt 0.446341 0.009527
vt 0.444348 0.009527
vt 0.444348 0.008103
vt 0.444348 0.006678
vt 0.444348 0.023773
vt 0.442355 0.008103
vt 0.444348 0.006678
vt 0.442355 0.006678
vt 0.442355 0.023773
vt 0.442355 0.009527
vt 0.444348 0.009527
vt 0.442355 0.010952
vt 0.444348 0.010952
vt 0.442355 0.012377
vt 0.444348 0.012377
vt 0.442355 0.013801
vt 0.444348 0.013801
vt 0.442355 0.015226
vt 0.444348 0.015226
vt 0.442355 0.016650
vt 0.442355 0.018075
vt 0.440362 0.018075
vt 0.440362 0.016650
vt 0.442355 0.015226
vt 0.440362 0.015226
vt 0.442355 0.013801
vt 0.440362 0.013801
vt 0.440362 0.012377
vt 0.442355 0.010952
vt 0.440362 0.010952
vt 0.440362 0.009527
vt 0.442355 0.008103
vt 0.440362 0.008103
vt 0.442355 0.006678
vt 0.440362 0.006678
vt 0.440362 0.023773
vt 0.438369 0.008103
vt 0.438369 0.006678
vt 0.438369 0.023773
vt 0.438369 0.009527
vt 0.438369 0.010952
vt 0.438369 0.012377
vt 0.440362 0.012377
vt 0.438369 0.013801
vt 0.440362 0.013801
vt 0.438369 0.015226
vt 0.440362 0.015226
vt 0.438369 0.016650
vt 0.438369 0.018075
vt 0.436376 0.018075
vt 0.438369 0.016650
vt 0.436376 0.016650
vt 0.438369 0.015226
vt 0.436376 0.015226
vt 0.436376 0.013801
vt 0.438369 0.012377
vt 0.436376 0.012377
vt 0.436376 0.010952
vt 0.438369 0.009527
vt 0.436376 0.009527
vt 0.436376 0.008103
vt 0.438369 0.006678
vt 0.436376 0.006678
vt 0.436376 0.023773
vt 0.434383 0.008103
vt 0.434383 0.006678
vt 0.434383 0.023773
vt 0.434383 0.009527
vt 0.434383 0.010952
vt 0.436376 0.010952
vt 0.434383 0.012377
vt 0.434383 0.013801
vt 0.436376 0.013801
vt 0.434383 0.015226
vt 0.434383 0.016650
vt 0.434383 0.018075
vt 0.436376 0.018075
vt 0.432390 0.018075
vt 0.432390 0.016650
vt 0.434383 0.015226
vt 0.432390 0.015226
vt 0.434383 0.013801
vt 0.432390 0.013801
vt 0.432390 0.012377
vt 0.434383 0.010952
vt 0.432390 0.010952
vt 0.434383 0.009527
vt 0.432390 0.009527
vt 0.432390 0.008103
vt 0.432390 0.006678
vt 0.432390 0.023773
vt 0.430396 0.008103
vt 0.430396 0.006678
vt 0.430396 0.023773
vt 0.430396 0.009527
vt 0.432390 0.009527
vt 0.430396 0.010952
vt 0.432390 0.010952
vt 0.430396 0.012377
vt 0.432390 0.012377
vt 0.430396 0.013801
vt 0.432390 0.013801
vt 0.430396 0.015226
vt 0.430396 0.016650
vt 0.430396 0.018075
vt 0.432390 0.018075
vt 0.430396 0.018075
vt 0.428403 0.018075
vt 0.428403 0.016650
vt 0.430396 0.015226
vt 0.428403 0.015226
vt 0.428403 0.013801
vt 0.430396 0.012377
vt 0.428403 0.012377
vt 0.428403 0.010952
vt 0.428403 0.009527
vt 0.428403 0.008103
vt 0.430396 0.006678
vt 0.428403 0.006678
vt 0.428403 0.023773
vt 0.426410 0.008103
vt 0.428403 0.006678
vt 0.426410 0.006678
vt 0.426410 0.023773
vt 0.426410 0.009527
vt 0.428403 0.009527
vt 0.426410 0.010952
vt 0.428403 0.010952
vt 0.426410 0.012377
vt 0.428403 0.012377
vt 0.426410 0.013801
vt 0.428403 0.013801
vt 0.426410 0.015226
vt 0.428403 0.015226
vt 0.426410 0.016650
vt 0.428403 0.016650
vt 0.426410 0.018075
vt 0.428403 0.018075
vt 0.424417 0.018075
vt 0.426410 0.016650
vt 0.424417 0.016650
vt 0.426410 0.015226
vt 0.424417 0.015226
vt 0.426410 0.013801
vt 0.424417 0.013801
vt 0.426410 0.012377
vt 0.424417 0.012377
vt 0.426410 0.010952
vt 0.424417 0.010952
vt 0.426410 0.009527
vt 0.424417 0.009527
vt 0.426410 0.008103
vt 0.424417 0.008103
vt 0.424417 0.006678
vt 0.424417 0.023773
vt 0.422424 0.008103
vt 0.424417 0.006678
vt 0.422424 0.006678
vt 0.422424 0.023773
vt 0.422424 0.009527
vt 0.424417 0.009527
vt 0.422424 0.010952
vt 0.424417 0.010952
vt 0.422424 0.012377
vt 0.424417 0.012377
vt 0.422424 0.013801
vt 0.422424 0.015226
vt 0.424417 0.015226
vt 0.422424 0.016650
vt 0.424417 0.016650
vt 0.422424 0.018075
vt 0.422424 0.018075
vt 0.420431 0.018075
vt 0.422424 0.016650
vt 0.420431 0.016650
vt 0.422424 0.015226
vt 0.420431 0.015226
vt 0.422424 0.013801
vt 0.420431 0.013801
vt 0.422424 0.012377
vt 0.420431 0.012377
vt 0.420431 0.010952
vt 0.422424 0.009527
vt 0.420431 0.009527
vt 0.422424 0.008103
vt 0.420431 0.008103
vt 0.422424 0.006678
vt 0.420431 0.006678
vt 0.420431 0.023773
vt 0.418438 0.008103
vt 0.420431 0.008103
vt 0.418438 0.006678
vt 0.418438 0.023773
vt 0.418438 0.009527
vt 0.420431 0.009527
vt 0.418438 0.010952
vt 0.420431 0.010952
vt 0.418438 0.012377
vt 0.420431 0.012377
vt 0.418438 0.013801
vt 0.420431 0.013801
vt 0.418438 0.015226
vt 0.418438 0.016650
vt 0.420431 0.016650
vt 0.418438 0.018075
vt 0.420431 0.018075
vt 0.418438 0.018075
vt 0.416445 0.018075
vt 0.416445 0.016650
vt 0.416445 0.015226
vt 0.418438 0.013801
vt 0.416445 0.013801
vt 0.418438 0.012377
vt 0.416445 0.012377
vt 0.416445 0.010952
vt 0.416445 0.009527
vt 0.416445 0.008103
vt 0.418438 0.006678
vt 0.416445 0.006678
vt 0.416445 0.023773
vt 0.414452 0.008103
vt 0.416445 0.006678
vt 0.414452 0.006678
vt 0.414452 0.023773
vt 0.414452 0.009527
vt 0.416445 0.009527
vt 0.414452 0.010952
vt 0.414452 0.012377
vt 0.416445 0.012377
vt 0.414452 0.013801
vt 0.416445 0.013801
vt 0.414452 0.015226
vt 0.414452 0.016650
vt 0.414452 0.018075
vt 0.416445 0.018075
vt 0.412459 0.018075
vt 0.412459 0.016650
vt 0.414452 0.015226
vt 0.412459 0.015226
vt 0.414452 0.013801
vt 0.412459 0.013801
vt 0.414452 0.012377
vt 0.412459 0.012377
vt 0.412459 0.010952
vt 0.412459 0.009527
vt 0.414452 0.008103
vt 0.412459 0.008103
vt 0.412459 0.006678
vt 0.412459 0.023773
vt 0.410466 0.008103
vt 0.412459 0.008103
vt 0.410466 0.006678
vt 0.410466 0.023773
vt 0.410466 0.009527
vt 0.412459 0.009527
vt 0.410466 0.010952
vt 0.412459 0.010952
vt 0.410466 0.012377
vt 0.412459 0.012377
vt 0.410466 0.013801
vt 0.412459 0.013801
vt 0.410466 0.015226
vt 0.412459 0.015226
vt 0.410466 0.016650
vt 0.412459 0.016650
vt 0.410466 0.018075
vt 0.412459 0.018075
vt 0.408473 0.018075
vt 0.408473 0.016650
vt 0.410466 0.015226
vt 0.408473 0.015226
vt 0.410466 0.013801
vt 0.408473 0.013801
vt 0.410466 0.012377
vt 0.408473 0.012377
vt 0.410466 0.010952
vt 0.408473 0.010952
vt 0.410466 0.009527
vt 0.408473 0.009527
vt 0.408473 0.008103
vt 0.410466 0.006678
vt 0.408473 0.006678
vt 0.408473 0.023773
vt 0.406480 0.008103
vt 0.408473 0.008103
vt 0.406480 0.006678
vt 0.406480 0.023773
vt 0.406480 0.009527
vt 0.408473 0.009527
vt 0.406480 0.010952
vt 0.408473 0.010952
vt 0.406480 0.012377
vt 0.406480 0.013801
vt 0.406480 0.015226
vt 0.408473 0.015226
vt 0.406480 0.016650
vt 0.406480 0.018075
vt 0.406480 0.015226
vt 0.406480 0.013801
vt 0.406480 0.012377
vt 0.406480 0.010952
vt 0.406480 0.009527
vt 0.406101 0.022840
vt 0.406989 0.022840
vt 0.406989 0.021571
vt 0.406101 0.021571
vt 0.406101 0.008880
vt 0.406989 0.008880
vt 0.406989 0.007611
vt 0.406101 0.007611
vt 0.406101 0.010150
vt 0.406989 0.010150
vt 0.406101 0.011419
vt 0.406989 0.011419
vt 0.406101 0.012688
vt 0.406989 0.012688
vt 0.406101 0.013957
vt 0.406989 0.013957
vt 0.406101 0.015226
vt 0.406989 0.015226
vt 0.406101 0.016495
vt 0.406989 0.016495
vt 0.406101 0.017764
vt 0.406989 0.017764
vt 0.406101 0.019033
vt 0.406989 0.019033
vt 0.406101 0.020302
vt 0.406989 0.020302
vt 0.408764 0.020302
vt 0.408764 0.019033
vt 0.408764 0.021571
vt 0.410540 0.020302
vt 0.410540 0.019033
vt 0.408764 0.021571
vt 0.410540 0.021571
vt 0.412315 0.020302
vt 0.412315 0.019033
vt 0.410540 0.021571
vt 0.412315 0.021571
vt 0.414091 0.020302
vt 0.414091 0.019033
vt 0.412315 0.021571
vt 0.414091 0.021571
vt 0.414091 0.020302
vt 0.415866 0.020302
vt 0.415866 0.019033
vt 0.414091 0.019033
vt 0.414091 0.021571
vt 0.415866 0.021571
vt 0.417642 0.020302
vt 0.417642 0.019033
vt 0.415866 0.019033
vt 0.417642 0.021571
vt 0.419417 0.020302
vt 0.419417 0.019033
vt 0.419417 0.021571
vt 0.419417 0.020302
vt 0.421193 0.020302
vt 0.421193 0.019033
vt 0.419417 0.019033
vt 0.421193 0.021571
vt 0.422968 0.020302
vt 0.422968 0.019033
vt 0.421193 0.019033
vt 0.421193 0.021571
vt 0.422968 0.021571
vt 0.422968 0.020302
vt 0.424744 0.020302
vt 0.424744 0.019033
vt 0.422968 0.019033
vt 0.424744 0.021571
vt 0.426519 0.020302
vt 0.426519 0.019033
vt 0.424744 0.021571
vt 0.426519 0.021571
vt 0.426519 0.020302
vt 0.428295 0.020302
vt 0.428295 0.019033
vt 0.426519 0.019033
vt 0.428295 0.021571
vt 0.430070 0.020302
vt 0.430070 0.019033
vt 0.430070 0.021571
vt 0.431842 0.020302
vt 0.431842 0.019033
vt 0.431842 0.021571
vt 0.431846 0.020302
vt 0.431846 0.019033
vt 0.431846 0.021571
vt 0.433621 0.020302
vt 0.433621 0.019033
vt 0.433621 0.021571
vt 0.433621 0.020302
vt 0.435396 0.020302
vt 0.435396 0.019033
vt 0.433621 0.019033
vt 0.433621 0.021571
vt 0.435396 0.021571
vt 0.435396 0.020302
vt 0.437172 0.020302
vt 0.437172 0.019033
vt 0.435396 0.021571
vt 0.437172 0.021571
vt 0.438947 0.020302
vt 0.438947 0.019033
vt 0.437172 0.021571
vt 0.438947 0.021571
vt 0.440723 0.020302
vt 0.440723 0.019033
vt 0.438947 0.019033
vt 0.438947 0.021571
vt 0.440723 0.021571
vt 0.442498 0.020302
vt 0.442498 0.019033
vt 0.440723 0.021571
vt 0.442498 0.021571
vt 0.444274 0.020302
vt 0.444274 0.019033
vt 0.442498 0.021571
vt 0.444274 0.021571
vt 0.446039 0.020302
vt 0.446039 0.019033
vt 0.444274 0.021571
vt 0.446039 0.021571
vt 0.446049 0.020302
vt 0.446049 0.019033
vt 0.446049 0.021571
vt 0.447825 0.020302
vt 0.447825 0.019033
vt 0.447825 0.021571
vt 0.446249 0.019910
vt 0.446249 0.018739
vt 0.446249 0.021081
vt 0.447825 0.022840
vt 0.446249 0.022253
vt 0.447825 0.008880
vt 0.446249 0.009370
vt 0.446249 0.008199
vt 0.447825 0.007611
vt 0.447825 0.010150
vt 0.446249 0.010541
vt 0.447825 0.011419
vt 0.446249 0.011712
vt 0.447825 0.012688
vt 0.446250 0.012883
vt 0.447825 0.013957
vt 0.446249 0.014055
vt 0.447825 0.015226
vt 0.446249 0.015226
vt 0.447825 0.016495
vt 0.446249 0.016397
vt 0.447825 0.017764
vt 0.446250 0.017568
vt 0.447825 0.017764
vt 0.446049 0.017764
vt 0.446049 0.016495
vt 0.447825 0.015226
vt 0.446049 0.015226
vt 0.447825 0.013957
vt 0.446049 0.013957
vt 0.446049 0.012688
vt 0.446049 0.011419
vt 0.446049 0.010150
vt 0.447825 0.008880
vt 0.446049 0.008880
vt 0.446049 0.007611
vt 0.446049 0.022840
vt 0.446039 0.008880
vt 0.446039 0.007611
vt 0.446039 0.022840
vt 0.444274 0.008880
vt 0.444274 0.007611
vt 0.444274 0.022840
vt 0.444274 0.010150
vt 0.446039 0.010150
vt 0.444274 0.011419
vt 0.446039 0.011419
vt 0.444274 0.012688
vt 0.446039 0.012688
vt 0.444274 0.013957
vt 0.446039 0.013957
vt 0.444274 0.015226
vt 0.446039 0.015226
vt 0.444274 0.016495
vt 0.446039 0.016495
vt 0.444274 0.017764
vt 0.446039 0.017764
vt 0.442498 0.017764
vt 0.442498 0.016495
vt 0.442498 0.015226
vt 0.444274 0.013957
vt 0.442498 0.013957
vt 0.442498 0.012688
vt 0.444274 0.011419
vt 0.442498 0.011419
vt 0.442498 0.010150
vt 0.442498 0.008880
vt 0.442498 0.007611
vt 0.442498 0.022840
vt 0.440723 0.008880
vt 0.440723 0.007611
vt 0.440723 0.022840
vt 0.440723 0.010150
vt 0.440723 0.011419
vt 0.440723 0.012688
vt 0.440723 0.013957
vt 0.442498 0.013957
vt 0.440723 0.015226
vt 0.442498 0.015226
vt 0.440723 0.016495
vt 0.442498 0.016495
vt 0.440723 0.017764
vt 0.440723 0.017764
vt 0.438947 0.017764
vt 0.438947 0.016495
vt 0.440723 0.015226
vt 0.438947 0.015226
vt 0.440723 0.013957
vt 0.438947 0.013957
vt 0.438947 0.012688
vt 0.438947 0.011419
vt 0.438947 0.010150
vt 0.438947 0.008880
vt 0.438947 0.007611
vt 0.438947 0.022840
vt 0.437172 0.008880
vt 0.438947 0.008880
vt 0.437172 0.007611
vt 0.437172 0.022840
vt 0.437172 0.010150
vt 0.437172 0.011419
vt 0.437172 0.012688
vt 0.437172 0.013957
vt 0.438947 0.013957
vt 0.437172 0.015226
vt 0.437172 0.016495
vt 0.438947 0.016495
vt 0.437172 0.017764
vt 0.437172 0.017764
vt 0.435396 0.017764
vt 0.437172 0.016495
vt 0.435396 0.016495
vt 0.437172 0.015226
vt 0.435396 0.015226
vt 0.435396 0.013957
vt 0.437172 0.012688
vt 0.435396 0.012688
vt 0.437172 0.011419
vt 0.435396 0.011419
vt 0.435396 0.010150
vt 0.435396 0.008880
vt 0.437172 0.007611
vt 0.435396 0.007611
vt 0.435396 0.022840
vt 0.433621 0.008880
vt 0.435396 0.007611
vt 0.433621 0.007611
vt 0.433621 0.022840
vt 0.433621 0.010150
vt 0.433621 0.011419
vt 0.433621 0.012688
vt 0.435397 0.012688
vt 0.433621 0.013957
vt 0.435396 0.013957
vt 0.433621 0.015226
vt 0.435397 0.015226
vt 0.433621 0.016495
vt 0.435397 0.016495
vt 0.433621 0.017764
vt 0.431846 0.017764
vt 0.431846 0.016495
vt 0.433621 0.015226
vt 0.431846 0.015226
vt 0.433621 0.013957
vt 0.431846 0.013957
vt 0.433621 0.012688
vt 0.431846 0.012688
vt 0.433621 0.011419
vt 0.431846 0.011419
vt 0.431846 0.010150
vt 0.431846 0.008880
vt 0.433621 0.007611
vt 0.431846 0.007611
vt 0.431846 0.022840
vt 0.433621 0.022840
vt 0.431842 0.008880
vt 0.431842 0.007611
vt 0.431842 0.022840
vt 0.430070 0.008880
vt 0.430070 0.007611
vt 0.430070 0.022840
vt 0.430070 0.010150
vt 0.431842 0.010150
vt 0.430070 0.011419
vt 0.431842 0.011419
vt 0.430070 0.012688
vt 0.431842 0.012688
vt 0.430070 0.013957
vt 0.431842 0.013957
vt 0.430070 0.015226
vt 0.431842 0.015226
vt 0.430070 0.016495
vt 0.431842 0.016495
vt 0.430070 0.017764
vt 0.431842 0.017764
vt 0.428295 0.017764
vt 0.430070 0.016495
vt 0.428295 0.016495
vt 0.430070 0.015226
vt 0.428295 0.015226
vt 0.428295 0.013957
vt 0.428295 0.012688
vt 0.428295 0.011419
vt 0.428295 0.010150
vt 0.428295 0.008880
vt 0.428295 0.007611
vt 0.428295 0.022840
vt 0.426519 0.008880
vt 0.426519 0.007611
vt 0.426519 0.022840
vt 0.426519 0.010150
vt 0.426519 0.011419
vt 0.426519 0.012688
vt 0.426519 0.013957
vt 0.428295 0.013957
vt 0.426519 0.015226
vt 0.428295 0.015226
vt 0.426519 0.016495
vt 0.428295 0.016495
vt 0.426519 0.017764
vt 0.428295 0.017764
vt 0.426519 0.017764
vt 0.424744 0.017764
vt 0.426519 0.016495
vt 0.424744 0.016495
vt 0.426519 0.015226
vt 0.424744 0.015226
vt 0.424744 0.013957
vt 0.424744 0.012688
vt 0.426519 0.011419
vt 0.424744 0.011419
vt 0.426519 0.010150
vt 0.424744 0.010150
vt 0.426519 0.008880
vt 0.424744 0.008880
vt 0.424744 0.007611
vt 0.424744 0.022840
vt 0.422968 0.008880
vt 0.424744 0.008880
vt 0.424744 0.007611
vt 0.422968 0.007611
vt 0.422968 0.022840
vt 0.422968 0.010150
vt 0.422968 0.011419
vt 0.424744 0.011419
vt 0.422968 0.012688
vt 0.422968 0.013957
vt 0.422968 0.015226
vt 0.424744 0.015226
vt 0.422968 0.016495
vt 0.422968 0.017764
vt 0.422968 0.017764
vt 0.421193 0.017764
vt 0.421193 0.016495
vt 0.421193 0.015226
vt 0.422968 0.013957
vt 0.421193 0.013957
vt 0.421193 0.012688
vt 0.421193 0.011419
vt 0.422968 0.010150
vt 0.421193 0.010150
vt 0.422968 0.008880
vt 0.421193 0.008880
vt 0.422968 0.007611
vt 0.421193 0.007611
vt 0.421193 0.022840
vt 0.419417 0.008880
vt 0.421193 0.007611
vt 0.419417 0.007611
vt 0.419417 0.022840
vt 0.419417 0.010150
vt 0.419417 0.011419
vt 0.419417 0.012688
vt 0.421193 0.012688
vt 0.419417 0.013957
vt 0.421193 0.013957
vt 0.419417 0.015226
vt 0.421193 0.015226
vt 0.419417 0.016495
vt 0.419417 0.017764
vt 0.419417 0.017764
vt 0.417642 0.017764
vt 0.417642 0.016495
vt 0.419417 0.015226
vt 0.417642 0.015226
vt 0.419417 0.013957
vt 0.417642 0.013957
vt 0.419417 0.012688
vt 0.417642 0.012688
vt 0.419417 0.011419
vt 0.417642 0.011419
vt 0.419417 0.010150
vt 0.417642 0.010150
vt 0.417642 0.008880
vt 0.419417 0.007611
vt 0.417642 0.007611
vt 0.417642 0.022840
vt 0.415866 0.008880
vt 0.417642 0.008880
vt 0.417642 0.007611
vt 0.415866 0.007611
vt 0.415866 0.022840
vt 0.415866 0.010150
vt 0.415866 0.011419
vt 0.415866 0.012688
vt 0.415866 0.013957
vt 0.417642 0.013957
vt 0.415866 0.015226
vt 0.417642 0.015226
vt 0.415866 0.016495
vt 0.415866 0.017764
vt 0.417642 0.017764
vt 0.414091 0.017764
vt 0.414091 0.016495
vt 0.415866 0.015226
vt 0.414091 0.015226
vt 0.415866 0.013957
vt 0.414091 0.013957
vt 0.414091 0.012688
vt 0.414091 0.011419
vt 0.414091 0.010150
vt 0.414091 0.008880
vt 0.414091 0.007611
vt 0.414091 0.022840
vt 0.412315 0.008880
vt 0.414091 0.008880
vt 0.412315 0.007611
vt 0.412315 0.022840
vt 0.412315 0.010150
vt 0.414091 0.010150
vt 0.412315 0.011419
vt 0.414091 0.011419
vt 0.412315 0.012688
vt 0.414091 0.012688
vt 0.412315 0.013957
vt 0.414091 0.013957
vt 0.412315 0.015226
vt 0.414091 0.015226
vt 0.412315 0.016495
vt 0.414091 0.016495
vt 0.412315 0.017764
vt 0.414091 0.017764
vt 0.410540 0.017764
vt 0.410540 0.016495
vt 0.410540 0.015226
vt 0.410540 0.013957
vt 0.410540 0.012688
vt 0.410540 0.011419
vt 0.410540 0.010150
vt 0.410540 0.008880
vt 0.412315 0.007611
vt 0.410540 0.007611
vt 0.410540 0.022840
vt 0.408764 0.008880
vt 0.408764 0.007611
vt 0.408764 0.022840
vt 0.408764 0.010150
vt 0.408764 0.011419
vt 0.410540 0.011419
vt 0.408764 0.012688
vt 0.408764 0.013957
vt 0.410540 0.013957
vt 0.408764 0.015226
vt 0.408764 0.016495
vt 0.408764 0.017764
vt 0.408764 0.015226
vt 0.408765 0.013957
vt 0.408764 0.012688
vt 0.408764 0.008880
vt 0.408764 0.007611
vt 0.407745 0.022253
vt 0.407745 0.021081
vt 0.408564 0.021081
vt 0.408564 0.022253
vt 0.407745 0.009370
vt 0.407745 0.008199
vt 0.408564 0.008199
vt 0.408564 0.009370
vt 0.407745 0.010541
vt 0.408564 0.010541
vt 0.407745 0.011712
vt 0.408564 0.011712
vt 0.407745 0.012883
vt 0.408564 0.012883
vt 0.407745 0.014055
vt 0.408564 0.014055
vt 0.407745 0.015226
vt 0.408564 0.015226
vt 0.407745 0.016397
vt 0.408564 0.016397
vt 0.407745 0.017568
vt 0.408564 0.017568
vt 0.407745 0.018739
vt 0.408564 0.018739
vt 0.407745 0.019910
vt 0.408564 0.019910
vt 0.408564 0.019910
vt 0.410203 0.018739
vt 0.410203 0.019910
vt 0.410203 0.021081
vt 0.410203 0.019910
vt 0.411841 0.018739
vt 0.411841 0.019910
vt 0.411841 0.021081
vt 0.411841 0.019910
vt 0.411841 0.018739
vt 0.413480 0.018739
vt 0.413480 0.019910
vt 0.413480 0.021081
vt 0.413480 0.019910
vt 0.413480 0.018739
vt 0.415118 0.018739
vt 0.415118 0.019910
vt 0.413480 0.021081
vt 0.415118 0.021081
vt 0.415118 0.018739
vt 0.416757 0.018739
vt 0.416757 0.019910
vt 0.415118 0.021081
vt 0.416757 0.021081
vt 0.418395 0.018739
vt 0.418395 0.019910
vt 0.416757 0.021081
vt 0.418395 0.021081
vt 0.420034 0.018739
vt 0.420034 0.019910
vt 0.420034 0.021081
vt 0.420034 0.019910
vt 0.421672 0.018739
vt 0.421672 0.019910
vt 0.420034 0.021081
vt 0.421672 0.021081
vt 0.421672 0.019910
vt 0.421672 0.018739
vt 0.423311 0.018739
vt 0.423311 0.019910
vt 0.421672 0.021081
vt 0.423311 0.021081
vt 0.423311 0.019910
vt 0.423311 0.018739
vt 0.424949 0.018739
vt 0.424949 0.019910
vt 0.424949 0.021081
vt 0.426588 0.018739
vt 0.426588 0.019910
vt 0.426588 0.021081
vt 0.428226 0.018739
vt 0.428226 0.019910
vt 0.426588 0.021081
vt 0.428226 0.021081
vt 0.429865 0.018739
vt 0.429865 0.019910
vt 0.429865 0.021081
vt 0.429865 0.018739
vt 0.431503 0.018739
vt 0.431503 0.019910
vt 0.429865 0.021081
vt 0.431503 0.021081
vt 0.431503 0.019910
vt 0.433142 0.018739
vt 0.433142 0.019910
vt 0.433142 0.021081
vt 0.433142 0.018739
vt 0.434780 0.018739
vt 0.434780 0.019910
vt 0.434780 0.021081
vt 0.436419 0.018739
vt 0.436419 0.019910
vt 0.436419 0.021081
vt 0.436419 0.019910
vt 0.438057 0.018739
vt 0.438057 0.019910
vt 0.436419 0.021081
vt 0.438057 0.021081
vt 0.439696 0.018739
vt 0.439696 0.019910
vt 0.439696 0.021081
vt 0.439696 0.019910
vt 0.441334 0.018739
vt 0.441334 0.019910
vt 0.441334 0.021081
vt 0.442973 0.018739
vt 0.442973 0.019910
vt 0.441334 0.021081
vt 0.442973 0.021081
vt 0.442973 0.019910
vt 0.444611 0.018739
vt 0.444611 0.019910
vt 0.442973 0.021081
vt 0.444611 0.021081
vt 0.444611 0.019910
vt 0.444611 0.018739
vt 0.444611 0.021081
vt 0.444611 0.017568
vt 0.446249 0.017568
vt 0.444611 0.016397
vt 0.444611 0.015226
vt 0.446249 0.015226
vt 0.444611 0.014055
vt 0.444611 0.012883
vt 0.446249 0.012883
vt 0.444611 0.011712
vt 0.444611 0.010541
vt 0.444611 0.009370
vt 0.444611 0.008199
vt 0.444611 0.022253
vt 0.442972 0.009370
vt 0.442973 0.008199
vt 0.442973 0.022253
vt 0.442972 0.010541
vt 0.442973 0.011712
vt 0.444611 0.011712
vt 0.442973 0.012883
vt 0.442973 0.014055
vt 0.442973 0.015226
vt 0.442973 0.016397
vt 0.444611 0.016397
vt 0.442973 0.017568
vt 0.441334 0.017568
vt 0.441334 0.016397
vt 0.442973 0.016397
vt 0.441334 0.015226
vt 0.442973 0.015226
vt 0.441334 0.014055
vt 0.441334 0.012883
vt 0.441334 0.011712
vt 0.441334 0.010541
vt 0.442973 0.010541
vt 0.441334 0.009370
vt 0.442973 0.009370
vt 0.441334 0.008199
vt 0.441334 0.022253
vt 0.442973 0.022253
vt 0.439696 0.009370
vt 0.439696 0.008199
vt 0.439696 0.022253
vt 0.441334 0.022253
vt 0.439696 0.010541
vt 0.439696 0.011712
vt 0.441334 0.011712
vt 0.439696 0.012883
vt 0.439696 0.014055
vt 0.439696 0.015226
vt 0.441334 0.015226
vt 0.439696 0.016397
vt 0.439696 0.017568
vt 0.438057 0.017568
vt 0.438057 0.016397
vt 0.439696 0.016397
vt 0.438057 0.015226
vt 0.439696 0.015226
vt 0.438057 0.014055
vt 0.438057 0.012883
vt 0.438057 0.011712
vt 0.438057 0.010541
vt 0.439696 0.010541
vt 0.438057 0.009370
vt 0.438057 0.008199
vt 0.438057 0.022253
vt 0.439696 0.022253
vt 0.436419 0.009370
vt 0.436419 0.008199
vt 0.438057 0.009370
vt 0.436419 0.022253
vt 0.436419 0.010541
vt 0.436419 0.011712
vt 0.438057 0.011712
vt 0.436419 0.012883
vt 0.436419 0.014055
vt 0.436419 0.015226
vt 0.438057 0.015226
vt 0.436419 0.016397
vt 0.438057 0.016397
vt 0.436419 0.017568
vt 0.434780 0.017568
vt 0.434780 0.016397
vt 0.436419 0.016397
vt 0.434780 0.015226
vt 0.436419 0.015226
vt 0.434780 0.014055
vt 0.434780 0.012883
vt 0.434780 0.011712
vt 0.434780 0.010541
vt 0.436419 0.010541
vt 0.434780 0.009370
vt 0.436419 0.009370
vt 0.434780 0.008199
vt 0.434780 0.022253
vt 0.433142 0.009370
vt 0.433142 0.008199
vt 0.433142 0.022253
vt 0.434780 0.022253
vt 0.433142 0.010541
vt 0.434780 0.010541
vt 0.433142 0.011712
vt 0.433142 0.012883
vt 0.433142 0.014055
vt 0.433142 0.015226
vt 0.433142 0.016397
vt 0.434780 0.016397
vt 0.433142 0.017568
vt 0.431503 0.017568
vt 0.431503 0.016397
vt 0.431503 0.015226
vt 0.433142 0.015226
vt 0.431503 0.014055
vt 0.433142 0.014055
vt 0.431503 0.012883
vt 0.433142 0.012883
vt 0.431503 0.011712
vt 0.433142 0.011712
vt 0.431503 0.010541
vt 0.431503 0.009370
vt 0.433142 0.009370
vt 0.431503 0.008199
vt 0.431503 0.022253
vt 0.429865 0.009370
vt 0.429865 0.008199
vt 0.431503 0.009370
vt 0.429865 0.022253
vt 0.429865 0.010541
vt 0.429865 0.011712
vt 0.429865 0.012883
vt 0.429865 0.014055
vt 0.429865 0.015226
vt 0.431503 0.015226
vt 0.429865 0.016397
vt 0.429865 0.017568
vt 0.431503 0.017568
vt 0.428226 0.017568
vt 0.429865 0.017568
vt 0.428226 0.016397
vt 0.428226 0.015226
vt 0.429865 0.015226
vt 0.428226 0.014055
vt 0.428226 0.012883
vt 0.428226 0.011712
vt 0.428226 0.010541
vt 0.429865 0.010541
vt 0.428226 0.009370
vt 0.428226 0.008199
vt 0.428226 0.022253
vt 0.426588 0.009370
vt 0.426588 0.008199
vt 0.426588 0.022253
vt 0.426588 0.010541
vt 0.426588 0.011712
vt 0.426588 0.012883
vt 0.426588 0.014055
vt 0.426588 0.015226
vt 0.428226 0.015226
vt 0.426588 0.016397
vt 0.426588 0.017568
vt 0.424949 0.017568
vt 0.426588 0.017568
vt 0.424949 0.016397
vt 0.424949 0.015226
vt 0.426588 0.015226
vt 0.424949 0.014055
vt 0.426588 0.014055
vt 0.424949 0.012883
vt 0.426588 0.012883
vt 0.424949 0.011712
vt 0.426588 0.011712
vt 0.424949 0.010541
vt 0.424949 0.009370
vt 0.426588 0.009370
vt 0.424949 0.008199
vt 0.424949 0.022253
vt 0.423311 0.009370
vt 0.423311 0.008199
vt 0.423311 0.022253
vt 0.423311 0.010541
vt 0.423311 0.011712
vt 0.423311 0.012883
vt 0.424949 0.012883
vt 0.423311 0.014055
vt 0.423311 0.015226
vt 0.424949 0.015226
vt 0.423311 0.016397
vt 0.424949 0.016397
vt 0.423311 0.017568
vt 0.421672 0.017568
vt 0.423311 0.017568
vt 0.421672 0.016397
vt 0.423311 0.016397
vt 0.421672 0.015226
vt 0.423311 0.015226
vt 0.421672 0.014055
vt 0.423311 0.014055
vt 0.421672 0.012883
vt 0.423311 0.012883
vt 0.421672 0.011712
vt 0.423311 0.011712
vt 0.421672 0.010541
vt 0.421672 0.009370
vt 0.421672 0.008199
vt 0.421672 0.022253
vt 0.420034 0.009370
vt 0.420034 0.008199
vt 0.420034 0.022253
vt 0.420034 0.010541
vt 0.420034 0.011712
vt 0.421672 0.011712
vt 0.420034 0.012883
vt 0.421672 0.012883
vt 0.420034 0.014055
vt 0.421672 0.014055
vt 0.420034 0.015226
vt 0.421672 0.015226
vt 0.420034 0.016397
vt 0.421672 0.016397
vt 0.420034 0.017568
vt 0.421672 0.017568
vt 0.418395 0.017568
vt 0.420034 0.017568
vt 0.418395 0.016397
vt 0.420034 0.016397
vt 0.418395 0.015226
vt 0.420034 0.015226
vt 0.418395 0.014055
vt 0.420034 0.014055
vt 0.418395 0.012883
vt 0.420034 0.012883
vt 0.418395 0.011712
vt 0.418395 0.010541
vt 0.420034 0.010541
vt 0.418395 0.009370
vt 0.420034 0.009370
vt 0.418395 0.008199
vt 0.418395 0.022253
vt 0.416757 0.009370
vt 0.416757 0.008199
vt 0.416757 0.022253
vt 0.416757 0.010541
vt 0.416757 0.011712
vt 0.418395 0.011712
vt 0.416757 0.012883
vt 0.418395 0.012883
vt 0.416757 0.014055
vt 0.416757 0.015226
vt 0.418395 0.015226
vt 0.416757 0.016397
vt 0.418395 0.016397
vt 0.416757 0.017568
vt 0.418395 0.017568
vt 0.415118 0.017568
vt 0.415118 0.016397
vt 0.415118 0.015226
vt 0.415118 0.014055
vt 0.415118 0.012883
vt 0.415118 0.011712
vt 0.415118 0.010541
vt 0.415118 0.009370
vt 0.415118 0.008199
vt 0.415118 0.022253
vt 0.413480 0.009370
vt 0.413480 0.008199
vt 0.415118 0.009370
vt 0.413480 0.022253
vt 0.415118 0.022253
vt 0.413480 0.010541
vt 0.413480 0.011712
vt 0.413480 0.012883
vt 0.413480 0.014055
vt 0.413480 0.015226
vt 0.415118 0.015226
vt 0.413480 0.016397
vt 0.413480 0.017568
vt 0.411841 0.017568
vt 0.413480 0.017568
vt 0.411841 0.016397
vt 0.413480 0.016397
vt 0.411841 0.015226
vt 0.411841 0.014055
vt 0.411841 0.012883
vt 0.413480 0.012883
vt 0.411841 0.011712
vt 0.413480 0.011712
vt 0.411841 0.010541
vt 0.413480 0.010541
vt 0.411841 0.009370
vt 0.413480 0.009370
vt 0.411841 0.008199
vt 0.411841 0.022253
vt 0.410203 0.009370
vt 0.410203 0.008199
vt 0.411841 0.009370
vt 0.410203 0.022253
vt 0.410203 0.010541
vt 0.411841 0.010541
vt 0.410203 0.011712
vt 0.410203 0.012883
vt 0.410203 0.014055
vt 0.411841 0.014055
vt 0.410203 0.015226
vt 0.411841 0.015226
vt 0.410203 0.016397
vt 0.410203 0.017568
vt 0.408564 0.016397
vt 0.410203 0.016397
vt 0.410203 0.015226
vt 0.408564 0.014055
vt 0.410203 0.011712
vt 0.408564 0.010541
vt 0.405112 0.023194
vt 0.406041 0.023194
vt 0.406041 0.021866
vt 0.405112 0.021866
vt 0.405112 0.008586
vt 0.406041 0.008586
vt 0.406041 0.007258
vt 0.405112 0.007258
vt 0.405112 0.009914
vt 0.406041 0.009914
vt 0.405112 0.011242
vt 0.406041 0.011242
vt 0.405112 0.012570
vt 0.406041 0.012570
vt 0.405112 0.013898
vt 0.406041 0.013898
vt 0.405112 0.015226
vt 0.406041 0.015226
vt 0.405112 0.016554
vt 0.406041 0.016554
vt 0.405112 0.017882
vt 0.406041 0.017882
vt 0.405112 0.019210
vt 0.406041 0.019210
vt 0.405112 0.020538
vt 0.406041 0.020538
vt 0.407899 0.020538
vt 0.407899 0.019210
vt 0.407899 0.021866
vt 0.409757 0.020538
vt 0.409757 0.019210
vt 0.407899 0.019210
vt 0.407899 0.021866
vt 0.409757 0.021866
vt 0.409757 0.020538
vt 0.411609 0.020538
vt 0.411609 0.019210
vt 0.409757 0.019210
vt 0.409757 0.021866
vt 0.411609 0.021866
vt 0.411615 0.020538
vt 0.411615 0.019210
vt 0.411615 0.021866
vt 0.413473 0.020538
vt 0.413473 0.019210
vt 0.413473 0.021866
vt 0.413473 0.020538
vt 0.415331 0.020538
vt 0.415331 0.019210
vt 0.413473 0.019210
vt 0.413473 0.021866
vt 0.415331 0.021866
vt 0.417188 0.020538
vt 0.417188 0.019210
vt 0.417188 0.021866
vt 0.417188 0.020538
vt 0.419046 0.020538
vt 0.419046 0.019210
vt 0.417188 0.019210
vt 0.419046 0.021866
vt 0.420904 0.020538
vt 0.420904 0.019210
vt 0.419046 0.021866
vt 0.420904 0.021866
vt 0.420904 0.020538
vt 0.422762 0.020538
vt 0.422762 0.019210
vt 0.420904 0.019210
vt 0.420904 0.021866
vt 0.422762 0.021866
vt 0.422762 0.020538
vt 0.424620 0.020538
vt 0.424620 0.019210
vt 0.424620 0.021866
vt 0.424620 0.020538
vt 0.426478 0.020538
vt 0.426478 0.019210
vt 0.424620 0.021866
vt 0.426478 0.021866
vt 0.426478 0.020538
vt 0.428336 0.020538
vt 0.428336 0.019210
vt 0.428336 0.021866
vt 0.430194 0.020538
vt 0.430194 0.019210
vt 0.428336 0.021866
vt 0.430194 0.021866
vt 0.430194 0.020538
vt 0.432052 0.020538
vt 0.432052 0.019210
vt 0.430194 0.019210
vt 0.430194 0.021866
vt 0.432052 0.021866
vt 0.433910 0.020538
vt 0.433910 0.019210
vt 0.432052 0.021866
vt 0.433910 0.021866
vt 0.435767 0.020538
vt 0.435767 0.019210
vt 0.433910 0.021866
vt 0.435767 0.021866
vt 0.435767 0.020538
vt 0.437625 0.020538
vt 0.437625 0.019210
vt 0.437625 0.021866
vt 0.437625 0.020538
vt 0.439483 0.020538
vt 0.439483 0.019210
vt 0.437625 0.021866
vt 0.439483 0.021866
vt 0.439483 0.020538
vt 0.441341 0.020538
vt 0.441341 0.019210
vt 0.439483 0.021866
vt 0.441341 0.021866
vt 0.443199 0.020538
vt 0.443199 0.019210
vt 0.443199 0.021866
vt 0.445057 0.020538
vt 0.445057 0.019210
vt 0.443199 0.021866
vt 0.445057 0.021866
vt 0.446915 0.020538
vt 0.446915 0.019210
vt 0.445057 0.021866
vt 0.446915 0.021866
vt 0.448773 0.020538
vt 0.448773 0.019210
vt 0.446915 0.019210
vt 0.448773 0.021866
vt 0.448773 0.020538
vt 0.450631 0.020513
vt 0.450631 0.019162
vt 0.450631 0.021870
vt 0.448773 0.023194
vt 0.450630 0.023214
vt 0.448773 0.008586
vt 0.450631 0.008638
vt 0.450631 0.007304
vt 0.448773 0.007258
vt 0.448773 0.009914
vt 0.450631 0.009971
vt 0.448773 0.011242
vt 0.450631 0.011289
vt 0.448773 0.012570
vt 0.450630 0.012594
vt 0.448773 0.013898
vt 0.450630 0.013893
vt 0.448773 0.015226
vt 0.450630 0.015193
vt 0.448773 0.016554
vt 0.450631 0.016502
vt 0.448773 0.017882
vt 0.450631 0.017824
vt 0.448773 0.017882
vt 0.446915 0.017882
vt 0.448773 0.016554
vt 0.446915 0.016554
vt 0.448773 0.015226
vt 0.446915 0.015226
vt 0.446915 0.013898
vt 0.446915 0.012570
vt 0.446915 0.011242
vt 0.446915 0.009914
vt 0.446915 0.008586
vt 0.446915 0.007258
vt 0.446915 0.023194
vt 0.445057 0.008586
vt 0.445057 0.007258
vt 0.445057 0.023194
vt 0.445057 0.009914
vt 0.445057 0.011242
vt 0.445057 0.012570
vt 0.445057 0.013898
vt 0.445057 0.015226
vt 0.446915 0.015226
vt 0.445057 0.016554
vt 0.446915 0.016554
vt 0.445057 0.017882
vt 0.445057 0.017882
vt 0.443199 0.017882
vt 0.443199 0.016554
vt 0.443199 0.015226
vt 0.445057 0.013898
vt 0.443199 0.013898
vt 0.445057 0.012570
vt 0.443199 0.012570
vt 0.445057 0.011242
vt 0.443199 0.011242
vt 0.443199 0.009914
vt 0.445057 0.008586
vt 0.443199 0.008586
vt 0.443199 0.007258
vt 0.443199 0.023194
vt 0.441341 0.008586
vt 0.443199 0.007258
vt 0.441341 0.007258
vt 0.441341 0.023194
vt 0.441341 0.009914
vt 0.441341 0.011242
vt 0.441341 0.012570
vt 0.441341 0.013898
vt 0.443199 0.013898
vt 0.441341 0.015226
vt 0.443199 0.015226
vt 0.441341 0.016554
vt 0.443199 0.016554
vt 0.441341 0.017882
vt 0.439483 0.017882
vt 0.439483 0.016554
vt 0.441341 0.015226
vt 0.439483 0.015226
vt 0.441341 0.013898
vt 0.439483 0.013898
vt 0.439483 0.012570
vt 0.439483 0.011242
vt 0.439483 0.009914
vt 0.441341 0.008586
vt 0.439483 0.008586
vt 0.441341 0.007258
vt 0.439483 0.007258
vt 0.439483 0.023194
vt 0.441341 0.023194
vt 0.437625 0.008586
vt 0.437625 0.007258
vt 0.437625 0.023194
vt 0.437625 0.009914
vt 0.439483 0.009914
vt 0.437625 0.011242
vt 0.439483 0.011242
vt 0.437625 0.012570
vt 0.439483 0.012570
vt 0.437625 0.013898
vt 0.437625 0.015226
vt 0.437625 0.016554
vt 0.437625 0.017882
vt 0.435767 0.017882
vt 0.435767 0.016554
vt 0.437625 0.015226
vt 0.435767 0.015226
vt 0.435767 0.013898
vt 0.437625 0.012570
vt 0.435767 0.012570
vt 0.435767 0.011242
vt 0.435767 0.009914
vt 0.437625 0.008586
vt 0.435767 0.008586
vt 0.435767 0.007258
vt 0.435767 0.023194
vt 0.433910 0.008586
vt 0.435768 0.008586
vt 0.433910 0.007258
vt 0.433910 0.023194
vt 0.433910 0.009914
vt 0.433910 0.011242
vt 0.435767 0.011242
vt 0.433910 0.012570
vt 0.433910 0.013898
vt 0.433910 0.015226
vt 0.435767 0.015226
vt 0.433910 0.016554
vt 0.435768 0.016554
vt 0.433910 0.017882
vt 0.435767 0.017882
vt 0.432052 0.017882
vt 0.432052 0.016554
vt 0.433910 0.015226
vt 0.432052 0.015226
vt 0.433910 0.013898
vt 0.432052 0.013898
vt 0.433910 0.012570
vt 0.432052 0.012570
vt 0.432052 0.011242
vt 0.433910 0.009914
vt 0.432052 0.009914
vt 0.432052 0.008586
vt 0.433910 0.007258
vt 0.432052 0.007258
vt 0.432052 0.023194
vt 0.430194 0.008586
vt 0.430194 0.007258
vt 0.430194 0.023194
vt 0.430194 0.009914
vt 0.430194 0.011242
vt 0.430194 0.012570
vt 0.430194 0.013898
vt 0.430194 0.015226
vt 0.432052 0.015226
vt 0.430194 0.016554
vt 0.430194 0.017882
vt 0.430194 0.017882
vt 0.428336 0.017882
vt 0.430194 0.016554
vt 0.428336 0.016554
vt 0.430194 0.015226
vt 0.428336 0.015226
vt 0.430194 0.013898
vt 0.428336 0.013898
vt 0.428336 0.012570
vt 0.428336 0.011242
vt 0.428336 0.009914
vt 0.428336 0.008586
vt 0.430194 0.007258
vt 0.428336 0.007258
vt 0.428336 0.023194
vt 0.426478 0.008586
vt 0.426478 0.007258
vt 0.426478 0.023194
vt 0.426478 0.009914
vt 0.426478 0.011242
vt 0.426478 0.012570
vt 0.426478 0.013898
vt 0.426478 0.015226
vt 0.426478 0.016554
vt 0.426478 0.017882
vt 0.424620 0.017882
vt 0.424620 0.016554
vt 0.426478 0.015226
vt 0.424620 0.015226
vt 0.424620 0.013898
vt 0.424620 0.012570
vt 0.424620 0.011242
vt 0.424620 0.009914
vt 0.424620 0.008586
vt 0.424620 0.007258
vt 0.424620 0.023194
vt 0.422762 0.008586
vt 0.422762 0.007258
vt 0.422762 0.023194
vt 0.422762 0.009914
vt 0.424620 0.009914
vt 0.422762 0.011242
vt 0.424620 0.011242
vt 0.422762 0.012570
vt 0.424620 0.012570
vt 0.422762 0.013898
vt 0.424620 0.013898
vt 0.422762 0.015226
vt 0.424620 0.015226
vt 0.422762 0.016554
vt 0.424620 0.016554
vt 0.422762 0.017882
vt 0.424620 0.017882
vt 0.422762 0.017882
vt 0.420904 0.017882
vt 0.420904 0.016554
vt 0.420904 0.015226
vt 0.420904 0.013898
vt 0.420904 0.012570
vt 0.420904 0.011242
vt 0.420904 0.009914
vt 0.422762 0.008586
vt 0.420904 0.008586
vt 0.422762 0.007258
vt 0.420904 0.007258
vt 0.420904 0.023194
vt 0.419046 0.008586
vt 0.420904 0.008586
vt 0.419046 0.007258
vt 0.419046 0.023194
vt 0.419046 0.009914
vt 0.420904 0.009914
vt 0.419046 0.011242
vt 0.419046 0.012570
vt 0.420904 0.012570
vt 0.419046 0.013898
vt 0.419046 0.015226
vt 0.420904 0.015226
vt 0.419046 0.016554
vt 0.420904 0.016554
vt 0.419046 0.017882
vt 0.420904 0.017882
vt 0.419046 0.017882
vt 0.417188 0.017882
vt 0.417188 0.016554
vt 0.419046 0.015226
vt 0.417188 0.015226
vt 0.417188 0.013898
vt 0.417188 0.012570
vt 0.419046 0.011242
vt 0.417188 0.011242
vt 0.417188 0.009914
vt 0.417188 0.008586
vt 0.417188 0.007258
vt 0.417188 0.023194
vt 0.415331 0.008586
vt 0.417188 0.008586
vt 0.417188 0.007258
vt 0.415331 0.007258
vt 0.415331 0.023194
vt 0.415331 0.009914
vt 0.417188 0.009914
vt 0.415331 0.011242
vt 0.417188 0.011242
vt 0.415331 0.012570
vt 0.417188 0.012570
vt 0.415331 0.013898
vt 0.417188 0.013898
vt 0.415331 0.015226
vt 0.417188 0.015226
vt 0.415331 0.016554
vt 0.417188 0.016554
vt 0.415331 0.017882
vt 0.415331 0.017882
vt 0.413473 0.017882
vt 0.413473 0.016554
vt 0.415331 0.015226
vt 0.413473 0.015226
vt 0.415331 0.013898
vt 0.413473 0.013898
vt 0.413473 0.012570
vt 0.413473 0.011242
vt 0.413473 0.009914
vt 0.413473 0.008586
vt 0.413473 0.007258
vt 0.413473 0.023194
vt 0.411615 0.008586
vt 0.411615 0.007258
vt 0.411615 0.023194
vt 0.411615 0.009914
vt 0.413473 0.009914
vt 0.411615 0.011242
vt 0.411615 0.012570
vt 0.411615 0.013898
vt 0.413473 0.013898
vt 0.411615 0.015226
vt 0.411615 0.016554
vt 0.413473 0.016554
vt 0.411615 0.017882
vt 0.413473 0.017882
vt 0.411609 0.017882
vt 0.411609 0.016554
vt 0.409757 0.017882
vt 0.409757 0.016554
vt 0.411609 0.015226
vt 0.409757 0.015226
vt 0.411609 0.013898
vt 0.409757 0.013898
vt 0.411609 0.012570
vt 0.409757 0.012570
vt 0.411609 0.011242
vt 0.409757 0.011242
vt 0.411609 0.009914
vt 0.409757 0.009914
vt 0.411609 0.008586
vt 0.409757 0.008586
vt 0.411609 0.007258
vt 0.409757 0.007258
vt 0.409757 0.023194
vt 0.411609 0.023194
vt 0.407899 0.008586
vt 0.409757 0.008586
vt 0.409757 0.007258
vt 0.407899 0.007258
vt 0.407899 0.023194
vt 0.407899 0.009914
vt 0.409757 0.009914
vt 0.407899 0.011242
vt 0.409757 0.011242
vt 0.407899 0.012570
vt 0.407899 0.013898
vt 0.407899 0.015226
vt 0.409757 0.015226
vt 0.407899 0.016554
vt 0.409757 0.016554
vt 0.407899 0.017882
vt 0.409757 0.017882
vt 0.407899 0.017882
vt 0.407899 0.016554
vt 0.407899 0.015226
vt 0.407899 0.013898
vt 0.407899 0.012570
vt 0.407899 0.009914
vt 0.407899 0.008586
vt 0.736747 0.774741
vt 0.821467 0.813204
vt 0.796389 0.846153
vt 0.829765 0.772637
vt 0.759499 0.864959
vt 0.718102 0.865897
vt 0.680398 0.848780
vt 0.653854 0.816999
vt 0.643729 0.776848
vt 0.652027 0.736281
vt 0.677105 0.703331
vt 0.713996 0.684525
vt 0.755392 0.683588
vt 0.793096 0.700705
vt 0.819640 0.732486
vt 0.875989 0.658448
vt 0.894634 0.567294
vt 0.932338 0.584411
vt 0.853237 0.568231
vt 0.816346 0.587037
vt 0.782971 0.660555
vt 0.791269 0.619987
vt 0.793096 0.700705
vt 0.819640 0.732486
vt 0.898741 0.748665
vt 0.857344 0.749603
vt 0.935631 0.729859
vt 0.960709 0.696910
vt 0.958881 0.616192
vt 0.969007 0.656342
vt 0.891509 0.723977
vt 0.975421 0.704826
vt 0.975421 0.743130
vt 0.958801 0.670314
vt 0.928854 0.646432
vt 0.891509 0.637908
vt 0.854165 0.646432
vt 0.824217 0.670314
vt 0.807598 0.704826
vt 0.807598 0.743130
vt 0.824217 0.777641
vt 0.854165 0.801524
vt 0.891509 0.810047
vt 0.928854 0.801524
vt 0.958801 0.777641
vt 0.723687 0.723978
vt 0.723686 0.637909
vt 0.761030 0.646432
vt 0.790978 0.670315
vt 0.807598 0.704826
vt 0.807598 0.743130
vt 0.790978 0.777642
vt 0.761030 0.801524
vt 0.723686 0.810048
vt 0.686342 0.801524
vt 0.656394 0.777642
vt 0.639775 0.743130
vt 0.639775 0.704826
vt 0.656394 0.670315
vt 0.686342 0.646432
vt 0.863207 0.687253
vt 0.942194 0.723729
vt 0.918545 0.754388
vt 0.950199 0.685846
vt 0.883936 0.771750
vt 0.845221 0.772376
vt 0.810069 0.756142
vt 0.785441 0.726264
vt 0.776216 0.688659
vt 0.784221 0.650775
vt 0.807870 0.620117
vt 0.842479 0.602755
vt 0.881194 0.602129
vt 0.916346 0.618363
vt 0.940974 0.648241
vt 0.732302 0.795153
vt 0.819294 0.793747
vt 0.811289 0.831630
vt 0.810068 0.756142
vt 0.785441 0.726264
vt 0.711574 0.710656
vt 0.750288 0.710030
vt 0.676964 0.728018
vt 0.653315 0.758676
vt 0.654536 0.834165
vt 0.645311 0.796560
vt 0.679163 0.864043
vt 0.714316 0.880277
vt 0.787640 0.862289
vt 0.753031 0.879651
vt 0.744569 0.701167
vt 0.769323 0.779890
vt 0.732715 0.782834
vt 0.801028 0.761354
vt 0.821550 0.730897
vt 0.815810 0.659517
vt 0.826826 0.694551
vt 0.790683 0.632731
vt 0.756423 0.619500
vt 0.688110 0.640981
vt 0.719815 0.622445
vt 0.667588 0.671438
vt 0.662312 0.707783
vt 0.698455 0.769603
vt 0.673328 0.742818
vt 0.878010 0.791083
vt 0.954992 0.820811
vt 0.934469 0.851268
vt 0.960267 0.784466
vt 0.902764 0.869805
vt 0.866156 0.872750
vt 0.831896 0.859519
vt 0.806769 0.832734
vt 0.795753 0.797699
vt 0.801028 0.761354
vt 0.821551 0.730897
vt 0.853255 0.712360
vt 0.889863 0.709415
vt 0.924123 0.722646
vt 0.949250 0.749431
vt 0.412596 0.517515
vt 0.412596 0.572837
vt 0.412596 0.412596
vt 0.412596 0.467918
vt 0.412596 0.427163
vt 0.412596 0.452173
vt 0.412596 0.441730
vt 0.412596 0.456733
vt 0.412596 0.456298
vt 0.412596 0.465707
vt 0.412596 0.470865
vt 0.412596 0.476131
vt 0.412596 0.485433
vt 0.412596 0.487134
vt 0.412596 0.500000
vt 0.412596 0.498298
vt 0.412596 0.514567
vt 0.412596 0.509302
vt 0.412596 0.529135
vt 0.412596 0.519726
vt 0.412596 0.543702
vt 0.412596 0.528699
vt 0.412596 0.558270
vt 0.412596 0.533260
vt 0.391459 0.518602
vt 0.391459 0.590451
vt 0.391459 0.391459
vt 0.391459 0.463308
vt 0.391459 0.409549
vt 0.391459 0.443629
vt 0.391459 0.427639
vt 0.391459 0.448131
vt 0.391459 0.445729
vt 0.391459 0.458565
vt 0.391459 0.463820
vt 0.391459 0.470997
vt 0.391459 0.481910
vt 0.391459 0.484228
vt 0.391459 0.500000
vt 0.391459 0.497682
vt 0.391459 0.518090
vt 0.391459 0.510913
vt 0.391459 0.536180
vt 0.391459 0.523344
vt 0.391459 0.554271
vt 0.391459 0.533779
vt 0.391459 0.572361
vt 0.391459 0.538281
vt 0.393029 0.455751
vt 0.393029 0.393029
vt 0.393029 0.589143
vt 0.393029 0.437229
vt 0.393029 0.410857
vt 0.393029 0.444507
vt 0.393029 0.428686
vt 0.393029 0.456463
vt 0.393029 0.446514
vt 0.393029 0.469919
vt 0.393029 0.464343
vt 0.393029 0.483974
vt 0.393029 0.482172
vt 0.393029 0.498197
vt 0.393029 0.500000
vt 0.393029 0.512252
vt 0.393029 0.517829
vt 0.393029 0.525709
vt 0.393029 0.535657
vt 0.393029 0.537664
vt 0.393029 0.553486
vt 0.393029 0.544943
vt 0.393029 0.571314
vt 0.393029 0.526421
vt 0.374022 0.457086
vt 0.374022 0.374022
vt 0.374022 0.604981
vt 0.374022 0.434245
vt 0.374022 0.395019
vt 0.374022 0.439594
vt 0.374022 0.416015
vt 0.374022 0.451783
vt 0.374022 0.437011
vt 0.374023 0.466268
vt 0.374022 0.458007
vt 0.374022 0.481672
vt 0.374022 0.479004
vt 0.374023 0.497332
vt 0.374022 0.500000
vt 0.374023 0.512736
vt 0.374022 0.520996
vt 0.374023 0.527221
vt 0.374022 0.541992
vt 0.374022 0.539410
vt 0.374022 0.562989
vt 0.374022 0.544759
vt 0.374022 0.583985
vt 0.374023 0.521917
vt 0.401282 0.523101
vt 0.401282 0.582265
vt 0.401282 0.401282
vt 0.401282 0.460446
vt 0.401282 0.417735
vt 0.401282 0.443105
vt 0.401282 0.434188
vt 0.401282 0.449402
vt 0.401282 0.450641
vt 0.401282 0.460200
vt 0.401282 0.467094
vt 0.401282 0.472450
vt 0.401282 0.483547
vt 0.401282 0.485278
vt 0.401282 0.500000
vt 0.401282 0.498269
vt 0.401282 0.516453
vt 0.401282 0.511098
vt 0.401282 0.532906
vt 0.401282 0.523347
vt 0.401282 0.549359
vt 0.401282 0.534145
vt 0.401282 0.565812
vt 0.401282 0.540442
vt 0.366295 0.506569
vt 0.366295 0.611421
vt 0.366295 0.366295
vt 0.366295 0.471147
vt 0.366295 0.388579
vt 0.366295 0.451282
vt 0.366295 0.410863
vt 0.366295 0.450341
vt 0.366295 0.433147
vt 0.366295 0.458033
vt 0.366295 0.455432
vt 0.366295 0.469349
vt 0.366295 0.477716
vt 0.366295 0.482209
vt 0.366295 0.500000
vt 0.366295 0.495507
vt 0.366295 0.522284
vt 0.366295 0.508367
vt 0.366295 0.544568
vt 0.366295 0.519682
vt 0.366295 0.566853
vt 0.366295 0.527375
vt 0.366295 0.589137
vt 0.366295 0.526433
vt 0.379918 0.448899
vt 0.379918 0.379918
vt 0.379918 0.600068
vt 0.379918 0.428426
vt 0.379918 0.399932
vt 0.379918 0.437051
vt 0.379918 0.419946
vt 0.379918 0.450723
vt 0.379918 0.439959
vt 0.379918 0.466009
vt 0.379918 0.459973
vt 0.379919 0.481938
vt 0.379918 0.479986
vt 0.379918 0.498048
vt 0.379918 0.500000
vt 0.379919 0.513978
vt 0.379918 0.520014
vt 0.379918 0.529264
vt 0.379918 0.540027
vt 0.379918 0.542936
vt 0.379918 0.560041
vt 0.379918 0.551560
vt 0.379918 0.580054
vt 0.379918 0.531089
s 1
f 2584/1/1 2585/2/2 13/3/3 2/4/4
f 2586/5/5 2584/6/1 2/7/4 3/8/6
f 2587/9/7 2586/5/5 3/8/6 4/10/8
f 2588/11/9 2587/9/7 4/10/8 5/12/10
f 2589/13/11 2588/11/9 5/12/10 6/14/12
f 2590/15/13 2589/13/11 6/14/12 7/16/14
f 2591/17/15 2590/15/13 7/16/14 8/18/16
f 2592/19/17 2591/17/15 8/18/16 9/20/18
f 2593/21/19 2592/19/17 9/20/18 10/22/20
f 2594/23/21 2593/21/19 10/22/20 11/24/22
f 2595/25/23 2594/23/21 11/24/22 12/26/24
f 2585/2/2 2595/25/23 12/26/24 13/3/3
f 12/26/24 11/27/22 15/28/25 14/29/26
f 13/30/3 12/26/24 14/29/26 16/31/27
f 14/32/26 15/33/25 18/34/28 17/35/29
f 16/36/27 14/32/26 17/35/29 19/37/30
f 17/35/29 18/34/28 21/38/31 20/39/32
f 19/40/30 17/35/29 20/39/32 22/41/33
f 20/42/32 21/38/31 24/43/34 23/44/35
f 22/45/33 20/42/32 23/44/35 25/46/36
f 23/44/35 24/43/34 27/47/37 26/48/38
f 25/49/36 23/44/35 26/48/38 28/50/39
f 26/51/38 27/52/37 30/53/40 29/54/41
f 28/55/39 26/51/38 29/54/41 31/56/42
f 29/57/41 30/53/40 33/58/43 32/59/44
f 31/56/42 29/57/41 32/59/44 34/60/45
f 32/59/44 33/61/43 36/62/46 35/63/47
f 34/64/45 32/59/44 35/63/47 37/65/48
f 35/63/47 36/62/46 39/66/49 38/67/50
f 37/68/48 35/63/47 38/67/50 40/69/51
f 38/70/50 39/66/49 42/71/52 41/72/53
f 40/73/51 38/70/50 41/72/53 43/74/54
f 41/75/53 42/71/52 45/76/55 44/77/56
f 43/78/54 41/75/53 44/77/56 46/79/57
f 44/80/56 45/81/55 48/82/58 47/83/59
f 46/84/57 44/80/56 47/83/59 49/85/60
f 47/83/59 48/82/58 51/86/61 50/87/62
f 49/88/60 47/83/59 50/87/62 52/89/63
f 50/87/62 51/86/61 54/90/64 53/91/65
f 52/92/63 50/87/62 53/91/65 55/93/66
f 53/91/65 54/94/64 57/95/67 56/96/68
f 55/97/66 53/91/65 56/96/68 58/98/69
f 56/96/68 57/95/67 60/99/70 59/100/71
f 58/98/69 56/96/68 59/100/71 61/101/72
f 59/100/71 60/99/70 63/102/73 62/103/74
f 61/104/72 59/100/71 62/103/74 64/105/75
f 62/103/74 63/106/73 66/107/76 65/108/77
f 64/109/75 62/103/74 65/108/77 67/110/78
f 65/111/77 66/107/76 69/112/79 68/113/80
f 67/114/78 65/111/77 68/113/80 70/115/81
f 68/116/80 69/112/79 72/117/82 71/118/83
f 70/119/81 68/116/80 71/118/83 73/120/84
f 71/118/83 72/117/82 75/121/85 74/122/86
f 73/120/84 71/118/83 74/122/86 76/123/87
f 74/124/86 75/125/85 78/126/88 77/127/89
f 76/128/87 74/124/86 77/127/89 79/129/90
f 77/130/89 78/131/88 81/132/91 80/133/92
f 79/134/90 77/130/89 80/133/92 82/135/93
f 78/131/88 92/136/94 91/137/95 81/132/91
f 92/136/94 93/138/96 90/139/97 91/137/95
f 93/138/96 94/140/98 89/141/99 90/139/97
f 94/140/98 95/142/100 88/143/101 89/141/99
f 95/142/100 96/144/102 87/145/103 88/143/101
f 96/144/102 97/146/104 86/147/105 87/145/103
f 97/146/104 98/148/106 85/149/107 86/147/105
f 98/148/106 99/150/108 84/151/109 85/149/107
f 99/150/108 100/152/110 83/153/111 84/151/109
f 100/154/110 79/134/90 82/135/93 83/155/111
f 102/156/112 101/157/113 100/152/110 99/158/108
f 101/159/113 76/128/87 79/129/90 100/154/110
f 103/160/114 102/156/112 99/158/108 98/148/106
f 104/161/115 103/160/114 98/148/106 97/162/104
f 105/163/116 104/161/115 97/162/104 96/144/102
f 106/164/117 105/163/116 96/144/102 95/142/100
f 107/165/118 106/164/117 95/142/100 94/166/98
f 108/167/119 107/165/118 94/166/98 93/168/96
f 109/169/120 108/167/119 93/168/96 92/170/94
f 75/125/85 109/169/120 92/170/94 78/126/88
f 72/117/82 110/171/121 109/172/120 75/121/85
f 110/171/121 111/173/122 108/174/119 109/172/120
f 111/173/122 112/175/123 107/176/118 108/174/119
f 112/175/123 113/177/124 106/178/117 107/176/118
f 113/177/124 114/179/125 105/180/116 106/178/117
f 114/179/125 115/181/126 104/161/115 105/180/116
f 115/181/126 116/182/127 103/160/114 104/161/115
f 116/182/127 117/183/128 102/184/112 103/160/114
f 117/183/128 118/185/129 101/157/113 102/184/112
f 118/186/129 73/120/84 76/123/87 101/187/113
f 120/188/130 119/189/131 118/185/129 117/190/128
f 119/191/131 70/119/81 73/120/84 118/186/129
f 121/192/132 120/188/130 117/190/128 116/193/127
f 122/194/133 121/192/132 116/193/127 115/195/126
f 123/196/134 122/194/133 115/195/126 114/179/125
f 124/197/135 123/196/134 114/179/125 113/177/124
f 125/198/136 124/197/135 113/177/124 112/175/123
f 126/199/137 125/198/136 112/175/123 111/200/122
f 127/201/138 126/199/137 111/200/122 110/202/121
f 69/112/79 127/201/138 110/202/121 72/117/82
f 66/107/76 128/203/139 127/201/138 69/112/79
f 128/203/139 129/204/140 126/199/137 127/201/138
f 129/204/140 130/205/141 125/206/136 126/199/137
f 130/205/141 131/207/142 124/208/135 125/206/136
f 131/207/142 132/209/143 123/196/134 124/208/135
f 132/209/143 133/210/144 122/211/133 123/196/134
f 133/210/144 134/212/145 121/213/132 122/211/133
f 134/212/145 135/214/146 120/215/130 121/213/132
f 135/214/146 136/216/147 119/189/131 120/215/130
f 136/217/147 67/114/78 70/115/81 119/218/131
f 138/219/148 137/220/149 136/216/147 135/214/146
f 137/221/149 64/109/75 67/110/78 136/217/147
f 139/222/150 138/219/148 135/214/146 134/223/145
f 140/224/151 139/222/150 134/223/145 133/225/144
f 141/226/152 140/224/151 133/225/144 132/209/143
f 142/227/153 141/226/152 132/209/143 131/207/142
f 143/228/154 142/227/153 131/207/142 130/229/141
f 144/230/155 143/228/154 130/229/141 129/231/140
f 145/232/156 144/230/155 129/231/140 128/203/139
f 63/106/73 145/232/156 128/203/139 66/107/76
f 60/99/70 146/233/157 145/234/156 63/102/73
f 146/233/157 147/235/158 144/236/155 145/234/156
f 147/235/158 148/237/159 143/228/154 144/236/155
f 148/237/159 149/238/160 142/239/153 143/228/154
f 149/238/160 150/240/161 141/226/152 142/239/153
f 150/240/161 151/241/162 140/224/151 141/226/152
f 151/241/162 152/242/163 139/243/150 140/224/151
f 152/242/163 153/244/164 138/245/148 139/243/150
f 153/244/164 154/246/165 137/220/149 138/245/148
f 154/247/165 61/104/72 64/105/75 137/221/149
f 156/248/166 155/249/167 154/246/165 153/250/164
f 155/251/167 58/98/69 61/101/72 154/252/165
f 157/253/168 156/248/166 153/250/164 152/242/163
f 158/254/169 157/253/168 152/242/163 151/255/162
f 159/256/170 158/254/169 151/255/162 150/240/161
f 160/257/171 159/256/170 150/240/161 149/238/160
f 161/258/172 160/257/171 149/238/160 148/259/159
f 162/260/173 161/258/172 148/259/159 147/261/158
f 163/262/174 162/260/173 147/261/158 146/263/157
f 57/95/67 163/262/174 146/263/157 60/99/70
f 54/94/64 164/264/175 163/265/174 57/95/67
f 164/264/175 165/266/176 162/267/173 163/265/174
f 165/266/176 166/268/177 161/269/172 162/267/173
f 166/268/177 167/270/178 160/257/171 161/269/172
f 167/270/178 168/271/179 159/256/170 160/257/171
f 168/271/179 169/272/180 158/273/169 159/256/170
f 169/272/180 170/274/181 157/275/168 158/273/169
f 170/274/181 171/276/182 156/248/166 157/275/168
f 171/276/182 172/277/183 155/249/167 156/248/166
f 172/278/183 55/97/66 58/98/69 155/251/167
f 174/279/184 173/280/185 172/277/183 171/281/182
f 173/282/185 52/92/63 55/93/66 172/283/183
f 175/284/186 174/279/184 171/281/182 170/285/181
f 176/286/187 175/284/186 170/285/181 169/272/180
f 177/287/188 176/286/187 169/272/180 168/271/179
f 178/288/189 177/287/188 168/271/179 167/270/178
f 179/289/190 178/288/189 167/270/178 166/290/177
f 180/291/191 179/289/190 166/290/177 165/292/176
f 181/293/192 180/291/191 165/292/176 164/294/175
f 51/86/61 181/293/192 164/294/175 54/90/64
f 48/82/58 182/295/193 181/296/192 51/86/61
f 182/295/193 183/297/194 180/291/191 181/296/192
f 183/297/194 184/298/195 179/289/190 180/291/191
f 184/298/195 185/299/196 178/300/189 179/289/190
f 185/299/196 186/301/197 177/287/188 178/300/189
f 186/301/197 187/302/198 176/303/187 177/287/188
f 187/302/198 188/304/199 175/305/186 176/303/187
f 188/304/199 189/306/200 174/307/184 175/305/186
f 189/306/200 190/308/201 173/280/185 174/307/184
f 190/309/201 49/88/60 52/89/63 173/310/185
f 192/311/202 191/312/203 190/308/201 189/313/200
f 191/314/203 46/84/57 49/85/60 190/315/201
f 193/316/204 192/311/202 189/313/200 188/304/199
f 194/317/205 193/316/204 188/304/199 187/318/198
f 195/319/206 194/317/205 187/318/198 186/320/197
f 196/321/207 195/319/206 186/320/197 185/299/196
f 197/322/208 196/321/207 185/299/196 184/323/195
f 198/324/209 197/322/208 184/323/195 183/325/194
f 199/326/210 198/324/209 183/325/194 182/295/193
f 45/81/55 199/326/210 182/295/193 48/82/58
f 42/71/52 200/327/211 199/328/210 45/76/55
f 200/327/211 201/329/212 198/330/209 199/328/210
f 201/329/212 202/331/213 197/332/208 198/330/209
f 202/331/213 203/333/214 196/334/207 197/332/208
f 203/333/214 204/335/215 195/336/206 196/334/207
f 204/335/215 205/337/216 194/317/205 195/336/206
f 205/337/216 206/338/217 193/339/204 194/317/205
f 206/338/217 207/340/218 192/341/202 193/339/204
f 207/340/218 208/342/219 191/312/203 192/341/202
f 208/343/219 43/78/54 46/79/57 191/314/203
f 210/344/220 209/345/221 208/342/219 207/340/218
f 209/346/221 40/73/51 43/74/54 208/343/219
f 211/347/222 210/344/220 207/340/218 206/338/217
f 212/348/223 211/347/222 206/338/217 205/337/216
f 213/349/224 212/348/223 205/337/216 204/350/215
f 214/351/225 213/349/224 204/350/215 203/352/214
f 215/353/226 214/351/225 203/352/214 202/354/213
f 216/355/227 215/353/226 202/354/213 201/356/212
f 217/357/228 216/355/227 201/356/212 200/358/211
f 39/66/49 217/357/228 200/358/211 42/71/52
f 36/62/46 218/359/229 217/360/228 39/66/49
f 218/359/229 219/361/230 216/355/227 217/360/228
f 219/361/230 220/362/231 215/353/226 216/355/227
f 220/362/231 221/363/232 214/351/225 215/353/226
f 221/363/232 222/364/233 213/349/224 214/351/225
f 222/364/233 223/365/234 212/348/223 213/349/224
f 223/365/234 224/366/235 211/367/222 212/348/223
f 224/366/235 225/368/236 210/344/220 211/367/222
f 225/368/236 226/369/237 209/345/221 210/344/220
f 226/370/237 37/68/48 40/69/51 209/346/221
f 228/371/238 227/372/239 226/369/237 225/373/236
f 227/374/239 34/64/45 37/65/48 226/375/237
f 229/376/240 228/371/238 225/373/236 224/377/235
f 230/378/241 229/376/240 224/377/235 223/379/234
f 231/380/242 230/378/241 223/379/234 222/364/233
f 232/381/243 231/380/242 222/364/233 221/363/232
f 233/382/244 232/381/243 221/363/232 220/383/231
f 234/384/245 233/382/244 220/383/231 219/361/230
f 235/385/246 234/384/245 219/361/230 218/359/229
f 33/61/43 235/385/246 218/359/229 36/62/46
f 30/53/40 236/386/247 235/387/246 33/58/43
f 236/386/247 237/388/248 234/389/245 235/387/246
f 237/388/248 238/390/249 233/391/244 234/389/245
f 238/390/249 239/392/250 232/393/243 233/391/244
f 239/392/250 240/394/251 231/380/242 232/393/243
f 240/394/251 241/395/252 230/396/241 231/380/242
f 241/395/252 242/397/253 229/398/240 230/396/241
f 242/397/253 243/399/254 228/400/238 229/398/240
f 243/399/254 244/401/255 227/372/239 228/400/238
f 244/402/255 31/56/42 34/60/45 227/374/239
f 246/403/256 245/404/257 244/401/255 243/405/254
f 245/406/257 28/55/39 31/56/42 244/407/255
f 247/408/258 246/403/256 243/405/254 242/409/253
f 248/410/259 247/408/258 242/409/253 241/395/252
f 249/411/260 248/410/259 241/395/252 240/412/251
f 250/413/261 249/411/260 240/412/251 239/414/250
f 251/415/262 250/413/261 239/414/250 238/390/249
f 252/416/263 251/415/262 238/390/249 237/388/248
f 253/417/264 252/416/263 237/388/248 236/418/247
f 27/52/37 253/417/264 236/418/247 30/53/40
f 24/43/34 254/419/265 253/420/264 27/47/37
f 254/419/265 255/421/266 252/416/263 253/420/264
f 255/421/266 256/422/267 251/415/262 252/416/263
f 256/422/267 257/423/268 250/424/261 251/415/262
f 257/423/268 258/425/269 249/426/260 250/424/261
f 258/425/269 259/427/270 248/428/259 249/426/260
f 259/427/270 260/429/271 247/408/258 248/428/259
f 260/429/271 261/430/272 246/431/256 247/408/258
f 261/430/272 262/432/273 245/404/257 246/431/256
f 262/433/273 25/49/36 28/50/39 245/406/257
f 264/434/274 263/435/275 262/432/273 261/430/272
f 263/436/275 22/45/33 25/46/36 262/433/273
f 265/437/276 264/434/274 261/430/272 260/429/271
f 266/438/277 265/437/276 260/429/271 259/427/270
f 267/439/278 266/438/277 259/427/270 258/440/269
f 268/441/279 267/439/278 258/440/269 257/423/268
f 269/442/280 268/441/279 257/423/268 256/443/267
f 270/444/281 269/442/280 256/443/267 255/445/266
f 271/446/282 270/444/281 255/445/266 254/419/265
f 21/38/31 271/446/282 254/419/265 24/43/34
f 18/34/28 272/447/283 271/446/282 21/38/31
f 272/447/283 273/448/284 270/449/281 271/446/282
f 273/448/284 274/450/285 269/451/280 270/449/281
f 274/450/285 275/452/286 268/441/279 269/451/280
f 275/452/286 276/453/287 267/439/278 268/441/279
f 276/453/287 277/454/288 266/455/277 267/439/278
f 277/454/288 278/456/289 265/457/276 266/455/277
f 278/456/289 279/458/290 264/434/274 265/457/276
f 279/458/290 280/459/291 263/435/275 264/434/274
f 280/460/291 19/40/30 22/41/33 263/436/275
f 282/461/292 281/462/293 280/459/291 279/463/290
f 281/464/293 16/36/27 19/37/30 280/460/291
f 283/465/294 282/461/292 279/463/290 278/456/289
f 284/466/295 283/465/294 278/456/289 277/467/288
f 285/468/296 284/466/295 277/467/288 276/453/287
f 286/469/297 285/468/296 276/453/287 275/470/286
f 287/471/298 286/469/297 275/470/286 274/450/285
f 288/472/299 287/471/298 274/450/285 273/473/284
f 289/474/300 288/472/299 273/473/284 272/475/283
f 15/33/25 289/474/300 272/475/283 18/34/28
f 11/27/22 10/476/20 289/477/300 15/28/25
f 10/476/20 9/478/18 288/479/299 289/477/300
f 9/478/18 8/480/16 287/481/298 288/479/299
f 8/480/16 7/482/14 286/469/297 287/481/298
f 7/482/14 6/483/12 285/484/296 286/469/297
f 6/483/12 5/485/10 284/486/295 285/484/296
f 5/485/10 4/487/8 283/488/294 284/486/295
f 4/487/8 3/489/6 282/461/292 283/488/294
f 3/489/6 2/7/4 281/462/293 282/461/292
f 2/4/4 13/30/3 16/31/27 281/490/293
s 0
f 2514/491/301 2501/492/301 2500/493/301 2515/494/301
f 2515/494/302 2500/493/302 2502/495/302 2516/496/302
f 2516/496/303 2502/495/303 2503/497/303 2517/498/303
f 2517/498/304 2503/497/304 2504/499/304 2518/500/304
f 2518/500/305 2504/499/305 2505/501/305 2519/502/305
f 2519/502/306 2505/501/306 2506/503/306 2520/504/306
f 2520/504/307 2506/503/307 2507/505/307 2521/506/307
f 2521/506/308 2507/505/308 2508/507/308 2522/508/308
f 2522/508/309 2508/507/309 2509/509/309 2523/510/309
f 2523/510/310 2509/509/310 2510/511/310 2524/512/310
f 2524/512/311 2510/511/311 2511/513/311 2525/514/311
f 2525/514/312 2511/513/312 2512/515/312 2526/516/312
f 2526/516/313 2512/515/313 2513/517/313 2527/518/313
f 2527/518/314 2513/517/314 2501/519/314 2514/520/314
f 293/521/315 296/522/315 295/523/315 292/524/315
f 292/525/316 294/526/316 299/527/316 293/528/316
f 295/529/317 297/530/317 294/531/317 292/532/317
f 296/533/318 298/534/318 297/535/318 295/536/318
f 298/537/319 299/538/319 294/539/319 297/540/319
f 293/541/320 299/542/320 298/543/320 296/544/320
f 301/545/321 304/546/321 303/547/321 300/548/321
f 300/549/322 302/550/322 307/551/322 301/552/322
f 303/553/317 305/554/317 302/555/317 300/556/317
f 304/557/323 306/558/323 305/559/323 303/560/323
f 306/561/324 307/562/324 302/563/324 305/564/324
f 301/565/320 307/566/320 306/567/320 304/568/320
f 309/569/325 312/570/325 311/571/325 308/572/325
f 308/573/326 310/574/326 315/575/326 309/576/326
f 311/577/317 313/578/317 310/579/317 308/580/317
f 312/581/327 314/582/327 313/583/327 311/584/327
f 314/585/328 315/586/328 310/587/328 313/588/328
f 309/589/320 315/590/320 314/591/320 312/592/320
f 317/593/329 320/594/329 319/595/329 316/596/329
f 316/597/330 318/598/330 323/599/330 317/600/330
f 319/601/317 321/602/317 318/603/317 316/604/317
f 320/605/331 322/606/331 321/607/331 319/608/331
f 322/609/332 323/610/332 318/611/332 321/612/332
f 317/613/320 323/614/320 322/615/320 320/616/320
f 325/617/333 328/618/333 327/619/333 324/620/333
f 324/621/334 326/622/334 331/623/334 325/624/334
f 327/625/317 329/626/317 326/627/317 324/628/317
f 328/629/335 330/630/335 329/631/335 327/632/335
f 330/633/336 331/634/336 326/635/336 329/636/336
f 325/637/320 331/638/320 330/639/320 328/640/320
f 333/641/337 336/642/337 335/643/337 332/644/337
f 332/645/338 334/646/338 339/647/338 333/648/338
f 335/649/317 337/650/317 334/651/317 332/652/317
f 336/653/339 338/654/339 337/655/339 335/656/339
f 338/657/340 339/658/340 334/659/340 337/660/340
f 333/661/320 339/662/320 338/663/320 336/664/320
f 341/665/341 344/666/341 343/667/341 340/668/341
f 340/669/311 342/670/311 347/671/311 341/672/311
f 343/673/317 345/674/317 342/675/317 340/676/317
f 344/677/304 346/678/304 345/679/304 343/680/304
f 346/681/342 347/682/342 342/683/342 345/684/342
f 341/685/320 347/686/320 346/687/320 344/688/320
f 349/689/343 352/690/343 351/691/343 348/692/343
f 348/693/344 350/694/344 355/695/344 349/696/344
f 351/697/317 353/698/317 350/699/317 348/700/317
f 352/701/345 354/702/345 353/703/345 351/704/345
f 354/705/346 355/706/346 350/707/346 353/708/346
f 349/709/320 355/710/320 354/711/320 352/712/320
f 357/713/347 360/714/347 359/715/347 356/716/347
f 356/717/348 358/718/348 363/719/348 357/720/348
f 359/721/317 361/722/317 358/723/317 356/724/317
f 360/725/349 362/726/349 361/727/349 359/728/349
f 362/729/350 363/730/350 358/731/350 361/732/350
f 357/733/320 363/734/320 362/735/320 360/736/320
f 365/737/351 368/738/351 367/739/351 364/740/351
f 364/741/352 366/742/352 371/743/352 365/744/352
f 367/745/317 369/746/317 366/747/317 364/748/317
f 368/749/353 370/750/353 369/751/353 367/752/353
f 370/753/354 371/754/354 366/755/354 369/756/354
f 365/757/320 371/758/320 370/759/320 368/760/320
f 373/761/355 376/762/355 375/763/355 372/764/355
f 372/765/356 374/766/356 379/767/356 373/768/356
f 375/769/317 377/770/317 374/771/317 372/772/317
f 376/773/357 378/774/357 377/775/357 375/776/357
f 378/777/358 379/778/358 374/779/358 377/780/358
f 373/781/320 379/782/320 378/783/320 376/784/320
f 381/785/359 384/786/359 383/787/359 380/788/359
f 380/789/360 382/790/360 387/791/360 381/792/360
f 383/793/317 385/794/317 382/795/317 380/796/317
f 384/797/361 386/798/361 385/799/361 383/800/361
f 386/801/362 387/802/362 382/803/362 385/804/362
f 381/805/320 387/806/320 386/807/320 384/808/320
f 389/809/363 392/810/363 391/811/363 388/812/363
f 388/813/364 390/814/364 395/815/364 389/816/364
f 391/817/317 393/818/317 390/819/317 388/820/317
f 392/821/365 394/822/365 393/823/365 391/824/365
f 394/825/366 395/826/366 390/827/366 393/828/366
f 389/829/320 395/830/320 394/831/320 392/832/320
f 2542/833/367 2530/834/367 2541/835/367 2543/836/367
f 2544/837/368 2528/838/368 2530/839/368 2542/840/368
f 2545/841/313 2529/842/313 2528/838/313 2544/837/313
f 2547/843/312 2531/844/312 2529/842/312 2545/841/312
f 2546/845/311 2532/846/311 2531/844/311 2547/843/311
f 2548/847/310 2533/848/310 2532/846/310 2546/845/310
f 2549/849/309 2534/850/309 2533/848/309 2548/847/309
f 2551/851/369 2535/852/369 2534/850/369 2549/849/369
f 2550/853/370 2536/854/370 2535/852/370 2551/851/370
f 2552/855/306 2537/856/306 2536/854/306 2550/853/306
f 2553/857/305 2538/858/305 2537/856/305 2552/855/305
f 2555/859/304 2539/860/304 2538/858/304 2553/857/304
f 2554/861/303 2540/862/303 2539/860/303 2555/859/303
f 2543/836/302 2541/835/302 2540/862/302 2554/861/302
f 2556/863/367 2572/864/367 2583/865/367 2557/866/367
f 2558/867/368 2570/868/368 2572/869/368 2556/870/368
f 2559/871/313 2571/872/313 2570/868/313 2558/867/313
f 2561/873/312 2573/874/312 2571/872/312 2559/871/312
f 2560/875/311 2574/876/311 2573/874/311 2561/873/311
f 2562/877/310 2575/878/310 2574/876/310 2560/875/310
f 2563/879/309 2576/880/309 2575/878/309 2562/877/309
f 2565/881/369 2577/882/369 2576/880/369 2563/879/369
f 2564/883/370 2578/884/370 2577/882/370 2565/881/370
f 2566/885/306 2579/886/306 2578/884/306 2564/883/306
f 2567/887/305 2580/888/305 2579/886/305 2566/885/305
f 2569/889/304 2581/890/304 2580/888/304 2567/887/304
f 2568/891/303 2582/892/303 2581/890/303 2569/889/303
f 2557/866/302 2583/865/302 2582/892/302 2568/891/302
f 2486/893/301 2474/894/301 2485/895/301 2487/896/301
f 2488/897/314 2472/898/314 2474/899/314 2486/900/314
f 2489/901/313 2473/902/313 2472/898/313 2488/897/313
f 2491/903/312 2475/904/312 2473/902/312 2489/901/312
f 2490/905/311 2476/906/311 2475/904/311 2491/903/311
f 2492/907/310 2477/908/310 2476/906/310 2490/905/310
f 2493/909/309 2478/910/309 2477/908/309 2492/907/309
f 2495/911/308 2479/912/308 2478/910/308 2493/909/308
f 2494/913/307 2480/914/307 2479/912/307 2495/911/307
f 2496/915/306 2481/916/306 2480/914/306 2494/913/306
f 2497/917/305 2482/918/305 2481/919/305 2496/920/305
f 2499/921/304 2483/922/304 2482/923/304 2497/924/304
f 2498/925/303 2484/926/303 2483/922/303 2499/921/303
f 2487/896/302 2485/895/302 2484/926/302 2498/925/302
s 1
f 2620/927/371 403/928/372 414/929/373 2621/930/374
f 2622/931/375 404/932/376 403/933/372 2620/934/371
f 2623/935/377 405/936/378 404/932/376 2622/931/375
f 2624/937/379 406/938/380 405/936/378 2623/935/377
f 2625/939/381 407/940/382 406/938/380 2624/937/379
f 2626/941/383 408/942/384 407/940/382 2625/939/381
f 2627/943/385 409/944/386 408/942/384 2626/941/383
f 2628/945/387 410/946/388 409/944/386 2627/943/385
f 2629/947/389 411/948/390 410/946/388 2628/945/387
f 2630/949/391 412/950/392 411/948/390 2629/947/389
f 2631/951/393 413/952/394 412/950/392 2630/949/391
f 2621/930/374 414/929/373 413/952/394 2631/951/393
f 413/952/394 415/953/395 416/954/396 412/950/392
f 414/929/373 417/955/397 415/953/395 413/952/394
f 415/953/395 418/956/398 419/957/399 416/954/396
f 417/958/397 420/959/400 418/956/398 415/953/395
f 418/960/398 421/961/401 422/962/402 419/963/399
f 420/964/400 423/965/403 421/961/401 418/960/398
f 421/966/401 424/967/404 425/968/405 422/962/402
f 423/965/403 426/969/406 424/967/404 421/966/401
f 424/970/404 427/971/407 428/972/408 425/968/405
f 426/973/406 429/974/409 427/971/407 424/970/404
f 427/971/407 430/975/410 431/976/411 428/972/408
f 429/977/409 432/978/412 430/975/410 427/971/407
f 430/979/410 433/980/413 434/981/414 431/976/411
f 432/982/412 435/983/415 433/980/413 430/979/410
f 433/980/413 436/984/416 437/985/417 434/981/414
f 435/986/415 438/987/418 436/984/416 433/980/413
f 436/988/416 439/989/419 440/990/420 437/985/417
f 438/991/418 441/992/421 439/989/419 436/988/416
f 439/993/419 442/994/422 443/995/423 440/990/420
f 441/996/421 444/997/424 442/994/422 439/993/419
f 442/994/422 445/998/425 446/999/426 443/1000/423
f 444/997/424 447/1001/427 445/998/425 442/994/422
f 445/1002/425 448/1003/428 449/1004/429 446/999/426
f 447/1005/427 450/1006/430 448/1003/428 445/1002/425
f 448/1007/428 451/1008/431 452/1009/432 449/1004/429
f 450/1010/430 453/1011/433 451/1008/431 448/1007/428
f 451/1012/431 454/1013/434 455/1014/435 452/1009/432
f 453/1015/433 456/1016/436 454/1013/434 451/1012/431
f 454/1013/434 457/1017/437 458/1018/438 455/1014/435
f 456/1019/436 459/1020/439 457/1017/437 454/1013/434
f 457/1017/437 460/1021/440 461/1022/441 458/1018/438
f 459/1020/439 462/1023/442 460/1021/440 457/1017/437
f 460/1021/440 463/1024/443 464/1025/444 461/1026/441
f 462/1023/442 465/1027/445 463/1024/443 460/1021/440
f 463/1028/443 466/1029/446 467/1030/447 464/1031/444
f 465/1027/445 468/1032/448 466/1029/446 463/1028/443
f 466/1033/446 469/1034/449 470/1035/450 467/1030/447
f 468/1032/448 471/1036/451 469/1034/449 466/1033/446
f 469/1037/449 472/1038/452 473/1039/453 470/1035/450
f 471/1040/451 474/1041/454 472/1038/452 469/1037/449
f 472/1042/452 475/1043/455 476/1044/456 473/1039/453
f 474/1045/454 477/1046/457 475/1043/455 472/1042/452
f 475/1047/455 478/1048/458 479/1049/459 476/1044/456
f 477/1050/457 480/1051/460 478/1048/458 475/1047/455
f 478/1048/458 481/1052/461 482/1053/462 479/1049/459
f 480/1054/460 483/1055/463 481/1052/461 478/1048/458
f 481/1056/461 484/1057/464 485/1058/465 482/1053/462
f 483/1059/463 486/1060/466 484/1057/464 481/1056/461
f 488/1061/467 487/1062/468 486/1060/466 483/1059/463
f 490/1063/469 489/1064/470 487/1065/468 488/1066/467
f 492/1067/471 491/1068/472 489/1064/470 490/1063/469
f 494/1069/473 493/1070/474 491/1068/472 492/1067/471
f 496/1071/475 495/1072/476 493/1070/474 494/1069/473
f 498/1073/477 497/1074/478 495/1072/476 496/1071/475
f 500/1075/479 499/1076/480 497/1074/478 498/1073/477
f 502/1077/481 501/1078/482 499/1076/480 500/1075/479
f 504/1079/483 503/1080/484 501/1078/482 502/1077/481
f 482/1053/462 485/1058/465 503/1080/484 504/1079/483
f 479/1049/459 482/1053/462 504/1079/483 505/1081/485
f 505/1081/485 504/1079/483 502/1077/481 506/1082/486
f 506/1082/486 502/1077/481 500/1083/479 507/1084/487
f 507/1084/487 500/1083/479 498/1073/477 508/1085/488
f 508/1085/488 498/1073/477 496/1071/475 509/1086/489
f 509/1086/489 496/1071/475 494/1087/473 510/1088/490
f 510/1088/490 494/1087/473 492/1067/471 511/1089/491
f 511/1089/491 492/1067/471 490/1090/469 512/1091/492
f 512/1091/492 490/1090/469 488/1092/467 513/1093/493
f 513/1094/493 488/1061/467 483/1055/463 480/1054/460
f 515/1095/494 512/1096/492 513/1097/493 514/1098/495
f 514/1099/495 513/1094/493 480/1051/460 477/1050/457
f 516/1100/496 511/1089/491 512/1096/492 515/1095/494
f 517/1101/497 510/1088/490 511/1089/491 516/1100/496
f 518/1102/498 509/1086/489 510/1088/490 517/1101/497
f 519/1103/499 508/1085/488 509/1086/489 518/1102/498
f 520/1104/500 507/1105/487 508/1085/488 519/1103/499
f 521/1106/501 506/1107/486 507/1105/487 520/1104/500
f 522/1108/502 505/1109/485 506/1107/486 521/1106/501
f 476/1044/456 479/1049/459 505/1109/485 522/1108/502
f 473/1039/453 476/1044/456 522/1108/502 523/1110/503
f 523/1110/503 522/1108/502 521/1106/501 524/1111/504
f 524/1111/504 521/1106/501 520/1112/500 525/1113/505
f 525/1113/505 520/1112/500 519/1103/499 526/1114/506
f 526/1114/506 519/1103/499 518/1102/498 527/1115/507
f 527/1115/507 518/1102/498 517/1116/497 528/1117/508
f 528/1117/508 517/1116/497 516/1100/496 533/1118/509
f 533/1118/509 516/1100/496 515/1119/494 529/1120/510
f 529/1120/510 515/1119/494 514/1098/495 530/1121/511
f 530/1122/511 514/1099/495 477/1046/457 474/1045/454
f 532/1123/512 529/1124/510 530/1121/511 531/1125/513
f 531/1126/513 530/1122/511 474/1041/454 471/1040/451
f 534/1127/514 533/1118/509 529/1124/510 532/1123/512
f 535/1128/515 528/1117/508 533/1118/509 534/1127/514
f 536/1129/516 527/1130/507 528/1117/508 535/1128/515
f 537/1131/517 526/1132/506 527/1130/507 536/1129/516
f 538/1133/518 525/1113/505 526/1132/506 537/1131/517
f 539/1134/519 524/1135/504 525/1113/505 538/1133/518
f 540/1136/520 523/1110/503 524/1135/504 539/1134/519
f 470/1035/450 473/1039/453 523/1110/503 540/1136/520
f 467/1030/447 470/1035/450 540/1137/520 541/1138/521
f 541/1138/521 540/1137/520 539/1134/519 542/1139/522
f 542/1139/522 539/1134/519 538/1140/518 543/1141/523
f 543/1141/523 538/1140/518 537/1142/517 544/1143/524
f 544/1143/524 537/1142/517 536/1129/516 545/1144/525
f 545/1144/525 536/1129/516 535/1128/515 546/1145/526
f 546/1145/526 535/1128/515 534/1127/514 547/1146/527
f 547/1146/527 534/1127/514 532/1147/512 548/1148/528
f 548/1148/528 532/1147/512 531/1125/513 549/1149/529
f 549/1150/529 531/1126/513 471/1036/451 468/1032/448
f 551/1151/530 548/1152/528 549/1149/529 550/1153/531
f 550/1154/531 549/1150/529 468/1032/448 465/1027/445
f 552/1155/532 547/1146/527 548/1152/528 551/1151/530
f 553/1156/533 546/1145/526 547/1146/527 552/1155/532
f 554/1157/534 545/1158/525 546/1145/526 553/1156/533
f 555/1159/535 544/1160/524 545/1158/525 554/1157/534
f 556/1161/536 543/1162/523 544/1160/524 555/1159/535
f 557/1163/537 542/1139/522 543/1162/523 556/1161/536
f 558/1164/538 541/1138/521 542/1139/522 557/1163/537
f 464/1031/444 467/1030/447 541/1138/521 558/1164/538
f 461/1026/441 464/1025/444 558/1164/538 559/1165/539
f 559/1165/539 558/1164/538 557/1163/537 560/1166/540
f 560/1166/540 557/1163/537 556/1167/536 561/1168/541
f 561/1168/541 556/1167/536 555/1169/535 562/1170/542
f 562/1170/542 555/1169/535 554/1157/534 563/1171/543
f 563/1171/543 554/1157/534 553/1156/533 564/1172/544
f 564/1172/544 553/1156/533 552/1155/532 565/1173/545
f 565/1173/545 552/1155/532 551/1174/530 566/1175/546
f 566/1175/546 551/1174/530 550/1176/531 567/1177/547
f 567/1178/547 550/1154/531 465/1027/445 462/1023/442
f 569/1179/548 566/1180/546 567/1177/547 568/1181/549
f 568/1182/549 567/1178/547 462/1023/442 459/1020/439
f 570/1183/550 565/1173/545 566/1180/546 569/1179/548
f 571/1184/551 564/1172/544 565/1173/545 570/1183/550
f 572/1185/552 563/1171/543 564/1172/544 571/1184/551
f 573/1186/553 562/1187/542 563/1171/543 572/1185/552
f 574/1188/554 561/1168/541 562/1187/542 573/1186/553
f 575/1189/555 560/1166/540 561/1168/541 574/1188/554
f 576/1190/556 559/1165/539 560/1166/540 575/1189/555
f 458/1018/438 461/1022/441 559/1165/539 576/1190/556
f 455/1014/435 458/1018/438 576/1190/556 577/1191/557
f 577/1191/557 576/1190/556 575/1189/555 578/1192/558
f 578/1192/558 575/1189/555 574/1193/554 579/1194/559
f 579/1194/559 574/1193/554 573/1195/553 580/1196/560
f 580/1196/560 573/1195/553 572/1185/552 581/1197/561
f 581/1197/561 572/1185/552 571/1198/551 582/1199/562
f 582/1199/562 571/1198/551 570/1200/550 583/1201/563
f 583/1201/563 570/1200/550 569/1179/548 584/1202/564
f 584/1202/564 569/1179/548 568/1203/549 585/1204/565
f 585/1205/565 568/1182/549 459/1020/439 456/1019/436
f 587/1206/566 584/1207/564 585/1208/565 586/1209/567
f 586/1210/567 585/1205/565 456/1016/436 453/1015/433
f 588/1211/568 583/1201/563 584/1207/564 587/1206/566
f 589/1212/569 582/1199/562 583/1201/563 588/1211/568
f 590/1213/570 581/1214/561 582/1199/562 589/1212/569
f 591/1215/571 580/1216/560 581/1214/561 590/1213/570
f 592/1217/572 579/1218/559 580/1216/560 591/1215/571
f 593/1219/573 578/1192/558 579/1218/559 592/1217/572
f 594/1220/574 577/1221/557 578/1192/558 593/1219/573
f 452/1009/432 455/1014/435 577/1221/557 594/1220/574
f 449/1004/429 452/1009/432 594/1220/574 595/1222/575
f 595/1222/575 594/1220/574 593/1219/573 596/1223/576
f 596/1223/576 593/1219/573 592/1224/572 597/1225/577
f 597/1225/577 592/1224/572 591/1226/571 598/1227/578
f 598/1227/578 591/1226/571 590/1213/570 599/1228/579
f 599/1228/579 590/1213/570 589/1212/569 600/1229/580
f 600/1229/580 589/1212/569 588/1211/568 601/1230/581
f 601/1230/581 588/1211/568 587/1206/566 602/1231/582
f 602/1231/582 587/1206/566 586/1209/567 603/1232/583
f 603/1233/583 586/1210/567 453/1011/433 450/1010/430
f 605/1234/584 602/1231/582 603/1232/583 604/1235/585
f 604/1236/585 603/1233/583 450/1006/430 447/1005/427
f 606/1237/586 601/1238/581 602/1231/582 605/1234/584
f 607/1239/587 600/1229/580 601/1238/581 606/1237/586
f 608/1240/588 599/1228/579 600/1229/580 607/1239/587
f 609/1241/589 598/1242/578 599/1228/579 608/1240/588
f 610/1243/590 597/1225/577 598/1242/578 609/1241/589
f 611/1244/591 596/1223/576 597/1225/577 610/1243/590
f 612/1245/592 595/1222/575 596/1223/576 611/1244/591
f 446/999/426 449/1004/429 595/1222/575 612/1245/592
f 443/1000/423 446/999/426 612/1246/592 613/1247/593
f 613/1247/593 612/1246/592 611/1244/591 614/1248/594
f 614/1248/594 611/1244/591 610/1249/590 615/1250/595
f 615/1250/595 610/1249/590 609/1241/589 616/1251/596
f 616/1251/596 609/1241/589 608/1252/588 617/1253/597
f 617/1253/597 608/1252/588 607/1239/587 618/1254/598
f 618/1254/598 607/1239/587 606/1255/586 619/1256/599
f 619/1256/599 606/1255/586 605/1257/584 620/1258/600
f 620/1258/600 605/1257/584 604/1235/585 621/1259/601
f 621/1260/601 604/1236/585 447/1001/427 444/997/424
f 623/1261/602 620/1262/600 621/1259/601 622/1263/603
f 622/1264/603 621/1260/601 444/997/424 441/996/421
f 624/1265/604 619/1266/599 620/1262/600 623/1261/602
f 625/1267/605 618/1254/598 619/1266/599 624/1265/604
f 626/1268/606 617/1253/597 618/1254/598 625/1267/605
f 627/1269/607 616/1270/596 617/1253/597 626/1268/606
f 628/1271/608 615/1272/595 616/1270/596 627/1269/607
f 629/1273/609 614/1248/594 615/1272/595 628/1271/608
f 630/1274/610 613/1247/593 614/1248/594 629/1273/609
f 440/990/420 443/995/423 613/1247/593 630/1274/610
f 437/985/417 440/990/420 630/1274/610 631/1275/611
f 631/1275/611 630/1274/610 629/1273/609 632/1276/612
f 632/1276/612 629/1273/609 628/1277/608 633/1278/613
f 633/1278/613 628/1277/608 627/1279/607 634/1280/614
f 634/1280/614 627/1279/607 626/1268/606 635/1281/615
f 635/1281/615 626/1268/606 625/1267/605 636/1282/616
f 636/1282/616 625/1267/605 624/1265/604 637/1283/617
f 637/1283/617 624/1265/604 623/1284/602 638/1285/618
f 638/1285/618 623/1284/602 622/1263/603 639/1286/619
f 639/1287/619 622/1264/603 441/992/421 438/991/418
f 641/1288/620 638/1289/618 639/1290/619 640/1291/621
f 640/1292/621 639/1287/619 438/987/418 435/986/415
f 642/1293/622 637/1283/617 638/1289/618 641/1288/620
f 643/1294/623 636/1295/616 637/1283/617 642/1293/622
f 644/1296/624 635/1297/615 636/1295/616 643/1294/623
f 645/1298/625 634/1299/614 635/1297/615 644/1296/624
f 646/1300/626 633/1301/613 634/1299/614 645/1298/625
f 647/1302/627 632/1303/612 633/1301/613 646/1300/626
f 648/1304/628 631/1275/611 632/1303/612 647/1302/627
f 434/981/414 437/985/417 631/1275/611 648/1304/628
f 431/976/411 434/981/414 648/1304/628 649/1305/629
f 649/1305/629 648/1304/628 647/1302/627 650/1306/630
f 650/1306/630 647/1302/627 646/1300/626 651/1307/631
f 651/1307/631 646/1300/626 645/1308/625 652/1309/632
f 652/1309/632 645/1308/625 644/1296/624 653/1310/633
f 653/1310/633 644/1296/624 643/1294/623 654/1311/634
f 654/1311/634 643/1294/623 642/1293/622 655/1312/635
f 655/1312/635 642/1293/622 641/1313/620 656/1314/636
f 656/1314/636 641/1313/620 640/1291/621 657/1315/637
f 657/1316/637 640/1292/621 435/983/415 432/982/412
f 659/1317/638 656/1318/636 657/1319/637 658/1320/639
f 658/1321/639 657/1316/637 432/978/412 429/977/409
f 660/1322/640 655/1312/635 656/1318/636 659/1317/638
f 661/1323/641 654/1311/634 655/1312/635 660/1322/640
f 662/1324/642 653/1325/633 654/1311/634 661/1323/641
f 663/1326/643 652/1327/632 653/1325/633 662/1324/642
f 664/1328/644 651/1329/631 652/1327/632 663/1326/643
f 665/1330/645 650/1331/630 651/1329/631 664/1328/644
f 666/1332/646 649/1305/629 650/1331/630 665/1330/645
f 428/972/408 431/976/411 649/1305/629 666/1332/646
f 425/968/405 428/972/408 666/1333/646 667/1334/647
f 667/1334/647 666/1333/646 665/1330/645 668/1335/648
f 668/1335/648 665/1330/645 664/1328/644 669/1336/649
f 669/1336/649 664/1328/644 663/1326/643 670/1337/650
f 670/1337/650 663/1326/643 662/1324/642 671/1338/651
f 671/1338/651 662/1324/642 661/1339/641 672/1340/652
f 672/1340/652 661/1339/641 660/1322/640 673/1341/653
f 673/1341/653 660/1322/640 659/1342/638 674/1343/654
f 674/1343/654 659/1342/638 658/1320/639 675/1344/655
f 675/1345/655 658/1321/639 429/974/409 426/973/406
f 677/1346/656 674/1343/654 675/1344/655 676/1347/657
f 676/1348/657 675/1345/655 426/969/406 423/965/403
f 678/1349/658 673/1350/653 674/1343/654 677/1346/656
f 679/1351/659 672/1340/652 673/1350/653 678/1349/658
f 680/1352/660 671/1338/651 672/1340/652 679/1351/659
f 681/1353/661 670/1354/650 671/1338/651 680/1352/660
f 682/1355/662 669/1356/649 670/1354/650 681/1353/661
f 683/1357/663 668/1335/648 669/1356/649 682/1355/662
f 684/1358/664 667/1334/647 668/1335/648 683/1357/663
f 422/962/402 425/968/405 667/1334/647 684/1358/664
f 419/963/399 422/962/402 684/1358/664 685/1359/665
f 685/1359/665 684/1358/664 683/1357/663 686/1360/666
f 686/1360/666 683/1357/663 682/1361/662 687/1362/667
f 687/1362/667 682/1361/662 681/1363/661 688/1364/668
f 688/1364/668 681/1363/661 680/1365/660 689/1366/669
f 689/1366/669 680/1365/660 679/1351/659 690/1367/670
f 690/1367/670 679/1351/659 678/1349/658 691/1368/671
f 691/1368/671 678/1349/658 677/1369/656 692/1370/672
f 692/1370/672 677/1369/656 676/1347/657 693/1371/673
f 693/1372/673 676/1348/657 423/965/403 420/964/400
f 695/1373/674 692/1374/672 693/1371/673 694/1375/675
f 694/1376/675 693/1372/673 420/959/400 417/958/397
f 696/1377/676 691/1368/671 692/1374/672 695/1373/674
f 697/1378/677 690/1367/670 691/1368/671 696/1377/676
f 698/1379/678 689/1366/669 690/1367/670 697/1378/677
f 699/1380/679 688/1381/668 689/1366/669 698/1379/678
f 700/1382/680 687/1383/667 688/1381/668 699/1380/679
f 701/1384/681 686/1360/666 687/1383/667 700/1382/680
f 702/1385/682 685/1359/665 686/1360/666 701/1384/681
f 416/954/396 419/957/399 685/1359/665 702/1385/682
f 412/950/392 416/954/396 702/1386/682 411/948/390
f 411/948/390 702/1386/682 701/1384/681 410/946/388
f 410/946/388 701/1384/681 700/1387/680 409/944/386
f 409/944/386 700/1387/680 699/1388/679 408/942/384
f 408/942/384 699/1388/679 698/1389/678 407/940/382
f 407/940/382 698/1389/678 697/1378/677 406/938/380
f 406/938/380 697/1378/677 696/1377/676 405/936/378
f 405/936/378 696/1377/676 695/1390/674 404/932/376
f 404/932/376 695/1390/674 694/1375/675 403/933/372
f 403/928/372 694/1376/675 417/955/397 414/929/373
f 2644/1391/683 2645/1392/684 715/1393/685 704/1394/686
f 2646/1395/687 2644/1396/683 704/1397/686 705/1398/688
f 2647/1399/689 2646/1395/687 705/1398/688 706/1400/690
f 2648/1401/691 2647/1399/689 706/1400/690 707/1402/692
f 2649/1403/693 2648/1401/691 707/1402/692 708/1404/694
f 2650/1405/695 2649/1403/693 708/1404/694 709/1406/696
f 2651/1407/697 2650/1405/695 709/1406/696 710/1408/698
f 2652/1409/699 2651/1407/697 710/1408/698 711/1410/700
f 2653/1411/701 2652/1409/699 711/1410/700 712/1412/702
f 2654/1413/703 2653/1411/701 712/1412/702 713/1414/704
f 2655/1415/705 2654/1413/703 713/1414/704 714/1416/706
f 2645/1392/684 2655/1415/705 714/1416/706 715/1393/685
f 714/1417/706 713/1418/704 717/1419/707 716/1420/708
f 715/1421/685 714/1417/706 716/1420/708 718/1422/709
f 716/1423/708 717/1424/707 720/1425/710 719/1426/711
f 718/1427/709 716/1423/708 719/1426/711 721/1428/712
f 719/1426/711 720/1429/710 723/1430/713 722/1431/714
f 721/1432/712 719/1426/711 722/1431/714 724/1433/715
f 722/1434/714 723/1435/713 726/1436/716 725/1437/717
f 724/1433/715 722/1434/714 725/1437/717 727/1438/718
f 725/1437/717 726/1436/716 729/1439/719 728/1440/720
f 727/1441/718 725/1437/717 728/1440/720 730/1442/721
f 728/1440/720 729/1439/719 732/1443/722 731/1444/723
f 730/1442/721 728/1440/720 731/1444/723 733/1445/724
f 731/1446/723 732/1447/722 735/1448/725 734/1449/726
f 733/1450/724 731/1446/723 734/1449/726 736/1451/727
f 734/1452/726 735/1453/725 738/1454/728 737/1455/729
f 736/1456/727 734/1452/726 737/1455/729 739/1457/730
f 737/1458/729 738/1454/728 741/1459/731 740/1460/732
f 739/1457/730 737/1458/729 740/1460/732 742/1461/733
f 740/1460/732 741/1462/731 744/1463/734 743/1464/735
f 742/1465/733 740/1460/732 743/1464/735 745/1466/736
f 743/1467/735 744/1468/734 747/1469/737 746/1470/738
f 745/1466/736 743/1467/735 746/1470/738 748/1471/739
f 746/1472/738 747/1473/737 750/1474/740 749/1475/741
f 748/1471/739 746/1472/738 749/1475/741 751/1476/742
f 749/1477/741 750/1478/740 753/1479/743 752/1480/744
f 751/1476/742 749/1477/741 752/1480/744 754/1481/745
f 752/1480/744 753/1479/743 756/1482/746 755/1483/747
f 754/1481/745 752/1480/744 755/1483/747 757/1484/748
f 755/1483/747 756/1482/746 759/1485/749 758/1486/750
f 757/1484/748 755/1483/747 758/1486/750 760/1487/751
f 758/1486/750 759/1488/749 761/1489/752 763/1490/753
f 760/1487/751 758/1486/750 763/1490/753 762/1491/754
f 763/1490/753 761/1492/752 765/1493/755 764/1494/756
f 762/1495/754 763/1490/753 764/1494/756 766/1496/757
f 764/1494/756 765/1497/755 768/1498/758 767/1499/759
f 766/1500/757 764/1494/756 767/1499/759 769/1501/760
f 767/1499/759 768/1498/758 771/1502/761 770/1503/762
f 769/1501/760 767/1499/759 770/1503/762 772/1504/763
f 770/1505/762 771/1506/761 774/1507/764 773/1508/765
f 772/1504/763 770/1505/762 773/1508/765 775/1509/766
f 773/1508/765 774/1507/764 777/1510/767 776/1511/768
f 775/1512/766 773/1508/765 776/1511/768 778/1513/769
f 776/1511/768 777/1514/767 780/1515/770 779/1516/771
f 778/1513/769 776/1511/768 779/1516/771 781/1517/772
f 779/1516/771 780/1518/770 485/1058/465 484/1519/464
f 781/1520/772 779/1516/771 484/1519/464 486/1060/466
f 780/1518/770 782/1521/773 503/1080/484 485/1058/465
f 782/1521/773 783/1522/774 501/1078/482 503/1080/484
f 783/1522/774 784/1523/775 499/1524/480 501/1078/482
f 784/1523/775 785/1525/776 497/1074/478 499/1524/480
f 785/1525/776 786/1526/777 495/1072/476 497/1074/478
f 786/1526/777 787/1527/778 493/1070/474 495/1072/476
f 787/1527/778 788/1528/779 491/1068/472 493/1070/474
f 788/1528/779 789/1529/780 489/1530/470 491/1068/472
f 789/1529/780 790/1531/781 487/1065/468 489/1530/470
f 790/1532/781 781/1520/772 486/1060/466 487/1062/468
f 792/1533/782 791/1534/783 790/1531/781 789/1529/780
f 791/1535/783 778/1513/769 781/1517/772 790/1536/781
f 793/1537/784 792/1533/782 789/1529/780 788/1528/779
f 794/1538/785 793/1537/784 788/1528/779 787/1527/778
f 795/1539/786 794/1538/785 787/1527/778 786/1526/777
f 796/1540/787 795/1539/786 786/1526/777 785/1525/776
f 797/1541/788 796/1540/787 785/1525/776 784/1542/775
f 798/1543/789 797/1541/788 784/1542/775 783/1544/774
f 799/1545/790 798/1543/789 783/1544/774 782/1521/773
f 777/1514/767 799/1545/790 782/1521/773 780/1515/770
f 774/1507/764 800/1546/791 799/1547/790 777/1510/767
f 800/1546/791 801/1548/792 798/1549/789 799/1547/790
f 801/1548/792 802/1550/793 797/1551/788 798/1549/789
f 802/1550/793 803/1552/794 796/1540/787 797/1551/788
f 803/1552/794 804/1553/795 795/1539/786 796/1540/787
f 804/1553/795 805/1554/796 794/1538/785 795/1539/786
f 805/1554/796 806/1555/797 793/1556/784 794/1538/785
f 806/1555/797 807/1557/798 792/1533/782 793/1556/784
f 807/1557/798 808/1558/799 791/1534/783 792/1533/782
f 808/1559/799 775/1512/766 778/1513/769 791/1535/783
f 810/1560/800 809/1561/801 808/1558/799 807/1557/798
f 809/1562/801 772/1504/763 775/1509/766 808/1563/799
f 811/1564/802 810/1560/800 807/1557/798 806/1565/797
f 812/1566/803 811/1564/802 806/1565/797 805/1567/796
f 813/1568/804 812/1566/803 805/1567/796 804/1553/795
f 814/1569/805 813/1568/804 804/1553/795 803/1552/794
f 815/1570/806 814/1569/805 803/1552/794 802/1550/793
f 816/1571/807 815/1570/806 802/1550/793 801/1548/792
f 817/1572/808 816/1571/807 801/1548/792 800/1546/791
f 771/1506/761 817/1572/808 800/1546/791 774/1507/764
f 768/1498/758 818/1573/809 817/1574/808 771/1502/761
f 818/1573/809 819/1575/810 816/1571/807 817/1574/808
f 819/1575/810 820/1576/811 815/1577/806 816/1571/807
f 820/1576/811 821/1578/812 814/1569/805 815/1577/806
f 821/1578/812 822/1579/813 813/1568/804 814/1569/805
f 822/1579/813 823/1580/814 812/1566/803 813/1568/804
f 823/1580/814 824/1581/815 811/1582/802 812/1566/803
f 824/1581/815 825/1583/816 810/1584/800 811/1582/802
f 825/1583/816 826/1585/817 809/1561/801 810/1584/800
f 826/1586/817 769/1501/760 772/1504/763 809/1562/801
f 828/1587/818 827/1588/819 826/1585/817 825/1589/816
f 827/1590/819 766/1500/757 769/1501/760 826/1586/817
f 829/1591/820 828/1587/818 825/1589/816 824/1592/815
f 830/1593/821 829/1591/820 824/1592/815 823/1580/814
f 831/1594/822 830/1593/821 823/1580/814 822/1579/813
f 832/1595/823 831/1594/822 822/1579/813 821/1596/812
f 833/1597/824 832/1595/823 821/1596/812 820/1576/811
f 834/1598/825 833/1597/824 820/1576/811 819/1575/810
f 835/1599/826 834/1598/825 819/1575/810 818/1600/809
f 765/1497/755 835/1599/826 818/1600/809 768/1498/758
f 761/1492/752 836/1601/827 835/1599/826 765/1493/755
f 836/1601/827 837/1602/828 834/1603/825 835/1599/826
f 837/1602/828 838/1604/829 833/1605/824 834/1603/825
f 838/1604/829 839/1606/830 832/1595/823 833/1605/824
f 839/1606/830 840/1607/831 831/1608/822 832/1595/823
f 840/1607/831 841/1609/832 830/1593/821 831/1608/822
f 841/1609/832 842/1610/833 829/1611/820 830/1593/821
f 842/1610/833 843/1612/834 828/1613/818 829/1611/820
f 843/1612/834 844/1614/835 827/1588/819 828/1613/818
f 844/1615/835 762/1495/754 766/1496/757 827/1590/819
f 846/1616/836 845/1617/837 844/1614/835 843/1612/834
f 845/1618/837 760/1487/751 762/1491/754 844/1619/835
f 847/1620/838 846/1616/836 843/1612/834 842/1610/833
f 848/1621/839 847/1620/838 842/1610/833 841/1622/832
f 849/1623/840 848/1621/839 841/1622/832 840/1607/831
f 850/1624/841 849/1623/840 840/1607/831 839/1625/830
f 851/1626/842 850/1624/841 839/1625/830 838/1604/829
f 852/1627/843 851/1626/842 838/1604/829 837/1628/828
f 853/1629/844 852/1627/843 837/1628/828 836/1630/827
f 759/1488/749 853/1629/844 836/1630/827 761/1489/752
f 756/1482/746 854/1631/845 853/1632/844 759/1485/749
f 854/1631/845 855/1633/846 852/1627/843 853/1632/844
f 855/1633/846 856/1634/847 851/1635/842 852/1627/843
f 856/1634/847 857/1636/848 850/1624/841 851/1635/842
f 857/1636/848 858/1637/849 849/1623/840 850/1624/841
f 858/1637/849 859/1638/850 848/1621/839 849/1623/840
f 859/1638/850 860/1639/851 847/1620/838 848/1621/839
f 860/1639/851 861/1640/852 846/1641/836 847/1620/838
f 861/1640/852 862/1642/853 845/1617/837 846/1641/836
f 862/1643/853 757/1484/748 760/1487/751 845/1618/837
f 864/1644/854 863/1645/855 862/1642/853 861/1640/852
f 863/1646/855 754/1481/745 757/1484/748 862/1643/853
f 865/1647/856 864/1644/854 861/1640/852 860/1639/851
f 866/1648/857 865/1647/856 860/1639/851 859/1649/850
f 867/1650/858 866/1648/857 859/1649/850 858/1637/849
f 868/1651/859 867/1650/858 858/1637/849 857/1652/848
f 869/1653/860 868/1651/859 857/1652/848 856/1634/847
f 870/1654/861 869/1653/860 856/1634/847 855/1633/846
f 871/1655/862 870/1654/861 855/1633/846 854/1656/845
f 753/1479/743 871/1655/862 854/1656/845 756/1482/746
f 750/1478/740 872/1657/863 871/1658/862 753/1479/743
f 872/1657/863 873/1659/864 870/1654/861 871/1658/862
f 873/1659/864 874/1660/865 869/1661/860 870/1654/861
f 874/1660/865 875/1662/866 868/1663/859 869/1661/860
f 875/1662/866 876/1664/867 867/1650/858 868/1663/859
f 876/1664/867 877/1665/868 866/1648/857 867/1650/858
f 877/1665/868 878/1666/869 865/1647/856 866/1648/857
f 878/1666/869 879/1667/870 864/1644/854 865/1647/856
f 879/1667/870 880/1668/871 863/1645/855 864/1644/854
f 880/1669/871 751/1476/742 754/1481/745 863/1670/855
f 882/1671/872 881/1672/873 880/1668/871 879/1667/870
f 881/1673/873 748/1471/739 751/1476/742 880/1669/871
f 883/1674/874 882/1671/872 879/1667/870 878/1675/869
f 884/1676/875 883/1674/874 878/1675/869 877/1665/868
f 885/1677/876 884/1676/875 877/1665/868 876/1664/867
f 886/1678/877 885/1677/876 876/1664/867 875/1679/866
f 887/1680/878 886/1678/877 875/1679/866 874/1660/865
f 888/1681/879 887/1680/878 874/1660/865 873/1659/864
f 889/1682/880 888/1681/879 873/1659/864 872/1657/863
f 747/1473/737 889/1682/880 872/1657/863 750/1474/740
f 744/1468/734 890/1683/881 889/1684/880 747/1469/737
f 890/1683/881 891/1685/882 888/1681/879 889/1684/880
f 891/1685/882 892/1686/883 887/1687/878 888/1681/879
f 892/1686/883 893/1688/884 886/1678/877 887/1687/878
f 893/1688/884 894/1689/885 885/1677/876 886/1678/877
f 894/1689/885 895/1690/886 884/1676/875 885/1677/876
f 895/1690/886 896/1691/887 883/1674/874 884/1676/875
f 896/1691/887 897/1692/888 882/1671/872 883/1674/874
f 897/1692/888 898/1693/889 881/1672/873 882/1671/872
f 898/1694/889 745/1466/736 748/1471/739 881/1673/873
f 900/1695/890 899/1696/891 898/1693/889 897/1697/888
f 899/1698/891 742/1465/733 745/1466/736 898/1694/889
f 901/1699/892 900/1695/890 897/1697/888 896/1700/887
f 902/1701/893 901/1699/892 896/1700/887 895/1702/886
f 903/1703/894 902/1701/893 895/1702/886 894/1704/885
f 904/1705/895 903/1703/894 894/1704/885 893/1688/884
f 905/1706/896 904/1705/895 893/1688/884 892/1686/883
f 906/1707/897 905/1706/896 892/1686/883 891/1685/882
f 907/1708/898 906/1707/897 891/1685/882 890/1683/881
f 741/1462/731 907/1708/898 890/1683/881 744/1463/734
f 738/1454/728 908/1709/899 907/1710/898 741/1459/731
f 908/1709/899 909/1711/900 906/1712/897 907/1710/898
f 909/1711/900 910/1713/901 905/1714/896 906/1712/897
f 910/1713/901 911/1715/902 904/1705/895 905/1714/896
f 911/1715/902 912/1716/903 903/1703/894 904/1705/895
f 912/1716/903 913/1717/904 902/1718/893 903/1703/894
f 913/1717/904 914/1719/905 901/1720/892 902/1718/893
f 914/1719/905 915/1721/906 900/1695/890 901/1720/892
f 915/1721/906 916/1722/907 899/1696/891 900/1695/890
f 916/1723/907 739/1457/730 742/1461/733 899/1698/891
f 918/1724/908 917/1725/909 916/1722/907 915/1726/906
f 917/1727/909 736/1456/727 739/1457/730 916/1728/907
f 919/1729/910 918/1724/908 915/1726/906 914/1730/905
f 920/1731/911 919/1729/910 914/1730/905 913/1732/904
f 921/1733/912 920/1731/911 913/1732/904 912/1716/903
f 922/1734/913 921/1733/912 912/1716/903 911/1735/902
f 923/1736/914 922/1734/913 911/1735/902 910/1737/901
f 924/1738/915 923/1736/914 910/1737/901 909/1739/900
f 925/1740/916 924/1738/915 909/1739/900 908/1741/899
f 735/1453/725 925/1740/916 908/1741/899 738/1454/728
f 732/1447/722 926/1742/917 925/1743/916 735/1448/725
f 926/1742/917 927/1744/918 924/1745/915 925/1743/916
f 927/1744/918 928/1746/919 923/1747/914 924/1745/915
f 928/1746/919 929/1748/920 922/1749/913 923/1747/914
f 929/1748/920 930/1750/921 921/1751/912 922/1749/913
f 930/1750/921 931/1752/922 920/1753/911 921/1751/912
f 931/1752/922 932/1754/923 919/1755/910 920/1753/911
f 932/1754/923 933/1756/924 918/1757/908 919/1755/910
f 933/1756/924 934/1758/925 917/1725/909 918/1757/908
f 934/1759/925 733/1450/724 736/1451/727 917/1727/909
f 936/1760/926 935/1761/927 934/1758/925 933/1762/924
f 935/1763/927 730/1442/721 733/1445/724 934/1759/925
f 937/1764/928 936/1760/926 933/1762/924 932/1765/923
f 938/1766/929 937/1764/928 932/1765/923 931/1752/922
f 939/1767/930 938/1766/929 931/1752/922 930/1768/921
f 940/1769/931 939/1767/930 930/1768/921 929/1770/920
f 941/1771/932 940/1769/931 929/1770/920 928/1746/919
f 942/1772/933 941/1771/932 928/1746/919 927/1773/918
f 943/1774/934 942/1772/933 927/1773/918 926/1775/917
f 729/1439/719 943/1774/934 926/1775/917 732/1443/722
f 726/1436/716 944/1776/935 943/1777/934 729/1439/719
f 944/1776/935 945/1778/936 942/1779/933 943/1777/934
f 945/1778/936 946/1780/937 941/1781/932 942/1779/933
f 946/1780/937 947/1782/938 940/1783/931 941/1781/932
f 947/1782/938 948/1784/939 939/1767/930 940/1783/931
f 948/1784/939 949/1785/940 938/1786/929 939/1767/930
f 949/1785/940 950/1787/941 937/1788/928 938/1786/929
f 950/1787/941 951/1789/942 936/1760/926 937/1788/928
f 951/1789/942 952/1790/943 935/1761/927 936/1760/926
f 952/1791/943 727/1441/718 730/1442/721 935/1792/927
f 954/1793/944 953/1794/945 952/1790/943 951/1789/942
f 953/1795/945 724/1433/715 727/1438/718 952/1791/943
f 955/1796/946 954/1793/944 951/1789/942 950/1797/941
f 956/1798/947 955/1796/946 950/1797/941 949/1785/940
f 957/1799/948 956/1798/947 949/1785/940 948/1784/939
f 958/1800/949 957/1799/948 948/1784/939 947/1801/938
f 959/1802/950 958/1800/949 947/1801/938 946/1803/937
f 960/1804/951 959/1802/950 946/1803/937 945/1778/936
f 961/1805/952 960/1804/951 945/1778/936 944/1806/935
f 723/1435/713 961/1805/952 944/1806/935 726/1436/716
f 720/1429/710 962/1807/953 961/1808/952 723/1430/713
f 962/1807/953 963/1809/954 960/1804/951 961/1808/952
f 963/1809/954 964/1810/955 959/1811/950 960/1804/951
f 964/1810/955 965/1812/956 958/1800/949 959/1811/950
f 965/1812/956 966/1813/957 957/1799/948 958/1800/949
f 966/1813/957 967/1814/958 956/1798/947 957/1799/948
f 967/1814/958 968/1815/959 955/1796/946 956/1798/947
f 968/1815/959 969/1816/960 954/1793/944 955/1796/946
f 969/1816/960 970/1817/961 953/1794/945 954/1793/944
f 970/1818/961 721/1432/712 724/1433/715 953/1795/945
f 972/1819/962 971/1820/963 970/1817/961 969/1816/960
f 971/1821/963 718/1427/709 721/1428/712 970/1818/961
f 973/1822/964 972/1819/962 969/1816/960 968/1823/959
f 974/1824/965 973/1822/964 968/1823/959 967/1825/958
f 975/1826/966 974/1824/965 967/1825/958 966/1827/957
f 976/1828/967 975/1826/966 966/1827/957 965/1812/956
f 977/1829/968 976/1828/967 965/1812/956 964/1830/955
f 978/1831/969 977/1829/968 964/1830/955 963/1809/954
f 979/1832/970 978/1831/969 963/1809/954 962/1807/953
f 717/1424/707 979/1832/970 962/1807/953 720/1425/710
f 713/1418/704 712/1412/702 979/1833/970 717/1419/707
f 712/1412/702 711/1834/700 978/1831/969 979/1833/970
f 711/1834/700 710/1835/698 977/1836/968 978/1831/969
f 710/1835/698 709/1406/696 976/1828/967 977/1836/968
f 709/1406/696 708/1837/694 975/1838/966 976/1828/967
f 708/1837/694 707/1839/692 974/1840/965 975/1838/966
f 707/1839/692 706/1841/690 973/1842/964 974/1840/965
f 706/1841/690 705/1843/688 972/1819/962 973/1842/964
f 705/1843/688 704/1397/686 971/1820/963 972/1819/962
f 704/1394/686 715/1421/685 718/1422/709 971/1821/963
f 2596/1844/1 2597/1845/2 992/1846/3 981/1847/4
f 2598/1848/971 2596/1849/1 981/1850/4 982/1851/6
f 2599/1852/972 2598/1848/971 982/1851/6 983/1853/8
f 2600/1854/9 2599/1852/972 983/1853/8 984/1855/10
f 2601/1856/11 2600/1854/9 984/1855/10 985/1857/12
f 2602/1858/973 2601/1856/11 985/1857/12 986/1859/14
f 2603/1860/974 2602/1858/973 986/1859/14 987/1861/16
f 2604/1862/975 2603/1860/974 987/1861/16 988/1863/18
f 2605/1864/976 2604/1862/975 988/1863/18 989/1865/20
f 2606/1866/21 2605/1864/976 989/1865/20 990/1867/22
f 2607/1868/23 2606/1866/21 990/1867/22 991/1869/24
f 2597/1845/2 2607/1868/23 991/1869/24 992/1846/3
f 991/1869/24 990/1870/22 994/1871/25 993/1872/26
f 992/1846/3 991/1869/24 993/1872/26 995/1873/27
f 993/1874/26 994/1871/25 997/1875/28 996/1876/29
f 995/1877/27 993/1874/26 996/1876/29 998/1878/30
f 996/1879/29 997/1880/28 1000/1881/31 999/1882/32
f 998/1878/30 996/1879/29 999/1882/32 1001/1883/33
f 999/1882/32 1000/1884/31 1003/1885/34 1002/1886/977
f 1001/1887/33 999/1882/32 1002/1886/977 1004/1888/36
f 1002/1886/977 1003/1885/34 1006/1889/37 1005/1890/38
f 1004/1891/36 1002/1886/977 1005/1890/38 1007/1892/39
f 1005/1893/38 1006/1894/37 1009/1895/40 1008/1896/41
f 1007/1892/39 1005/1893/38 1008/1896/41 1010/1897/42
f 1008/1896/41 1009/1898/40 1012/1899/43 1011/1900/44
f 1010/1897/42 1008/1896/41 1011/1900/44 1013/1901/45
f 1011/1900/44 1012/1902/43 1015/1903/46 1014/1904/47
f 1013/1901/45 1011/1900/44 1014/1904/47 1016/1905/48
f 1014/1906/47 1015/1907/46 1018/1908/49 1017/1909/50
f 1016/1905/48 1014/1906/47 1017/1909/50 1019/1910/51
f 1017/1909/50 1018/1908/49 1021/1911/52 1020/1912/53
f 1019/1913/51 1017/1909/50 1020/1912/53 1022/1914/54
f 1020/1915/53 1021/1911/52 1024/1916/55 1023/1917/56
f 1022/1914/54 1020/1915/53 1023/1917/56 1025/1918/57
f 1023/1917/56 1024/1916/55 1027/1919/58 1026/1920/59
f 1025/1921/57 1023/1917/56 1026/1920/59 1028/1922/60
f 1026/1920/59 1027/1919/58 1030/1923/61 1029/1924/62
f 1028/1922/60 1026/1920/59 1029/1924/62 1031/1925/63
f 1029/1924/62 1030/1923/61 1033/1926/64 1032/1927/65
f 1031/1925/63 1029/1924/62 1032/1927/65 1034/1928/66
f 1032/1927/65 1033/1929/64 1036/1930/67 1035/1931/68
f 1034/1928/66 1032/1927/65 1035/1931/68 1037/1932/69
f 1035/1933/68 1036/1930/67 1038/1934/70 1040/1935/71
f 1037/1932/69 1035/1933/68 1040/1935/71 1039/1936/72
f 1040/1937/71 1038/1934/70 1042/1938/73 1041/1939/74
f 1039/1936/72 1040/1937/71 1041/1939/74 1043/1940/75
f 1041/1939/74 1042/1941/73 1045/1942/76 1044/1943/77
f 1043/1944/75 1041/1939/74 1044/1943/77 1046/1945/78
f 1044/1943/77 1045/1946/76 1048/1947/79 1047/1948/80
f 1046/1945/78 1044/1943/77 1047/1948/80 1049/1949/81
f 1047/1948/80 1048/1947/79 1051/1950/82 1050/1951/83
f 1049/1949/81 1047/1948/80 1050/1951/83 1052/1952/84
f 1050/1951/83 1051/1950/82 1054/1953/85 1053/1954/86
f 1052/1955/84 1050/1951/83 1053/1954/86 1055/1956/87
f 1053/1957/86 1054/1958/85 1057/1959/88 1056/1960/89
f 1055/1956/87 1053/1957/86 1056/1960/89 1058/1961/90
f 1056/1962/89 1057/1963/88 1060/1964/91 1059/1965/92
f 1058/1961/90 1056/1962/89 1059/1965/92 1061/1966/93
f 1057/1963/88 1071/1967/94 1070/1968/95 1060/1964/91
f 1071/1967/94 1072/1969/96 1069/1970/97 1070/1968/95
f 1072/1969/96 1073/1971/98 1068/1972/99 1069/1970/97
f 1073/1971/98 1074/1973/100 1067/1974/101 1068/1972/99
f 1074/1973/100 1075/1975/102 1066/1976/103 1067/1974/101
f 1075/1975/102 1076/1977/104 1065/1978/105 1066/1976/103
f 1076/1977/104 1077/1979/106 1064/1980/107 1065/1978/105
f 1077/1979/106 1078/1981/108 1063/1982/109 1064/1980/107
f 1078/1981/108 1079/1983/110 1062/1984/111 1063/1982/109
f 1079/1985/110 1058/1961/90 1061/1966/93 1062/1986/111
f 1081/1987/112 1080/1988/978 1079/1983/110 1078/1989/108
f 1080/1990/978 1055/1956/87 1058/1961/90 1079/1991/110
f 1082/1992/114 1081/1987/112 1078/1989/108 1077/1979/106
f 1083/1993/115 1082/1992/114 1077/1979/106 1076/1977/104
f 1084/1994/116 1083/1993/115 1076/1977/104 1075/1975/102
f 1085/1995/117 1084/1994/116 1075/1975/102 1074/1973/100
f 1086/1996/118 1085/1995/117 1074/1973/100 1073/1997/98
f 1087/1998/119 1086/1996/118 1073/1997/98 1072/1969/96
f 1088/1999/120 1087/1998/119 1072/1969/96 1071/1967/94
f 1054/1958/85 1088/1999/120 1071/1967/94 1057/1959/88
f 1051/1950/82 1089/2000/121 1088/2001/120 1054/1953/85
f 1089/2000/121 1090/2002/122 1087/1998/119 1088/2001/120
f 1090/2002/122 1091/2003/123 1086/2004/118 1087/1998/119
f 1091/2003/123 1092/2005/124 1085/1995/117 1086/2004/118
f 1092/2005/124 1093/2006/125 1084/1994/116 1085/1995/117
f 1093/2006/125 1094/2007/126 1083/1993/115 1084/1994/116
f 1094/2007/126 1095/2008/127 1082/2009/114 1083/1993/115
f 1095/2008/127 1096/2010/128 1081/2011/112 1082/2009/114
f 1096/2010/128 1097/2012/129 1080/1988/978 1081/2011/112
f 1097/2013/129 1052/1955/84 1055/1956/87 1080/2014/978
f 1099/2015/130 1098/2016/131 1097/2012/129 1096/2017/128
f 1098/2018/131 1049/1949/81 1052/1952/84 1097/2013/129
f 1100/2019/132 1099/2015/130 1096/2017/128 1095/2008/127
f 1101/2020/133 1100/2019/132 1095/2008/127 1094/2021/126
f 1102/2022/134 1101/2020/133 1094/2021/126 1093/2006/125
f 1103/2023/135 1102/2022/134 1093/2006/125 1092/2005/124
f 1104/2024/136 1103/2023/135 1092/2005/124 1091/2003/123
f 1105/2025/137 1104/2024/136 1091/2003/123 1090/2002/122
f 1106/2026/138 1105/2025/137 1090/2002/122 1089/2000/121
f 1048/1947/79 1106/2026/138 1089/2000/121 1051/1950/82
f 1045/1946/76 1107/2027/139 1106/2026/138 1048/1947/79
f 1107/2027/139 1108/2028/140 1105/2025/137 1106/2026/138
f 1108/2028/140 1109/2029/141 1104/2024/136 1105/2025/137
f 1109/2029/141 1110/2030/142 1103/2023/135 1104/2024/136
f 1110/2030/142 1111/2031/143 1102/2022/134 1103/2023/135
f 1111/2031/143 1112/2032/144 1101/2033/133 1102/2022/134
f 1112/2032/144 1113/2034/145 1100/2035/132 1101/2033/133
f 1113/2034/145 1114/2036/146 1099/2037/130 1100/2035/132
f 1114/2036/146 1115/2038/147 1098/2016/131 1099/2037/130
f 1115/2039/147 1046/1945/78 1049/1949/81 1098/2018/131
f 1117/2040/148 1116/2041/149 1115/2038/147 1114/2042/146
f 1116/2043/149 1043/1944/75 1046/1945/78 1115/2044/147
f 1118/2045/150 1117/2040/148 1114/2042/146 1113/2034/145
f 1119/2046/151 1118/2045/150 1113/2034/145 1112/2047/144
f 1120/2048/152 1119/2046/151 1112/2047/144 1111/2049/143
f 1121/2050/153 1120/2048/152 1111/2049/143 1110/2051/142
f 1122/2052/154 1121/2050/153 1110/2051/142 1109/2053/141
f 1123/2054/155 1122/2052/154 1109/2053/141 1108/2028/140
f 1124/2055/156 1123/2054/155 1108/2028/140 1107/2027/139
f 1042/1941/73 1124/2055/156 1107/2027/139 1045/1942/76
f 1038/1934/70 1125/2056/157 1124/2057/156 1042/1938/73
f 1125/2056/157 1126/2058/158 1123/2054/155 1124/2057/156
f 1126/2058/158 1127/2059/159 1122/2060/154 1123/2054/155
f 1127/2059/159 1128/2061/160 1121/2050/153 1122/2060/154
f 1128/2061/160 1129/2062/161 1120/2048/152 1121/2050/153
f 1129/2062/161 1130/2063/162 1119/2064/151 1120/2048/152
f 1130/2063/162 1131/2065/163 1118/2045/150 1119/2064/151
f 1131/2065/163 1132/2066/164 1117/2067/148 1118/2045/150
f 1132/2066/164 1133/2068/165 1116/2041/149 1117/2067/148
f 1133/2069/165 1039/1936/72 1043/1940/75 1116/2043/149
f 1135/2070/166 1134/2071/167 1133/2068/165 1132/2072/164
f 1134/2073/167 1037/1932/69 1039/1936/72 1133/2069/165
f 1136/2074/168 1135/2070/166 1132/2072/164 1131/2065/163
f 1137/2075/169 1136/2074/168 1131/2065/163 1130/2063/162
f 1138/2076/170 1137/2075/169 1130/2063/162 1129/2062/161
f 1139/2077/171 1138/2076/170 1129/2062/161 1128/2078/160
f 1140/2079/172 1139/2077/171 1128/2078/160 1127/2080/159
f 1141/2081/173 1140/2079/172 1127/2080/159 1126/2058/158
f 1142/2082/174 1141/2081/173 1126/2058/158 1125/2056/157
f 1036/1930/67 1142/2082/174 1125/2056/157 1038/1934/70
f 1033/1929/64 1143/2083/175 1142/2082/174 1036/1930/67
f 1143/2083/175 1144/2084/176 1141/2081/173 1142/2082/174
f 1144/2084/176 1145/2085/177 1140/2079/172 1141/2081/173
f 1145/2085/177 1146/2086/178 1139/2077/171 1140/2079/172
f 1146/2086/178 1147/2087/179 1138/2088/170 1139/2077/171
f 1147/2087/179 1148/2089/180 1137/2075/169 1138/2088/170
f 1148/2089/180 1149/2090/979 1136/2074/168 1137/2075/169
f 1149/2090/979 1150/2091/182 1135/2092/166 1136/2074/168
f 1150/2091/182 1151/2093/183 1134/2071/167 1135/2092/166
f 1151/2094/183 1034/1928/66 1037/1932/69 1134/2095/167
f 1153/2096/184 1152/2097/185 1151/2093/183 1150/2091/182
f 1152/2098/185 1031/1925/63 1034/1928/66 1151/2094/183
f 1154/2099/186 1153/2096/184 1150/2091/182 1149/2090/979
f 1155/2100/187 1154/2099/186 1149/2090/979 1148/2089/180
f 1156/2101/188 1155/2100/187 1148/2089/180 1147/2087/179
f 1157/2102/189 1156/2101/188 1147/2087/179 1146/2086/178
f 1158/2103/190 1157/2102/189 1146/2086/178 1145/2085/177
f 1159/2104/191 1158/2103/190 1145/2085/177 1144/2105/176
f 1160/2106/192 1159/2104/191 1144/2105/176 1143/2083/175
f 1030/1923/61 1160/2106/192 1143/2083/175 1033/1926/64
f 1027/1919/58 1161/2107/193 1160/2106/192 1030/1923/61
f 1161/2107/193 1162/2108/194 1159/2109/191 1160/2106/192
f 1162/2108/194 1163/2110/195 1158/2111/190 1159/2109/191
f 1163/2110/195 1164/2112/196 1157/2113/189 1158/2111/190
f 1164/2112/196 1165/2114/197 1156/2101/188 1157/2113/189
f 1165/2114/197 1166/2115/198 1155/2100/187 1156/2101/188
f 1166/2115/198 1167/2116/199 1154/2099/186 1155/2100/187
f 1167/2116/199 1168/2117/200 1153/2118/184 1154/2099/186
f 1168/2117/200 1169/2119/201 1152/2097/185 1153/2118/184
f 1169/2120/201 1028/1922/60 1031/1925/63 1152/2098/185
f 1171/2121/202 1170/2122/203 1169/2119/201 1168/2123/200
f 1170/2124/203 1025/1921/57 1028/1922/60 1169/2120/201
f 1172/2125/204 1171/2121/202 1168/2123/200 1167/2116/199
f 1173/2126/205 1172/2125/204 1167/2116/199 1166/2115/198
f 1174/2127/206 1173/2126/205 1166/2115/198 1165/2128/197
f 1175/2129/207 1174/2127/206 1165/2128/197 1164/2112/196
f 1176/2130/208 1175/2129/207 1164/2112/196 1163/2131/195
f 1177/2132/209 1176/2130/208 1163/2131/195 1162/2108/194
f 1178/2133/210 1177/2132/209 1162/2108/194 1161/2134/193
f 1024/1916/55 1178/2133/210 1161/2134/193 1027/1919/58
f 1021/1911/52 1179/2135/211 1178/2136/210 1024/1916/55
f 1179/2135/211 1180/2137/212 1177/2138/209 1178/2136/210
f 1180/2137/212 1181/2139/213 1176/2140/208 1177/2138/209
f 1181/2139/213 1182/2141/214 1175/2142/207 1176/2140/208
f 1182/2141/214 1183/2143/215 1174/2144/206 1175/2142/207
f 1183/2143/215 1184/2145/216 1173/2126/205 1174/2144/206
f 1184/2145/216 1185/2146/217 1172/2147/204 1173/2126/205
f 1185/2146/217 1186/2148/218 1171/2149/202 1172/2147/204
f 1186/2148/218 1187/2150/219 1170/2122/203 1171/2149/202
f 1187/2151/219 1022/1914/54 1025/1918/57 1170/2152/203
f 1189/2153/220 1188/2154/221 1187/2150/219 1186/2148/218
f 1188/2155/221 1019/1913/51 1022/1914/54 1187/2156/219
f 1190/2157/222 1189/2153/220 1186/2148/218 1185/2146/217
f 1191/2158/223 1190/2157/222 1185/2146/217 1184/2159/216
f 1192/2160/224 1191/2158/223 1184/2159/216 1183/2143/215
f 1193/2161/225 1192/2160/224 1183/2143/215 1182/2141/214
f 1194/2162/226 1193/2161/225 1182/2141/214 1181/2139/213
f 1195/2163/227 1194/2162/226 1181/2139/213 1180/2137/212
f 1196/2164/228 1195/2163/227 1180/2137/212 1179/2135/211
f 1018/1908/49 1196/2164/228 1179/2135/211 1021/1911/52
f 1015/1907/46 1197/2165/229 1196/2166/228 1018/1908/49
f 1197/2165/229 1198/2167/230 1195/2168/227 1196/2166/228
f 1198/2167/230 1199/2169/231 1194/2170/226 1195/2168/227
f 1199/2169/231 1200/2171/232 1193/2161/225 1194/2170/226
f 1200/2171/232 1201/2172/233 1192/2173/224 1193/2161/225
f 1201/2172/233 1202/2174/234 1191/2158/223 1192/2173/224
f 1202/2174/234 1203/2175/235 1190/2176/222 1191/2158/223
f 1203/2175/235 1204/2177/236 1189/2178/220 1190/2176/222
f 1204/2177/236 1205/2179/237 1188/2154/221 1189/2178/220
f 1205/2180/237 1016/1905/48 1019/1910/51 1188/2155/221
f 1207/2181/238 1206/2182/239 1205/2179/237 1204/2183/236
f 1206/2184/239 1013/1901/45 1016/1905/48 1205/2180/237
f 1208/2185/240 1207/2181/238 1204/2183/236 1203/2175/235
f 1209/2186/241 1208/2185/240 1203/2175/235 1202/2187/234
f 1210/2188/242 1209/2186/241 1202/2187/234 1201/2172/233
f 1211/2189/243 1210/2188/242 1201/2172/233 1200/2171/232
f 1212/2190/244 1211/2189/243 1200/2171/232 1199/2191/231
f 1213/2192/245 1212/2190/244 1199/2191/231 1198/2193/230
f 1214/2194/246 1213/2192/245 1198/2193/230 1197/2165/229
f 1012/1902/43 1214/2194/246 1197/2165/229 1015/1903/46
f 1009/1898/40 1215/2195/247 1214/2196/246 1012/1899/43
f 1215/2195/247 1216/2197/248 1213/2192/245 1214/2196/246
f 1216/2197/248 1217/2198/249 1212/2199/244 1213/2192/245
f 1217/2198/249 1218/2200/250 1211/2189/243 1212/2199/244
f 1218/2200/250 1219/2201/251 1210/2188/242 1211/2189/243
f 1219/2201/251 1220/2202/252 1209/2186/241 1210/2188/242
f 1220/2202/252 1221/2203/253 1208/2185/240 1209/2186/241
f 1221/2203/253 1222/2204/254 1207/2181/238 1208/2185/240
f 1222/2204/254 1223/2205/255 1206/2182/239 1207/2181/238
f 1223/2206/255 1010/1897/42 1013/1901/45 1206/2207/239
f 1225/2208/256 1224/2209/257 1223/2205/255 1222/2210/254
f 1224/2211/257 1007/1892/39 1010/1897/42 1223/2212/255
f 1226/2213/258 1225/2208/256 1222/2210/254 1221/2203/253
f 1227/2214/259 1226/2213/258 1221/2203/253 1220/2215/252
f 1228/2216/260 1227/2214/259 1220/2215/252 1219/2201/251
f 1229/2217/261 1228/2216/260 1219/2201/251 1218/2218/250
f 1230/2219/262 1229/2217/261 1218/2218/250 1217/2220/249
f 1231/2221/263 1230/2219/262 1217/2220/249 1216/2222/248
f 1232/2223/264 1231/2221/263 1216/2222/248 1215/2224/247
f 1006/1894/37 1232/2223/264 1215/2224/247 1009/1895/40
f 1003/1885/34 1233/2225/265 1232/2223/264 1006/1889/37
f 1233/2225/265 1234/2226/266 1231/2221/263 1232/2223/264
f 1234/2226/266 1235/2227/267 1230/2219/262 1231/2221/263
f 1235/2227/267 1236/2228/268 1229/2229/261 1230/2219/262
f 1236/2228/268 1237/2230/269 1228/2216/260 1229/2229/261
f 1237/2230/269 1238/2231/270 1227/2232/259 1228/2216/260
f 1238/2231/270 1239/2233/271 1226/2213/258 1227/2232/259
f 1239/2233/271 1240/2234/272 1225/2208/256 1226/2213/258
f 1240/2234/272 1241/2235/273 1224/2209/257 1225/2208/256
f 1241/2236/273 1004/1891/36 1007/1892/39 1224/2237/257
f 1243/2238/274 1242/2239/275 1241/2235/273 1240/2240/272
f 1242/2241/275 1001/1887/33 1004/1888/36 1241/2242/273
f 1244/2243/276 1243/2238/274 1240/2240/272 1239/2233/271
f 1245/2244/277 1244/2243/276 1239/2233/271 1238/2245/270
f 1246/2246/278 1245/2244/277 1238/2245/270 1237/2247/269
f 1247/2248/279 1246/2246/278 1237/2247/269 1236/2228/268
f 1248/2249/280 1247/2248/279 1236/2228/268 1235/2250/267
f 1249/2251/281 1248/2249/280 1235/2250/267 1234/2252/266
f 1250/2253/282 1249/2251/281 1234/2252/266 1233/2254/265
f 1000/1884/31 1250/2253/282 1233/2254/265 1003/1885/34
f 997/1880/28 1251/2255/283 1250/2253/282 1000/1881/31
f 1251/2255/283 1252/2256/284 1249/2251/281 1250/2253/282
f 1252/2256/284 1253/2257/285 1248/2258/280 1249/2251/281
f 1253/2257/285 1254/2259/286 1247/2260/279 1248/2258/280
f 1254/2259/286 1255/2261/980 1246/2246/278 1247/2260/279
f 1255/2261/980 1256/2262/288 1245/2263/277 1246/2246/278
f 1256/2262/288 1257/2264/289 1244/2243/276 1245/2263/277
f 1257/2264/289 1258/2265/290 1243/2266/274 1244/2243/276
f 1258/2265/290 1259/2267/291 1242/2239/275 1243/2266/274
f 1259/2268/291 998/1878/30 1001/1883/33 1242/2241/275
f 1261/2269/292 1260/2270/293 1259/2267/291 1258/2265/290
f 1260/2271/293 995/1877/27 998/1878/30 1259/2272/291
f 1262/2273/294 1261/2269/292 1258/2265/290 1257/2264/289
f 1263/2274/295 1262/2273/294 1257/2264/289 1256/2275/288
f 1264/2276/296 1263/2274/295 1256/2275/288 1255/2261/980
f 1265/2277/297 1264/2276/296 1255/2261/980 1254/2278/286
f 1266/2279/298 1265/2277/297 1254/2278/286 1253/2257/285
f 1267/2280/299 1266/2279/298 1253/2257/285 1252/2256/284
f 1268/2281/300 1267/2280/299 1252/2256/284 1251/2282/283
f 994/1871/25 1268/2281/300 1251/2282/283 997/1875/28
f 990/1870/22 989/2283/20 1268/2284/300 994/1871/25
f 989/2283/20 988/1863/18 1267/2285/299 1268/2284/300
f 988/1863/18 987/2286/16 1266/2287/298 1267/2285/299
f 987/2286/16 986/1859/14 1265/2288/297 1266/2287/298
f 986/1859/14 985/1857/12 1264/2289/296 1265/2288/297
f 985/1857/12 984/2290/10 1263/2291/295 1264/2289/296
f 984/2290/10 983/1853/8 1262/2292/294 1263/2291/295
f 983/1853/8 982/1851/6 1261/2269/292 1262/2292/294
f 982/1851/6 981/1850/4 1260/2270/293 1261/2269/292
f 981/1847/4 992/1846/3 995/1873/27 1260/2271/293
f 2656/2293/981 1270/2294/982 1281/2295/983 2657/2296/984
f 2658/2297/985 1271/2298/986 1270/2299/982 2656/2300/981
f 2659/2301/987 1272/2302/988 1271/2298/986 2658/2297/985
f 2660/2303/989 1273/2304/990 1272/2302/988 2659/2301/987
f 2661/2305/991 1274/2306/992 1273/2304/990 2660/2303/989
f 2662/2307/993 1275/2308/994 1274/2306/992 2661/2305/991
f 2663/2309/995 1276/2310/996 1275/2308/994 2662/2307/993
f 2664/2311/997 1277/2312/998 1276/2310/996 2663/2309/995
f 2665/2313/999 1278/2314/1000 1277/2312/998 2664/2311/997
f 2666/2315/1001 1279/2316/1002 1278/2314/1000 2665/2313/999
f 2667/2317/1003 1280/2318/1004 1279/2316/1002 2666/2315/1001
f 2657/2296/984 1281/2295/983 1280/2318/1004 2667/2317/1003
f 1280/2318/1004 1282/2319/1005 1283/2320/1006 1279/2316/1002
f 1281/2295/983 1284/2321/1007 1282/2319/1005 1280/2318/1004
f 1282/2322/1005 1285/2323/1008 1286/2324/1009 1283/2320/1006
f 1284/2325/1007 1287/2326/1010 1285/2323/1008 1282/2322/1005
f 1285/2327/1008 1288/2328/1011 1289/2329/1012 1286/2324/1009
f 1287/2330/1010 1290/2331/1013 1288/2328/1011 1285/2327/1008
f 1288/2328/1011 1291/2332/1014 1292/2333/1015 1289/2334/1012
f 1290/2335/1013 1293/2336/1016 1291/2332/1014 1288/2328/1011
f 1291/2337/1014 1294/2338/1017 1295/2339/1018 1292/2333/1015
f 1293/2340/1016 1296/2341/1019 1294/2338/1017 1291/2337/1014
f 1294/2342/1017 1297/2343/1020 1298/2344/1021 1295/2345/1018
f 1296/2341/1019 1299/2346/1022 1297/2343/1020 1294/2342/1017
f 1297/2347/1020 1300/2348/1023 1301/2349/1024 1298/2344/1021
f 1299/2346/1022 1302/2350/1025 1300/2348/1023 1297/2347/1020
f 1300/2348/1023 1303/2351/1026 1304/2352/1027 1301/2353/1024
f 1302/2350/1025 1305/2354/1028 1303/2351/1026 1300/2348/1023
f 1303/2351/1026 1306/2355/1029 1307/2356/1030 1304/2352/1027
f 1305/2357/1028 1308/2358/1031 1306/2355/1029 1303/2351/1026
f 1306/2359/1029 1309/2360/1032 1310/2361/1033 1307/2362/1030
f 1308/2363/1031 1311/2364/1034 1309/2360/1032 1306/2359/1029
f 1309/2365/1032 1312/2366/1035 1313/2367/1036 1310/2368/1033
f 1311/2369/1034 1314/2370/1037 1312/2366/1035 1309/2365/1032
f 1312/2366/1035 1315/2371/1038 1316/2372/1039 1313/2367/1036
f 1314/2373/1037 1317/2374/1040 1315/2371/1038 1312/2366/1035
f 1315/2375/1038 1318/2376/1041 1319/2377/1042 1316/2372/1039
f 1317/2374/1040 1320/2378/1043 1318/2376/1041 1315/2375/1038
f 1318/2376/1041 1321/2379/1044 1322/2380/1045 1319/2377/1042
f 1320/2378/1043 1323/2381/1046 1321/2379/1044 1318/2376/1041
f 1321/2382/1044 1324/2383/1047 1325/2384/1048 1322/2380/1045
f 1323/2381/1046 1326/2385/1049 1324/2383/1047 1321/2382/1044
f 1324/2383/1047 1327/2386/1050 1328/2387/1051 1325/2384/1048
f 1326/2388/1049 1329/2389/1052 1327/2386/1050 1324/2383/1047
f 1327/2386/1050 1330/2390/1053 1331/2391/1054 1328/2392/1051
f 1329/2393/1052 1332/2394/1055 1330/2390/1053 1327/2386/1050
f 1330/2390/1053 1333/2395/1056 1334/2396/1057 1331/2397/1054
f 1332/2394/1055 1335/2398/1058 1333/2395/1056 1330/2390/1053
f 1333/2395/1056 1336/2399/1059 1337/2400/1060 1334/2396/1057
f 1335/2398/1058 1338/2401/1061 1336/2399/1059 1333/2395/1056
f 1336/2399/1059 1339/2402/1062 1340/2403/1063 1337/2400/1060
f 1338/2401/1061 1341/2404/1064 1339/2402/1062 1336/2399/1059
f 1339/2402/1062 1342/2405/1065 1343/2406/1066 1340/2403/1063
f 1341/2404/1064 1344/2407/1067 1342/2405/1065 1339/2402/1062
f 1342/2405/1065 1345/2408/1068 1346/2409/1069 1343/2406/1066
f 1344/2407/1067 1347/2410/1070 1345/2408/1068 1342/2405/1065
f 1345/2408/1068 1348/2411/1071 1349/2412/1072 1346/2409/1069
f 1347/2410/1070 1350/2413/1073 1348/2411/1071 1345/2408/1068
f 1348/2411/1071 1059/2414/92 1060/2415/91 1349/2412/1072
f 1350/2413/1073 1061/1966/93 1059/2414/92 1348/2411/1071
f 1351/2416/1074 1062/1986/111 1061/1966/93 1350/2413/1073
f 1352/2417/1075 1063/2418/109 1062/1984/111 1351/2419/1074
f 1353/2420/1076 1064/1980/107 1063/2418/109 1352/2417/1075
f 1354/2421/1077 1065/2422/105 1064/1980/107 1353/2420/1076
f 1355/2423/1078 1066/1976/103 1065/2422/105 1354/2421/1077
f 1356/2424/1079 1067/2425/101 1066/1976/103 1355/2423/1078
f 1357/2426/1080 1068/2427/99 1067/2425/101 1356/2424/1079
f 1358/2428/1081 1069/1970/97 1068/2427/99 1357/2426/1080
f 1359/2429/1082 1070/2430/95 1069/1970/97 1358/2428/1081
f 1349/2412/1072 1060/2415/91 1070/2430/95 1359/2429/1082
f 1346/2409/1069 1349/2412/1072 1359/2429/1082 1360/2431/1083
f 1360/2431/1083 1359/2429/1082 1358/2428/1081 1375/2432/1084
f 1375/2432/1084 1358/2428/1081 1357/2433/1080 1361/2434/1085
f 1361/2434/1085 1357/2433/1080 1356/2435/1079 1362/2436/1086
f 1362/2436/1086 1356/2435/1079 1355/2437/1078 1363/2438/1087
f 1363/2438/1087 1355/2437/1078 1354/2439/1077 1364/2440/1088
f 1364/2440/1088 1354/2439/1077 1353/2441/1076 1365/2442/1089
f 1365/2442/1089 1353/2441/1076 1352/2417/1075 1366/2443/1090
f 1366/2443/1090 1352/2417/1075 1351/2419/1074 1367/2444/1091
f 1367/2445/1091 1351/2416/1074 1350/2413/1073 1347/2410/1070
f 1369/2446/1092 1366/2447/1090 1367/2444/1091 1368/2448/1093
f 1368/2449/1093 1367/2445/1091 1347/2410/1070 1344/2407/1067
f 1370/2450/1094 1365/2442/1089 1366/2447/1090 1369/2446/1092
f 1371/2451/1095 1364/2452/1088 1365/2442/1089 1370/2450/1094
f 1372/2453/1096 1363/2454/1087 1364/2452/1088 1371/2451/1095
f 1373/2455/1097 1362/2436/1086 1363/2454/1087 1372/2453/1096
f 1374/2456/1098 1361/2457/1085 1362/2436/1086 1373/2455/1097
f 1376/2458/1099 1375/2432/1084 1361/2457/1085 1374/2456/1098
f 1377/2459/1100 1360/2431/1083 1375/2432/1084 1376/2458/1099
f 1343/2406/1066 1346/2409/1069 1360/2431/1083 1377/2459/1100
f 1340/2403/1063 1343/2406/1066 1377/2459/1100 1378/2460/1101
f 1378/2460/1101 1377/2459/1100 1376/2458/1099 1379/2461/1102
f 1379/2461/1102 1376/2458/1099 1374/2462/1098 1380/2463/1103
f 1380/2463/1103 1374/2462/1098 1373/2464/1097 1381/2465/1104
f 1381/2465/1104 1373/2464/1097 1372/2453/1096 1382/2466/1105
f 1382/2466/1105 1372/2453/1096 1371/2467/1095 1383/2468/1106
f 1383/2468/1106 1371/2467/1095 1370/2469/1094 1384/2470/1107
f 1384/2470/1107 1370/2469/1094 1369/2446/1092 1385/2471/1108
f 1385/2471/1108 1369/2446/1092 1368/2448/1093 1386/2472/1109
f 1386/2473/1109 1368/2449/1093 1344/2407/1067 1341/2404/1064
f 1388/2474/1110 1385/2471/1108 1386/2475/1109 1387/2476/1111
f 1387/2477/1111 1386/2473/1109 1341/2404/1064 1338/2401/1061
f 1389/2478/1112 1384/2479/1107 1385/2471/1108 1388/2474/1110
f 1390/2480/1113 1383/2481/1106 1384/2479/1107 1389/2478/1112
f 1391/2482/1114 1382/2483/1105 1383/2481/1106 1390/2480/1113
f 1392/2484/1115 1381/2485/1104 1382/2483/1105 1391/2482/1114
f 1393/2486/1116 1380/2487/1103 1381/2485/1104 1392/2484/1115
f 1394/2488/1117 1379/2461/1102 1380/2487/1103 1393/2486/1116
f 1395/2489/1118 1378/2460/1101 1379/2461/1102 1394/2488/1117
f 1337/2400/1060 1340/2403/1063 1378/2460/1101 1395/2489/1118
f 1334/2396/1057 1337/2400/1060 1395/2489/1118 1396/2490/1119
f 1396/2490/1119 1395/2489/1118 1394/2488/1117 1397/2491/1120
f 1397/2491/1120 1394/2488/1117 1393/2492/1116 1398/2493/1121
f 1398/2493/1121 1393/2492/1116 1392/2494/1115 1399/2495/1122
f 1399/2495/1122 1392/2494/1115 1391/2482/1114 1400/2496/1123
f 1400/2496/1123 1391/2482/1114 1390/2497/1113 1401/2498/1124
f 1401/2498/1124 1390/2497/1113 1389/2478/1112 1402/2499/1125
f 1402/2499/1125 1389/2478/1112 1388/2500/1110 1403/2501/1126
f 1403/2501/1126 1388/2500/1110 1387/2502/1111 1404/2503/1127
f 1404/2504/1127 1387/2477/1111 1338/2401/1061 1335/2398/1058
f 1406/2505/1128 1403/2501/1126 1404/2503/1127 1405/2506/1129
f 1405/2507/1129 1404/2504/1127 1335/2398/1058 1332/2394/1055
f 1407/2508/1130 1402/2499/1125 1403/2501/1126 1406/2505/1128
f 1408/2509/1131 1401/2498/1124 1402/2499/1125 1407/2508/1130
f 1409/2510/1132 1400/2511/1123 1401/2498/1124 1408/2509/1131
f 1410/2512/1133 1399/2513/1122 1400/2511/1123 1409/2510/1132
f 1411/2514/1134 1398/2515/1121 1399/2513/1122 1410/2512/1133
f 1412/2516/1135 1397/2491/1120 1398/2515/1121 1411/2514/1134
f 1413/2517/1136 1396/2490/1119 1397/2491/1120 1412/2516/1135
f 1331/2397/1054 1334/2396/1057 1396/2490/1119 1413/2517/1136
f 1328/2392/1051 1331/2391/1054 1413/2517/1136 1414/2518/1137
f 1414/2518/1137 1413/2517/1136 1412/2519/1135 1415/2520/1138
f 1415/2520/1138 1412/2519/1135 1411/2521/1134 1416/2522/1139
f 1416/2522/1139 1411/2521/1134 1410/2512/1133 1417/2523/1140
f 1417/2523/1140 1410/2512/1133 1409/2524/1132 1418/2525/1141
f 1418/2525/1141 1409/2524/1132 1408/2509/1131 1419/2526/1142
f 1419/2526/1142 1408/2509/1131 1407/2527/1130 1420/2528/1143
f 1420/2528/1143 1407/2527/1130 1406/2505/1128 1421/2529/1144
f 1421/2529/1144 1406/2505/1128 1405/2530/1129 1422/2531/1145
f 1422/2532/1145 1405/2507/1129 1332/2394/1055 1329/2393/1052
f 1424/2533/1146 1421/2529/1144 1422/2531/1145 1423/2534/1147
f 1423/2535/1147 1422/2532/1145 1329/2389/1052 1326/2388/1049
f 1425/2536/1148 1420/2528/1143 1421/2529/1144 1424/2533/1146
f 1426/2537/1149 1419/2538/1142 1420/2528/1143 1425/2536/1148
f 1427/2539/1150 1418/2525/1141 1419/2538/1142 1426/2537/1149
f 1428/2540/1151 1417/2541/1140 1418/2525/1141 1427/2539/1150
f 1429/2542/1152 1416/2522/1139 1417/2541/1140 1428/2540/1151
f 1430/2543/1153 1415/2520/1138 1416/2522/1139 1429/2542/1152
f 1431/2544/1154 1414/2545/1137 1415/2520/1138 1430/2543/1153
f 1325/2384/1048 1328/2387/1051 1414/2545/1137 1431/2544/1154
f 1322/2380/1045 1325/2384/1048 1431/2544/1154 1432/2546/1155
f 1432/2546/1155 1431/2544/1154 1430/2543/1153 1433/2547/1156
f 1433/2547/1156 1430/2543/1153 1429/2548/1152 1434/2549/1157
f 1434/2549/1157 1429/2548/1152 1428/2550/1151 1435/2551/1158
f 1435/2551/1158 1428/2550/1151 1427/2539/1150 1436/2552/1159
f 1436/2552/1159 1427/2539/1150 1426/2553/1149 1437/2554/1160
f 1437/2554/1160 1426/2553/1149 1425/2555/1148 1438/2556/1161
f 1438/2556/1161 1425/2555/1148 1424/2533/1146 1439/2557/1162
f 1439/2557/1162 1424/2533/1146 1423/2534/1147 1440/2558/1163
f 1440/2559/1163 1423/2535/1147 1326/2385/1049 1323/2381/1046
f 1442/2560/1164 1439/2557/1162 1440/2558/1163 1441/2561/1165
f 1441/2562/1165 1440/2559/1163 1323/2381/1046 1320/2378/1043
f 1443/2563/1166 1438/2564/1161 1439/2557/1162 1442/2560/1164
f 1444/2565/1167 1437/2566/1160 1438/2564/1161 1443/2563/1166
f 1445/2567/1168 1436/2568/1159 1437/2566/1160 1444/2565/1167
f 1446/2569/1169 1435/2570/1158 1436/2568/1159 1445/2567/1168
f 1447/2571/1170 1434/2549/1157 1435/2570/1158 1446/2569/1169
f 1448/2572/1171 1433/2547/1156 1434/2549/1157 1447/2571/1170
f 1449/2573/1172 1432/2574/1155 1433/2547/1156 1448/2572/1171
f 1319/2377/1042 1322/2380/1045 1432/2574/1155 1449/2573/1172
f 1316/2372/1039 1319/2377/1042 1449/2575/1172 1450/2576/1173
f 1450/2576/1173 1449/2575/1172 1448/2572/1171 1451/2577/1174
f 1451/2577/1174 1448/2572/1171 1447/2578/1170 1452/2579/1175
f 1452/2579/1175 1447/2578/1170 1446/2569/1169 1453/2580/1176
f 1453/2580/1176 1446/2569/1169 1445/2581/1168 1454/2582/1177
f 1454/2582/1177 1445/2581/1168 1444/2565/1167 1455/2583/1178
f 1455/2583/1178 1444/2565/1167 1443/2563/1166 1456/2584/1179
f 1456/2584/1179 1443/2563/1166 1442/2560/1164 1457/2585/1180
f 1457/2585/1180 1442/2560/1164 1441/2586/1165 1458/2587/1181
f 1458/2588/1181 1441/2562/1165 1320/2378/1043 1317/2374/1040
f 1460/2589/1182 1457/2585/1180 1458/2590/1181 1459/2591/1183
f 1459/2592/1183 1458/2588/1181 1317/2374/1040 1314/2373/1037
f 1461/2593/1184 1456/2594/1179 1457/2585/1180 1460/2589/1182
f 1462/2595/1185 1455/2596/1178 1456/2594/1179 1461/2593/1184
f 1463/2597/1186 1454/2598/1177 1455/2596/1178 1462/2595/1185
f 1464/2599/1187 1453/2600/1176 1454/2598/1177 1463/2597/1186
f 1465/2601/1188 1452/2602/1175 1453/2600/1176 1464/2599/1187
f 1466/2603/1189 1451/2604/1174 1452/2602/1175 1465/2601/1188
f 1467/2605/1190 1450/2606/1173 1451/2604/1174 1466/2603/1189
f 1313/2367/1036 1316/2372/1039 1450/2606/1173 1467/2605/1190
f 1310/2368/1033 1313/2367/1036 1467/2605/1190 1468/2607/1191
f 1468/2607/1191 1467/2605/1190 1466/2608/1189 1469/2609/1192
f 1469/2609/1192 1466/2608/1189 1465/2610/1188 1470/2611/1193
f 1470/2611/1193 1465/2610/1188 1464/2612/1187 1471/2613/1194
f 1471/2613/1194 1464/2612/1187 1463/2614/1186 1472/2615/1195
f 1472/2615/1195 1463/2614/1186 1462/2616/1185 1473/2617/1196
f 1473/2617/1196 1462/2616/1185 1461/2618/1184 1474/2619/1197
f 1474/2619/1197 1461/2618/1184 1460/2620/1182 1475/2621/1198
f 1475/2621/1198 1460/2620/1182 1459/2591/1183 1476/2622/1199
f 1476/2623/1199 1459/2592/1183 1314/2370/1037 1311/2369/1034
f 1478/2624/1200 1475/2621/1198 1476/2625/1199 1477/2626/1201
f 1477/2627/1201 1476/2623/1199 1311/2364/1034 1308/2363/1031
f 1479/2628/1202 1474/2629/1197 1475/2621/1198 1478/2624/1200
f 1480/2630/1203 1473/2631/1196 1474/2629/1197 1479/2628/1202
f 1481/2632/1204 1472/2633/1195 1473/2631/1196 1480/2630/1203
f 1482/2634/1205 1471/2613/1194 1472/2633/1195 1481/2632/1204
f 1483/2635/1206 1470/2636/1193 1471/2613/1194 1482/2634/1205
f 1484/2637/1207 1469/2638/1192 1470/2636/1193 1483/2635/1206
f 1485/2639/1208 1468/2607/1191 1469/2638/1192 1484/2637/1207
f 1307/2362/1030 1310/2361/1033 1468/2607/1191 1485/2639/1208
f 1304/2352/1027 1307/2356/1030 1485/2640/1208 1486/2641/1209
f 1486/2641/1209 1485/2640/1208 1484/2642/1207 1487/2643/1210
f 1487/2643/1210 1484/2642/1207 1483/2644/1206 1488/2645/1211
f 1488/2645/1211 1483/2644/1206 1482/2646/1205 1489/2647/1212
f 1489/2647/1212 1482/2646/1205 1481/2648/1204 1490/2649/1213
f 1490/2649/1213 1481/2648/1204 1480/2630/1203 1491/2650/1214
f 1491/2650/1214 1480/2630/1203 1479/2651/1202 1492/2652/1215
f 1492/2652/1215 1479/2651/1202 1478/2653/1200 1493/2654/1216
f 1493/2654/1216 1478/2653/1200 1477/2655/1201 1494/2656/1217
f 1494/2657/1217 1477/2627/1201 1308/2358/1031 1305/2357/1028
f 1496/2658/1218 1493/2659/1216 1494/2656/1217 1495/2660/1219
f 1495/2661/1219 1494/2657/1217 1305/2354/1028 1302/2350/1025
f 1497/2662/1220 1492/2663/1215 1493/2659/1216 1496/2658/1218
f 1498/2664/1221 1491/2665/1214 1492/2663/1215 1497/2662/1220
f 1499/2666/1222 1490/2667/1213 1491/2665/1214 1498/2664/1221
f 1500/2668/1223 1489/2669/1212 1490/2667/1213 1499/2666/1222
f 1501/2670/1224 1488/2645/1211 1489/2669/1212 1500/2668/1223
f 1502/2671/1225 1487/2672/1210 1488/2645/1211 1501/2670/1224
f 1503/2673/1226 1486/2674/1209 1487/2672/1210 1502/2671/1225
f 1301/2353/1024 1304/2352/1027 1486/2674/1209 1503/2673/1226
f 1298/2344/1021 1301/2349/1024 1503/2675/1226 1504/2676/1227
f 1504/2676/1227 1503/2675/1226 1502/2671/1225 1505/2677/1228
f 1505/2677/1228 1502/2671/1225 1501/2670/1224 1506/2678/1229
f 1506/2678/1229 1501/2670/1224 1500/2679/1223 1507/2680/1230
f 1507/2680/1230 1500/2679/1223 1499/2681/1222 1508/2682/1231
f 1508/2682/1231 1499/2681/1222 1498/2664/1221 1509/2683/1232
f 1509/2683/1232 1498/2664/1221 1497/2662/1220 1510/2684/1233
f 1510/2684/1233 1497/2662/1220 1496/2658/1218 1511/2685/1234
f 1511/2685/1234 1496/2658/1218 1495/2686/1219 1512/2687/1235
f 1512/2688/1235 1495/2661/1219 1302/2350/1025 1299/2346/1022
f 1514/2689/1236 1511/2685/1234 1512/2690/1235 1513/2691/1237
f 1513/2692/1237 1512/2688/1235 1299/2346/1022 1296/2341/1019
f 1515/2693/1238 1510/2694/1233 1511/2685/1234 1514/2689/1236
f 1516/2695/1239 1509/2683/1232 1510/2694/1233 1515/2693/1238
f 1517/2696/1240 1508/2697/1231 1509/2683/1232 1516/2695/1239
f 1518/2698/1241 1507/2699/1230 1508/2697/1231 1517/2696/1240
f 1519/2700/1242 1506/2678/1229 1507/2699/1230 1518/2698/1241
f 1520/2701/1243 1505/2677/1228 1506/2678/1229 1519/2700/1242
f 1521/2702/1244 1504/2703/1227 1505/2677/1228 1520/2701/1243
f 1295/2345/1018 1298/2344/1021 1504/2703/1227 1521/2702/1244
f 1292/2333/1015 1295/2339/1018 1521/2702/1244 1522/2704/1245
f 1522/2704/1245 1521/2702/1244 1520/2701/1243 1523/2705/1246
f 1523/2705/1246 1520/2701/1243 1519/2706/1242 1524/2707/1247
f 1524/2707/1247 1519/2706/1242 1518/2708/1241 1525/2709/1248
f 1525/2709/1248 1518/2708/1241 1517/2710/1240 1526/2711/1249
f 1526/2711/1249 1517/2710/1240 1516/2695/1239 1527/2712/1250
f 1527/2712/1250 1516/2695/1239 1515/2693/1238 1528/2713/1251
f 1528/2713/1251 1515/2693/1238 1514/2714/1236 1529/2715/1252
f 1529/2715/1252 1514/2714/1236 1513/2691/1237 1530/2716/1253
f 1530/2717/1253 1513/2692/1237 1296/2341/1019 1293/2340/1016
f 1532/2718/1254 1529/2719/1252 1530/2716/1253 1531/2720/1255
f 1531/2721/1255 1530/2717/1253 1293/2336/1016 1290/2335/1013
f 1533/2722/1256 1528/2723/1251 1529/2719/1252 1532/2718/1254
f 1534/2724/1257 1527/2725/1250 1528/2723/1251 1533/2722/1256
f 1535/2726/1258 1526/2727/1249 1527/2725/1250 1534/2724/1257
f 1536/2728/1259 1525/2729/1248 1526/2727/1249 1535/2726/1258
f 1537/2730/1260 1524/2731/1247 1525/2729/1248 1536/2728/1259
f 1538/2732/1261 1523/2733/1246 1524/2731/1247 1537/2730/1260
f 1539/2734/1262 1522/2735/1245 1523/2733/1246 1538/2732/1261
f 1289/2334/1012 1292/2333/1015 1522/2735/1245 1539/2734/1262
f 1286/2324/1009 1289/2329/1012 1539/2734/1262 1540/2736/1263
f 1540/2736/1263 1539/2734/1262 1538/2732/1261 1541/2737/1264
f 1541/2737/1264 1538/2732/1261 1537/2738/1260 1542/2739/1265
f 1542/2739/1265 1537/2738/1260 1536/2740/1259 1543/2741/1266
f 1543/2741/1266 1536/2740/1259 1535/2742/1258 1544/2743/1267
f 1544/2743/1267 1535/2742/1258 1534/2744/1257 1545/2745/1268
f 1545/2745/1268 1534/2744/1257 1533/2746/1256 1546/2747/1269
f 1546/2747/1269 1533/2746/1256 1532/2718/1254 1547/2748/1270
f 1547/2748/1270 1532/2718/1254 1531/2749/1255 1548/2750/1271
f 1548/2751/1271 1531/2721/1255 1290/2331/1013 1287/2330/1010
f 1550/2752/1272 1547/2753/1270 1548/2750/1271 1549/2754/1273
f 1549/2755/1273 1548/2751/1271 1287/2326/1010 1284/2325/1007
f 1551/2756/1274 1546/2757/1269 1547/2753/1270 1550/2752/1272
f 1552/2758/1275 1545/2759/1268 1546/2757/1269 1551/2756/1274
f 1553/2760/1276 1544/2743/1267 1545/2759/1268 1552/2758/1275
f 1554/2761/1277 1543/2741/1266 1544/2743/1267 1553/2760/1276
f 1555/2762/1278 1542/2763/1265 1543/2741/1266 1554/2761/1277
f 1556/2764/1279 1541/2737/1264 1542/2763/1265 1555/2762/1278
f 1557/2765/1280 1540/2736/1263 1541/2737/1264 1556/2764/1279
f 1283/2320/1006 1286/2324/1009 1540/2736/1263 1557/2765/1280
f 1279/2316/1002 1283/2320/1006 1557/2765/1280 1278/2314/1000
f 1278/2314/1000 1557/2765/1280 1556/2764/1279 1277/2312/998
f 1277/2312/998 1556/2764/1279 1555/2766/1278 1276/2310/996
f 1276/2310/996 1555/2766/1278 1554/2767/1277 1275/2308/994
f 1275/2308/994 1554/2767/1277 1553/2768/1276 1274/2306/992
f 1274/2306/992 1553/2768/1276 1552/2769/1275 1273/2304/990
f 1273/2304/990 1552/2769/1275 1551/2770/1274 1272/2302/988
f 1272/2302/988 1551/2770/1274 1550/2752/1272 1271/2298/986
f 1271/2298/986 1550/2752/1272 1549/2754/1273 1270/2299/982
f 1270/2294/982 1549/2755/1273 1284/2321/1007 1281/2295/983
f 2608/2771/371 1559/2772/372 1570/2773/373 2609/2774/1281
f 2610/2775/375 1560/2776/376 1559/2777/372 2608/2778/371
f 2611/2779/377 1561/2780/378 1560/2776/376 2610/2775/375
f 2612/2781/379 1562/2782/380 1561/2780/378 2611/2779/377
f 2613/2783/1282 1563/2784/382 1562/2782/380 2612/2781/379
f 2614/2785/383 1564/2786/384 1563/2784/382 2613/2783/1282
f 2615/2787/385 1565/2788/386 1564/2786/384 2614/2785/383
f 2616/2789/387 1566/2790/388 1565/2788/386 2615/2787/385
f 2617/2791/389 1567/2792/390 1566/2790/388 2616/2789/387
f 2618/2793/391 1568/2794/392 1567/2792/390 2617/2791/389
f 2619/2795/393 1569/2796/1283 1568/2794/392 2618/2793/391
f 2609/2774/1281 1570/2773/373 1569/2796/1283 2619/2795/393
f 1569/2796/1283 1571/2797/395 1572/2798/396 1568/2794/392
f 1570/2773/373 1573/2799/397 1571/2797/395 1569/2796/1283
f 1571/2797/395 1574/2800/398 1575/2801/399 1572/2798/396
f 1573/2802/397 1576/2803/400 1574/2800/398 1571/2797/395
f 1574/2800/398 1577/2804/401 1578/2805/402 1575/2801/399
f 1576/2806/400 1579/2807/403 1577/2804/401 1574/2800/398
f 1577/2804/401 1580/2808/404 1581/2809/405 1578/2805/402
f 1579/2810/403 1582/2811/406 1580/2808/404 1577/2804/401
f 1580/2812/404 1583/2813/407 1584/2814/408 1581/2815/405
f 1582/2816/406 1585/2817/409 1583/2813/407 1580/2812/404
f 1583/2813/407 1586/2818/410 1587/2819/411 1584/2820/408
f 1585/2817/409 1588/2821/412 1586/2818/410 1583/2813/407
f 1586/2818/410 1589/2822/413 1590/2823/414 1587/2819/411
f 1588/2821/412 1591/2824/415 1589/2822/413 1586/2818/410
f 1589/2825/413 1592/2826/416 1593/2827/417 1590/2828/414
f 1591/2824/415 1594/2829/418 1592/2826/416 1589/2825/413
f 1592/2826/416 1595/2830/419 1596/2831/420 1593/2832/417
f 1594/2833/418 1597/2834/421 1595/2830/419 1592/2826/416
f 1595/2835/419 1598/2836/422 1599/2837/423 1596/2838/420
f 1597/2834/421 1600/2839/424 1598/2836/422 1595/2835/419
f 1598/2836/422 1601/2840/425 1602/2841/426 1599/2837/423
f 1600/2842/424 1603/2843/427 1601/2840/425 1598/2836/422
f 1601/2844/425 1604/2845/428 1605/2846/429 1602/2847/426
f 1603/2843/427 1606/2848/430 1604/2845/428 1601/2844/425
f 1604/2845/428 1607/2849/431 1608/2850/432 1605/2846/429
f 1606/2848/430 1609/2851/433 1607/2849/431 1604/2845/428
f 1607/2849/431 1610/2852/1284 1611/2853/1285 1608/2850/432
f 1609/2851/433 1612/2854/1286 1610/2852/1284 1607/2849/431
f 1610/2852/1284 1613/2855/1287 1614/2856/1288 1611/2853/1285
f 1612/2854/1286 1615/2857/1289 1613/2855/1287 1610/2852/1284
f 1613/2855/1287 1616/2858/437 1617/2859/438 1614/2856/1288
f 1615/2857/1289 1618/2860/439 1616/2858/437 1613/2855/1287
f 1616/2861/437 1619/2862/440 1620/2863/441 1617/2864/438
f 1618/2865/439 1621/2866/442 1619/2862/440 1616/2861/437
f 1619/2867/440 1622/2868/443 1623/2869/444 1620/2863/441
f 1621/2870/442 1624/2871/445 1622/2868/443 1619/2867/440
f 1622/2868/443 1625/2872/446 1626/2873/447 1623/2869/444
f 1624/2874/445 1627/2875/448 1625/2872/446 1622/2868/443
f 1625/2872/446 1628/2876/449 1629/2877/450 1626/2878/447
f 1627/2879/448 1630/2880/451 1628/2876/449 1625/2872/446
f 1628/2876/449 1631/2881/452 1632/2882/453 1629/2877/450
f 1630/2883/451 1633/2884/454 1631/2881/452 1628/2876/449
f 1631/2881/452 1634/2885/455 1635/2886/456 1632/2882/453
f 1633/2887/454 1636/2888/457 1634/2885/455 1631/2881/452
f 1634/2885/455 1637/2889/1290 1638/2890/1291 1635/2886/456
f 1636/2891/457 1639/2892/1292 1637/2889/1290 1634/2885/455
f 1637/2889/1290 1640/2893/1293 1641/2894/1294 1638/2890/1291
f 1639/2892/1292 1642/2895/1295 1640/2893/1293 1637/2889/1290
f 1640/2893/1293 1643/2896/461 1644/2897/462 1641/2894/1294
f 1642/2895/1295 1645/2898/463 1643/2896/461 1640/2893/1293
f 1643/2896/461 1646/2899/464 1647/2900/465 1644/2897/462
f 1645/2898/463 1648/2901/466 1646/2899/464 1643/2896/461
f 1650/2902/467 1649/2903/468 1648/2901/466 1645/2898/463
f 1652/2904/469 1651/2905/470 1649/2906/468 1650/2907/467
f 1654/2908/471 1653/2909/472 1651/2905/470 1652/2904/469
f 1656/2910/473 1655/2911/474 1653/2909/472 1654/2908/471
f 1658/2912/475 1657/2913/476 1655/2911/474 1656/2910/473
f 1660/2914/477 1659/2915/478 1657/2913/476 1658/2912/475
f 1662/2916/479 1661/2917/480 1659/2915/478 1660/2914/477
f 1664/2918/481 1663/2919/482 1661/2917/480 1662/2916/479
f 1666/2920/483 1665/2921/484 1663/2919/482 1664/2918/481
f 1644/2897/462 1647/2900/465 1665/2921/484 1666/2920/483
f 1641/2894/1294 1644/2897/462 1666/2922/483 1667/2923/1296
f 1667/2923/1296 1666/2922/483 1664/2918/481 1668/2924/1297
f 1668/2924/1297 1664/2918/481 1662/2925/479 1669/2926/1298
f 1669/2926/1298 1662/2925/479 1660/2927/477 1670/2928/1299
f 1670/2928/1299 1660/2927/477 1658/2912/475 1671/2929/1300
f 1671/2929/1300 1658/2912/475 1656/2910/473 1672/2930/1301
f 1672/2930/1301 1656/2910/473 1654/2908/471 1673/2931/491
f 1673/2931/491 1654/2908/471 1652/2932/469 1674/2933/1302
f 1674/2933/1302 1652/2932/469 1650/2907/467 1675/2934/1303
f 1675/2935/1303 1650/2902/467 1645/2898/463 1642/2895/1295
f 1678/2936/1304 1674/2933/1302 1675/2934/1303 1676/2937/1305
f 1676/2938/1305 1675/2935/1303 1642/2895/1295 1639/2892/1292
f 1679/2939/494 1678/2936/1304 1676/2937/1305 1677/2940/1306
f 1677/2941/1306 1676/2938/1305 1639/2892/1292 1636/2891/457
f 1681/2942/496 1680/2943/1307 1678/2936/1304 1679/2939/494
f 1680/2943/1307 1673/2931/491 1674/2933/1302 1678/2936/1304
f 1683/2944/497 1682/2945/1308 1680/2943/1307 1681/2942/496
f 1682/2945/1308 1672/2930/1301 1673/2931/491 1680/2943/1307
f 1685/2946/498 1684/2947/1309 1682/2945/1308 1683/2944/497
f 1684/2947/1309 1671/2929/1300 1672/2930/1301 1682/2945/1308
f 1687/2948/499 1686/2949/1310 1684/2947/1309 1685/2946/498
f 1686/2949/1310 1670/2928/1299 1671/2929/1300 1684/2947/1309
f 1689/2950/500 1688/2951/1311 1686/2949/1310 1687/2948/499
f 1688/2951/1311 1669/2926/1298 1670/2928/1299 1686/2949/1310
f 1691/2952/501 1690/2953/1312 1688/2951/1311 1689/2950/500
f 1690/2953/1312 1668/2924/1297 1669/2926/1298 1688/2951/1311
f 1693/2954/502 1692/2955/1313 1690/2953/1312 1691/2952/501
f 1692/2955/1313 1667/2923/1296 1668/2924/1297 1690/2953/1312
f 1635/2886/456 1638/2890/1291 1692/2955/1313 1693/2954/502
f 1638/2890/1291 1641/2894/1294 1667/2923/1296 1692/2955/1313
f 1632/2882/453 1635/2886/456 1693/2954/502 1694/2956/503
f 1694/2956/503 1693/2954/502 1691/2952/501 1695/2957/504
f 1695/2957/504 1691/2952/501 1689/2950/500 1696/2958/505
f 1696/2958/505 1689/2950/500 1687/2959/499 1697/2960/506
f 1697/2960/506 1687/2959/499 1685/2946/498 1698/2961/507
f 1698/2961/507 1685/2946/498 1683/2962/497 1699/2963/508
f 1699/2963/508 1683/2962/497 1681/2942/496 1700/2964/509
f 1700/2964/509 1681/2942/496 1679/2939/494 1701/2965/510
f 1701/2965/510 1679/2939/494 1677/2940/1306 1702/2966/511
f 1702/2967/511 1677/2941/1306 1636/2888/457 1633/2887/454
f 1704/2968/512 1701/2965/510 1702/2966/511 1703/2969/513
f 1703/2970/513 1702/2967/511 1633/2884/454 1630/2883/451
f 1705/2971/514 1700/2964/509 1701/2965/510 1704/2968/512
f 1706/2972/515 1699/2963/508 1700/2964/509 1705/2971/514
f 1707/2973/516 1698/2961/507 1699/2963/508 1706/2972/515
f 1708/2974/517 1697/2975/506 1698/2961/507 1707/2973/516
f 1709/2976/518 1696/2977/505 1697/2975/506 1708/2974/517
f 1710/2978/519 1695/2979/504 1696/2977/505 1709/2976/518
f 1711/2980/520 1694/2956/503 1695/2979/504 1710/2978/519
f 1629/2877/450 1632/2882/453 1694/2956/503 1711/2980/520
f 1626/2878/447 1629/2877/450 1711/2981/520 1712/2982/521
f 1712/2982/521 1711/2981/520 1710/2978/519 1713/2983/522
f 1713/2983/522 1710/2978/519 1709/2984/518 1714/2985/523
f 1714/2985/523 1709/2984/518 1708/2986/517 1715/2987/524
f 1715/2987/524 1708/2986/517 1707/2973/516 1716/2988/525
f 1716/2988/525 1707/2973/516 1706/2972/515 1717/2989/526
f 1717/2989/526 1706/2972/515 1705/2971/514 1718/2990/527
f 1718/2990/527 1705/2971/514 1704/2968/512 1719/2991/528
f 1719/2991/528 1704/2968/512 1703/2969/513 1720/2992/529
f 1720/2993/529 1703/2970/513 1630/2880/451 1627/2879/448
f 1722/2994/530 1719/2995/528 1720/2992/529 1721/2996/531
f 1721/2997/531 1720/2993/529 1627/2875/448 1624/2874/445
f 1723/2998/532 1718/2990/527 1719/2995/528 1722/2994/530
f 1724/2999/533 1717/2989/526 1718/2990/527 1723/2998/532
f 1725/3000/534 1716/2988/525 1717/2989/526 1724/2999/533
f 1726/3001/535 1715/3002/524 1716/2988/525 1725/3000/534
f 1727/3003/536 1714/2985/523 1715/3002/524 1726/3001/535
f 1728/3004/537 1713/3005/522 1714/2985/523 1727/3003/536
f 1729/3006/538 1712/2982/521 1713/3005/522 1728/3004/537
f 1623/2869/444 1626/2873/447 1712/2982/521 1729/3006/538
f 1620/2863/441 1623/2869/444 1729/3007/538 1730/3008/539
f 1730/3008/539 1729/3007/538 1728/3009/537 1731/3010/540
f 1731/3010/540 1728/3009/537 1727/3011/536 1732/3012/541
f 1732/3012/541 1727/3011/536 1726/3001/535 1733/3013/542
f 1733/3013/542 1726/3001/535 1725/3014/534 1734/3015/543
f 1734/3015/543 1725/3014/534 1724/3016/533 1735/3017/544
f 1735/3017/544 1724/3016/533 1723/2998/532 1736/3018/545
f 1736/3018/545 1723/2998/532 1722/2994/530 1737/3019/546
f 1737/3019/546 1722/2994/530 1721/3020/531 1738/3021/547
f 1738/3022/547 1721/2997/531 1624/2871/445 1621/2870/442
f 1740/3023/548 1737/3019/546 1738/3024/547 1739/3025/549
f 1739/3026/549 1738/3022/547 1621/2866/442 1618/2865/439
f 1741/3027/550 1736/3018/545 1737/3019/546 1740/3023/548
f 1742/3028/551 1735/3017/544 1736/3018/545 1741/3027/550
f 1743/3029/552 1734/3030/543 1735/3017/544 1742/3028/551
f 1744/3031/553 1733/3032/542 1734/3030/543 1743/3029/552
f 1745/3033/554 1732/3034/541 1733/3032/542 1744/3031/553
f 1746/3035/555 1731/3036/540 1732/3034/541 1745/3033/554
f 1747/3037/556 1730/3008/539 1731/3036/540 1746/3035/555
f 1617/2864/438 1620/2863/441 1730/3008/539 1747/3037/556
f 1614/2856/1288 1617/2859/438 1747/3037/556 1748/3038/1314
f 1748/3038/1314 1747/3037/556 1746/3035/555 1749/3039/1315
f 1749/3039/1315 1746/3035/555 1745/3040/554 1750/3041/1316
f 1750/3041/1316 1745/3040/554 1744/3042/553 1751/3043/1317
f 1751/3043/1317 1744/3042/553 1743/3044/552 1752/3045/1318
f 1752/3045/1318 1743/3044/552 1742/3046/551 1753/3047/1319
f 1753/3047/1319 1742/3046/551 1741/3027/550 1754/3048/563
f 1754/3048/563 1741/3027/550 1740/3023/548 1755/3049/1320
f 1755/3049/1320 1740/3023/548 1739/3050/549 1756/3051/1321
f 1756/3052/1321 1739/3053/549 1618/2860/439 1615/2857/1289
f 1759/3054/1322 1755/3049/1320 1756/3051/1321 1757/3055/1323
f 1757/3056/1323 1756/3052/1321 1615/2857/1289 1612/2854/1286
f 1760/3057/566 1759/3054/1322 1757/3055/1323 1758/3058/567
f 1758/3059/567 1757/3056/1323 1612/2854/1286 1609/2851/433
f 1762/3060/568 1761/3061/568 1759/3054/1322 1760/3057/566
f 1761/3061/568 1754/3048/563 1755/3049/1320 1759/3054/1322
f 1764/3062/569 1763/3063/1324 1761/3061/568 1762/3060/568
f 1763/3063/1324 1753/3047/1319 1754/3048/563 1761/3061/568
f 1766/3064/570 1765/3065/1325 1763/3063/1324 1764/3062/569
f 1765/3065/1325 1752/3045/1318 1753/3047/1319 1763/3063/1324
f 1768/3066/571 1767/3067/1326 1765/3065/1325 1766/3064/570
f 1767/3067/1326 1751/3043/1317 1752/3045/1318 1765/3065/1325
f 1770/3068/572 1769/3069/1327 1767/3067/1326 1768/3066/571
f 1769/3069/1327 1750/3041/1316 1751/3043/1317 1767/3067/1326
f 1772/3070/573 1771/3071/1328 1769/3069/1327 1770/3068/572
f 1771/3071/1328 1749/3039/1315 1750/3041/1316 1769/3069/1327
f 1774/3072/574 1773/3073/574 1771/3071/1328 1772/3070/573
f 1773/3073/574 1748/3038/1314 1749/3039/1315 1771/3071/1328
f 1608/2850/432 1611/2853/1285 1773/3073/574 1774/3072/574
f 1611/2853/1285 1614/2856/1288 1748/3038/1314 1773/3073/574
f 1605/2846/429 1608/2850/432 1774/3072/574 1775/3074/575
f 1775/3074/575 1774/3072/574 1772/3075/573 1776/3076/576
f 1776/3076/576 1772/3075/573 1770/3077/572 1777/3078/577
f 1777/3078/577 1770/3077/572 1768/3066/571 1778/3079/578
f 1778/3079/578 1768/3066/571 1766/3064/570 1779/3080/579
f 1779/3080/579 1766/3064/570 1764/3062/569 1780/3081/580
f 1780/3081/580 1764/3062/569 1762/3060/568 1781/3082/581
f 1781/3082/581 1762/3060/568 1760/3057/566 1782/3083/582
f 1782/3083/582 1760/3057/566 1758/3058/567 1783/3084/583
f 1783/3085/583 1758/3059/567 1609/2851/433 1606/2848/430
f 1785/3086/584 1782/3083/582 1783/3084/583 1784/3087/585
f 1784/3088/585 1783/3085/583 1606/2848/430 1603/2843/427
f 1786/3089/586 1781/3082/581 1782/3083/582 1785/3086/584
f 1787/3090/587 1780/3081/580 1781/3082/581 1786/3089/586
f 1788/3091/588 1779/3080/579 1780/3081/580 1787/3090/587
f 1789/3092/589 1778/3093/578 1779/3080/579 1788/3091/588
f 1790/3094/590 1777/3095/577 1778/3093/578 1789/3092/589
f 1791/3096/591 1776/3097/576 1777/3095/577 1790/3094/590
f 1792/3098/592 1775/3099/575 1776/3097/576 1791/3096/591
f 1602/2847/426 1605/2846/429 1775/3099/575 1792/3098/592
f 1599/2837/423 1602/2841/426 1792/3100/592 1793/3101/593
f 1793/3101/593 1792/3100/592 1791/3102/591 1794/3103/594
f 1794/3103/594 1791/3102/591 1790/3104/590 1795/3105/595
f 1795/3105/595 1790/3104/590 1789/3092/589 1796/3106/596
f 1796/3106/596 1789/3092/589 1788/3091/588 1797/3107/597
f 1797/3107/597 1788/3091/588 1787/3108/587 1798/3109/598
f 1798/3109/598 1787/3108/587 1786/3110/586 1799/3111/599
f 1799/3111/599 1786/3110/586 1785/3112/584 1800/3113/600
f 1800/3113/600 1785/3112/584 1784/3087/585 1801/3114/601
f 1801/3115/601 1784/3088/585 1603/2843/427 1600/2842/424
f 1803/3116/602 1800/3117/600 1801/3118/601 1802/3119/603
f 1802/3120/603 1801/3115/601 1600/2839/424 1597/2834/421
f 1804/3121/604 1799/3111/599 1800/3117/600 1803/3116/602
f 1805/3122/605 1798/3123/598 1799/3111/599 1804/3121/604
f 1806/3124/606 1797/3107/597 1798/3123/598 1805/3122/605
f 1807/3125/607 1796/3106/596 1797/3107/597 1806/3124/606
f 1808/3126/608 1795/3127/595 1796/3106/596 1807/3125/607
f 1809/3128/609 1794/3103/594 1795/3127/595 1808/3126/608
f 1810/3129/610 1793/3101/593 1794/3103/594 1809/3128/609
f 1596/2838/420 1599/2837/423 1793/3101/593 1810/3129/610
f 1593/2832/417 1596/2831/420 1810/3130/610 1811/3131/611
f 1811/3131/611 1810/3130/610 1809/3128/609 1812/3132/612
f 1812/3132/612 1809/3128/609 1808/3126/608 1813/3133/613
f 1813/3133/613 1808/3126/608 1807/3134/607 1814/3135/614
f 1814/3135/614 1807/3134/607 1806/3124/606 1815/3136/615
f 1815/3136/615 1806/3124/606 1805/3122/605 1816/3137/616
f 1816/3137/616 1805/3122/605 1804/3138/604 1817/3139/617
f 1817/3139/617 1804/3138/604 1803/3140/602 1818/3141/618
f 1818/3141/618 1803/3140/602 1802/3142/603 1819/3143/619
f 1819/3144/619 1802/3120/603 1597/2834/421 1594/2833/418
f 1821/3145/620 1818/3141/618 1819/3146/619 1820/3147/621
f 1820/3148/621 1819/3144/619 1594/2829/418 1591/2824/415
f 1822/3149/622 1817/3139/617 1818/3141/618 1821/3145/620
f 1823/3150/623 1816/3137/616 1817/3139/617 1822/3149/622
f 1824/3151/624 1815/3152/615 1816/3137/616 1823/3150/623
f 1825/3153/625 1814/3154/614 1815/3152/615 1824/3151/624
f 1826/3155/626 1813/3156/613 1814/3154/614 1825/3153/625
f 1827/3157/627 1812/3132/612 1813/3156/613 1826/3155/626
f 1828/3158/628 1811/3131/611 1812/3132/612 1827/3157/627
f 1590/2828/414 1593/2827/417 1811/3131/611 1828/3158/628
f 1587/2819/411 1590/2823/414 1828/3159/628 1829/3160/629
f 1829/3160/629 1828/3159/628 1827/3157/627 1830/3161/630
f 1830/3161/630 1827/3157/627 1826/3162/626 1831/3163/631
f 1831/3163/631 1826/3162/626 1825/3164/625 1832/3165/632
f 1832/3165/632 1825/3164/625 1824/3166/624 1833/3167/633
f 1833/3167/633 1824/3166/624 1823/3168/623 1834/3169/634
f 1834/3169/634 1823/3168/623 1822/3170/622 1835/3171/635
f 1835/3171/635 1822/3170/622 1821/3145/620 1836/3172/636
f 1836/3172/636 1821/3145/620 1820/3173/621 1837/3174/637
f 1837/3175/637 1820/3148/621 1591/2824/415 1588/2821/412
f 1839/3176/638 1836/3177/636 1837/3178/637 1838/3179/639
f 1838/3180/639 1837/3175/637 1588/2821/412 1585/2817/409
f 1840/3181/640 1835/3171/635 1836/3177/636 1839/3176/638
f 1841/3182/641 1834/3169/634 1835/3171/635 1840/3181/640
f 1842/3183/642 1833/3167/633 1834/3169/634 1841/3182/641
f 1843/3184/643 1832/3185/632 1833/3167/633 1842/3183/642
f 1844/3186/644 1831/3187/631 1832/3185/632 1843/3184/643
f 1845/3188/645 1830/3161/630 1831/3187/631 1844/3186/644
f 1846/3189/646 1829/3190/629 1830/3161/630 1845/3188/645
f 1584/2820/408 1587/2819/411 1829/3190/629 1846/3189/646
f 1581/2815/405 1584/2814/408 1846/3189/646 1847/3191/647
f 1847/3191/647 1846/3189/646 1845/3188/645 1848/3192/648
f 1848/3192/648 1845/3188/645 1844/3193/644 1849/3194/649
f 1849/3194/649 1844/3193/644 1843/3195/643 1850/3196/650
f 1850/3196/650 1843/3195/643 1842/3183/642 1851/3197/651
f 1851/3197/651 1842/3183/642 1841/3182/641 1852/3198/652
f 1852/3198/652 1841/3182/641 1840/3181/640 1853/3199/653
f 1853/3199/653 1840/3181/640 1839/3176/638 1854/3200/654
f 1854/3200/654 1839/3176/638 1838/3179/639 1855/3201/655
f 1855/3202/655 1838/3180/639 1585/2817/409 1582/2816/406
f 1857/3203/656 1854/3204/654 1855/3201/655 1856/3205/657
f 1856/3206/657 1855/3202/655 1582/2811/406 1579/2810/403
f 1858/3207/658 1853/3208/653 1854/3204/654 1857/3203/656
f 1859/3209/659 1852/3210/652 1853/3208/653 1858/3207/658
f 1860/3211/660 1851/3212/651 1852/3210/652 1859/3209/659
f 1861/3213/661 1850/3214/650 1851/3212/651 1860/3211/660
f 1862/3215/662 1849/3216/649 1850/3214/650 1861/3213/661
f 1863/3217/663 1848/3218/648 1849/3216/649 1862/3215/662
f 1864/3219/664 1847/3220/647 1848/3218/648 1863/3217/663
f 1578/2805/402 1581/2809/405 1847/3220/647 1864/3219/664
f 1575/2801/399 1578/2805/402 1864/3219/664 1865/3221/665
f 1865/3221/665 1864/3219/664 1863/3217/663 1866/3222/666
f 1866/3222/666 1863/3217/663 1862/3215/662 1867/3223/667
f 1867/3223/667 1862/3215/662 1861/3213/661 1868/3224/1329
f 1868/3224/1329 1861/3213/661 1860/3211/660 1869/3225/669
f 1869/3225/669 1860/3211/660 1859/3209/659 1870/3226/670
f 1870/3226/670 1859/3209/659 1858/3207/658 1871/3227/671
f 1871/3227/671 1858/3207/658 1857/3203/656 1872/3228/672
f 1872/3228/672 1857/3203/656 1856/3229/657 1873/3230/673
f 1873/3231/673 1856/3206/657 1579/2807/403 1576/2806/400
f 1875/3232/674 1872/3228/672 1873/3230/673 1874/3233/675
f 1874/3234/675 1873/3231/673 1576/2803/400 1573/2802/397
f 1876/3235/676 1871/3227/671 1872/3228/672 1875/3232/674
f 1877/3236/677 1870/3237/670 1871/3227/671 1876/3235/676
f 1878/3238/678 1869/3225/669 1870/3237/670 1877/3236/677
f 1879/3239/679 1868/3240/1329 1869/3225/669 1878/3238/678
f 1880/3241/680 1867/3223/667 1868/3240/1329 1879/3239/679
f 1881/3242/681 1866/3222/666 1867/3223/667 1880/3241/680
f 1882/3243/682 1865/3221/665 1866/3222/666 1881/3242/681
f 1572/2798/396 1575/2801/399 1865/3221/665 1882/3243/682
f 1568/2794/392 1572/2798/396 1882/3243/682 1567/2792/390
f 1567/2792/390 1882/3243/682 1881/3242/681 1566/2790/388
f 1566/2790/388 1881/3242/681 1880/3244/680 1565/2788/386
f 1565/2788/386 1880/3244/680 1879/3245/679 1564/2786/384
f 1564/2786/384 1879/3245/679 1878/3246/678 1563/2784/382
f 1563/2784/382 1878/3246/678 1877/3236/677 1562/2782/380
f 1562/2782/380 1877/3236/677 1876/3235/676 1561/2780/378
f 1561/2780/378 1876/3235/676 1875/3247/674 1560/2776/376
f 1560/2776/376 1875/3247/674 1874/3248/675 1559/2777/372
f 1559/2772/372 1874/3234/675 1573/2799/397 1570/2773/373
f 2632/3249/683 2633/3250/684 1895/3251/685 1884/3252/686
f 2634/3253/687 2632/3254/683 1884/3255/686 1885/3256/688
f 2635/3257/689 2634/3253/687 1885/3256/688 1886/3258/690
f 2636/3259/1330 2635/3257/689 1886/3258/690 1887/3260/692
f 2637/3261/693 2636/3259/1330 1887/3260/692 1888/3262/694
f 2638/3263/695 2637/3261/693 1888/3262/694 1889/3264/696
f 2639/3265/1331 2638/3263/695 1889/3264/696 1890/3266/698
f 2640/3267/699 2639/3265/1331 1890/3266/698 1891/3268/700
f 2641/3269/701 2640/3267/699 1891/3268/700 1892/3270/702
f 2642/3271/703 2641/3269/701 1892/3270/702 1893/3272/704
f 2643/3273/705 2642/3271/703 1893/3272/704 1894/3274/1332
f 2633/3250/684 2643/3273/705 1894/3274/1332 1895/3251/685
f 1894/3275/1332 1893/3272/704 1897/3276/707 1896/3277/708
f 1895/3251/685 1894/3275/1332 1896/3277/708 1898/3278/709
f 1896/3279/708 1897/3276/707 1900/3280/710 1899/3281/711
f 1898/3278/709 1896/3279/708 1899/3281/711 1901/3282/712
f 1899/3283/711 1900/3284/710 1903/3285/713 1902/3286/714
f 1901/3282/712 1899/3283/711 1902/3286/714 1904/3287/715
f 1902/3288/714 1903/3289/713 1906/3290/716 1905/3291/717
f 1904/3292/715 1902/3288/714 1905/3291/717 1907/3293/718
f 1905/3291/717 1906/3294/716 1909/3295/719 1908/3296/720
f 1907/3297/718 1905/3291/717 1908/3296/720 1910/3298/721
f 1908/3296/720 1909/3295/719 1912/3299/722 1911/3300/723
f 1910/3301/721 1908/3296/720 1911/3300/723 1913/3302/724
f 1911/3300/723 1912/3299/722 1915/3303/725 1914/3304/726
f 1913/3302/724 1911/3300/723 1914/3304/726 1916/3305/727
f 1914/3306/726 1915/3303/725 1918/3307/728 1917/3308/729
f 1916/3309/727 1914/3306/726 1917/3308/729 1919/3310/730
f 1917/3311/729 1918/3312/728 1921/3313/731 1920/3314/732
f 1919/3315/730 1917/3311/729 1920/3314/732 1922/3316/733
f 1920/3317/732 1921/3318/731 1924/3319/734 1923/3320/735
f 1922/3316/733 1920/3317/732 1923/3320/735 1925/3321/736
f 1923/3320/735 1924/3319/734 1927/3322/737 1926/3323/738
f 1925/3321/736 1923/3320/735 1926/3323/738 1928/3324/739
f 1926/3323/738 1927/3322/737 1930/3325/740 1929/3326/741
f 1928/3327/739 1926/3323/738 1929/3326/741 1931/3328/742
f 1929/3326/741 1930/3325/740 1933/3329/743 1932/3330/744
f 1931/3328/742 1929/3326/741 1932/3330/744 1934/3331/745
f 1932/3330/744 1933/3332/743 1936/3333/746 1935/3334/747
f 1934/3335/745 1932/3330/744 1935/3334/747 1937/3336/748
f 1935/3337/747 1936/3333/746 1939/3338/749 1938/3339/750
f 1937/3336/748 1935/3337/747 1938/3339/750 1940/3340/751
f 1938/3339/750 1939/3341/749 1942/3342/752 1941/3343/753
f 1940/3340/751 1938/3339/750 1941/3343/753 1943/3344/754
f 1941/3343/753 1942/3342/752 1945/3345/755 1944/3346/756
f 1943/3344/754 1941/3343/753 1944/3346/756 1946/3347/757
f 1944/3348/756 1945/3345/755 1948/3349/758 1947/3350/759
f 1946/3351/757 1944/3348/756 1947/3350/759 1949/3352/760
f 1947/3350/759 1948/3349/758 1951/3353/761 1950/3354/762
f 1949/3352/760 1947/3350/759 1950/3354/762 1952/3355/763
f 1950/3356/762 1951/3353/761 1954/3357/764 1953/3358/765
f 1952/3355/763 1950/3356/762 1953/3358/765 1955/3359/766
f 1953/3358/765 1954/3357/764 1957/3360/767 1956/3361/768
f 1955/3362/766 1953/3358/765 1956/3361/768 1958/3363/769
f 1956/3364/768 1957/3360/767 1960/3365/770 1959/3366/771
f 1958/3367/769 1956/3364/768 1959/3366/771 1961/3368/772
f 1959/3369/771 1960/3370/770 1647/2900/465 1646/2899/464
f 1961/3371/772 1959/3369/771 1646/2899/464 1648/2901/466
f 1960/3370/770 1962/3372/773 1665/3373/484 1647/2900/465
f 1962/3372/773 1963/3374/774 1663/2919/482 1665/3373/484
f 1963/3374/774 1964/3375/775 1661/3376/480 1663/2919/482
f 1964/3375/775 1965/3377/776 1659/2915/478 1661/3376/480
f 1965/3377/776 1966/3378/777 1657/3379/476 1659/2915/478
f 1966/3378/777 1967/3380/778 1655/2911/474 1657/3379/476
f 1967/3380/778 1968/3381/779 1653/2909/472 1655/2911/474
f 1968/3381/779 1969/3382/780 1651/2905/470 1653/2909/472
f 1969/3382/780 1970/3383/781 1649/2906/468 1651/2905/470
f 1970/3384/781 1961/3371/772 1648/2901/466 1649/2903/468
f 1972/3385/782 1971/3386/1333 1970/3383/781 1969/3382/780
f 1971/3387/1333 1958/3367/769 1961/3368/772 1970/3384/781
f 1973/3388/784 1972/3385/782 1969/3382/780 1968/3381/779
f 1974/3389/785 1973/3388/784 1968/3381/779 1967/3390/778
f 1975/3391/786 1974/3389/785 1967/3390/778 1966/3378/777
f 1976/3392/787 1975/3391/786 1966/3378/777 1965/3377/776
f 1977/3393/788 1976/3392/787 1965/3377/776 1964/3375/775
f 1978/3394/789 1977/3393/788 1964/3375/775 1963/3395/774
f 1979/3396/790 1978/3394/789 1963/3395/774 1962/3372/773
f 1957/3360/767 1979/3396/790 1962/3372/773 1960/3365/770
f 1954/3357/764 1980/3397/791 1979/3396/790 1957/3360/767
f 1980/3397/791 1981/3398/792 1978/3399/789 1979/3396/790
f 1981/3398/792 1982/3400/793 1977/3401/788 1978/3399/789
f 1982/3400/793 1983/3402/794 1976/3392/787 1977/3401/788
f 1983/3402/794 1984/3403/795 1975/3391/786 1976/3392/787
f 1984/3403/795 1985/3404/796 1974/3389/785 1975/3391/786
f 1985/3404/796 1986/3405/797 1973/3406/784 1974/3389/785
f 1986/3405/797 1987/3407/798 1972/3408/782 1973/3406/784
f 1987/3407/798 1988/3409/799 1971/3386/1333 1972/3408/782
f 1988/3410/799 1955/3362/766 1958/3363/769 1971/3411/1333
f 1990/3412/800 1989/3413/801 1988/3409/799 1987/3407/798
f 1989/3414/801 1952/3355/763 1955/3359/766 1988/3415/799
f 1991/3416/802 1990/3412/800 1987/3407/798 1986/3405/797
f 1992/3417/803 1991/3416/802 1986/3405/797 1985/3418/796
f 1993/3419/804 1992/3417/803 1985/3418/796 1984/3403/795
f 1994/3420/805 1993/3419/804 1984/3403/795 1983/3402/794
f 1995/3421/806 1994/3420/805 1983/3402/794 1982/3422/793
f 1996/3423/807 1995/3421/806 1982/3422/793 1981/3398/792
f 1997/3424/808 1996/3423/807 1981/3398/792 1980/3397/791
f 1951/3353/761 1997/3424/808 1980/3397/791 1954/3357/764
f 1948/3349/758 1998/3425/809 1997/3424/808 1951/3353/761
f 1998/3425/809 1999/3426/810 1996/3427/807 1997/3424/808
f 1999/3426/810 2000/3428/811 1995/3429/806 1996/3427/807
f 2000/3428/811 2001/3430/812 1994/3420/805 1995/3429/806
f 2001/3430/812 2002/3431/813 1993/3419/804 1994/3420/805
f 2002/3431/813 2003/3432/814 1992/3417/803 1993/3419/804
f 2003/3432/814 2004/3433/815 1991/3434/802 1992/3417/803
f 2004/3433/815 2005/3435/816 1990/3412/800 1991/3434/802
f 2005/3435/816 2006/3436/817 1989/3413/801 1990/3412/800
f 2006/3437/817 1949/3352/760 1952/3355/763 1989/3438/801
f 2008/3439/818 2007/3440/819 2006/3436/817 2005/3441/816
f 2007/3442/819 1946/3351/757 1949/3352/760 2006/3437/817
f 2009/3443/820 2008/3439/818 2005/3441/816 2004/3433/815
f 2010/3444/821 2009/3443/820 2004/3433/815 2003/3445/814
f 2011/3446/822 2010/3444/821 2003/3445/814 2002/3431/813
f 2012/3447/823 2011/3446/822 2002/3431/813 2001/3430/812
f 2013/3448/824 2012/3447/823 2001/3430/812 2000/3449/811
f 2014/3450/825 2013/3448/824 2000/3449/811 1999/3451/810
f 2015/3452/826 2014/3450/825 1999/3451/810 1998/3425/809
f 1945/3345/755 2015/3452/826 1998/3425/809 1948/3349/758
f 1942/3342/752 2016/3453/827 2015/3452/826 1945/3345/755
f 2016/3453/827 2017/3454/828 2014/3455/825 2015/3452/826
f 2017/3454/828 2018/3456/829 2013/3457/824 2014/3455/825
f 2018/3456/829 2019/3458/830 2012/3447/823 2013/3457/824
f 2019/3458/830 2020/3459/831 2011/3446/822 2012/3447/823
f 2020/3459/831 2021/3460/832 2010/3444/821 2011/3446/822
f 2021/3460/832 2022/3461/833 2009/3462/820 2010/3444/821
f 2022/3461/833 2023/3463/834 2008/3464/818 2009/3462/820
f 2023/3463/834 2024/3465/835 2007/3440/819 2008/3464/818
f 2024/3466/835 1943/3344/754 1946/3347/757 2007/3442/819
f 2026/3467/836 2025/3468/837 2024/3465/835 2023/3463/834
f 2025/3469/837 1940/3340/751 1943/3344/754 2024/3470/835
f 2027/3471/838 2026/3467/836 2023/3463/834 2022/3472/833
f 2028/3473/839 2027/3471/838 2022/3472/833 2021/3460/832
f 2029/3474/840 2028/3473/839 2021/3460/832 2020/3459/831
f 2030/3475/841 2029/3474/840 2020/3459/831 2019/3458/830
f 2031/3476/842 2030/3475/841 2019/3458/830 2018/3456/829
f 2032/3477/843 2031/3476/842 2018/3456/829 2017/3478/828
f 2033/3479/844 2032/3477/843 2017/3478/828 2016/3453/827
f 1939/3341/749 2033/3479/844 2016/3453/827 1942/3342/752
f 1936/3333/746 2034/3480/845 2033/3479/844 1939/3338/749
f 2034/3480/845 2035/3481/846 2032/3477/843 2033/3479/844
f 2035/3481/846 2036/3482/847 2031/3483/842 2032/3477/843
f 2036/3482/847 2037/3484/848 2030/3485/841 2031/3483/842
f 2037/3484/848 2038/3486/849 2029/3487/840 2030/3485/841
f 2038/3486/849 2039/3488/850 2028/3489/839 2029/3487/840
f 2039/3488/850 2040/3490/851 2027/3471/838 2028/3489/839
f 2040/3490/851 2041/3491/852 2026/3492/836 2027/3471/838
f 2041/3491/852 2042/3493/853 2025/3468/837 2026/3492/836
f 2042/3494/853 1937/3336/748 1940/3340/751 2025/3469/837
f 2044/3495/854 2043/3496/855 2042/3493/853 2041/3497/852
f 2043/3498/855 1934/3335/745 1937/3336/748 2042/3494/853
f 2045/3499/856 2044/3495/854 2041/3497/852 2040/3490/851
f 2046/3500/857 2045/3499/856 2040/3490/851 2039/3488/850
f 2047/3501/858 2046/3500/857 2039/3488/850 2038/3486/849
f 2048/3502/859 2047/3501/858 2038/3486/849 2037/3484/848
f 2049/3503/860 2048/3502/859 2037/3484/848 2036/3504/847
f 2050/3505/861 2049/3503/860 2036/3504/847 2035/3481/846
f 2051/3506/862 2050/3505/861 2035/3481/846 2034/3507/845
f 1933/3332/743 2051/3506/862 2034/3507/845 1936/3333/746
f 1930/3325/740 2052/3508/863 2051/3509/862 1933/3329/743
f 2052/3508/863 2053/3510/864 2050/3505/861 2051/3509/862
f 2053/3510/864 2054/3511/865 2049/3512/860 2050/3505/861
f 2054/3511/865 2055/3513/866 2048/3502/859 2049/3512/860
f 2055/3513/866 2056/3514/867 2047/3501/858 2048/3502/859
f 2056/3514/867 2057/3515/868 2046/3500/857 2047/3501/858
f 2057/3515/868 2058/3516/869 2045/3517/856 2046/3500/857
f 2058/3516/869 2059/3518/870 2044/3495/854 2045/3517/856
f 2059/3518/870 2060/3519/871 2043/3496/855 2044/3495/854
f 2060/3520/871 1931/3328/742 1934/3331/745 2043/3498/855
f 2062/3521/872 2061/3522/873 2060/3519/871 2059/3518/870
f 2061/3523/873 1928/3327/739 1931/3328/742 2060/3520/871
f 2063/3524/874 2062/3521/872 2059/3518/870 2058/3516/869
f 2064/3525/875 2063/3524/874 2058/3516/869 2057/3515/868
f 2065/3526/876 2064/3525/875 2057/3515/868 2056/3514/867
f 2066/3527/877 2065/3526/876 2056/3514/867 2055/3513/866
f 2067/3528/878 2066/3527/877 2055/3513/866 2054/3529/865
f 2068/3530/879 2067/3528/878 2054/3529/865 2053/3510/864
f 2069/3531/880 2068/3530/879 2053/3510/864 2052/3508/863
f 1927/3322/737 2069/3531/880 2052/3508/863 1930/3325/740
f 1924/3319/734 2070/3532/881 2069/3533/880 1927/3322/737
f 2070/3532/881 2071/3534/882 2068/3530/879 2069/3533/880
f 2071/3534/882 2072/3535/883 2067/3536/878 2068/3530/879
f 2072/3535/883 2073/3537/884 2066/3538/877 2067/3536/878
f 2073/3537/884 2074/3539/885 2065/3540/876 2066/3538/877
f 2074/3539/885 2075/3541/886 2064/3542/875 2065/3540/876
f 2075/3541/886 2076/3543/887 2063/3524/874 2064/3542/875
f 2076/3543/887 2077/3544/888 2062/3545/872 2063/3524/874
f 2077/3544/888 2078/3546/889 2061/3522/873 2062/3545/872
f 2078/3547/889 1925/3321/736 1928/3324/739 2061/3523/873
f 2080/3548/890 2079/3549/891 2078/3546/889 2077/3544/888
f 2079/3550/891 1922/3316/733 1925/3321/736 2078/3547/889
f 2081/3551/892 2080/3548/890 2077/3544/888 2076/3543/887
f 2082/3552/893 2081/3551/892 2076/3543/887 2075/3541/886
f 2083/3553/894 2082/3552/893 2075/3541/886 2074/3554/885
f 2084/3555/895 2083/3553/894 2074/3554/885 2073/3537/884
f 2085/3556/896 2084/3555/895 2073/3537/884 2072/3557/883
f 2086/3558/897 2085/3556/896 2072/3557/883 2071/3559/882
f 2087/3560/898 2086/3558/897 2071/3559/882 2070/3532/881
f 1921/3318/731 2087/3560/898 2070/3532/881 1924/3319/734
f 1918/3312/728 2088/3561/899 2087/3562/898 1921/3313/731
f 2088/3561/899 2089/3563/900 2086/3564/897 2087/3562/898
f 2089/3563/900 2090/3565/901 2085/3566/896 2086/3564/897
f 2090/3565/901 2091/3567/902 2084/3568/895 2085/3566/896
f 2091/3567/902 2092/3569/903 2083/3570/894 2084/3568/895
f 2092/3569/903 2093/3571/904 2082/3572/893 2083/3570/894
f 2093/3571/904 2094/3573/905 2081/3551/892 2082/3572/893
f 2094/3573/905 2095/3574/906 2080/3548/890 2081/3551/892
f 2095/3574/906 2096/3575/1334 2079/3549/891 2080/3548/890
f 2096/3576/1334 1919/3315/730 1922/3316/733 2079/3550/891
f 2098/3577/908 2097/3578/909 2096/3575/1334 2095/3574/906
f 2097/3579/909 1916/3309/727 1919/3310/730 2096/3576/1334
f 2099/3580/910 2098/3577/908 2095/3574/906 2094/3573/905
f 2100/3581/911 2099/3580/910 2094/3573/905 2093/3582/904
f 2101/3583/912 2100/3581/911 2093/3582/904 2092/3584/903
f 2102/3585/913 2101/3583/912 2092/3584/903 2091/3586/902
f 2103/3587/914 2102/3585/913 2091/3586/902 2090/3588/901
f 2104/3589/915 2103/3587/914 2090/3588/901 2089/3590/900
f 2105/3591/916 2104/3589/915 2089/3590/900 2088/3592/899
f 1915/3303/725 2105/3591/916 2088/3592/899 1918/3307/728
f 1912/3299/722 2106/3593/917 2105/3594/916 1915/3303/725
f 2106/3593/917 2107/3595/918 2104/3596/915 2105/3594/916
f 2107/3595/918 2108/3597/919 2103/3598/914 2104/3596/915
f 2108/3597/919 2109/3599/920 2102/3600/913 2103/3598/914
f 2109/3599/920 2110/3601/921 2101/3602/912 2102/3600/913
f 2110/3601/921 2111/3603/922 2100/3581/911 2101/3602/912
f 2111/3603/922 2112/3604/923 2099/3605/910 2100/3581/911
f 2112/3604/923 2113/3606/924 2098/3607/908 2099/3605/910
f 2113/3606/924 2114/3608/925 2097/3578/909 2098/3607/908
f 2114/3609/925 1913/3302/724 1916/3305/727 2097/3579/909
f 2116/3610/926 2115/3611/927 2114/3608/925 2113/3606/924
f 2115/3612/927 1910/3301/721 1913/3302/724 2114/3609/925
f 2117/3613/928 2116/3610/926 2113/3606/924 2112/3604/923
f 2118/3614/929 2117/3613/928 2112/3604/923 2111/3615/922
f 2119/3616/930 2118/3614/929 2111/3615/922 2110/3617/921
f 2120/3618/931 2119/3616/930 2110/3617/921 2109/3599/920
f 2121/3619/932 2120/3618/931 2109/3599/920 2108/3620/919
f 2122/3621/933 2121/3619/932 2108/3620/919 2107/3622/918
f 2123/3623/934 2122/3621/933 2107/3622/918 2106/3624/917
f 1909/3295/719 2123/3623/934 2106/3624/917 1912/3299/722
f 1906/3294/716 2124/3625/935 2123/3623/934 1909/3295/719
f 2124/3625/935 2125/3626/936 2122/3621/933 2123/3623/934
f 2125/3626/936 2126/3627/937 2121/3619/932 2122/3621/933
f 2126/3627/937 2127/3628/938 2120/3618/931 2121/3619/932
f 2127/3628/938 2128/3629/939 2119/3616/930 2120/3618/931
f 2128/3629/939 2129/3630/940 2118/3614/929 2119/3616/930
f 2129/3630/940 2130/3631/941 2117/3613/928 2118/3614/929
f 2130/3631/941 2131/3632/942 2116/3610/926 2117/3613/928
f 2131/3632/942 2132/3633/943 2115/3611/927 2116/3610/926
f 2132/3634/943 1907/3297/718 1910/3298/721 2115/3612/927
f 2134/3635/944 2133/3636/1335 2132/3633/943 2131/3637/942
f 2133/3638/1335 1904/3292/715 1907/3293/718 2132/3639/943
f 2135/3640/946 2134/3635/944 2131/3637/942 2130/3631/941
f 2136/3641/947 2135/3640/946 2130/3631/941 2129/3630/940
f 2137/3642/948 2136/3641/947 2129/3630/940 2128/3629/939
f 2138/3643/949 2137/3642/948 2128/3629/939 2127/3628/938
f 2139/3644/950 2138/3643/949 2127/3628/938 2126/3645/937
f 2140/3646/951 2139/3644/950 2126/3645/937 2125/3626/936
f 2141/3647/952 2140/3646/951 2125/3626/936 2124/3625/935
f 1903/3289/713 2141/3647/952 2124/3625/935 1906/3290/716
f 1900/3284/710 2142/3648/953 2141/3649/952 1903/3285/713
f 2142/3648/953 2143/3650/954 2140/3651/951 2141/3649/952
f 2143/3650/954 2144/3652/955 2139/3644/950 2140/3651/951
f 2144/3652/955 2145/3653/956 2138/3643/949 2139/3644/950
f 2145/3653/956 2146/3654/957 2137/3655/948 2138/3643/949
f 2146/3654/957 2147/3656/958 2136/3657/947 2137/3655/948
f 2147/3656/958 2148/3658/959 2135/3659/946 2136/3657/947
f 2148/3658/959 2149/3660/960 2134/3661/944 2135/3659/946
f 2149/3660/960 2150/3662/961 2133/3636/1335 2134/3661/944
f 2150/3663/961 1901/3282/712 1904/3287/715 2133/3638/1335
f 2152/3664/962 2151/3665/963 2150/3662/961 2149/3666/960
f 2151/3667/963 1898/3278/709 1901/3282/712 2150/3663/961
f 2153/3668/964 2152/3664/962 2149/3666/960 2148/3669/959
f 2154/3670/965 2153/3668/964 2148/3669/959 2147/3656/958
f 2155/3671/966 2154/3670/965 2147/3656/958 2146/3654/957
f 2156/3672/967 2155/3671/966 2146/3654/957 2145/3673/956
f 2157/3674/968 2156/3672/967 2145/3673/956 2144/3675/955
f 2158/3676/969 2157/3674/968 2144/3675/955 2143/3650/954
f 2159/3677/970 2158/3676/969 2143/3650/954 2142/3648/953
f 1897/3276/707 2159/3677/970 2142/3648/953 1900/3280/710
f 1893/3272/704 1892/3270/702 2159/3677/970 1897/3276/707
f 1892/3270/702 1891/3678/700 2158/3679/969 2159/3677/970
f 1891/3678/700 1890/3266/698 2157/3680/968 2158/3679/969
f 1890/3266/698 1889/3681/696 2156/3672/967 2157/3680/968
f 1889/3681/696 1888/3262/694 2155/3671/966 2156/3672/967
f 1888/3262/694 1887/3260/692 2154/3682/965 2155/3671/966
f 1887/3260/692 1886/3683/690 2153/3668/964 2154/3682/965
f 1886/3683/690 1885/3256/688 2152/3664/962 2153/3668/964
f 1885/3256/688 1884/3255/686 2151/3665/963 2152/3664/962
f 1884/3252/686 1895/3251/685 1898/3278/709 2151/3667/963
f 2160/3684/1336 2162/3685/982 2183/3686/983 2161/3687/1337
f 2163/3688/1338 2164/3689/986 2162/3690/982 2160/3691/1336
f 2165/3692/1339 2166/3693/988 2164/3689/986 2163/3688/1338
f 2167/3694/1340 2168/3695/990 2166/3693/988 2165/3692/1339
f 2169/3696/1341 2170/3697/992 2168/3695/990 2167/3694/1340
f 2171/3698/1342 2172/3699/994 2170/3697/992 2169/3696/1341
f 2173/3700/1343 2174/3701/996 2172/3699/994 2171/3698/1342
f 2175/3702/1344 2176/3703/998 2174/3701/996 2173/3700/1343
f 2177/3704/1345 2178/3705/1000 2176/3703/998 2175/3702/1344
f 2179/3706/1346 2180/3707/1002 2178/3705/1000 2177/3704/1345
f 2181/3708/1347 2182/3709/1004 2180/3707/1002 2179/3706/1346
f 2161/3687/1337 2183/3686/983 2182/3709/1004 2181/3708/1347
f 2182/3709/1004 2184/3710/1005 2185/3711/1006 2180/3707/1002
f 2183/3686/983 2186/3712/1348 2184/3710/1005 2182/3709/1004
f 2184/3710/1005 2187/3713/1008 2188/3714/1009 2185/3715/1006
f 2186/3716/1348 2189/3717/1010 2187/3713/1008 2184/3710/1005
f 2187/3718/1008 2190/3719/1349 2191/3720/1350 2188/3721/1009
f 2189/3722/1010 2192/3723/1351 2190/3719/1349 2187/3718/1008
f 2190/3719/1349 2193/3724/1352 2194/3725/1353 2191/3720/1350
f 2192/3723/1351 2195/3726/1354 2193/3724/1352 2190/3719/1349
f 2193/3724/1352 2196/3727/1355 2197/3728/1015 2194/3725/1353
f 2195/3726/1354 2198/3729/1016 2196/3727/1355 2193/3724/1352
f 2196/3730/1355 2199/3731/1017 2200/3732/1018 2197/3733/1015
f 2198/3734/1016 2201/3735/1019 2199/3731/1017 2196/3730/1355
f 2199/3731/1017 2202/3736/1020 2203/3737/1021 2200/3732/1018
f 2201/3735/1019 2204/3738/1022 2202/3736/1020 2199/3731/1017
f 2202/3739/1020 2205/3740/1023 2206/3741/1024 2203/3742/1021
f 2204/3738/1022 2207/3743/1025 2205/3740/1023 2202/3739/1020
f 2205/3740/1023 2208/3744/1026 2209/3745/1027 2206/3741/1024
f 2207/3746/1025 2210/3747/1028 2208/3744/1026 2205/3740/1023
f 2208/3748/1026 2211/3749/1029 2212/3750/1030 2209/3751/1027
f 2210/3752/1028 2213/3753/1031 2211/3749/1029 2208/3748/1026
f 2211/3754/1029 2214/3755/1032 2215/3756/1033 2212/3750/1030
f 2213/3753/1031 2216/3757/1034 2214/3755/1032 2211/3754/1029
f 2214/3758/1032 2217/3759/1035 2218/3760/1036 2215/3756/1033
f 2216/3761/1034 2219/3762/1037 2217/3759/1035 2214/3758/1032
f 2217/3763/1035 2220/3764/1038 2221/3765/1039 2218/3760/1036
f 2219/3762/1037 2222/3766/1040 2220/3764/1038 2217/3763/1035
f 2220/3764/1038 2223/3767/1041 2224/3768/1042 2221/3765/1039
f 2222/3769/1040 2225/3770/1043 2223/3767/1041 2220/3764/1038
f 2223/3771/1041 2226/3772/1356 2227/3773/1045 2224/3774/1042
f 2225/3775/1043 2228/3776/1046 2226/3772/1356 2223/3771/1041
f 2226/3772/1356 2229/3777/1047 2230/3778/1048 2227/3773/1045
f 2228/3779/1046 2231/3780/1049 2229/3777/1047 2226/3772/1356
f 2229/3777/1047 2232/3781/1050 2233/3782/1051 2230/3778/1048
f 2231/3783/1049 2234/3784/1052 2232/3781/1050 2229/3777/1047
f 2232/3785/1050 2235/3786/1053 2236/3787/1054 2233/3782/1051
f 2234/3784/1052 2237/3788/1055 2235/3786/1053 2232/3785/1050
f 2235/3789/1053 2238/3790/1056 2239/3791/1057 2236/3787/1054
f 2237/3792/1055 2240/3793/1058 2238/3790/1056 2235/3789/1053
f 2238/3794/1056 2241/3795/1059 2242/3796/1060 2239/3791/1057
f 2240/3797/1058 2243/3798/1061 2241/3795/1059 2238/3794/1056
f 2241/3795/1059 2244/3799/1062 2245/3800/1063 2242/3796/1060
f 2243/3798/1061 2246/3801/1064 2244/3799/1062 2241/3795/1059
f 2244/3799/1062 2247/3802/1065 2248/3803/1066 2245/3800/1063
f 2246/3804/1064 2249/3805/1067 2247/3802/1065 2244/3799/1062
f 2247/3802/1065 2250/3806/1068 2251/3807/1069 2248/3803/1066
f 2249/3808/1067 2252/3809/1070 2250/3806/1068 2247/3802/1065
f 2250/3806/1068 2253/3810/1071 2254/3811/1072 2251/3812/1069
f 2252/3809/1070 2255/3813/1073 2253/3810/1071 2250/3806/1068
f 2253/3814/1071 80/3815/92 81/3816/91 2254/3811/1072
f 2255/3813/1073 82/3817/93 80/3815/92 2253/3814/1071
f 2256/3818/1074 83/3819/111 82/3817/93 2255/3813/1073
f 2257/3820/1075 84/3821/109 83/3822/111 2256/3823/1074
f 2258/3824/1076 85/3825/107 84/3821/109 2257/3820/1075
f 2259/3826/1077 86/3827/105 85/3825/107 2258/3824/1076
f 2260/3828/1078 87/3829/103 86/3827/105 2259/3826/1077
f 2261/3830/1079 88/3831/101 87/3829/103 2260/3828/1078
f 2262/3832/1080 89/3833/99 88/3831/101 2261/3830/1079
f 2263/3834/1081 90/3835/97 89/3833/99 2262/3832/1080
f 2264/3836/1082 91/3837/95 90/3835/97 2263/3834/1081
f 2254/3811/1072 81/3816/91 91/3837/95 2264/3836/1082
f 2251/3812/1069 2254/3811/1072 2264/3838/1082 2265/3839/1083
f 2265/3839/1083 2264/3838/1082 2263/3840/1081 2266/3841/1084
f 2266/3841/1084 2263/3840/1081 2262/3842/1080 2267/3843/1085
f 2267/3843/1085 2262/3842/1080 2261/3830/1079 2268/3844/1086
f 2268/3844/1086 2261/3830/1079 2260/3828/1078 2269/3845/1087
f 2269/3845/1087 2260/3828/1078 2259/3826/1077 2270/3846/1088
f 2270/3846/1088 2259/3826/1077 2258/3824/1076 2271/3847/1089
f 2271/3847/1089 2258/3824/1076 2257/3820/1075 2272/3848/1090
f 2272/3848/1090 2257/3820/1075 2256/3823/1074 2273/3849/1091
f 2273/3850/1091 2256/3818/1074 2255/3813/1073 2252/3809/1070
f 2275/3851/1092 2272/3848/1090 2273/3849/1091 2274/3852/1093
f 2274/3853/1093 2273/3850/1091 2252/3809/1070 2249/3808/1067
f 2276/3854/1094 2271/3847/1089 2272/3848/1090 2275/3851/1092
f 2277/3855/1095 2270/3846/1088 2271/3847/1089 2276/3854/1094
f 2278/3856/1096 2269/3845/1087 2270/3846/1088 2277/3855/1095
f 2279/3857/1097 2268/3844/1086 2269/3845/1087 2278/3856/1096
f 2280/3858/1098 2267/3859/1085 2268/3844/1086 2279/3857/1097
f 2281/3860/1099 2266/3861/1084 2267/3859/1085 2280/3858/1098
f 2282/3862/1100 2265/3839/1083 2266/3861/1084 2281/3860/1099
f 2248/3803/1066 2251/3807/1069 2265/3839/1083 2282/3862/1100
f 2245/3800/1063 2248/3803/1066 2282/3863/1100 2283/3864/1101
f 2283/3864/1101 2282/3863/1100 2281/3860/1099 2284/3865/1102
f 2284/3865/1102 2281/3860/1099 2280/3858/1098 2285/3866/1103
f 2285/3866/1103 2280/3858/1098 2279/3867/1097 2286/3868/1104
f 2286/3868/1104 2279/3867/1097 2278/3869/1096 2287/3870/1105
f 2287/3870/1105 2278/3869/1096 2277/3871/1095 2288/3872/1106
f 2288/3872/1106 2277/3871/1095 2276/3854/1094 2289/3873/1107
f 2289/3873/1107 2276/3854/1094 2275/3874/1092 2290/3875/1108
f 2290/3875/1108 2275/3874/1092 2274/3852/1093 2291/3876/1109
f 2291/3877/1109 2274/3853/1093 2249/3805/1067 2246/3804/1064
f 2293/3878/1110 2290/3875/1108 2291/3879/1109 2292/3880/1111
f 2292/3881/1111 2291/3877/1109 2246/3801/1064 2243/3798/1061
f 2294/3882/1112 2289/3873/1107 2290/3875/1108 2293/3878/1110
f 2295/3883/1113 2288/3872/1106 2289/3873/1107 2294/3882/1112
f 2296/3884/1114 2287/3870/1105 2288/3872/1106 2295/3883/1113
f 2297/3885/1115 2286/3886/1104 2287/3870/1105 2296/3884/1114
f 2298/3887/1116 2285/3888/1103 2286/3886/1104 2297/3885/1115
f 2299/3889/1117 2284/3890/1102 2285/3888/1103 2298/3887/1116
f 2300/3891/1118 2283/3864/1101 2284/3890/1102 2299/3889/1117
f 2242/3796/1060 2245/3800/1063 2283/3864/1101 2300/3891/1118
f 2239/3791/1057 2242/3796/1060 2300/3891/1118 2301/3892/1119
f 2301/3892/1119 2300/3891/1118 2299/3889/1117 2302/3893/1120
f 2302/3893/1120 2299/3889/1117 2298/3894/1116 2303/3895/1121
f 2303/3895/1121 2298/3894/1116 2297/3896/1115 2304/3897/1122
f 2304/3897/1122 2297/3896/1115 2296/3884/1114 2305/3898/1123
f 2305/3898/1123 2296/3884/1114 2295/3883/1113 2306/3899/1124
f 2306/3899/1124 2295/3883/1113 2294/3882/1112 2307/3900/1125
f 2307/3900/1125 2294/3882/1112 2293/3901/1110 2308/3902/1126
f 2308/3902/1126 2293/3901/1110 2292/3903/1111 2309/3904/1127
f 2309/3905/1127 2292/3906/1111 2243/3798/1061 2240/3797/1058
f 2311/3907/1128 2308/3902/1126 2309/3904/1127 2310/3908/1129
f 2310/3909/1129 2309/3905/1127 2240/3793/1058 2237/3792/1055
f 2312/3910/1130 2307/3911/1125 2308/3902/1126 2311/3907/1128
f 2313/3912/1131 2306/3913/1124 2307/3911/1125 2312/3910/1130
f 2314/3914/1132 2305/3915/1123 2306/3913/1124 2313/3912/1131
f 2315/3916/1133 2304/3897/1122 2305/3915/1123 2314/3914/1132
f 2316/3917/1134 2303/3895/1121 2304/3897/1122 2315/3916/1133
f 2317/3918/1135 2302/3893/1120 2303/3895/1121 2316/3917/1134
f 2318/3919/1136 2301/3892/1119 2302/3893/1120 2317/3918/1135
f 2236/3787/1054 2239/3791/1057 2301/3892/1119 2318/3919/1136
f 2233/3782/1051 2236/3787/1054 2318/3919/1136 2319/3920/1137
f 2319/3920/1137 2318/3919/1136 2317/3918/1135 2320/3921/1138
f 2320/3921/1138 2317/3918/1135 2316/3922/1134 2321/3923/1139
f 2321/3923/1139 2316/3922/1134 2315/3916/1133 2322/3924/1140
f 2322/3924/1140 2315/3916/1133 2314/3925/1132 2323/3926/1141
f 2323/3926/1141 2314/3925/1132 2313/3912/1131 2324/3927/1142
f 2324/3927/1142 2313/3912/1131 2312/3910/1130 2325/3928/1143
f 2325/3928/1143 2312/3910/1130 2311/3929/1128 2326/3930/1144
f 2326/3930/1144 2311/3929/1128 2310/3908/1129 2327/3931/1145
f 2327/3932/1145 2310/3909/1129 2237/3788/1055 2234/3784/1052
f 2329/3933/1146 2326/3934/1144 2327/3931/1145 2328/3935/1147
f 2328/3936/1147 2327/3932/1145 2234/3784/1052 2231/3783/1049
f 2330/3937/1357 2325/3928/1143 2326/3934/1144 2329/3933/1146
f 2331/3938/1149 2324/3939/1142 2325/3928/1143 2330/3937/1357
f 2332/3940/1150 2323/3926/1141 2324/3939/1142 2331/3938/1149
f 2333/3941/1151 2322/3924/1140 2323/3926/1141 2332/3940/1150
f 2334/3942/1152 2321/3943/1139 2322/3924/1140 2333/3941/1151
f 2335/3944/1153 2320/3945/1138 2321/3943/1139 2334/3942/1152
f 2336/3946/1154 2319/3947/1137 2320/3945/1138 2335/3944/1153
f 2230/3778/1048 2233/3782/1051 2319/3947/1137 2336/3946/1154
f 2227/3773/1045 2230/3778/1048 2336/3946/1154 2337/3948/1155
f 2337/3948/1155 2336/3946/1154 2335/3944/1153 2338/3949/1156
f 2338/3949/1156 2335/3944/1153 2334/3950/1152 2339/3951/1157
f 2339/3951/1157 2334/3950/1152 2333/3952/1151 2340/3953/1158
f 2340/3953/1158 2333/3952/1151 2332/3954/1150 2341/3955/1159
f 2341/3955/1159 2332/3954/1150 2331/3938/1149 2342/3956/1160
f 2342/3956/1160 2331/3938/1149 2330/3957/1357 2343/3958/1161
f 2343/3958/1161 2330/3957/1357 2329/3933/1146 2344/3959/1162
f 2344/3959/1162 2329/3933/1146 2328/3960/1147 2345/3961/1163
f 2345/3962/1163 2328/3936/1147 2231/3780/1049 2228/3779/1046
f 2347/3963/1164 2344/3959/1162 2345/3961/1163 2346/3964/1165
f 2346/3965/1165 2345/3962/1163 2228/3776/1046 2225/3775/1043
f 2348/3966/1166 2343/3958/1161 2344/3959/1162 2347/3963/1164
f 2349/3967/1167 2342/3956/1160 2343/3958/1161 2348/3966/1166
f 2350/3968/1168 2341/3955/1159 2342/3956/1160 2349/3967/1167
f 2351/3969/1169 2340/3953/1158 2341/3955/1159 2350/3968/1168
f 2352/3970/1170 2339/3971/1157 2340/3953/1158 2351/3969/1169
f 2353/3972/1171 2338/3949/1156 2339/3971/1157 2352/3970/1170
f 2354/3973/1172 2337/3948/1155 2338/3949/1156 2353/3972/1171
f 2224/3774/1042 2227/3773/1045 2337/3948/1155 2354/3973/1172
f 2221/3765/1039 2224/3768/1042 2354/3974/1172 2355/3975/1173
f 2355/3975/1173 2354/3974/1172 2353/3976/1171 2356/3977/1174
f 2356/3977/1174 2353/3976/1171 2352/3978/1170 2357/3979/1175
f 2357/3979/1175 2352/3978/1170 2351/3980/1169 2358/3981/1176
f 2358/3981/1176 2351/3980/1169 2350/3968/1168 2359/3982/1177
f 2359/3982/1177 2350/3968/1168 2349/3967/1167 2360/3983/1178
f 2360/3983/1178 2349/3967/1167 2348/3966/1166 2361/3984/1179
f 2361/3984/1179 2348/3966/1166 2347/3963/1164 2362/3985/1180
f 2362/3985/1180 2347/3963/1164 2346/3986/1165 2363/3987/1181
f 2363/3988/1181 2346/3965/1165 2225/3770/1043 2222/3769/1040
f 2365/3989/1182 2362/3985/1180 2363/3987/1181 2364/3990/1183
f 2364/3991/1183 2363/3988/1181 2222/3766/1040 2219/3762/1037
f 2366/3992/1184 2361/3984/1179 2362/3985/1180 2365/3989/1182
f 2367/3993/1185 2360/3983/1178 2361/3984/1179 2366/3992/1184
f 2368/3994/1186 2359/3982/1177 2360/3983/1178 2367/3993/1185
f 2369/3995/1187 2358/3981/1176 2359/3982/1177 2368/3994/1186
f 2370/3996/1188 2357/3979/1175 2358/3981/1176 2369/3995/1187
f 2371/3997/1189 2356/3977/1174 2357/3979/1175 2370/3996/1188
f 2372/3998/1190 2355/3975/1173 2356/3977/1174 2371/3997/1189
f 2218/3760/1036 2221/3765/1039 2355/3975/1173 2372/3998/1190
f 2215/3756/1033 2218/3760/1036 2372/3998/1190 2373/3999/1191
f 2373/3999/1191 2372/3998/1190 2371/3997/1189 2374/4000/1192
f 2374/4000/1192 2371/3997/1189 2370/4001/1188 2375/4002/1193
f 2375/4002/1193 2370/4001/1188 2369/3995/1187 2376/4003/1194
f 2376/4003/1194 2369/3995/1187 2368/3994/1186 2377/4004/1195
f 2377/4004/1195 2368/3994/1186 2367/3993/1185 2378/4005/1196
f 2378/4005/1196 2367/3993/1185 2366/3992/1184 2379/4006/1197
f 2379/4006/1197 2366/3992/1184 2365/3989/1182 2380/4007/1198
f 2380/4007/1198 2365/3989/1182 2364/3990/1183 2381/4008/1199
f 2381/4009/1199 2364/3991/1183 2219/3762/1037 2216/3761/1034
f 2383/4010/1200 2380/4007/1198 2381/4008/1199 2382/4011/1201
f 2382/4012/1201 2381/4009/1199 2216/3757/1034 2213/3753/1031
f 2384/4013/1202 2379/4014/1197 2380/4007/1198 2383/4010/1200
f 2385/4015/1203 2378/4016/1196 2379/4014/1197 2384/4013/1202
f 2386/4017/1204 2377/4018/1195 2378/4016/1196 2385/4015/1203
f 2387/4019/1205 2376/4020/1194 2377/4018/1195 2386/4017/1204
f 2388/4021/1206 2375/4022/1193 2376/4020/1194 2387/4019/1205
f 2389/4023/1207 2374/4024/1192 2375/4022/1193 2388/4021/1206
f 2390/4025/1208 2373/4026/1191 2374/4024/1192 2389/4023/1207
f 2212/3750/1030 2215/3756/1033 2373/4026/1191 2390/4025/1208
f 2209/3751/1027 2212/3750/1030 2390/4027/1208 2391/4028/1209
f 2391/4028/1209 2390/4027/1208 2389/4023/1207 2392/4029/1210
f 2392/4029/1210 2389/4023/1207 2388/4021/1206 2393/4030/1211
f 2393/4030/1211 2388/4021/1206 2387/4019/1205 2394/4031/1212
f 2394/4031/1212 2387/4019/1205 2386/4017/1204 2395/4032/1213
f 2395/4032/1213 2386/4017/1204 2385/4015/1203 2396/4033/1214
f 2396/4033/1214 2385/4015/1203 2384/4013/1202 2397/4034/1215
f 2397/4034/1215 2384/4013/1202 2383/4035/1200 2398/4036/1216
f 2398/4036/1216 2383/4035/1200 2382/4037/1201 2399/4038/1358
f 2399/4039/1358 2382/4012/1201 2213/3753/1031 2210/3752/1028
f 2401/4040/1218 2398/4041/1216 2399/4038/1358 2400/4042/1219
f 2400/4043/1219 2399/4039/1358 2210/3747/1028 2207/3746/1025
f 2402/4044/1220 2397/4045/1215 2398/4041/1216 2401/4040/1218
f 2403/4046/1221 2396/4033/1214 2397/4045/1215 2402/4044/1220
f 2404/4047/1222 2395/4048/1213 2396/4033/1214 2403/4046/1221
f 2405/4049/1223 2394/4031/1212 2395/4048/1213 2404/4047/1222
f 2406/4050/1224 2393/4051/1211 2394/4031/1212 2405/4049/1223
f 2407/4052/1225 2392/4053/1210 2393/4051/1211 2406/4050/1224
f 2408/4054/1226 2391/4055/1209 2392/4053/1210 2407/4052/1225
f 2206/3741/1024 2209/3745/1027 2391/4055/1209 2408/4054/1226
f 2203/3742/1021 2206/3741/1024 2408/4056/1226 2409/4057/1227
f 2409/4057/1227 2408/4056/1226 2407/4052/1225 2410/4058/1228
f 2410/4058/1228 2407/4052/1225 2406/4059/1224 2411/4060/1229
f 2411/4060/1229 2406/4059/1224 2405/4049/1223 2412/4061/1230
f 2412/4061/1230 2405/4049/1223 2404/4047/1222 2413/4062/1231
f 2413/4062/1231 2404/4047/1222 2403/4063/1221 2414/4064/1232
f 2414/4064/1232 2403/4063/1221 2402/4044/1220 2415/4065/1233
f 2415/4065/1233 2402/4044/1220 2401/4040/1218 2416/4066/1234
f 2416/4066/1234 2401/4040/1218 2400/4042/1219 2417/4067/1235
f 2417/4068/1235 2400/4043/1219 2207/3743/1025 2204/3738/1022
f 2419/4069/1236 2416/4070/1234 2417/4071/1235 2418/4072/1237
f 2418/4073/1237 2417/4068/1235 2204/3738/1022 2201/3735/1019
f 2420/4074/1238 2415/4075/1233 2416/4070/1234 2419/4069/1236
f 2421/4076/1239 2414/4077/1232 2415/4075/1233 2420/4074/1238
f 2422/4078/1240 2413/4079/1231 2414/4077/1232 2421/4076/1239
f 2423/4080/1241 2412/4081/1230 2413/4079/1231 2422/4078/1240
f 2424/4082/1242 2411/4083/1229 2412/4081/1230 2423/4080/1241
f 2425/4084/1243 2410/4085/1228 2411/4083/1229 2424/4082/1242
f 2426/4086/1244 2409/4057/1227 2410/4085/1228 2425/4084/1243
f 2200/3732/1018 2203/3737/1021 2409/4057/1227 2426/4086/1244
f 2197/3733/1015 2200/3732/1018 2426/4087/1244 2427/4088/1245
f 2427/4088/1245 2426/4087/1244 2425/4084/1243 2428/4089/1246
f 2428/4089/1246 2425/4084/1243 2424/4090/1242 2429/4091/1247
f 2429/4091/1247 2424/4090/1242 2423/4092/1241 2430/4093/1248
f 2430/4093/1248 2423/4092/1241 2422/4078/1240 2431/4094/1249
f 2431/4094/1249 2422/4078/1240 2421/4076/1239 2432/4095/1250
f 2432/4095/1250 2421/4076/1239 2420/4074/1238 2433/4096/1251
f 2433/4096/1251 2420/4074/1238 2419/4069/1236 2434/4097/1252
f 2434/4097/1252 2419/4069/1236 2418/4072/1237 2435/4098/1253
f 2435/4099/1253 2418/4073/1237 2201/3735/1019 2198/3734/1016
f 2437/4100/1359 2434/4097/1252 2435/4098/1253 2436/4101/1360
f 2436/4102/1360 2435/4099/1253 2198/3729/1016 2195/3726/1354
f 2438/4103/1361 2433/4104/1251 2434/4097/1252 2437/4100/1359
f 2439/4105/1362 2432/4095/1250 2433/4104/1251 2438/4103/1361
f 2440/4106/1363 2431/4094/1249 2432/4095/1250 2439/4105/1362
f 2441/4107/1364 2430/4108/1248 2431/4094/1249 2440/4106/1363
f 2442/4109/1365 2429/4091/1247 2430/4108/1248 2441/4107/1364
f 2443/4110/1366 2428/4111/1246 2429/4091/1247 2442/4109/1365
f 2444/4112/1367 2427/4113/1245 2428/4111/1246 2443/4110/1366
f 2194/3725/1353 2197/3728/1015 2427/4113/1245 2444/4112/1367
f 2191/3720/1350 2194/3725/1353 2444/4112/1367 2445/4114/1368
f 2445/4114/1368 2444/4112/1367 2443/4110/1366 2447/4115/1369
f 2188/3721/1009 2191/3720/1350 2445/4114/1368 2446/4116/1263
f 2446/4116/1263 2445/4114/1368 2447/4115/1369 2448/4117/1264
f 2448/4117/1264 2447/4115/1369 2449/4118/1370 2450/4119/1265
f 2447/4115/1369 2443/4110/1366 2442/4109/1365 2449/4118/1370
f 2450/4119/1265 2449/4118/1370 2451/4120/1371 2452/4121/1266
f 2449/4118/1370 2442/4109/1365 2441/4107/1364 2451/4120/1371
f 2452/4121/1266 2451/4120/1371 2453/4122/1372 2454/4123/1267
f 2451/4120/1371 2441/4107/1364 2440/4106/1363 2453/4122/1372
f 2454/4123/1267 2453/4122/1372 2455/4124/1373 2456/4125/1268
f 2453/4122/1372 2440/4106/1363 2439/4105/1362 2455/4124/1373
f 2456/4125/1268 2455/4124/1373 2457/4126/1374 2458/4127/1269
f 2455/4124/1373 2439/4105/1362 2438/4103/1361 2457/4126/1374
f 2458/4127/1269 2457/4126/1374 2459/4128/1375 2460/4129/1270
f 2457/4126/1374 2438/4103/1361 2437/4100/1359 2459/4128/1375
f 2460/4129/1270 2459/4128/1375 2461/4130/1376 2462/4131/1271
f 2459/4128/1375 2437/4100/1359 2436/4101/1360 2461/4130/1376
f 2462/4132/1271 2461/4133/1376 2192/3723/1351 2189/3722/1010
f 2461/4133/1376 2436/4102/1360 2195/3726/1354 2192/3723/1351
f 2464/4134/1272 2460/4135/1270 2462/4136/1271 2463/4137/1273
f 2463/4138/1273 2462/4132/1271 2189/3717/1010 2186/3716/1348
f 2465/4139/1274 2458/4140/1269 2460/4135/1270 2464/4134/1272
f 2466/4141/1275 2456/4142/1268 2458/4140/1269 2465/4139/1274
f 2467/4143/1276 2454/4123/1267 2456/4142/1268 2466/4141/1275
f 2468/4144/1277 2452/4121/1266 2454/4123/1267 2467/4143/1276
f 2469/4145/1278 2450/4146/1265 2452/4121/1266 2468/4144/1277
f 2470/4147/1279 2448/4148/1264 2450/4146/1265 2469/4145/1278
f 2471/4149/1280 2446/4150/1263 2448/4148/1264 2470/4147/1279
f 2185/3715/1006 2188/3714/1009 2446/4150/1263 2471/4149/1280
f 2180/3707/1002 2185/3711/1006 2471/4151/1280 2178/3705/1000
f 2178/3705/1000 2471/4151/1280 2470/4152/1279 2176/3703/998
f 2176/3703/998 2470/4152/1279 2469/4153/1278 2174/3701/996
f 2174/3701/996 2469/4153/1278 2468/4154/1277 2172/3699/994
f 2172/3699/994 2468/4154/1277 2467/4155/1276 2170/3697/992
f 2170/3697/992 2467/4155/1276 2466/4141/1275 2168/3695/990
f 2168/3695/990 2466/4141/1275 2465/4156/1274 2166/3693/988
f 2166/3693/988 2465/4156/1274 2464/4157/1272 2164/3689/986
f 2164/3689/986 2464/4157/1272 2463/4137/1273 2162/3690/982
f 2162/3685/982 2463/4138/1273 2186/3712/1348 2183/3686/983
s 0
f 401/4158/342 2472/4159/342 2473/4160/342
f 401/4158/342 2474/4161/342 2472/4159/342
f 401/4158/342 2473/4160/342 2475/4162/342
f 401/4158/342 2475/4162/342 2476/4163/342
f 401/4158/342 2477/4164/342 2478/4165/342
f 401/4158/342 2476/4163/342 2477/4164/342
f 401/4158/342 2478/4165/342 2479/4166/342
f 401/4158/342 2479/4166/342 2480/4167/342
f 401/4158/342 2481/4168/342 2482/4169/342
f 401/4158/342 2480/4167/342 2481/4168/342
f 401/4158/342 2482/4169/342 2483/4170/342
f 401/4158/342 2483/4170/342 2484/4171/342
f 401/4158/342 2484/4171/342 2485/4172/342
f 401/4158/342 2485/4172/342 2474/4161/342
f 400/4173/341 2486/4174/341 2487/4175/341
f 400/4173/341 2488/4176/341 2486/4174/341
f 400/4173/341 2489/4177/341 2488/4176/341
f 400/4173/341 2490/4178/341 2491/4179/341
f 400/4173/341 2491/4179/341 2489/4177/341
f 400/4173/341 2492/4180/341 2490/4178/341
f 400/4173/341 2493/4181/341 2492/4180/341
f 400/4173/341 2494/4182/341 2495/4183/341
f 400/4173/341 2495/4183/341 2493/4181/341
f 400/4173/341 2496/4184/341 2494/4182/341
f 400/4173/341 2497/4185/341 2496/4184/341
f 400/4173/341 2498/4186/341 2499/4187/341
f 400/4173/341 2499/4187/341 2497/4185/341
f 400/4173/341 2487/4175/341 2498/4186/341
f 291/4188/342 2500/4189/342 2501/4190/342
f 291/4188/342 2502/4191/342 2500/4189/342
f 291/4188/342 2503/4192/342 2502/4191/342
f 291/4188/342 2504/4193/342 2503/4192/342
f 291/4188/342 2505/4194/342 2504/4193/342
f 291/4188/342 2506/4195/342 2505/4194/342
f 291/4188/342 2507/4196/342 2506/4195/342
f 291/4188/342 2508/4197/342 2507/4196/342
f 291/4188/342 2509/4198/342 2508/4197/342
f 291/4188/342 2510/4199/342 2509/4198/342
f 291/4188/342 2511/4200/342 2510/4199/342
f 291/4188/342 2512/4201/342 2511/4200/342
f 291/4188/342 2513/4202/342 2512/4201/342
f 291/4188/342 2501/4190/342 2513/4202/342
f 290/4203/341 2514/4204/341 2515/4205/341
f 290/4203/341 2515/4205/341 2516/4206/341
f 290/4203/341 2516/4206/341 2517/4207/341
f 290/4203/341 2517/4207/341 2518/4208/341
f 290/4203/341 2518/4208/341 2519/4209/341
f 290/4203/341 2519/4209/341 2520/4210/341
f 290/4203/341 2520/4210/341 2521/4211/341
f 290/4203/341 2521/4211/341 2522/4212/341
f 290/4203/341 2522/4212/341 2523/4213/341
f 290/4203/341 2523/4213/341 2524/4214/341
f 290/4203/341 2524/4214/341 2525/4215/341
f 290/4203/341 2525/4215/341 2526/4216/341
f 290/4203/341 2526/4216/341 2527/4217/341
f 290/4203/341 2527/4217/341 2514/4204/341
f 397/4218/342 2528/4219/342 2529/4220/342
f 397/4218/342 2530/4221/342 2528/4219/342
f 397/4218/342 2529/4220/342 2531/4222/342
f 397/4218/342 2531/4222/342 2532/4223/342
f 397/4218/342 2533/4224/342 2534/4225/342
f 397/4218/342 2532/4223/342 2533/4224/342
f 397/4218/342 2534/4225/342 2535/4226/342
f 397/4218/342 2535/4226/342 2536/4227/342
f 397/4218/342 2537/4228/342 2538/4229/342
f 397/4218/342 2536/4227/342 2537/4228/342
f 397/4218/342 2538/4229/342 2539/4230/342
f 397/4218/342 2539/4230/342 2540/4231/342
f 397/4218/342 2540/4231/342 2541/4232/342
f 397/4218/342 2541/4232/342 2530/4221/342
f 396/4233/341 2542/4234/341 2543/4235/341
f 396/4233/341 2544/4236/341 2542/4234/341
f 396/4233/341 2545/4237/341 2544/4236/341
f 396/4233/341 2546/4238/341 2547/4239/341
f 396/4233/341 2547/4239/341 2545/4237/341
f 396/4233/341 2548/4240/341 2546/4238/341
f 396/4233/341 2549/4241/341 2548/4240/341
f 396/4233/341 2550/4242/341 2551/4243/341
f 396/4233/341 2551/4243/341 2549/4241/341
f 396/4233/341 2552/4244/341 2550/4242/341
f 396/4233/341 2553/4245/341 2552/4244/341
f 396/4233/341 2554/4246/341 2555/4247/341
f 396/4233/341 2555/4247/341 2553/4245/341
f 396/4233/341 2543/4235/341 2554/4246/341
f 398/4248/341 2556/4249/341 2557/4250/341
f 398/4248/341 2558/4251/341 2556/4249/341
f 398/4248/341 2559/4252/341 2558/4251/341
f 398/4248/341 2560/4253/341 2561/4254/341
f 398/4248/341 2561/4254/341 2559/4252/341
f 398/4248/341 2562/4255/341 2560/4253/341
f 398/4248/341 2563/4256/341 2562/4255/341
f 398/4248/341 2564/4257/341 2565/4258/341
f 398/4248/341 2565/4258/341 2563/4256/341
f 398/4248/341 2566/4259/341 2564/4257/341
f 398/4248/341 2567/4260/341 2566/4259/341
f 398/4248/341 2568/4261/341 2569/4262/341
f 398/4248/341 2569/4262/341 2567/4260/341
f 398/4248/341 2557/4250/341 2568/4261/341
f 399/4263/342 2570/4264/342 2571/4265/342
f 399/4263/342 2572/4266/342 2570/4264/342
f 399/4263/342 2571/4265/342 2573/4267/342
f 399/4263/342 2573/4267/342 2574/4268/342
f 399/4263/342 2575/4269/342 2576/4270/342
f 399/4263/342 2574/4268/342 2575/4269/342
f 399/4263/342 2576/4270/342 2577/4271/342
f 399/4263/342 2577/4271/342 2578/4272/342
f 399/4263/342 2579/4273/342 2580/4274/342
f 399/4263/342 2578/4272/342 2579/4273/342
f 399/4263/342 2580/4274/342 2581/4275/342
f 399/4263/342 2581/4275/342 2582/4276/342
f 399/4263/342 2582/4276/342 2583/4277/342
f 399/4263/342 2583/4277/342 2572/4266/342
s 1
f 1/4278/1377 2585/4279/2 2584/4280/1
f 1/4281/1377 2584/4280/1 2586/4282/5
f 1/4283/1377 2586/4282/5 2587/4284/7
f 1/4285/1377 2587/4284/7 2588/4286/9
f 1/4287/1377 2588/4286/9 2589/4288/11
f 1/4289/1377 2589/4288/11 2590/4290/13
f 1/4291/1377 2590/4290/13 2591/4292/15
f 1/4293/1377 2591/4292/15 2592/4294/17
f 1/4295/1377 2592/4294/17 2593/4296/19
f 1/4297/1377 2593/4296/19 2594/4298/21
f 1/4299/1377 2594/4298/21 2595/4300/23
f 1/4301/1377 2595/4300/23 2585/4279/2
f 980/4302/1377 2597/4303/2 2596/4304/1
f 980/4305/1377 2596/4304/1 2598/4306/971
f 980/4307/1377 2598/4306/971 2599/4308/972
f 980/4309/1377 2599/4308/972 2600/4310/9
f 980/4311/1377 2600/4310/9 2601/4312/11
f 980/4313/1377 2601/4312/11 2602/4314/973
f 980/4315/1377 2602/4314/973 2603/4316/974
f 980/4317/1377 2603/4316/974 2604/4318/975
f 980/4319/1377 2604/4318/975 2605/4320/976
f 980/4321/1377 2605/4320/976 2606/4322/21
f 980/4323/1377 2606/4322/21 2607/4324/23
f 980/4325/1377 2607/4324/23 2597/4303/2
f 1558/4326/1378 2608/4327/371 2609/4328/1281
f 1558/4329/1378 2610/4330/375 2608/4327/371
f 1558/4331/1378 2611/4332/377 2610/4330/375
f 1558/4333/1378 2612/4334/379 2611/4332/377
f 1558/4335/1378 2613/4336/1282 2612/4334/379
f 1558/4337/1378 2614/4338/383 2613/4336/1282
f 1558/4339/1378 2615/4340/385 2614/4338/383
f 1558/4341/1378 2616/4342/387 2615/4340/385
f 1558/4343/1378 2617/4344/389 2616/4342/387
f 1558/4345/1378 2618/4346/391 2617/4344/389
f 1558/4347/1378 2619/4348/393 2618/4346/391
f 1558/4349/1378 2609/4328/1281 2619/4348/393
f 402/4350/1378 2620/4351/371 2621/4352/374
f 402/4353/1378 2622/4354/375 2620/4351/371
f 402/4355/1378 2623/4356/377 2622/4354/375
f 402/4357/1378 2624/4358/379 2623/4356/377
f 402/4359/1378 2625/4360/381 2624/4358/379
f 402/4361/1378 2626/4362/383 2625/4360/381
f 402/4363/1378 2627/4364/385 2626/4362/383
f 402/4365/1378 2628/4366/387 2627/4364/385
f 402/4367/1378 2629/4368/389 2628/4366/387
f 402/4369/1378 2630/4370/391 2629/4368/389
f 402/4371/1378 2631/4372/393 2630/4370/391
f 402/4373/1378 2621/4352/374 2631/4372/393
f 1883/4374/1379 2633/4375/684 2632/4376/683
f 1883/4377/1379 2632/4376/683 2634/4378/687
f 1883/4379/1379 2634/4378/687 2635/4380/689
f 1883/4381/1379 2635/4380/689 2636/4382/1330
f 1883/4383/1379 2636/4382/1330 2637/4384/693
f 1883/4385/1379 2637/4384/693 2638/4386/695
f 1883/4387/1379 2638/4386/695 2639/4388/1331
f 1883/4389/1379 2639/4388/1331 2640/4390/699
f 1883/4391/1379 2640/4390/699 2641/4392/701
f 1883/4393/1379 2641/4392/701 2642/4394/703
f 1883/4395/1379 2642/4394/703 2643/4396/705
f 1883/4397/1379 2643/4396/705 2633/4375/684
f 703/4398/1379 2645/4399/684 2644/4400/683
f 703/4401/1379 2644/4400/683 2646/4402/687
f 703/4403/1379 2646/4402/687 2647/4404/689
f 703/4405/1379 2647/4404/689 2648/4406/691
f 703/4407/1379 2648/4406/691 2649/4408/693
f 703/4409/1379 2649/4408/693 2650/4410/695
f 703/4411/1379 2650/4410/695 2651/4412/697
f 703/4413/1379 2651/4412/697 2652/4414/699
f 703/4415/1379 2652/4414/699 2653/4416/701
f 703/4417/1379 2653/4416/701 2654/4418/703
f 703/4419/1379 2654/4418/703 2655/4420/705
f 703/4421/1379 2655/4420/705 2645/4399/684
f 1269/4422/1380 2656/4423/981 2657/4424/984
f 1269/4425/1380 2658/4426/985 2656/4423/981
f 1269/4427/1380 2659/4428/987 2658/4426/985
f 1269/4429/1380 2660/4430/989 2659/4428/987
f 1269/4431/1380 2661/4432/991 2660/4430/989
f 1269/4433/1380 2662/4434/993 2661/4432/991
f 1269/4435/1380 2663/4436/995 2662/4434/993
f 1269/4437/1380 2664/4438/997 2663/4436/995
f 1269/4439/1380 2665/4440/999 2664/4438/997
f 1269/4441/1380 2666/4442/1001 2665/4440/999
f 1269/4443/1380 2667/4444/1003 2666/4442/1001
f 1269/4445/1380 2657/4424/984 2667/4444/1003
