# Blender 5.0.0
# www.blender.org
o Pole.024
v -7.055488 1.547441 -1.418317
v -7.057016 1.538947 -1.442134
v -6.926426 1.509950 -1.413808
v -7.050601 1.566173 -1.401977
v -6.921574 1.528691 -1.397469
v -7.043667 1.590122 -1.397491
v -6.914882 1.552711 -1.392992
v -7.036542 1.612871 -1.406062
v -6.908144 1.575572 -1.401577
v -7.031137 1.628325 -1.425394
v -6.903165 1.591150 -1.420923
v -7.028899 1.632343 -1.450305
v -6.901280 1.595271 -1.445847
v -7.030427 1.623848 -1.474122
v -6.902993 1.586829 -1.469671
v -7.035315 1.605117 -1.490463
v -6.907844 1.568088 -1.486010
v -7.042248 1.581168 -1.494949
v -6.914536 1.544069 -1.490487
v -7.049373 1.558419 -1.486377
v -6.921273 1.521207 -1.481902
v -7.054778 1.542965 -1.467046
v -6.926253 1.505629 -1.462556
v -6.928138 1.501509 -1.437632
v -6.796158 1.469540 -1.459625
v -6.791567 1.485225 -1.478980
v -6.797731 1.465333 -1.434693
v -6.664918 1.434731 -1.458029
v -6.660670 1.450508 -1.477389
v -6.666225 1.430453 -1.433094
v -6.532954 1.401237 -1.457546
v -6.529010 1.417091 -1.476907
v -6.534037 1.396902 -1.432611
v -6.400690 1.369093 -1.457955
v -6.397012 1.385011 -1.477314
v -6.401592 1.364714 -1.433019
v -6.268549 1.338332 -1.459031
v -6.265101 1.354304 -1.478389
v -6.269309 1.333920 -1.434097
v -6.136953 1.308990 -1.460553
v -6.133700 1.325006 -1.479909
v -6.137611 1.304556 -1.435620
v -6.006325 1.281102 -1.462298
v -6.003232 1.297152 -1.481652
v -6.006918 1.276654 -1.437365
v -5.877084 1.254701 -1.464043
v -5.874119 1.270777 -1.483395
v -5.877656 1.250248 -1.439111
v -5.749652 1.229823 -1.465566
v -5.746781 1.245917 -1.484917
v -5.750245 1.225374 -1.440633
v -5.624448 1.206501 -1.466643
v -5.621636 1.222606 -1.485994
v -5.625106 1.202064 -1.441711
v -5.501733 1.184744 -1.467053
v -5.499054 1.200873 -1.486404
v -5.502436 1.180315 -1.442121
v -5.415796 1.171088 -1.467054
v -5.413395 1.187261 -1.486404
v -5.416454 1.166653 -1.442121
v -5.317708 1.157554 -1.467054
v -5.315593 1.173766 -1.486404
v -5.318288 1.153107 -1.442121
v -5.209335 1.144222 -1.467054
v -5.207429 1.160460 -1.486404
v -5.209858 1.139768 -1.442121
v -5.092368 1.131149 -1.467054
v -5.090623 1.147406 -1.486404
v -5.092846 1.126691 -1.442121
v -4.968525 1.118403 -1.467054
v -4.966908 1.134673 -1.486404
v -4.968968 1.113941 -1.442121
v -4.839544 1.106053 -1.467054
v -4.838034 1.122333 -1.486404
v -4.839958 1.101588 -1.442121
v -4.707170 1.094170 -1.467054
v -4.705750 1.110458 -1.486404
v -4.707560 1.089703 -1.442121
v -4.573155 1.082827 -1.467054
v -4.571813 1.099122 -1.486404
v -4.573524 1.078358 -1.442121
v -4.439253 1.072097 -1.467054
v -4.437980 1.088397 -1.486404
v -4.439602 1.067626 -1.442121
v -4.307219 1.062053 -1.467054
v -4.306010 1.078358 -1.486404
v -4.307551 1.057581 -1.442121
v -4.178811 1.052769 -1.467054
v -4.177661 1.069078 -1.486404
v -4.179126 1.048295 -1.442121
v -4.055861 1.044323 -1.467054
v -4.054741 1.060635 -1.486404
v -4.056168 1.039849 -1.442121
v -3.924995 1.035355 -1.467054
v -3.923862 1.051666 -1.486404
v -3.925306 1.030882 -1.442121
v -3.770871 1.024500 -1.467054
v -3.769717 1.040809 -1.486404
v -3.771188 1.020026 -1.442121
v -3.598055 1.012210 -1.467053
v -3.596897 1.028518 -1.486404
v -3.598373 1.007736 -1.442121
v -3.411191 0.998944 -1.467054
v -3.410038 1.015253 -1.486404
v -3.411506 0.994471 -1.442121
v -3.214910 0.985161 -1.467054
v -3.213775 1.001471 -1.486404
v -3.215221 0.980687 -1.442121
v -3.013842 0.971317 -1.467054
v -3.012736 0.987630 -1.486404
v -3.014147 0.966843 -1.442121
v -2.812614 0.957872 -1.467054
v -2.811547 0.974187 -1.486404
v -2.812907 0.953397 -1.442121
v -2.615846 0.945282 -1.467054
v -2.614833 0.961600 -1.486404
v -2.616124 0.940806 -1.442121
v -2.428149 0.934004 -1.467054
v -2.427212 0.950327 -1.486404
v -2.428406 0.929527 -1.442121
v -2.254124 0.924495 -1.467054
v -2.253296 0.940824 -1.486404
v -2.254351 0.920017 -1.442121
v -2.098338 0.917213 -1.467054
v -2.097674 0.933549 -1.486404
v -2.098520 0.912732 -1.442121
v -1.965558 0.912623 -1.467054
v -1.965062 0.928966 -1.486404
v -1.965694 0.908141 -1.442121
v -1.841079 0.909374 -1.467054
v -1.840651 0.925718 -1.486404
v -1.841196 0.904891 -1.442121
v -1.696897 0.905582 -1.467054
v -1.696469 0.921926 -1.486404
v -1.697014 0.901099 -1.442121
v -1.536636 0.901400 -1.467054
v -1.536213 0.917744 -1.486404
v -1.536752 0.896917 -1.442121
v -1.364122 0.896986 -1.467054
v -1.363710 0.913331 -1.486404
v -1.364235 0.892503 -1.442121
v -1.183178 0.892498 -1.467054
v -1.182781 0.908843 -1.486404
v -1.183287 0.888015 -1.442121
v -0.997625 0.888095 -1.467054
v -0.997250 0.904440 -1.486404
v -0.997730 0.883612 -1.442121
v -0.811285 0.883934 -1.467054
v -0.810934 0.900281 -1.486404
v -0.811380 0.879451 -1.442121
v -0.627973 0.880175 -1.467054
v -0.627656 0.896522 -1.486404
v -0.628059 0.875692 -1.442121
v -0.451503 0.876975 -1.467054
v -0.451233 0.893323 -1.486404
v -0.451577 0.872491 -1.442121
v -0.285685 0.874492 -1.467054
v -0.285477 0.890841 -1.486404
v -0.285743 0.870008 -1.442121
v -0.134315 0.872886 -1.467054
v -0.134194 0.889235 -1.486404
v -0.134349 0.868401 -1.442121
v -0.001193 0.872315 -1.467054
v -0.001193 0.888664 -1.486404
v -0.001193 0.867830 -1.442121
v -0.001193 0.876413 -1.418286
v -0.134285 0.876984 -1.418286
v -0.001193 0.895763 -1.401937
v -0.134141 0.896334 -1.401936
v -0.001193 0.920696 -1.397452
v -0.133955 0.921266 -1.397452
v -0.001193 0.944530 -1.406035
v -0.133777 0.945100 -1.406035
v -0.001193 0.960880 -1.425385
v -0.133655 0.961449 -1.425385
v -0.001193 0.965365 -1.450318
v -0.133622 0.965933 -1.450318
v -0.001193 0.956782 -1.474153
v -0.133686 0.957351 -1.474153
v -0.001193 0.937432 -1.490503
v -0.133830 0.938001 -1.490503
v -0.001193 0.912499 -1.494987
v -0.134016 0.913069 -1.494987
v -0.285171 0.914673 -1.494987
v -0.450837 0.917154 -1.494987
v -0.284852 0.939604 -1.490502
v -0.450425 0.942083 -1.490503
v -0.284605 0.958953 -1.474153
v -0.450105 0.961430 -1.474153
v -0.284495 0.967535 -1.450318
v -0.449963 0.970012 -1.450318
v -0.284552 0.963051 -1.425385
v -0.450037 0.965529 -1.425385
v -0.284761 0.946702 -1.406035
v -0.450307 0.949181 -1.406035
v -0.285067 0.922870 -1.397452
v -0.450703 0.925350 -1.397452
v -0.285385 0.897939 -1.401937
v -0.451115 0.900420 -1.401936
v -0.285632 0.878590 -1.418286
v -0.451435 0.881073 -1.418287
v -0.627893 0.884273 -1.418286
v -0.811197 0.888032 -1.418286
v -0.627519 0.903619 -1.401937
v -0.810782 0.907378 -1.401936
v -0.627038 0.928547 -1.397452
v -0.810249 0.932305 -1.397452
v -0.626577 0.952378 -1.406035
v -0.809738 0.956134 -1.406035
v -0.626261 0.968724 -1.425385
v -0.809388 0.972480 -1.425385
v -0.626175 0.973208 -1.450318
v -0.809292 0.976963 -1.450318
v -0.626341 0.964627 -1.474153
v -0.809476 0.968382 -1.474153
v -0.626715 0.945280 -1.490502
v -0.809890 0.949037 -1.490503
v -0.627196 0.920352 -1.494987
v -0.810424 0.924110 -1.494987
v -0.996700 0.928269 -1.494987
v -1.182203 0.932671 -1.494987
v -0.996127 0.953195 -1.490503
v -1.181598 0.957596 -1.490503
v -0.995681 0.972540 -1.474153
v -1.181129 0.976941 -1.474153
v -0.995483 0.981120 -1.450318
v -1.180921 0.985521 -1.450318
v -0.995587 0.976637 -1.425385
v -1.181029 0.981038 -1.425385
v -0.995963 0.960292 -1.406035
v -1.181426 0.964693 -1.406035
v -0.996512 0.936463 -1.397452
v -1.182004 0.940865 -1.397452
v -0.997086 0.911537 -1.401936
v -1.182609 0.915940 -1.401937
v -0.997531 0.892192 -1.418286
v -1.183079 0.896595 -1.418286
v -1.364018 0.901083 -1.418286
v -1.536530 0.905497 -1.418286
v -1.363531 0.920427 -1.401936
v -1.536030 0.924841 -1.401936
v -1.362904 0.945352 -1.397452
v -1.535386 0.949765 -1.397452
v -1.362303 0.969179 -1.406035
v -1.534770 0.973592 -1.406035
v -1.361891 0.985524 -1.425385
v -1.534348 0.989936 -1.425385
v -1.361778 0.990007 -1.450318
v -1.534232 0.994419 -1.450318
v -1.361995 0.981426 -1.474153
v -1.534454 0.985839 -1.474153
v -1.362482 0.962082 -1.490503
v -1.534954 0.966495 -1.490503
v -1.363110 0.937158 -1.494987
v -1.535598 0.941571 -1.494987
v -1.695844 0.945753 -1.494987
v -1.840026 0.949545 -1.494987
v -1.695191 0.970677 -1.490502
v -1.839373 0.974469 -1.490503
v -1.694685 0.990021 -1.474153
v -1.838867 0.993813 -1.474153
v -1.694460 0.998600 -1.450318
v -1.838642 1.002392 -1.450318
v -1.694577 0.994118 -1.425385
v -1.838759 0.997910 -1.425385
v -1.695006 0.977773 -1.406035
v -1.839188 0.981565 -1.406035
v -1.695629 0.953947 -1.397452
v -1.839811 0.957739 -1.397452
v -1.696282 0.929023 -1.401936
v -1.840464 0.932815 -1.401936
v -1.696789 0.909679 -1.418287
v -1.840971 0.913471 -1.418286
v -1.965434 0.916720 -1.418286
v -2.098172 0.921308 -1.418286
v -1.964847 0.936061 -1.401937
v -2.097385 0.940642 -1.401937
v -1.964092 0.960982 -1.397452
v -2.096374 0.965554 -1.397452
v -1.963369 0.984806 -1.406035
v -2.095405 0.989369 -1.406035
v -1.962874 1.001148 -1.425385
v -2.094741 1.005706 -1.425385
v -1.962737 1.005631 -1.450318
v -2.094559 1.010186 -1.450318
v -1.962998 0.997052 -1.474153
v -2.094908 1.001611 -1.474153
v -1.963584 0.977710 -1.490502
v -2.095694 0.982276 -1.490502
v -1.964340 0.952789 -1.494987
v -2.096706 0.957364 -1.494987
v -2.252090 0.964628 -1.494987
v -2.425848 0.974122 -1.494987
v -2.250828 0.989529 -1.490502
v -2.424420 0.999014 -1.490503
v -2.249847 1.008854 -1.474153
v -2.423311 1.018332 -1.474152
v -2.249413 1.017426 -1.450318
v -2.422820 1.026901 -1.450318
v -2.249640 1.012947 -1.425385
v -2.423077 1.022424 -1.425385
v -2.250467 0.996619 -1.406035
v -2.424012 1.006101 -1.406035
v -2.251674 0.972815 -1.397452
v -2.425379 0.982306 -1.397452
v -2.252937 0.947914 -1.401936
v -2.426806 0.957414 -1.401937
v -2.253917 0.928588 -1.418286
v -2.427914 0.938096 -1.418287
v -2.615592 0.949372 -1.418286
v -2.812347 0.961962 -1.418286
v -2.614393 0.968685 -1.401937
v -2.811085 0.981271 -1.401937
v -2.612850 0.993570 -1.397452
v -2.809457 1.006150 -1.397452
v -2.611374 1.017359 -1.406035
v -2.807902 1.029934 -1.406035
v -2.610362 1.033678 -1.425385
v -2.806834 1.046249 -1.425385
v -2.610084 1.038153 -1.450318
v -2.806542 1.050724 -1.450318
v -2.610616 1.029587 -1.474153
v -2.807102 1.042159 -1.474153
v -2.611814 1.010274 -1.490502
v -2.808365 1.022850 -1.490502
v -2.613358 0.985389 -1.494987
v -2.809991 0.997971 -1.494987
v -3.011123 1.011410 -1.494987
v -3.212122 1.025248 -1.494987
v -3.009436 1.036285 -1.490503
v -3.210392 1.050121 -1.490502
v -3.008126 1.055591 -1.474153
v -3.209050 1.069424 -1.474153
v -3.007545 1.064154 -1.450318
v -3.208455 1.077986 -1.450318
v -3.007849 1.059680 -1.425385
v -3.208766 1.073513 -1.425385
v -3.008955 1.043368 -1.406035
v -3.209901 1.057202 -1.406035
v -3.010567 1.019588 -1.397452
v -3.211554 1.033425 -1.397452
v -3.012256 0.994712 -1.401937
v -3.213284 1.008553 -1.401936
v -3.013565 0.975406 -1.418286
v -3.214626 0.989249 -1.418286
v -3.410902 1.003032 -1.418286
v -3.597765 1.016298 -1.418286
v -3.409539 1.022334 -1.401937
v -3.596393 1.035599 -1.401936
v -3.407783 1.047205 -1.397452
v -3.594626 1.060469 -1.397452
v -3.406105 1.070981 -1.406035
v -3.592937 1.084244 -1.406035
v -3.404953 1.087290 -1.425385
v -3.591778 1.100553 -1.425385
v -3.404637 1.091763 -1.450318
v -3.591461 1.105026 -1.450318
v -3.405241 1.083201 -1.474153
v -3.592069 1.096465 -1.474153
v -3.406605 1.063899 -1.490503
v -3.593440 1.077163 -1.490503
v -3.408360 1.039028 -1.494987
v -3.595207 1.052293 -1.494987
v -3.768034 1.064584 -1.494987
v -3.922210 1.075443 -1.494987
v -3.766274 1.089454 -1.490503
v -3.920482 1.100316 -1.490502
v -3.764908 1.108756 -1.474153
v -3.919139 1.119619 -1.474153
v -3.764302 1.117317 -1.450318
v -3.918545 1.128181 -1.450318
v -3.764619 1.112844 -1.425385
v -3.918856 1.123708 -1.425385
v -3.765773 1.096535 -1.406035
v -3.919989 1.107397 -1.406035
v -3.767456 1.072760 -1.397452
v -3.921641 1.083620 -1.397452
v -3.769216 1.047890 -1.401936
v -3.923370 1.058747 -1.401936
v -3.770582 1.028588 -1.418286
v -3.924711 1.039444 -1.418286
v -4.055579 1.048412 -1.418286
v -4.178523 1.056857 -1.418286
v -4.054255 1.067717 -1.401937
v -4.177161 1.076159 -1.401937
v -4.052549 1.092591 -1.397452
v -4.175409 1.101030 -1.397452
v -4.050917 1.116370 -1.406035
v -4.173732 1.124806 -1.406035
v -4.049798 1.132681 -1.425385
v -4.172583 1.141115 -1.425385
v -4.049491 1.137155 -1.450318
v -4.172267 1.145588 -1.450318
v -4.050078 1.128592 -1.474153
v -4.172871 1.137027 -1.474153
v -4.051403 1.109288 -1.490503
v -4.174232 1.117725 -1.490503
v -4.053110 1.084413 -1.494987
v -4.175984 1.092853 -1.494987
v -4.304245 1.102127 -1.494987
v -4.436124 1.112159 -1.494987
v -4.302401 1.126991 -1.490503
v -4.434183 1.137016 -1.490502
v -4.300970 1.146289 -1.474153
v -4.432676 1.156308 -1.474153
v -4.300335 1.154848 -1.450318
v -4.432008 1.164864 -1.450318
v -4.300667 1.150376 -1.425385
v -4.432357 1.160394 -1.425386
v -4.301877 1.134071 -1.406035
v -4.433630 1.144093 -1.406035
v -4.303639 1.110302 -1.397452
v -4.435486 1.120331 -1.397452
v -4.305484 1.085437 -1.401937
v -4.437427 1.095474 -1.401937
v -4.306916 1.066140 -1.418286
v -4.438933 1.076183 -1.418286
v -4.572819 1.086912 -1.418286
v -4.706814 1.098253 -1.418286
v -4.571230 1.106196 -1.401937
v -4.705133 1.117530 -1.401937
v -4.569183 1.131045 -1.397452
v -4.702967 1.142369 -1.397452
v -4.567226 1.154799 -1.406035
v -4.700897 1.166113 -1.406035
v -4.565884 1.171094 -1.425385
v -4.699476 1.182401 -1.425385
v -4.565516 1.175563 -1.450318
v -4.699086 1.186868 -1.450318
v -4.566220 1.167009 -1.474153
v -4.699832 1.178318 -1.474153
v -4.567809 1.147724 -1.490502
v -4.701514 1.159041 -1.490503
v -4.569856 1.122876 -1.494987
v -4.703679 1.134202 -1.494987
v -4.835833 1.146066 -1.494987
v -4.964552 1.158391 -1.494987
v -4.833529 1.170892 -1.490503
v -4.962089 1.183201 -1.490502
v -4.831742 1.190159 -1.474153
v -4.960176 1.202457 -1.474153
v -4.830950 1.198705 -1.450318
v -4.959327 1.210998 -1.450318
v -4.831364 1.194240 -1.425385
v -4.959770 1.206535 -1.425385
v -4.832874 1.177960 -1.406035
v -4.961387 1.190266 -1.406035
v -4.835075 1.154228 -1.397452
v -4.963743 1.166548 -1.397452
v -4.837379 1.129402 -1.401937
v -4.966208 1.141737 -1.401936
v -4.839165 1.110134 -1.418286
v -4.968119 1.122482 -1.418286
v -5.091930 1.135224 -1.418286
v -5.208857 1.148292 -1.418286
v -5.089865 1.154464 -1.401936
v -5.206602 1.167510 -1.401936
v -5.087204 1.179254 -1.397452
v -5.203695 1.192273 -1.397452
v -5.084661 1.202953 -1.406035
v -5.200917 1.215945 -1.406035
v -5.082915 1.219209 -1.425385
v -5.199010 1.232183 -1.425386
v -5.082437 1.223668 -1.450318
v -5.198487 1.236637 -1.450318
v -5.083353 1.215134 -1.474153
v -5.199488 1.228113 -1.474153
v -5.085418 1.195895 -1.490502
v -5.201745 1.208895 -1.490502
v -5.088079 1.171104 -1.494987
v -5.204650 1.184132 -1.494987
v -5.312509 1.197401 -1.494987
v -5.409896 1.210837 -1.494987
v -5.309282 1.222124 -1.490503
v -5.406236 1.235500 -1.490503
v -5.306778 1.241311 -1.474153
v -5.403395 1.254640 -1.474153
v -5.305668 1.249822 -1.450318
v -5.402134 1.263130 -1.450318
v -5.306248 1.245375 -1.425385
v -5.402793 1.258694 -1.425385
v -5.308364 1.229163 -1.406035
v -5.405193 1.242522 -1.406035
v -5.311447 1.205529 -1.397452
v -5.408693 1.218946 -1.397452
v -5.314674 1.180806 -1.401936
v -5.412353 1.194283 -1.401936
v -5.317177 1.161618 -1.418286
v -5.415195 1.175143 -1.418286
v -5.500975 1.188773 -1.418286
v -5.623432 1.210485 -1.417877
v -5.497740 1.207851 -1.401936
v -5.619876 1.229507 -1.401528
v -5.493599 1.232438 -1.397452
v -5.615391 1.254033 -1.397046
v -5.489662 1.255945 -1.406036
v -5.611179 1.277492 -1.405631
v -5.486983 1.272074 -1.425386
v -5.608366 1.293597 -1.424981
v -5.486280 1.276502 -1.450319
v -5.607709 1.298034 -1.449914
v -5.487742 1.268044 -1.474153
v -5.609382 1.289613 -1.473748
v -5.490977 1.248966 -1.490503
v -5.612937 1.270591 -1.490096
v -5.495117 1.224379 -1.494987
v -5.617422 1.246065 -1.494579
v -5.742400 1.269344 -1.493503
v -5.869556 1.294169 -1.491983
v -5.737684 1.293828 -1.489022
v -5.864617 1.318609 -1.487505
v -5.733897 1.312807 -1.472675
v -5.860626 1.337548 -1.471161
v -5.732051 1.321195 -1.448843
v -5.858652 1.345912 -1.447330
v -5.732644 1.316747 -1.423911
v -5.859223 1.341459 -1.422399
v -5.735514 1.300652 -1.404560
v -5.862189 1.325383 -1.403046
v -5.739894 1.277225 -1.395975
v -5.866752 1.301991 -1.394458
v -5.744610 1.252741 -1.400455
v -5.871691 1.277551 -1.398937
v -5.748399 1.233763 -1.416801
v -5.875682 1.258612 -1.415280
v -6.004856 1.284999 -1.413536
v -6.135495 1.312890 -1.411791
v -6.000687 1.303902 -1.397194
v -6.131174 1.331760 -1.395451
v -5.995531 1.328298 -1.392719
v -6.125804 1.356110 -1.390979
v -5.990770 1.351649 -1.401309
v -6.120825 1.379415 -1.399571
v -5.987677 1.367699 -1.420663
v -6.117571 1.395431 -1.418928
v -5.987083 1.372147 -1.445595
v -6.116915 1.399865 -1.443861
v -5.989146 1.363802 -1.469425
v -6.119030 1.391531 -1.467690
v -5.993314 1.344899 -1.485767
v -6.123352 1.372661 -1.484029
v -5.998470 1.320503 -1.490242
v -6.128721 1.348311 -1.488502
v -6.259887 1.377557 -1.486985
v -6.391542 1.408204 -1.485913
v -6.254304 1.401859 -1.482515
v -6.385748 1.432457 -1.481444
v -6.249850 1.420700 -1.466176
v -6.381180 1.451271 -1.465106
v -6.247717 1.429030 -1.442348
v -6.379063 1.459605 -1.441278
v -6.248477 1.424618 -1.417413
v -6.379965 1.455227 -1.416342
v -6.251925 1.408646 -1.398055
v -6.383644 1.439308 -1.396982
v -6.257140 1.385394 -1.389459
v -6.389112 1.416115 -1.388384
v -6.262722 1.361091 -1.393930
v -6.394907 1.391862 -1.392853
v -6.267176 1.342251 -1.410268
v -6.399475 1.373048 -1.409190
v -6.531971 1.405249 -1.408782
v -6.664241 1.438821 -1.409266
v -6.527308 1.424040 -1.392444
v -6.659500 1.457592 -1.392928
v -6.521297 1.448240 -1.387977
v -6.653268 1.481736 -1.388459
v -6.515550 1.471366 -1.396575
v -6.647219 1.504785 -1.397057
v -6.511606 1.487220 -1.415936
v -6.642972 1.520562 -1.416416
v -6.510522 1.491554 -1.440872
v -6.641665 1.524840 -1.441351
v -6.512589 1.483208 -1.464701
v -6.643649 1.516472 -1.465180
v -6.517253 1.464417 -1.481038
v -6.648390 1.497701 -1.481517
v -6.523263 1.440216 -1.485506
v -6.654621 1.473557 -1.485986
v -6.785188 1.508187 -1.487573
v -6.778731 1.532271 -1.483101
v -6.773927 1.551026 -1.466763
v -6.772061 1.559424 -1.442936
v -6.773634 1.555217 -1.418004
v -6.778226 1.539531 -1.398649
v -6.784604 1.516570 -1.390056
v -6.791061 1.492486 -1.394528
v -6.795866 1.473732 -1.410866
v 7.148263 0.012498 -1.588027
v 7.148263 1.975582 -1.588027
v 7.210929 0.012498 -1.573723
v 7.210929 1.975582 -1.573723
v 7.261183 0.012498 -1.533647
v 7.261183 1.975582 -1.533647
v 7.289072 0.012498 -1.475734
v 7.289072 1.975582 -1.475734
v 7.289072 0.012498 -1.411456
v 7.289072 1.975582 -1.411456
v 7.261183 0.012498 -1.353544
v 7.261183 1.975582 -1.353544
v 7.210929 0.012498 -1.313468
v 7.210929 1.975582 -1.313468
v 7.148263 0.012498 -1.299164
v 7.148263 1.975582 -1.299164
v 7.085597 0.012498 -1.313468
v 7.085597 1.975582 -1.313468
v 7.035342 0.012498 -1.353544
v 7.035342 1.975582 -1.353544
v 7.007453 0.012498 -1.411456
v 7.007453 1.975582 -1.411456
v 7.007453 0.012498 -1.475734
v 7.007453 1.975582 -1.475734
v 7.035342 0.012498 -1.533647
v 7.035342 1.975582 -1.533647
v 7.085597 0.012498 -1.573723
v 7.085597 1.975582 -1.573723
v -6.809896 0.626568 1.720882
v -6.809896 0.626568 -1.720878
v -6.784120 0.729955 1.720882
v -6.054590 0.438246 1.720882
v -6.054590 0.438246 -1.720878
v -6.028813 0.541633 1.720882
v -6.028813 0.541633 -1.720878
v -6.784120 0.729955 -1.720878
v -5.766529 0.382080 1.720882
v -5.766529 0.382080 -1.720878
v -5.750620 0.487438 1.720882
v -4.996822 0.265866 1.720882
v -4.996822 0.265866 -1.720878
v -4.980914 0.371225 1.720882
v -4.980914 0.371225 -1.720878
v -5.750620 0.487438 -1.720878
v -4.714477 0.248149 1.720882
v -4.714477 0.248149 -1.720878
v -4.705795 0.354348 1.720882
v -3.938635 0.184720 1.720882
v -3.938635 0.184720 -1.720878
v -3.929953 0.290918 1.720882
v -3.929953 0.290918 -1.720878
v -4.705795 0.354348 -1.720878
v -3.612724 0.157561 1.720882
v -3.612724 0.157561 -1.720878
v -3.605245 0.263851 1.720882
v -2.836214 0.102923 1.720882
v -2.836214 0.102923 -1.720878
v -2.828735 0.209213 1.720882
v -2.828735 0.209213 -1.720878
v -3.605245 0.263851 -1.720878
v -2.541025 0.090052 1.720882
v -2.541025 0.090052 -1.720878
v -2.536841 0.196523 1.720882
v -1.763196 0.059481 1.720882
v -1.763196 0.059481 -1.720878
v -1.759012 0.165952 1.720882
v -1.759012 0.165952 -1.720878
v -2.536841 0.196523 -1.720878
v -1.450856 0.043986 1.720882
v -1.450856 0.043986 -1.720878
v -1.449165 0.150525 1.720882
v -0.672523 0.031639 1.720882
v -0.672523 0.031639 -1.720878
v -0.670833 0.138179 1.720882
v -0.670833 0.138179 -1.720878
v -1.449165 0.150525 -1.720878
v -0.385501 0.019345 1.720882
v -0.385501 0.019345 -1.720878
v -0.385501 0.125898 1.720882
v 0.392930 0.019345 1.720882
v 0.392930 0.019345 -1.720878
v 0.392930 0.125898 1.720882
v 0.392930 0.125898 -1.720878
v -0.385501 0.125898 -1.720878
v 0.672514 0.031639 1.720882
v 0.672514 0.031639 -1.720878
v 0.670824 0.138179 1.720882
v 1.450847 0.043986 1.720882
v 1.450847 0.043986 -1.720878
v 1.449157 0.150525 1.720882
v 1.449157 0.150525 -1.720878
v 0.670824 0.138179 -1.720878
v 1.763188 0.059481 1.720882
v 1.763188 0.059481 -1.720878
v 1.759004 0.165952 1.720882
v 2.541018 0.090052 1.720882
v 2.541018 0.090052 -1.720878
v 2.536833 0.196523 1.720882
v 2.536833 0.196523 -1.720878
v 1.759004 0.165952 -1.720878
v 2.836206 0.102923 1.720882
v 2.836206 0.102923 -1.720878
v 2.828727 0.209213 1.720882
v 3.612716 0.157561 1.720882
v 3.612716 0.157561 -1.720878
v 3.605237 0.263851 1.720882
v 3.605237 0.263851 -1.720878
v 2.828727 0.209213 -1.720878
v 3.938625 0.184720 1.720882
v 3.938625 0.184720 -1.720878
v 3.929943 0.290918 1.720882
v 4.714468 0.248149 1.720882
v 4.714468 0.248149 -1.720878
v 4.705785 0.354348 1.720882
v 4.705785 0.354348 -1.720878
v 3.929943 0.290918 -1.720878
v 4.996812 0.265866 1.720882
v 4.996812 0.265866 -1.720878
v 4.980905 0.371225 1.720882
v 5.766519 0.382080 1.720882
v 5.766519 0.382080 -1.720878
v 5.750611 0.487438 1.720882
v 5.750611 0.487438 -1.720878
v 4.980905 0.371225 -1.720878
v 6.054581 0.438246 1.720882
v 6.054581 0.438246 -1.720878
v 6.028802 0.541633 1.720882
v 6.809887 0.626568 1.720882
v 6.809887 0.626568 -1.720878
v 6.784110 0.729955 1.720882
v 6.784110 0.729955 -1.720878
v 6.028802 0.541633 -1.720878
v -7.148254 0.012498 1.299169
v -7.085588 0.012498 1.313472
v -7.148254 1.975582 1.299169
v -7.210920 0.012498 1.313472
v -7.261174 0.012498 1.353549
v -7.210920 1.975582 1.313472
v -7.261174 1.975582 1.353549
v -7.289064 1.975582 1.411461
v -7.289064 1.975582 1.475739
v -7.289064 0.012498 1.411461
v -7.289064 0.012498 1.475739
v -7.261174 0.012498 1.533651
v -7.210920 0.012498 1.573728
v -7.261174 1.975582 1.533651
v -7.210920 1.975582 1.573728
v -7.148254 1.975582 1.588031
v -7.085588 1.975582 1.573728
v -7.148254 0.012498 1.588031
v -7.085588 0.012498 1.573728
v -7.035333 0.012498 1.533651
v -7.007443 0.012498 1.475739
v -7.035333 1.975582 1.533651
v -7.007443 1.975582 1.475739
v -7.007443 1.975582 1.411461
v -7.035333 1.975582 1.353549
v -7.007443 0.012498 1.411461
v -7.035333 0.012498 1.353549
v -7.085588 1.975582 1.313472
v -7.148254 0.012498 -1.588027
v -7.085588 0.012498 -1.573723
v -7.148254 1.975582 -1.588027
v -7.210920 0.012498 -1.573723
v -7.261174 0.012498 -1.533647
v -7.210920 1.975582 -1.573723
v -7.261174 1.975582 -1.533647
v -7.289064 1.975582 -1.475734
v -7.289064 1.975582 -1.411456
v -7.289064 0.012498 -1.475734
v -7.289064 0.012498 -1.411456
v -7.261174 0.012498 -1.353544
v -7.210920 0.012498 -1.313468
v -7.261174 1.975582 -1.353544
v -7.210920 1.975582 -1.313468
v -7.148254 1.975582 -1.299164
v -7.085588 1.975582 -1.313468
v -7.148254 0.012498 -1.299164
v -7.085588 0.012498 -1.313468
v -7.035333 0.012498 -1.353544
v -7.007443 0.012498 -1.411456
v -7.035333 1.975582 -1.353544
v -7.007443 1.975582 -1.411456
v -7.007443 1.975582 -1.475734
v -7.035333 1.975582 -1.533647
v -7.007443 0.012498 -1.475734
v -7.035333 0.012498 -1.533647
v -7.085588 1.975582 -1.573723
v 7.148245 0.012498 1.299169
v 7.210912 0.012498 1.313472
v 7.148245 1.975582 1.299169
v 7.085579 0.012498 1.313472
v 7.035325 0.012498 1.353549
v 7.085579 1.975582 1.313472
v 7.035325 1.975582 1.353549
v 7.007436 1.975582 1.411461
v 7.007436 1.975582 1.475739
v 7.007436 0.012498 1.411461
v 7.007436 0.012498 1.475739
v 7.035325 0.012498 1.533651
v 7.085579 0.012498 1.573728
v 7.035325 1.975582 1.533651
v 7.085579 1.975582 1.573728
v 7.148245 1.975582 1.588031
v 7.210912 1.975582 1.573728
v 7.148245 0.012498 1.588031
v 7.210912 0.012498 1.573728
v 7.261166 0.012498 1.533651
v 7.289055 0.012498 1.475739
v 7.261166 1.975582 1.533651
v 7.289055 1.975582 1.475739
v 7.289055 1.975582 1.411461
v 7.261166 1.975582 1.353549
v 7.289055 0.012498 1.411461
v 7.261166 0.012498 1.353549
v 7.210912 1.975582 1.313472
v -7.055486 0.605907 1.418321
v -7.057015 0.597413 1.442138
v -6.926424 0.568416 1.413812
v -7.050599 0.624639 1.401980
v -6.921572 0.587157 1.397473
v -7.043665 0.648587 1.397494
v -6.914881 0.611176 1.392995
v -7.036541 0.671337 1.406066
v -6.908143 0.634038 1.401580
v -7.031135 0.686791 1.425397
v -6.903164 0.649616 1.420927
v -7.028897 0.690809 1.450309
v -6.901278 0.653736 1.445851
v -7.030427 0.682314 1.474126
v -6.902991 0.645295 1.469674
v -7.035312 0.663583 1.490466
v -6.907843 0.626554 1.486014
v -7.042247 0.639634 1.494952
v -6.914534 0.602535 1.490491
v -7.049372 0.616885 1.486381
v -6.921272 0.579673 1.481906
v -7.054777 0.601431 1.467050
v -6.926251 0.564095 1.462560
v -6.928137 0.559975 1.437635
v -6.796157 0.528006 1.459628
v -6.791565 0.543691 1.478984
v -6.797730 0.523798 1.434697
v -6.664916 0.493197 1.458032
v -6.660669 0.508974 1.477392
v -6.666223 0.488919 1.433098
v -6.532952 0.459703 1.457550
v -6.529008 0.475557 1.476911
v -6.534036 0.455368 1.432614
v -6.400689 0.427558 1.457958
v -6.397010 0.443477 1.477318
v -6.401590 0.423180 1.433023
v -6.268548 0.396798 1.459034
v -6.265099 0.412770 1.478393
v -6.269307 0.392386 1.434100
v -6.136952 0.367456 1.460556
v -6.133698 0.383472 1.479912
v -6.137609 0.363022 1.435623
v -6.006323 0.339568 1.462301
v -6.003231 0.355618 1.481655
v -6.006917 0.335120 1.437369
v -5.877082 0.313167 1.464046
v -5.874117 0.329243 1.483399
v -5.877655 0.308714 1.439114
v -5.749650 0.288288 1.465569
v -5.746779 0.304383 1.484921
v -5.750242 0.283840 1.440637
v -5.624446 0.264967 1.466647
v -5.621634 0.281072 1.485998
v -5.625104 0.260530 1.441714
v -5.501731 0.243210 1.467057
v -5.499053 0.259338 1.486407
v -5.502435 0.238781 1.442124
v -5.415794 0.229554 1.467057
v -5.413394 0.245727 1.486408
v -5.416453 0.225118 1.442125
v -5.317706 0.216020 1.467057
v -5.315590 0.232232 1.486408
v -5.318286 0.211573 1.442125
v -5.209333 0.202687 1.467057
v -5.207428 0.218926 1.486408
v -5.209857 0.198234 1.442125
v -5.092365 0.189615 1.467057
v -5.090621 0.205872 1.486408
v -5.092845 0.185156 1.442125
v -4.968523 0.176869 1.467057
v -4.966907 0.193139 1.486408
v -4.968966 0.172407 1.442125
v -4.839543 0.164519 1.467057
v -4.838032 0.180799 1.486408
v -4.839956 0.160054 1.442125
v -4.707169 0.152636 1.467057
v -4.705749 0.168924 1.486408
v -4.707558 0.148168 1.442125
v -4.573153 0.141293 1.467057
v -4.571811 0.157587 1.486408
v -4.573522 0.136824 1.442125
v -4.439251 0.130563 1.467057
v -4.437978 0.146863 1.486408
v -4.439600 0.126092 1.442125
v -4.307218 0.120519 1.467057
v -4.306008 0.136824 1.486408
v -4.307549 0.116047 1.442125
v -4.178808 0.111234 1.467057
v -4.177659 0.127544 1.486408
v -4.179123 0.106761 1.442125
v -4.055858 0.102789 1.467057
v -4.054740 0.119101 1.486408
v -4.056166 0.098315 1.442125
v -3.924993 0.093821 1.467057
v -3.923860 0.110131 1.486408
v -3.925304 0.089347 1.442125
v -3.770869 0.082965 1.467057
v -3.769716 0.099274 1.486408
v -3.771185 0.078492 1.442125
v -3.598054 0.070675 1.467057
v -3.596895 0.086984 1.486408
v -3.598371 0.066202 1.442125
v -3.411189 0.057410 1.467057
v -3.410037 0.073719 1.486408
v -3.411504 0.052937 1.442125
v -3.214908 0.043626 1.467057
v -3.213774 0.059937 1.486408
v -3.215219 0.039153 1.442125
v -3.013840 0.029783 1.467057
v -3.012734 0.046096 1.486408
v -3.014144 0.025309 1.442125
v -2.812613 0.016338 1.467057
v -2.811546 0.032653 1.486408
v -2.812905 0.011863 1.442125
v -2.615844 0.003747 1.467057
v -2.614831 0.020066 1.486408
v -2.616121 -0.000728 1.442125
v -2.428147 -0.007530 1.467057
v -2.427211 0.008793 1.486408
v -2.428404 -0.012007 1.442125
v -2.254121 -0.017039 1.467057
v -2.253294 -0.000710 1.486408
v -2.254348 -0.021518 1.442125
v -2.098336 -0.024321 1.467057
v -2.097673 -0.007985 1.486408
v -2.098518 -0.028802 1.442125
v -1.965557 -0.028911 1.467057
v -1.965061 -0.012569 1.486408
v -1.965693 -0.033393 1.442125
v -1.841078 -0.032160 1.467057
v -1.840649 -0.015816 1.486408
v -1.841194 -0.036643 1.442125
v -1.696896 -0.035952 1.467057
v -1.696467 -0.019608 1.486408
v -1.697012 -0.040435 1.442125
v -1.536634 -0.040134 1.467057
v -1.536212 -0.023790 1.486408
v -1.536750 -0.044617 1.442125
v -1.364121 -0.044548 1.467057
v -1.363709 -0.028204 1.486408
v -1.364234 -0.049031 1.442125
v -1.183177 -0.049036 1.467057
v -1.182780 -0.032691 1.486408
v -1.183285 -0.053519 1.442125
v -0.997624 -0.053439 1.467057
v -0.997248 -0.037094 1.486408
v -0.997728 -0.057922 1.442125
v -0.811283 -0.057600 1.467057
v -0.810933 -0.041254 1.486408
v -0.811379 -0.062083 1.442125
v -0.627971 -0.061359 1.467057
v -0.627655 -0.045012 1.486408
v -0.628057 -0.065843 1.442125
v -0.451501 -0.064559 1.467057
v -0.451231 -0.048212 1.486408
v -0.451575 -0.069043 1.442125
v -0.285684 -0.067042 1.467057
v -0.285475 -0.050693 1.486408
v -0.285742 -0.071526 1.442125
v -0.134314 -0.068648 1.467057
v -0.134192 -0.052299 1.486408
v -0.134347 -0.073133 1.442125
v -0.001192 -0.069220 1.467057
v -0.001192 -0.052870 1.486408
v -0.001192 -0.073704 1.442125
v -0.001192 -0.065121 1.418290
v -0.134283 -0.064550 1.418290
v -0.001192 -0.045771 1.401940
v -0.134139 -0.045200 1.401940
v -0.001192 -0.020838 1.397456
v -0.133953 -0.020268 1.397456
v -0.001192 0.002996 1.406039
v -0.133776 0.003565 1.406039
v -0.001192 0.019346 1.425389
v -0.133654 0.019915 1.425389
v -0.001192 0.023831 1.450322
v -0.133620 0.024399 1.450322
v -0.001192 0.015248 1.474156
v -0.133684 0.015816 1.474156
v -0.001192 -0.004103 1.490506
v -0.133828 -0.003533 1.490506
v -0.001192 -0.029035 1.494990
v -0.134014 -0.028465 1.494990
v -0.285170 -0.026861 1.494990
v -0.450836 -0.024381 1.494990
v -0.284851 -0.001930 1.490506
v -0.450424 0.000549 1.490506
v -0.284603 0.017418 1.474156
v -0.450104 0.019896 1.474156
v -0.284493 0.026001 1.450322
v -0.449961 0.028478 1.450322
v -0.284551 0.021517 1.425389
v -0.450036 0.023994 1.425389
v -0.284760 0.005168 1.406039
v -0.450306 0.007647 1.406039
v -0.285065 -0.018665 1.397456
v -0.450701 -0.016185 1.397456
v -0.285384 -0.043595 1.401940
v -0.451114 -0.041114 1.401940
v -0.285631 -0.062944 1.418290
v -0.451434 -0.060461 1.418290
v -0.627892 -0.057261 1.418290
v -0.811196 -0.053502 1.418290
v -0.627518 -0.037915 1.401940
v -0.810781 -0.034156 1.401940
v -0.627036 -0.012987 1.397456
v -0.810247 -0.009229 1.397456
v -0.626576 0.010843 1.406039
v -0.809737 0.014600 1.406039
v -0.626260 0.027190 1.425389
v -0.809386 0.030946 1.425389
v -0.626174 0.031674 1.450322
v -0.809291 0.035429 1.450322
v -0.626339 0.023092 1.474156
v -0.809474 0.026848 1.474156
v -0.626713 0.003746 1.490506
v -0.809889 0.007502 1.490506
v -0.627195 -0.021182 1.494990
v -0.810423 -0.017425 1.494990
v -0.996699 -0.013266 1.494990
v -1.182202 -0.008864 1.494990
v -0.996125 0.011661 1.490506
v -1.181597 0.016062 1.490506
v -0.995680 0.031006 1.474156
v -1.181127 0.035406 1.474156
v -0.995482 0.039586 1.450322
v -1.180919 0.043987 1.450322
v -0.995586 0.035103 1.425389
v -1.181028 0.039504 1.425389
v -0.995961 0.018757 1.406039
v -1.181425 0.023159 1.406039
v -0.996511 -0.005071 1.397456
v -1.182003 -0.000669 1.397456
v -0.997085 -0.029997 1.401940
v -1.182608 -0.025594 1.401940
v -0.997530 -0.049342 1.418290
v -1.183077 -0.044939 1.418290
v -1.364017 -0.040451 1.418290
v -1.536528 -0.036037 1.418290
v -1.363530 -0.021107 1.401940
v -1.536029 -0.016693 1.401940
v -1.362902 0.003818 1.397456
v -1.535385 0.008231 1.397456
v -1.362301 0.027645 1.406039
v -1.534769 0.032058 1.406039
v -1.361889 0.043990 1.425389
v -1.534347 0.048402 1.425389
v -1.361776 0.048472 1.450322
v -1.534231 0.052885 1.450322
v -1.361993 0.039892 1.474156
v -1.534452 0.044305 1.474156
v -1.362481 0.020548 1.490506
v -1.534952 0.024961 1.490506
v -1.363108 -0.004377 1.494990
v -1.535596 0.000037 1.494990
v -1.695843 0.004219 1.494990
v -1.840025 0.008011 1.494990
v -1.695190 0.029143 1.490506
v -1.839372 0.032935 1.490506
v -1.694683 0.048486 1.474156
v -1.838865 0.052278 1.474156
v -1.694459 0.057066 1.450322
v -1.838641 0.060858 1.450322
v -1.694575 0.052584 1.425389
v -1.838758 0.056375 1.425389
v -1.695004 0.036239 1.406039
v -1.839186 0.040031 1.406039
v -1.695628 0.012413 1.397456
v -1.839810 0.016205 1.397456
v -1.696281 -0.012511 1.401940
v -1.840463 -0.008719 1.401940
v -1.696788 -0.031855 1.418290
v -1.840970 -0.028063 1.418290
v -1.965433 -0.024814 1.418290
v -2.098170 -0.020226 1.418290
v -1.964846 -0.005473 1.401940
v -2.097384 -0.000892 1.401940
v -1.964091 0.019448 1.397456
v -2.096370 0.024020 1.397456
v -1.963368 0.043272 1.406039
v -2.095403 0.047835 1.406039
v -1.962872 0.059614 1.425389
v -2.094739 0.064172 1.425389
v -1.962736 0.064096 1.450322
v -2.094557 0.068652 1.450322
v -1.962996 0.055518 1.474156
v -2.094906 0.060076 1.474156
v -1.963583 0.036176 1.490506
v -2.095691 0.040742 1.490506
v -1.964339 0.011255 1.494990
v -2.096704 0.015830 1.494990
v -2.252087 0.023094 1.494990
v -2.425846 0.032588 1.494990
v -2.250824 0.047995 1.490506
v -2.424418 0.057480 1.490506
v -2.249846 0.067320 1.474156
v -2.423309 0.076798 1.474156
v -2.249411 0.075892 1.450322
v -2.422818 0.085367 1.450322
v -2.249638 0.071413 1.425389
v -2.423075 0.080890 1.425389
v -2.250465 0.055084 1.406039
v -2.424011 0.064567 1.406039
v -2.251672 0.031280 1.397456
v -2.425375 0.040772 1.397456
v -2.252935 0.006380 1.401940
v -2.426804 0.015880 1.401940
v -2.253914 -0.012946 1.418290
v -2.427912 -0.003439 1.418290
v -2.615589 0.007838 1.418290
v -2.812345 0.020428 1.418290
v -2.614391 0.027151 1.401940
v -2.811082 0.039737 1.401940
v -2.612848 0.052036 1.397456
v -2.809455 0.064616 1.397456
v -2.611372 0.075825 1.406039
v -2.807900 0.088400 1.406039
v -2.610359 0.092143 1.425389
v -2.806832 0.104715 1.425389
v -2.610082 0.096619 1.450322
v -2.806540 0.109190 1.450322
v -2.610614 0.088053 1.474156
v -2.807100 0.100625 1.474156
v -2.611812 0.068740 1.490506
v -2.808363 0.081316 1.490506
v -2.613356 0.043855 1.494990
v -2.809990 0.056437 1.494990
v -3.011122 0.069875 1.494990
v -3.212120 0.083714 1.494990
v -3.009434 0.094751 1.490506
v -3.210391 0.108587 1.490506
v -3.008125 0.114057 1.474156
v -3.209049 0.127890 1.474156
v -3.007543 0.122620 1.450322
v -3.208453 0.136452 1.450322
v -3.007847 0.118146 1.425389
v -3.208765 0.131979 1.425389
v -3.008953 0.101834 1.406039
v -3.209898 0.115668 1.406039
v -3.010566 0.078054 1.397456
v -3.211551 0.091891 1.397456
v -3.012254 0.053178 1.401940
v -3.213281 0.067019 1.401940
v -3.013564 0.033872 1.418290
v -3.214624 0.047715 1.418290
v -3.410900 0.061498 1.418290
v -3.597763 0.074764 1.418290
v -3.409537 0.080800 1.401940
v -3.596392 0.094065 1.401940
v -3.407781 0.105671 1.397456
v -3.594625 0.118935 1.397456
v -3.406102 0.129446 1.406039
v -3.592935 0.142710 1.406039
v -3.404951 0.145756 1.425389
v -3.591777 0.159019 1.425389
v -3.404636 0.150229 1.450322
v -3.591459 0.163492 1.450322
v -3.405240 0.141667 1.474156
v -3.592067 0.154930 1.474156
v -3.406603 0.122365 1.490506
v -3.593439 0.135629 1.490506
v -3.408358 0.097494 1.494990
v -3.595205 0.110759 1.494990
v -3.768032 0.123050 1.494990
v -3.922208 0.133909 1.494990
v -3.766272 0.147920 1.490506
v -3.920479 0.158782 1.490506
v -3.764906 0.167222 1.474156
v -3.919138 0.178085 1.474156
v -3.764301 0.175783 1.450322
v -3.918543 0.186647 1.450322
v -3.764617 0.171310 1.425389
v -3.918854 0.182174 1.425389
v -3.765771 0.155001 1.406039
v -3.919987 0.165863 1.406039
v -3.767453 0.131226 1.397456
v -3.921640 0.142086 1.397456
v -3.769214 0.106356 1.401940
v -3.923368 0.117213 1.401940
v -3.770579 0.087054 1.418290
v -3.924710 0.097910 1.418290
v -4.055578 0.106878 1.418290
v -4.178521 0.115323 1.418290
v -4.054254 0.126183 1.401940
v -4.177160 0.134625 1.401940
v -4.052547 0.151057 1.397456
v -4.175407 0.159496 1.397456
v -4.050915 0.174836 1.406039
v -4.173731 0.183272 1.406039
v -4.049797 0.191147 1.425389
v -4.172580 0.199581 1.425389
v -4.049489 0.195621 1.450322
v -4.172265 0.204054 1.450322
v -4.050077 0.187058 1.474156
v -4.172869 0.195493 1.474156
v -4.051402 0.167753 1.490506
v -4.174230 0.176190 1.490506
v -4.053108 0.142879 1.494990
v -4.175983 0.151319 1.494990
v -4.304245 0.160593 1.494990
v -4.436122 0.170625 1.494990
v -4.302400 0.185457 1.490506
v -4.434181 0.195482 1.490506
v -4.300969 0.204754 1.474156
v -4.432674 0.214773 1.474156
v -4.300333 0.213314 1.450322
v -4.432006 0.223330 1.450322
v -4.300665 0.208842 1.425389
v -4.432355 0.218860 1.425389
v -4.301874 0.192537 1.406039
v -4.433628 0.202559 1.406039
v -4.303638 0.168767 1.397456
v -4.435483 0.178797 1.397456
v -4.305483 0.143903 1.401940
v -4.437425 0.153940 1.401940
v -4.306914 0.124606 1.418290
v -4.438932 0.134649 1.418290
v -4.572817 0.145377 1.418290
v -4.706813 0.156719 1.418290
v -4.571228 0.164662 1.401940
v -4.705132 0.175996 1.401940
v -4.569180 0.189511 1.397456
v -4.702966 0.200834 1.397456
v -4.567225 0.213265 1.406039
v -4.700894 0.224579 1.406039
v -4.565882 0.229560 1.425389
v -4.699475 0.240867 1.425389
v -4.565514 0.234029 1.450322
v -4.699085 0.245334 1.450322
v -4.566217 0.225475 1.474156
v -4.699831 0.236784 1.474156
v -4.567807 0.206190 1.490506
v -4.701511 0.217507 1.490506
v -4.569854 0.181341 1.494990
v -4.703678 0.192668 1.494990
v -4.835830 0.204531 1.494990
v -4.964551 0.216857 1.494990
v -4.833529 0.229358 1.490506
v -4.962086 0.241667 1.490506
v -4.831741 0.248625 1.474156
v -4.960174 0.260923 1.474156
v -4.830948 0.257171 1.450322
v -4.959326 0.269464 1.450322
v -4.831362 0.252706 1.425389
v -4.959769 0.265001 1.425389
v -4.832871 0.236426 1.406039
v -4.961384 0.248731 1.406039
v -4.835073 0.212693 1.397456
v -4.963740 0.225014 1.397456
v -4.837376 0.187867 1.401940
v -4.966205 0.200203 1.401940
v -4.839164 0.168600 1.418290
v -4.968118 0.180947 1.418290
v -5.091929 0.193690 1.418290
v -5.208856 0.206758 1.418290
v -5.089863 0.212930 1.401940
v -5.206601 0.225976 1.401940
v -5.087203 0.237720 1.397456
v -5.203694 0.250739 1.397456
v -5.084659 0.261419 1.406039
v -5.200915 0.274411 1.406039
v -5.082914 0.277675 1.425389
v -5.199008 0.290649 1.425389
v -5.082435 0.282134 1.450322
v -5.198486 0.295103 1.450322
v -5.083352 0.273600 1.474156
v -5.199487 0.286579 1.474156
v -5.085417 0.254360 1.490506
v -5.201742 0.267360 1.490506
v -5.088078 0.229570 1.494990
v -5.204649 0.242598 1.494990
v -5.312506 0.255866 1.494990
v -5.409894 0.269303 1.494990
v -5.309281 0.280590 1.490506
v -5.406233 0.293966 1.490506
v -5.306777 0.299777 1.474156
v -5.403393 0.313106 1.474156
v -5.305666 0.308288 1.450322
v -5.402133 0.321596 1.450322
v -5.306246 0.303841 1.425389
v -5.402791 0.317160 1.425389
v -5.308362 0.287629 1.406039
v -5.405191 0.300988 1.406039
v -5.311446 0.263995 1.397456
v -5.408691 0.277411 1.397456
v -5.314672 0.239271 1.401940
v -5.412351 0.252749 1.401940
v -5.317176 0.220084 1.418290
v -5.415192 0.233608 1.418290
v -5.500972 0.247239 1.418290
v -5.623431 0.268951 1.417881
v -5.497738 0.266317 1.401940
v -5.619875 0.287973 1.401532
v -5.493598 0.290904 1.397456
v -5.615390 0.312499 1.397050
v -5.489661 0.314411 1.406039
v -5.611176 0.335958 1.405634
v -5.486982 0.330539 1.425390
v -5.608365 0.352063 1.424985
v -5.486279 0.334968 1.450322
v -5.607707 0.356500 1.449917
v -5.487741 0.326510 1.474157
v -5.609380 0.348079 1.473751
v -5.490974 0.307432 1.490506
v -5.612935 0.329057 1.490099
v -5.495116 0.282845 1.494990
v -5.617421 0.304531 1.494582
v -5.742399 0.327810 1.493506
v -5.869554 0.352635 1.491987
v -5.737683 0.352294 1.489026
v -5.864615 0.377075 1.487508
v -5.733894 0.371272 1.472679
v -5.860624 0.396014 1.471164
v -5.732050 0.379661 1.448847
v -5.858651 0.404378 1.447334
v -5.732641 0.375212 1.423915
v -5.859222 0.399925 1.422402
v -5.735513 0.359118 1.404563
v -5.862188 0.383849 1.403049
v -5.739893 0.335691 1.395978
v -5.866751 0.360457 1.394462
v -5.744609 0.311207 1.400458
v -5.871690 0.336017 1.398940
v -5.748398 0.292229 1.416805
v -5.875681 0.317078 1.415284
v -6.004854 0.343465 1.413539
v -6.135493 0.371356 1.411794
v -6.000686 0.362368 1.397198
v -6.131171 0.390226 1.395454
v -5.995530 0.386764 1.392722
v -6.125802 0.414576 1.390982
v -5.990767 0.410115 1.401313
v -6.120823 0.437881 1.399575
v -5.987676 0.426165 1.420667
v -6.117569 0.453896 1.418931
v -5.987081 0.430613 1.445599
v -6.116912 0.458331 1.443864
v -5.989145 0.422267 1.469428
v -6.119028 0.449997 1.467693
v -5.993312 0.403364 1.485770
v -6.123350 0.431127 1.484033
v -5.998468 0.378969 1.490246
v -6.128719 0.406777 1.488506
v -6.259886 0.436023 1.486988
v -6.391541 0.466670 1.485916
v -6.254303 0.460325 1.482518
v -6.385746 0.490923 1.481447
v -6.249849 0.479166 1.466180
v -6.381178 0.509737 1.465110
v -6.247716 0.487496 1.442351
v -6.379062 0.518071 1.441281
v -6.248475 0.483084 1.417417
v -6.379963 0.513692 1.416346
v -6.251924 0.467112 1.398059
v -6.383641 0.497774 1.396986
v -6.257139 0.443860 1.389463
v -6.389112 0.474581 1.388388
v -6.262720 0.419557 1.393933
v -6.394907 0.450328 1.392857
v -6.267174 0.400717 1.410271
v -6.399474 0.431514 1.409194
v -6.531969 0.463715 1.408785
v -6.664240 0.497286 1.409269
v -6.527306 0.482506 1.392448
v -6.659498 0.516057 1.392932
v -6.521296 0.506706 1.387980
v -6.653267 0.540202 1.388463
v -6.515548 0.529831 1.396579
v -6.647218 0.563251 1.397060
v -6.511604 0.545685 1.415940
v -6.642971 0.579028 1.416420
v -6.510521 0.550020 1.440875
v -6.641663 0.583305 1.441354
v -6.512587 0.541674 1.464704
v -6.643646 0.574938 1.465183
v -6.517251 0.522883 1.481041
v -6.648389 0.556167 1.481521
v -6.523262 0.498682 1.485509
v -6.654619 0.532022 1.485989
v -6.785187 0.566653 1.487577
v -6.778730 0.590737 1.483105
v -6.773925 0.609491 1.466767
v -6.772060 0.617890 1.442940
v -6.773633 0.613683 1.418008
v -6.778224 0.597997 1.398653
v -6.784603 0.575036 1.390060
v -6.791059 0.550952 1.394531
v -6.795865 0.532197 1.410870
v 7.055477 0.605907 1.418321
v 7.057006 0.597413 1.442138
v 6.926416 0.568416 1.413812
v 7.050591 0.624639 1.401980
v 6.921563 0.587157 1.397473
v 7.043657 0.648587 1.397494
v 6.914871 0.611176 1.392995
v 7.036532 0.671337 1.406066
v 6.908134 0.634038 1.401580
v 7.031126 0.686791 1.425397
v 6.903156 0.649616 1.420927
v 7.028889 0.690809 1.450309
v 6.901270 0.653736 1.445851
v 7.030417 0.682314 1.474126
v 6.902983 0.645295 1.469674
v 7.035304 0.663583 1.490466
v 6.907835 0.626554 1.486014
v 7.042238 0.639634 1.494952
v 6.914525 0.602535 1.490491
v 7.049363 0.616885 1.486381
v 6.921264 0.579673 1.481906
v 7.054768 0.601431 1.467050
v 6.926242 0.564095 1.462559
v 6.928128 0.559974 1.437635
v 6.796148 0.528005 1.459628
v 6.791556 0.543691 1.478983
v 6.797721 0.523798 1.434697
v 6.664908 0.493197 1.458032
v 6.660659 0.508974 1.477392
v 6.666215 0.488919 1.433098
v 6.532943 0.459703 1.457550
v 6.528999 0.475557 1.476911
v 6.534027 0.455368 1.432614
v 6.400681 0.427558 1.457958
v 6.397002 0.443477 1.477318
v 6.401581 0.423179 1.433023
v 6.268539 0.396798 1.459034
v 6.265091 0.412770 1.478393
v 6.269298 0.392386 1.434100
v 6.136943 0.367456 1.460556
v 6.133689 0.383472 1.479912
v 6.137601 0.363022 1.435623
v 6.006315 0.339568 1.462301
v 6.003222 0.355618 1.481655
v 6.006909 0.335120 1.437369
v 5.877074 0.313167 1.464046
v 5.874108 0.329243 1.483399
v 5.877645 0.308714 1.439114
v 5.749641 0.288288 1.465569
v 5.746770 0.304383 1.484921
v 5.750234 0.283840 1.440637
v 5.624438 0.264967 1.466647
v 5.621625 0.281072 1.485998
v 5.625095 0.260530 1.441714
v 5.501723 0.243210 1.467056
v 5.499044 0.259338 1.486407
v 5.502425 0.238781 1.442124
v 5.415785 0.229554 1.467057
v 5.413385 0.245727 1.486408
v 5.416444 0.225118 1.442125
v 5.317698 0.216020 1.467057
v 5.315582 0.232232 1.486408
v 5.318278 0.211573 1.442125
v 5.209326 0.202687 1.467057
v 5.207419 0.218926 1.486408
v 5.209848 0.198234 1.442125
v 5.092357 0.189615 1.467057
v 5.090612 0.205872 1.486408
v 5.092836 0.185156 1.442125
v 4.968515 0.176869 1.467057
v 4.966898 0.193139 1.486408
v 4.968958 0.172407 1.442125
v 4.839534 0.164519 1.467057
v 4.838023 0.180799 1.486408
v 4.839948 0.160054 1.442125
v 4.707160 0.152636 1.467057
v 4.705740 0.168924 1.486408
v 4.707551 0.148168 1.442125
v 4.573146 0.141293 1.467057
v 4.571803 0.157587 1.486408
v 4.573514 0.136824 1.442125
v 4.439242 0.130562 1.467057
v 4.437970 0.146863 1.486408
v 4.439592 0.126092 1.442125
v 4.307209 0.120518 1.467057
v 4.306000 0.136824 1.486408
v 4.307541 0.116046 1.442125
v 4.178801 0.111234 1.467057
v 4.177650 0.127544 1.486408
v 4.179116 0.106761 1.442125
v 4.055850 0.102789 1.467057
v 4.054731 0.119101 1.486408
v 4.056157 0.098315 1.442125
v 3.924985 0.093821 1.467057
v 3.923851 0.110131 1.486408
v 3.925295 0.089347 1.442125
v 3.770861 0.082965 1.467057
v 3.769707 0.099274 1.486408
v 3.771178 0.078492 1.442125
v 3.598046 0.070675 1.467057
v 3.596886 0.086984 1.486408
v 3.598364 0.066202 1.442125
v 3.411180 0.057410 1.467057
v 3.410029 0.073719 1.486408
v 3.411495 0.052936 1.442125
v 3.214899 0.043626 1.467057
v 3.213765 0.059937 1.486408
v 3.215210 0.039153 1.442125
v 3.013833 0.029783 1.467057
v 3.012727 0.046096 1.486408
v 3.014136 0.025309 1.442125
v 2.812604 0.016338 1.467057
v 2.811538 0.032653 1.486408
v 2.812897 0.011863 1.442125
v 2.615836 0.003747 1.467057
v 2.614823 0.020066 1.486408
v 2.616113 -0.000728 1.442125
v 2.428139 -0.007530 1.467057
v 2.427203 0.008793 1.486408
v 2.428396 -0.012007 1.442125
v 2.254114 -0.017039 1.467057
v 2.253287 -0.000710 1.486408
v 2.254342 -0.021518 1.442125
v 2.098328 -0.024321 1.467057
v 2.097665 -0.007985 1.486408
v 2.098511 -0.028802 1.442125
v 1.965548 -0.028911 1.467057
v 1.965053 -0.012569 1.486408
v 1.965685 -0.033393 1.442125
v 1.841069 -0.032160 1.467057
v 1.840641 -0.015816 1.486408
v 1.841186 -0.036643 1.442125
v 1.696887 -0.035952 1.467057
v 1.696459 -0.019608 1.486408
v 1.697005 -0.040435 1.442125
v 1.536627 -0.040134 1.467057
v 1.536203 -0.023790 1.486408
v 1.536742 -0.044617 1.442125
v 1.364112 -0.044548 1.467057
v 1.363700 -0.028204 1.486408
v 1.364225 -0.049031 1.442125
v 1.183169 -0.049036 1.467057
v 1.182772 -0.032691 1.486408
v 1.183277 -0.053519 1.442125
v 0.997616 -0.053439 1.467057
v 0.997240 -0.037094 1.486408
v 0.997720 -0.057923 1.442125
v 0.811275 -0.057600 1.467057
v 0.810925 -0.041254 1.486408
v 0.811371 -0.062083 1.442125
v 0.627963 -0.061359 1.467057
v 0.627647 -0.045012 1.486408
v 0.628049 -0.065843 1.442125
v 0.451493 -0.064559 1.467057
v 0.451223 -0.048212 1.486408
v 0.451567 -0.069043 1.442125
v 0.285675 -0.067042 1.467057
v 0.285467 -0.050693 1.486408
v 0.285733 -0.071526 1.442125
v 0.134306 -0.068649 1.467057
v 0.134184 -0.052299 1.486408
v 0.134339 -0.073133 1.442125
v 0.001183 -0.069220 1.467057
v 0.001183 -0.052870 1.486408
v 0.001183 -0.073704 1.442125
v 0.001183 -0.065121 1.418290
v 0.134275 -0.064550 1.418290
v 0.001183 -0.045771 1.401940
v 0.134131 -0.045200 1.401940
v 0.001183 -0.020838 1.397456
v 0.133945 -0.020269 1.397456
v 0.001183 0.002996 1.406039
v 0.133767 0.003565 1.406039
v 0.001183 0.019346 1.425389
v 0.133645 0.019915 1.425389
v 0.001183 0.023831 1.450322
v 0.133612 0.024399 1.450322
v 0.001183 0.015248 1.474156
v 0.133676 0.015816 1.474156
v 0.001183 -0.004103 1.490506
v 0.133820 -0.003533 1.490506
v 0.001183 -0.029035 1.494990
v 0.134006 -0.028465 1.494990
v 0.285161 -0.026861 1.494990
v 0.450828 -0.024381 1.494990
v 0.284842 -0.001930 1.490506
v 0.450415 0.000549 1.490506
v 0.284595 0.017418 1.474156
v 0.450095 0.019896 1.474156
v 0.284485 0.026000 1.450322
v 0.449953 0.028478 1.450322
v 0.284543 0.021517 1.425389
v 0.450028 0.023994 1.425389
v 0.284751 0.005168 1.406039
v 0.450298 0.007647 1.406039
v 0.285057 -0.018665 1.397456
v 0.450693 -0.016185 1.397456
v 0.285376 -0.043595 1.401940
v 0.451105 -0.041114 1.401940
v 0.285623 -0.062944 1.418290
v 0.451425 -0.060461 1.418290
v 0.627883 -0.057261 1.418290
v 0.811187 -0.053502 1.418290
v 0.627510 -0.037915 1.401940
v 0.810773 -0.034156 1.401940
v 0.627028 -0.012987 1.397456
v 0.810239 -0.009229 1.397456
v 0.626568 0.010843 1.406039
v 0.809728 0.014600 1.406039
v 0.626252 0.027190 1.425389
v 0.809378 0.030946 1.425389
v 0.626165 0.031674 1.450322
v 0.809283 0.035429 1.450322
v 0.626331 0.023092 1.474156
v 0.809466 0.026848 1.474156
v 0.626705 0.003746 1.490506
v 0.809880 0.007502 1.490506
v 0.627186 -0.021182 1.494990
v 0.810414 -0.017425 1.494990
v 0.996691 -0.013266 1.494990
v 1.182193 -0.008864 1.494990
v 0.996117 0.011660 1.490506
v 1.181588 0.016062 1.490506
v 0.995672 0.031006 1.474156
v 1.181119 0.035406 1.474156
v 0.995474 0.039586 1.450322
v 1.180911 0.043987 1.450322
v 0.995577 0.035103 1.425389
v 1.181020 0.039504 1.425389
v 0.995953 0.018757 1.406039
v 1.181417 0.023159 1.406039
v 0.996503 -0.005071 1.397456
v 1.181995 -0.000669 1.397456
v 0.997077 -0.029997 1.401940
v 1.182599 -0.025594 1.401940
v 0.997522 -0.049342 1.418290
v 1.183069 -0.044939 1.418290
v 1.364009 -0.040451 1.418290
v 1.536520 -0.036037 1.418290
v 1.363522 -0.021107 1.401940
v 1.536020 -0.016693 1.401940
v 1.362894 0.003818 1.397456
v 1.535376 0.008231 1.397456
v 1.362293 0.027645 1.406039
v 1.534760 0.032058 1.406039
v 1.361881 0.043989 1.425389
v 1.534338 0.048402 1.425389
v 1.361769 0.048472 1.450322
v 1.534222 0.052885 1.450322
v 1.361985 0.039892 1.474156
v 1.534444 0.044305 1.474156
v 1.362473 0.020548 1.490506
v 1.534944 0.024961 1.490506
v 1.363100 -0.004377 1.494990
v 1.535589 0.000037 1.494990
v 1.695834 0.004219 1.494990
v 1.840017 0.008011 1.494990
v 1.695181 0.029143 1.490506
v 1.839364 0.032935 1.490506
v 1.694675 0.048486 1.474156
v 1.838857 0.052278 1.474156
v 1.694451 0.057066 1.450322
v 1.838632 0.060858 1.450322
v 1.694567 0.052583 1.425389
v 1.838749 0.056375 1.425389
v 1.694996 0.036239 1.406039
v 1.839178 0.040031 1.406039
v 1.695619 0.012413 1.397456
v 1.839803 0.016205 1.397456
v 1.696273 -0.012511 1.401940
v 1.840455 -0.008719 1.401940
v 1.696780 -0.031855 1.418290
v 1.840962 -0.028063 1.418290
v 1.965425 -0.024814 1.418290
v 2.098162 -0.020226 1.418290
v 1.964838 -0.005473 1.401940
v 2.097376 -0.000892 1.401940
v 1.964082 0.019448 1.397456
v 2.096363 0.024020 1.397456
v 1.963360 0.043272 1.406039
v 2.095395 0.047835 1.406039
v 1.962864 0.059614 1.425389
v 2.094731 0.064171 1.425389
v 1.962727 0.064096 1.450322
v 2.094549 0.068652 1.450322
v 1.962989 0.055518 1.474156
v 2.094898 0.060076 1.474156
v 1.963575 0.036176 1.490506
v 2.095684 0.040742 1.490506
v 1.964331 0.011255 1.494990
v 2.096696 0.015830 1.494990
v 2.252079 0.023094 1.494990
v 2.425838 0.032588 1.494990
v 2.250817 0.047995 1.490506
v 2.424411 0.057480 1.490506
v 2.249838 0.067320 1.474156
v 2.423302 0.076798 1.474156
v 2.249403 0.075892 1.450322
v 2.422811 0.085367 1.450322
v 2.249629 0.071413 1.425389
v 2.423066 0.080890 1.425389
v 2.250458 0.055084 1.406039
v 2.424004 0.064567 1.406039
v 2.251665 0.031280 1.397456
v 2.425368 0.040772 1.397456
v 2.252926 0.006380 1.401940
v 2.426796 0.015880 1.401940
v 2.253906 -0.012946 1.418290
v 2.427904 -0.003439 1.418290
v 2.615582 0.007838 1.418290
v 2.812338 0.020428 1.418290
v 2.614384 0.027151 1.401940
v 2.811074 0.039736 1.401940
v 2.612840 0.052036 1.397456
v 2.809447 0.064616 1.397456
v 2.611364 0.075825 1.406039
v 2.807891 0.088400 1.406039
v 2.610352 0.092143 1.425389
v 2.806825 0.104715 1.425389
v 2.610074 0.096619 1.450322
v 2.806532 0.109190 1.450322
v 2.610605 0.088053 1.474156
v 2.807092 0.100625 1.474156
v 2.611804 0.068740 1.490506
v 2.808355 0.081316 1.490506
v 2.613348 0.043855 1.494990
v 2.809982 0.056436 1.494990
v 3.011113 0.069875 1.494990
v 3.212111 0.083714 1.494990
v 3.009425 0.094751 1.490506
v 3.210382 0.108587 1.490506
v 3.008116 0.114057 1.474156
v 3.209040 0.127890 1.474156
v 3.007535 0.122620 1.450322
v 3.208444 0.136452 1.450322
v 3.007838 0.118146 1.425389
v 3.208756 0.131979 1.425389
v 3.008945 0.101833 1.406039
v 3.209890 0.115668 1.406039
v 3.010558 0.078054 1.397456
v 3.211544 0.091891 1.397456
v 3.012246 0.053178 1.401940
v 3.213273 0.067019 1.401940
v 3.013555 0.033872 1.418290
v 3.214615 0.047715 1.418290
v 3.410892 0.061498 1.418290
v 3.597754 0.074763 1.418290
v 3.409529 0.080800 1.401940
v 3.596384 0.094065 1.401940
v 3.407773 0.105671 1.397456
v 3.594616 0.118935 1.397456
v 3.406094 0.129446 1.406039
v 3.592927 0.142710 1.406039
v 3.404943 0.145756 1.425389
v 3.591769 0.159019 1.425389
v 3.404627 0.150229 1.450322
v 3.591450 0.163492 1.450322
v 3.405231 0.141667 1.474156
v 3.592058 0.154930 1.474156
v 3.406594 0.122365 1.490506
v 3.593430 0.135629 1.490506
v 3.408350 0.097494 1.494990
v 3.595197 0.110759 1.494990
v 3.768024 0.123049 1.494990
v 3.922200 0.133909 1.494990
v 3.766263 0.147920 1.490506
v 3.920471 0.158781 1.490506
v 3.764898 0.167222 1.474156
v 3.919130 0.178085 1.474156
v 3.764291 0.175783 1.450322
v 3.918535 0.186647 1.450322
v 3.764608 0.171310 1.425389
v 3.918845 0.182174 1.425389
v 3.765762 0.155001 1.406039
v 3.919979 0.165863 1.406039
v 3.767446 0.131226 1.397456
v 3.921631 0.142086 1.397456
v 3.769206 0.106356 1.401940
v 3.923359 0.117213 1.401940
v 3.770572 0.087054 1.418290
v 3.924700 0.097910 1.418290
v 4.055570 0.106878 1.418290
v 4.178512 0.115323 1.418290
v 4.054245 0.126183 1.401940
v 4.177151 0.134625 1.401940
v 4.052539 0.151057 1.397456
v 4.175398 0.159496 1.397456
v 4.050908 0.174836 1.406039
v 4.173723 0.183272 1.406039
v 4.049788 0.191147 1.425389
v 4.172573 0.199581 1.425389
v 4.049480 0.195621 1.450322
v 4.172258 0.204054 1.450322
v 4.050068 0.187058 1.474156
v 4.172861 0.195493 1.474156
v 4.051394 0.167753 1.490506
v 4.174222 0.176190 1.490506
v 4.053100 0.142879 1.494990
v 4.175974 0.151319 1.494990
v 4.304236 0.160593 1.494990
v 4.436114 0.170625 1.494990
v 4.302392 0.185457 1.490506
v 4.434173 0.195482 1.490506
v 4.300960 0.204754 1.474156
v 4.432666 0.214773 1.474156
v 4.300325 0.213314 1.450322
v 4.431997 0.223330 1.450322
v 4.300657 0.208842 1.425389
v 4.432346 0.218859 1.425389
v 4.301867 0.192537 1.406039
v 4.433620 0.202559 1.406039
v 4.303630 0.168767 1.397456
v 4.435476 0.178797 1.397456
v 4.305475 0.143903 1.401940
v 4.437418 0.153940 1.401940
v 4.306906 0.124606 1.418290
v 4.438924 0.134649 1.418290
v 4.572808 0.145377 1.418290
v 4.706805 0.156719 1.418290
v 4.571220 0.164662 1.401940
v 4.705123 0.175996 1.401940
v 4.569173 0.189511 1.397456
v 4.702958 0.200834 1.397456
v 4.567216 0.213265 1.406039
v 4.700887 0.224579 1.406039
v 4.565873 0.229559 1.425389
v 4.699467 0.240867 1.425389
v 4.565505 0.234029 1.450322
v 4.699077 0.245334 1.450322
v 4.566210 0.225475 1.474156
v 4.699823 0.236784 1.474156
v 4.567799 0.206190 1.490506
v 4.701503 0.217507 1.490506
v 4.569847 0.181341 1.494990
v 4.703670 0.192668 1.494990
v 4.835823 0.204531 1.494990
v 4.964542 0.216857 1.494990
v 4.833520 0.229358 1.490506
v 4.962078 0.241667 1.490506
v 4.831733 0.248625 1.474156
v 4.960165 0.260923 1.474156
v 4.830941 0.257171 1.450322
v 4.959316 0.269463 1.450322
v 4.831355 0.252706 1.425389
v 4.959760 0.265001 1.425389
v 4.832863 0.236426 1.406039
v 4.961377 0.248731 1.406039
v 4.835066 0.212693 1.397456
v 4.963733 0.225014 1.397456
v 4.837368 0.187867 1.401940
v 4.966197 0.200203 1.401940
v 4.839155 0.168600 1.418290
v 4.968110 0.180947 1.418290
v 5.091920 0.193690 1.418290
v 5.208848 0.206758 1.418290
v 5.089854 0.212930 1.401940
v 5.206592 0.225976 1.401940
v 5.087194 0.237720 1.397456
v 5.203685 0.250739 1.397456
v 5.084651 0.261419 1.406039
v 5.200906 0.274411 1.406039
v 5.082905 0.277675 1.425389
v 5.198999 0.290649 1.425389
v 5.082427 0.282134 1.450322
v 5.198477 0.295103 1.450322
v 5.083343 0.273600 1.474156
v 5.199478 0.286579 1.474156
v 5.085408 0.254360 1.490506
v 5.201733 0.267360 1.490506
v 5.088069 0.229570 1.494990
v 5.204640 0.242598 1.494990
v 5.312498 0.255866 1.494990
v 5.409885 0.269303 1.494990
v 5.309272 0.280589 1.490506
v 5.406226 0.293966 1.490506
v 5.306768 0.299777 1.474156
v 5.403384 0.313106 1.474156
v 5.305658 0.308288 1.450322
v 5.402124 0.321596 1.450322
v 5.306239 0.303841 1.425389
v 5.402782 0.317160 1.425389
v 5.308353 0.287629 1.406039
v 5.405182 0.300988 1.406039
v 5.311438 0.263995 1.397456
v 5.408682 0.277411 1.397456
v 5.314664 0.239271 1.401940
v 5.412343 0.252749 1.401940
v 5.317167 0.220084 1.418290
v 5.415183 0.233608 1.418290
v 5.500965 0.247239 1.418290
v 5.623422 0.268951 1.417881
v 5.497729 0.266317 1.401940
v 5.619866 0.287973 1.401532
v 5.493589 0.290904 1.397456
v 5.615382 0.312499 1.397050
v 5.489652 0.314411 1.406039
v 5.611168 0.335958 1.405634
v 5.486973 0.330539 1.425390
v 5.608356 0.352063 1.424985
v 5.486270 0.334968 1.450322
v 5.607698 0.356500 1.449917
v 5.487731 0.326510 1.474157
v 5.609371 0.348079 1.473751
v 5.490966 0.307432 1.490506
v 5.612926 0.329057 1.490099
v 5.495107 0.282845 1.494990
v 5.617411 0.304531 1.494582
v 5.742390 0.327810 1.493506
v 5.869545 0.352635 1.491987
v 5.737674 0.352293 1.489026
v 5.864606 0.377075 1.487508
v 5.733885 0.371272 1.472679
v 5.860616 0.396014 1.471164
v 5.732041 0.379661 1.448847
v 5.858642 0.404377 1.447334
v 5.732633 0.375212 1.423915
v 5.859214 0.399925 1.422402
v 5.735504 0.359118 1.404563
v 5.862179 0.383849 1.403049
v 5.739884 0.335691 1.395978
v 5.866742 0.360457 1.394462
v 5.744601 0.311207 1.400458
v 5.871681 0.336017 1.398940
v 5.748388 0.292228 1.416805
v 5.875671 0.317078 1.415284
v 6.004846 0.343465 1.413539
v 6.135484 0.371356 1.411794
v 6.000677 0.362368 1.397198
v 6.131163 0.390226 1.395454
v 5.995522 0.386764 1.392722
v 6.125794 0.414576 1.390982
v 5.990759 0.410115 1.401312
v 6.120814 0.437881 1.399575
v 5.987667 0.426165 1.420667
v 6.117561 0.453896 1.418931
v 5.987073 0.430613 1.445599
v 6.116905 0.458331 1.443864
v 5.989136 0.422267 1.469428
v 6.119020 0.449997 1.467693
v 5.993303 0.403364 1.485770
v 6.123341 0.431127 1.484033
v 5.998460 0.378969 1.490246
v 6.128712 0.406777 1.488505
v 6.259877 0.436023 1.486988
v 6.391532 0.466670 1.485916
v 6.254294 0.460325 1.482518
v 6.385738 0.490923 1.481447
v 6.249841 0.479166 1.466180
v 6.381170 0.509737 1.465110
v 6.247707 0.487496 1.442351
v 6.379053 0.518071 1.441281
v 6.248467 0.483084 1.417417
v 6.379954 0.513692 1.416346
v 6.251915 0.467112 1.398059
v 6.383633 0.497774 1.396986
v 6.257130 0.443860 1.389463
v 6.389102 0.474581 1.388388
v 6.262711 0.419557 1.393933
v 6.394897 0.450328 1.392857
v 6.267166 0.400717 1.410271
v 6.399465 0.431514 1.409194
v 6.531960 0.463715 1.408785
v 6.664230 0.497286 1.409269
v 6.527297 0.482506 1.392448
v 6.659489 0.516057 1.392932
v 6.521287 0.506706 1.387980
v 6.653258 0.540202 1.388463
v 6.515539 0.529831 1.396579
v 6.647210 0.563251 1.397060
v 6.511595 0.545685 1.415940
v 6.642961 0.579027 1.416420
v 6.510512 0.550020 1.440875
v 6.641654 0.583305 1.441354
v 6.512578 0.541674 1.464704
v 6.643639 0.574938 1.465183
v 6.517241 0.522883 1.481041
v 6.648380 0.556167 1.481521
v 6.523252 0.498682 1.485509
v 6.654611 0.532022 1.485989
v 6.785177 0.566652 1.487577
v 6.778721 0.590737 1.483105
v 6.773917 0.609491 1.466767
v 6.772051 0.617890 1.442940
v 6.773625 0.613683 1.418008
v 6.778215 0.597997 1.398653
v 6.784595 0.575036 1.390060
v 6.791050 0.550951 1.394531
v 6.795856 0.532197 1.410870
v -7.055486 0.605907 -1.418316
v -7.057015 0.597413 -1.442133
v -6.926425 0.568416 -1.413807
v -7.050601 0.624638 -1.401976
v -6.921573 0.587157 -1.397468
v -7.043666 0.648587 -1.397490
v -6.914881 0.611176 -1.392991
v -7.036541 0.671336 -1.406061
v -6.908143 0.634038 -1.401576
v -7.031136 0.686791 -1.425393
v -6.903164 0.649616 -1.420922
v -7.028898 0.690809 -1.450304
v -6.901279 0.653736 -1.445846
v -7.030427 0.682314 -1.474121
v -6.902991 0.645295 -1.469670
v -7.035314 0.663583 -1.490462
v -6.907843 0.626554 -1.486009
v -7.042247 0.639634 -1.494947
v -6.914535 0.602535 -1.490486
v -7.049372 0.616885 -1.486376
v -6.921272 0.579673 -1.481901
v -7.054777 0.601431 -1.467045
v -6.926252 0.564095 -1.462555
v -6.928137 0.559974 -1.437631
v -6.796157 0.528005 -1.459623
v -6.791566 0.543691 -1.478979
v -6.797730 0.523798 -1.434692
v -6.664917 0.493197 -1.458028
v -6.660669 0.508974 -1.477388
v -6.666224 0.488919 -1.433093
v -6.532953 0.459703 -1.457545
v -6.529009 0.475557 -1.476906
v -6.534036 0.455368 -1.432610
v -6.400689 0.427558 -1.457953
v -6.397011 0.443477 -1.477313
v -6.401590 0.423180 -1.433018
v -6.268548 0.396798 -1.459029
v -6.265100 0.412770 -1.478388
v -6.269308 0.392386 -1.434096
v -6.136952 0.367456 -1.460552
v -6.133699 0.383472 -1.479908
v -6.137610 0.363022 -1.435619
v -6.006323 0.339568 -1.462297
v -6.003232 0.355618 -1.481651
v -6.006917 0.335120 -1.437364
v -5.877082 0.313167 -1.464042
v -5.874118 0.329243 -1.483394
v -5.877655 0.308714 -1.439110
v -5.749650 0.288288 -1.465565
v -5.746780 0.304383 -1.484916
v -5.750244 0.283840 -1.440632
v -5.624447 0.264967 -1.466642
v -5.621635 0.281072 -1.485993
v -5.625105 0.260530 -1.441710
v -5.501731 0.243210 -1.467052
v -5.499053 0.259338 -1.486403
v -5.502435 0.238781 -1.442119
v -5.415795 0.229554 -1.467053
v -5.413394 0.245727 -1.486403
v -5.416453 0.225118 -1.442120
v -5.317706 0.216020 -1.467053
v -5.315592 0.232232 -1.486403
v -5.318287 0.211573 -1.442120
v -5.209334 0.202687 -1.467053
v -5.207428 0.218926 -1.486403
v -5.209857 0.198234 -1.442120
v -5.092367 0.189615 -1.467053
v -5.090622 0.205872 -1.486403
v -5.092845 0.185156 -1.442120
v -4.968524 0.176869 -1.467053
v -4.966907 0.193139 -1.486403
v -4.968966 0.172407 -1.442120
v -4.839543 0.164519 -1.467053
v -4.838033 0.180799 -1.486403
v -4.839957 0.160054 -1.442120
v -4.707169 0.152636 -1.467053
v -4.705749 0.168924 -1.486403
v -4.707559 0.148168 -1.442120
v -4.573154 0.141293 -1.467053
v -4.571812 0.157587 -1.486403
v -4.573522 0.136824 -1.442120
v -4.439252 0.130562 -1.467053
v -4.437979 0.146863 -1.486403
v -4.439601 0.126092 -1.442120
v -4.307218 0.120518 -1.467053
v -4.306009 0.136824 -1.486403
v -4.307550 0.116046 -1.442120
v -4.178810 0.111234 -1.467053
v -4.177660 0.127544 -1.486403
v -4.179125 0.106761 -1.442120
v -4.055859 0.102789 -1.467053
v -4.054740 0.119100 -1.486403
v -4.056167 0.098315 -1.442120
v -3.924994 0.093821 -1.467053
v -3.923861 0.110131 -1.486403
v -3.925305 0.089347 -1.442120
v -3.770870 0.082965 -1.467053
v -3.769716 0.099274 -1.486403
v -3.771187 0.078492 -1.442120
v -3.598054 0.070675 -1.467052
v -3.596896 0.086984 -1.486403
v -3.598372 0.066202 -1.442120
v -3.411190 0.057410 -1.467053
v -3.410037 0.073719 -1.486403
v -3.411505 0.052936 -1.442120
v -3.214909 0.043626 -1.467053
v -3.213774 0.059937 -1.486403
v -3.215220 0.039153 -1.442120
v -3.013841 0.029783 -1.467053
v -3.012735 0.046095 -1.486403
v -3.014145 0.025309 -1.442120
v -2.812613 0.016338 -1.467053
v -2.811546 0.032653 -1.486403
v -2.812906 0.011863 -1.442120
v -2.615845 0.003747 -1.467053
v -2.614832 0.020066 -1.486403
v -2.616122 -0.000728 -1.442120
v -2.428148 -0.007531 -1.467053
v -2.427211 0.008793 -1.486403
v -2.428405 -0.012007 -1.442120
v -2.254122 -0.017039 -1.467053
v -2.253295 -0.000710 -1.486403
v -2.254349 -0.021518 -1.442120
v -2.098337 -0.024321 -1.467053
v -2.097673 -0.007985 -1.486403
v -2.098519 -0.028802 -1.442120
v -1.965558 -0.028911 -1.467053
v -1.965062 -0.012569 -1.486403
v -1.965694 -0.033393 -1.442120
v -1.841078 -0.032160 -1.467053
v -1.840650 -0.015816 -1.486403
v -1.841195 -0.036643 -1.442120
v -1.696896 -0.035952 -1.467053
v -1.696468 -0.019608 -1.486403
v -1.697013 -0.040435 -1.442120
v -1.536635 -0.040134 -1.467053
v -1.536213 -0.023790 -1.486403
v -1.536751 -0.044617 -1.442120
v -1.364121 -0.044548 -1.467053
v -1.363709 -0.028204 -1.486403
v -1.364234 -0.049031 -1.442120
v -1.183177 -0.049036 -1.467053
v -1.182781 -0.032691 -1.486403
v -1.183287 -0.053519 -1.442120
v -0.997625 -0.053439 -1.467053
v -0.997249 -0.037094 -1.486403
v -0.997729 -0.057923 -1.442120
v -0.811284 -0.057600 -1.467053
v -0.810934 -0.041254 -1.486403
v -0.811380 -0.062083 -1.442120
v -0.627972 -0.061359 -1.467053
v -0.627656 -0.045012 -1.486403
v -0.628058 -0.065843 -1.442120
v -0.451502 -0.064559 -1.467053
v -0.451232 -0.048212 -1.486403
v -0.451576 -0.069043 -1.442120
v -0.285685 -0.067042 -1.467053
v -0.285476 -0.050694 -1.486403
v -0.285742 -0.071526 -1.442120
v -0.134315 -0.068649 -1.467053
v -0.134193 -0.052299 -1.486403
v -0.134348 -0.073133 -1.442120
v -0.001193 -0.069220 -1.467053
v -0.001193 -0.052870 -1.486403
v -0.001193 -0.073704 -1.442120
v -0.001193 -0.065121 -1.418285
v -0.134285 -0.064550 -1.418285
v -0.001193 -0.045771 -1.401936
v -0.134140 -0.045200 -1.401935
v -0.001193 -0.020838 -1.397451
v -0.133955 -0.020269 -1.397451
v -0.001193 0.002996 -1.406034
v -0.133777 0.003565 -1.406034
v -0.001193 0.019346 -1.425384
v -0.133655 0.019915 -1.425384
v -0.001193 0.023830 -1.450317
v -0.133621 0.024399 -1.450317
v -0.001193 0.015248 -1.474151
v -0.133685 0.015816 -1.474151
v -0.001193 -0.004103 -1.490502
v -0.133829 -0.003533 -1.490502
v -0.001193 -0.029035 -1.494986
v -0.134015 -0.028465 -1.494986
v -0.285171 -0.026861 -1.494986
v -0.450837 -0.024381 -1.494986
v -0.284852 -0.001930 -1.490501
v -0.450424 0.000549 -1.490502
v -0.284604 0.017418 -1.474151
v -0.450104 0.019896 -1.474151
v -0.284494 0.026000 -1.450317
v -0.449963 0.028478 -1.450317
v -0.284551 0.021517 -1.425384
v -0.450036 0.023994 -1.425384
v -0.284761 0.005168 -1.406034
v -0.450307 0.007647 -1.406034
v -0.285066 -0.018665 -1.397451
v -0.450702 -0.016185 -1.397451
v -0.285385 -0.043595 -1.401936
v -0.451114 -0.041114 -1.401935
v -0.285632 -0.062944 -1.418285
v -0.451434 -0.060461 -1.418286
v -0.627893 -0.057261 -1.418285
v -0.811196 -0.053502 -1.418285
v -0.627519 -0.037915 -1.401936
v -0.810782 -0.034156 -1.401935
v -0.627037 -0.012987 -1.397451
v -0.810248 -0.009229 -1.397451
v -0.626577 0.010843 -1.406034
v -0.809737 0.014599 -1.406034
v -0.626261 0.027190 -1.425384
v -0.809387 0.030946 -1.425384
v -0.626175 0.031674 -1.450317
v -0.809292 0.035429 -1.450317
v -0.626340 0.023092 -1.474151
v -0.809475 0.026848 -1.474151
v -0.626714 0.003746 -1.490501
v -0.809890 0.007502 -1.490502
v -0.627196 -0.021182 -1.494986
v -0.810424 -0.017425 -1.494985
v -0.996700 -0.013266 -1.494986
v -1.182203 -0.008864 -1.494986
v -0.996126 0.011660 -1.490502
v -1.181598 0.016062 -1.490502
v -0.995681 0.031006 -1.474151
v -1.181128 0.035406 -1.474151
v -0.995483 0.039586 -1.450317
v -1.180920 0.043987 -1.450317
v -0.995586 0.035103 -1.425384
v -1.181029 0.039504 -1.425384
v -0.995963 0.018757 -1.406034
v -1.181425 0.023159 -1.406034
v -0.996511 -0.005071 -1.397451
v -1.182004 -0.000669 -1.397451
v -0.997085 -0.029997 -1.401935
v -1.182609 -0.025594 -1.401936
v -0.997531 -0.049342 -1.418285
v -1.183078 -0.044939 -1.418285
v -1.364018 -0.040451 -1.418285
v -1.536529 -0.036037 -1.418285
v -1.363531 -0.021107 -1.401935
v -1.536029 -0.016693 -1.401935
v -1.362903 0.003818 -1.397451
v -1.535385 0.008231 -1.397451
v -1.362303 0.027645 -1.406034
v -1.534770 0.032058 -1.406034
v -1.361890 0.043989 -1.425384
v -1.534347 0.048402 -1.425384
v -1.361777 0.048472 -1.450317
v -1.534232 0.052885 -1.450317
v -1.361994 0.039892 -1.474151
v -1.534454 0.044305 -1.474152
v -1.362482 0.020548 -1.490502
v -1.534953 0.024961 -1.490502
v -1.363109 -0.004377 -1.494986
v -1.535597 0.000037 -1.494986
v -1.695844 0.004219 -1.494986
v -1.840026 0.008011 -1.494986
v -1.695191 0.029143 -1.490501
v -1.839373 0.032935 -1.490502
v -1.694684 0.048486 -1.474151
v -1.838866 0.052278 -1.474151
v -1.694460 0.057066 -1.450317
v -1.838642 0.060858 -1.450317
v -1.694577 0.052583 -1.425384
v -1.838759 0.056375 -1.425384
v -1.695005 0.036239 -1.406034
v -1.839187 0.040031 -1.406034
v -1.695629 0.012413 -1.397451
v -1.839811 0.016205 -1.397451
v -1.696282 -0.012511 -1.401935
v -1.840464 -0.008719 -1.401935
v -1.696789 -0.031855 -1.418286
v -1.840971 -0.028063 -1.418285
v -1.965434 -0.024814 -1.418285
v -2.098171 -0.020226 -1.418285
v -1.964846 -0.005473 -1.401936
v -2.097384 -0.000892 -1.401936
v -1.964091 0.019448 -1.397451
v -2.096372 0.024020 -1.397451
v -1.963369 0.043272 -1.406034
v -2.095404 0.047835 -1.406034
v -1.962873 0.059614 -1.425384
v -2.094740 0.064171 -1.425384
v -1.962737 0.064096 -1.450317
v -2.094558 0.068652 -1.450317
v -1.962998 0.055517 -1.474151
v -2.094907 0.060076 -1.474151
v -1.963584 0.036176 -1.490501
v -2.095693 0.040742 -1.490501
v -1.964340 0.011255 -1.494986
v -2.096705 0.015830 -1.494986
v -2.252088 0.023094 -1.494985
v -2.425847 0.032588 -1.494986
v -2.250827 0.047995 -1.490501
v -2.424419 0.057480 -1.490502
v -2.249846 0.067320 -1.474151
v -2.423311 0.076798 -1.474151
v -2.249412 0.075892 -1.450317
v -2.422819 0.085367 -1.450317
v -2.249639 0.071413 -1.425384
v -2.423076 0.080890 -1.425384
v -2.250466 0.055084 -1.406034
v -2.424011 0.064567 -1.406034
v -2.251673 0.031280 -1.397451
v -2.425378 0.040772 -1.397451
v -2.252936 0.006380 -1.401935
v -2.426805 0.015880 -1.401936
v -2.253915 -0.012946 -1.418285
v -2.427913 -0.003439 -1.418286
v -2.615591 0.007838 -1.418285
v -2.812346 0.020427 -1.418285
v -2.614393 0.027151 -1.401936
v -2.811083 0.039736 -1.401936
v -2.612849 0.052036 -1.397451
v -2.809456 0.064616 -1.397451
v -2.611373 0.075825 -1.406034
v -2.807901 0.088400 -1.406034
v -2.610361 0.092143 -1.425384
v -2.806833 0.104715 -1.425384
v -2.610083 0.096619 -1.450317
v -2.806541 0.109190 -1.450317
v -2.610615 0.088053 -1.474151
v -2.807101 0.100625 -1.474151
v -2.611813 0.068740 -1.490501
v -2.808364 0.081316 -1.490501
v -2.613357 0.043855 -1.494986
v -2.809990 0.056436 -1.494985
v -3.011122 0.069875 -1.494986
v -3.212121 0.083714 -1.494986
v -3.009435 0.094751 -1.490502
v -3.210391 0.108587 -1.490501
v -3.008125 0.114057 -1.474152
v -3.209049 0.127890 -1.474151
v -3.007544 0.122620 -1.450317
v -3.208454 0.136452 -1.450317
v -3.007848 0.118146 -1.425384
v -3.208765 0.131979 -1.425384
v -3.008954 0.101833 -1.406034
v -3.209900 0.115668 -1.406034
v -3.010566 0.078054 -1.397451
v -3.211553 0.091891 -1.397451
v -3.012254 0.053178 -1.401936
v -3.213283 0.067019 -1.401935
v -3.013564 0.033872 -1.418285
v -3.214625 0.047715 -1.418285
v -3.410901 0.061498 -1.418285
v -3.597764 0.074764 -1.418285
v -3.409538 0.080800 -1.401936
v -3.596392 0.094065 -1.401935
v -3.407782 0.105671 -1.397451
v -3.594625 0.118935 -1.397451
v -3.406103 0.129446 -1.406034
v -3.592937 0.142710 -1.406034
v -3.404952 0.145756 -1.425384
v -3.591777 0.159018 -1.425384
v -3.404636 0.150229 -1.450317
v -3.591460 0.163491 -1.450317
v -3.405240 0.141667 -1.474152
v -3.592068 0.154930 -1.474151
v -3.406604 0.122365 -1.490502
v -3.593439 0.135629 -1.490502
v -3.408359 0.097494 -1.494985
v -3.595206 0.110759 -1.494986
v -3.768033 0.123049 -1.494986
v -3.922208 0.133909 -1.494986
v -3.766273 0.147920 -1.490502
v -3.920480 0.158781 -1.490501
v -3.764907 0.167222 -1.474151
v -3.919138 0.178085 -1.474151
v -3.764301 0.175783 -1.450317
v -3.918544 0.186647 -1.450317
v -3.764618 0.171310 -1.425384
v -3.918855 0.182174 -1.425384
v -3.765772 0.155001 -1.406034
v -3.919988 0.165863 -1.406034
v -3.767454 0.131226 -1.397451
v -3.921640 0.142086 -1.397451
v -3.769215 0.106356 -1.401935
v -3.923369 0.117213 -1.401935
v -3.770581 0.087054 -1.418285
v -3.924710 0.097910 -1.418285
v -4.055578 0.106878 -1.418285
v -4.178522 0.115323 -1.418285
v -4.054254 0.126183 -1.401936
v -4.177160 0.134625 -1.401936
v -4.052548 0.151057 -1.397451
v -4.175408 0.159496 -1.397451
v -4.050916 0.174836 -1.406034
v -4.173731 0.183272 -1.406034
v -4.049798 0.191147 -1.425384
v -4.172581 0.199581 -1.425384
v -4.049490 0.195621 -1.450317
v -4.172266 0.204054 -1.450317
v -4.050077 0.187058 -1.474151
v -4.172870 0.195493 -1.474151
v -4.051402 0.167753 -1.490502
v -4.174231 0.176190 -1.490502
v -4.053109 0.142879 -1.494986
v -4.175983 0.151319 -1.494986
v -4.304245 0.160593 -1.494986
v -4.436122 0.170625 -1.494985
v -4.302400 0.185457 -1.490502
v -4.434182 0.195482 -1.490501
v -4.300969 0.204754 -1.474151
v -4.432674 0.214773 -1.474151
v -4.300334 0.213314 -1.450317
v -4.432007 0.223330 -1.450317
v -4.300665 0.208842 -1.425384
v -4.432356 0.218859 -1.425385
v -4.301876 0.192537 -1.406034
v -4.433629 0.202559 -1.406034
v -4.303638 0.168767 -1.397451
v -4.435484 0.178797 -1.397451
v -4.305483 0.143903 -1.401936
v -4.437426 0.153940 -1.401936
v -4.306914 0.124606 -1.418285
v -4.438932 0.134649 -1.418285
v -4.572818 0.145377 -1.418285
v -4.706813 0.156719 -1.418285
v -4.571229 0.164662 -1.401936
v -4.705132 0.175996 -1.401936
v -4.569182 0.189511 -1.397451
v -4.702966 0.200834 -1.397451
v -4.567225 0.213265 -1.406034
v -4.700896 0.224579 -1.406034
v -4.565883 0.229559 -1.425384
v -4.699475 0.240867 -1.425384
v -4.565515 0.234029 -1.450317
v -4.699085 0.245334 -1.450317
v -4.566219 0.225475 -1.474152
v -4.699831 0.236784 -1.474151
v -4.567808 0.206190 -1.490501
v -4.701513 0.217507 -1.490502
v -4.569855 0.181341 -1.494986
v -4.703678 0.192668 -1.494986
v -4.835832 0.204531 -1.494986
v -4.964551 0.216857 -1.494985
v -4.833529 0.229358 -1.490502
v -4.962088 0.241667 -1.490501
v -4.831741 0.248625 -1.474151
v -4.960175 0.260923 -1.474151
v -4.830949 0.257171 -1.450317
v -4.959326 0.269463 -1.450317
v -4.831363 0.252706 -1.425384
v -4.959769 0.265001 -1.425384
v -4.832873 0.236426 -1.406034
v -4.961386 0.248731 -1.406034
v -4.835074 0.212693 -1.397451
v -4.963741 0.225013 -1.397451
v -4.837378 0.187867 -1.401936
v -4.966207 0.200203 -1.401935
v -4.839164 0.168600 -1.418285
v -4.968118 0.180947 -1.418285
v -5.091929 0.193690 -1.418285
v -5.208856 0.206758 -1.418285
v -5.089864 0.212930 -1.401935
v -5.206601 0.225976 -1.401935
v -5.087203 0.237720 -1.397451
v -5.203694 0.250739 -1.397451
v -5.084660 0.261419 -1.406034
v -5.200916 0.274411 -1.406034
v -5.082914 0.277675 -1.425384
v -5.199009 0.290649 -1.425385
v -5.082436 0.282134 -1.450317
v -5.198486 0.295103 -1.450317
v -5.083352 0.273600 -1.474151
v -5.199487 0.286579 -1.474151
v -5.085417 0.254360 -1.490501
v -5.201743 0.267360 -1.490501
v -5.088078 0.229570 -1.494985
v -5.204649 0.242598 -1.494985
v -5.312507 0.255866 -1.494986
v -5.409895 0.269303 -1.494986
v -5.309281 0.280589 -1.490502
v -5.406235 0.293966 -1.490502
v -5.306777 0.299777 -1.474152
v -5.403394 0.313106 -1.474152
v -5.305666 0.308288 -1.450317
v -5.402133 0.321596 -1.450317
v -5.306247 0.303841 -1.425384
v -5.402792 0.317160 -1.425384
v -5.308363 0.287629 -1.406034
v -5.405192 0.300988 -1.406034
v -5.311446 0.263994 -1.397451
v -5.408692 0.277411 -1.397451
v -5.314672 0.239271 -1.401935
v -5.412351 0.252749 -1.401935
v -5.317176 0.220084 -1.418285
v -5.415193 0.233608 -1.418285
v -5.500973 0.247239 -1.418285
v -5.623431 0.268951 -1.417876
v -5.497739 0.266317 -1.401935
v -5.619875 0.287973 -1.401527
v -5.493598 0.290904 -1.397451
v -5.615390 0.312499 -1.397045
v -5.489661 0.314411 -1.406034
v -5.611178 0.335958 -1.405630
v -5.486982 0.330539 -1.425385
v -5.608365 0.352063 -1.424980
v -5.486279 0.334968 -1.450318
v -5.607708 0.356500 -1.449913
v -5.487741 0.326510 -1.474152
v -5.609380 0.348079 -1.473747
v -5.490976 0.307432 -1.490502
v -5.612936 0.329057 -1.490095
v -5.495116 0.282845 -1.494985
v -5.617421 0.304531 -1.494578
v -5.742399 0.327810 -1.493502
v -5.869555 0.352635 -1.491982
v -5.737683 0.352293 -1.489021
v -5.864616 0.377075 -1.487504
v -5.733895 0.371272 -1.472674
v -5.860625 0.396014 -1.471160
v -5.732050 0.379661 -1.448842
v -5.858651 0.404377 -1.447329
v -5.732643 0.375212 -1.423910
v -5.859222 0.399925 -1.422397
v -5.735513 0.359118 -1.404559
v -5.862188 0.383849 -1.403045
v -5.739893 0.335690 -1.395973
v -5.866751 0.360457 -1.394457
v -5.744609 0.311207 -1.400454
v -5.871690 0.336017 -1.398935
v -5.748398 0.292229 -1.416800
v -5.875681 0.317078 -1.415279
v -6.004855 0.343465 -1.413535
v -6.135494 0.371356 -1.411790
v -6.000686 0.362368 -1.397193
v -6.131172 0.390226 -1.395450
v -5.995530 0.386764 -1.392718
v -6.125803 0.414576 -1.390978
v -5.990769 0.410115 -1.401308
v -6.120824 0.437881 -1.399570
v -5.987676 0.426165 -1.420662
v -6.117570 0.453896 -1.418927
v -5.987082 0.430613 -1.445594
v -6.116913 0.458331 -1.443860
v -5.989145 0.422267 -1.469424
v -6.119029 0.449997 -1.467688
v -5.993313 0.403364 -1.485765
v -6.123351 0.431127 -1.484028
v -5.998469 0.378969 -1.490241
v -6.128719 0.406777 -1.488501
v -6.259886 0.436023 -1.486984
v -6.391541 0.466670 -1.485911
v -6.254303 0.460325 -1.482514
v -6.385747 0.490923 -1.481443
v -6.249849 0.479166 -1.466175
v -6.381178 0.509737 -1.465105
v -6.247716 0.487496 -1.442346
v -6.379062 0.518071 -1.441276
v -6.248477 0.483084 -1.417412
v -6.379964 0.513692 -1.416341
v -6.251924 0.467112 -1.398054
v -6.383643 0.497774 -1.396981
v -6.257139 0.443860 -1.389458
v -6.389112 0.474581 -1.388383
v -6.262721 0.419557 -1.393929
v -6.394907 0.450328 -1.392852
v -6.267175 0.400717 -1.410267
v -6.399474 0.431514 -1.409189
v -6.531970 0.463715 -1.408780
v -6.664240 0.497286 -1.409264
v -6.527307 0.482505 -1.392443
v -6.659499 0.516057 -1.392927
v -6.521296 0.506706 -1.387976
v -6.653267 0.540202 -1.388458
v -6.515549 0.529831 -1.396574
v -6.647218 0.563251 -1.397056
v -6.511605 0.545685 -1.415935
v -6.642971 0.579027 -1.416415
v -6.510521 0.550020 -1.440871
v -6.641664 0.583305 -1.441350
v -6.512588 0.541674 -1.464700
v -6.643648 0.574938 -1.465178
v -6.517251 0.522883 -1.481037
v -6.648389 0.556167 -1.481516
v -6.523262 0.498682 -1.485505
v -6.654619 0.532022 -1.485985
v -6.785187 0.566652 -1.487572
v -6.778730 0.590737 -1.483100
v -6.773925 0.609491 -1.466762
v -6.772060 0.617890 -1.442935
v -6.773633 0.613683 -1.418003
v -6.778225 0.597997 -1.398648
v -6.784603 0.575036 -1.390055
v -6.791060 0.550951 -1.394527
v -6.795865 0.532197 -1.410865
v 7.055477 0.605907 -1.418316
v 7.057005 0.597412 -1.442133
v 6.926415 0.568416 -1.413807
v 7.050588 0.624638 -1.401976
v 6.921563 0.587157 -1.397468
v 7.043655 0.648587 -1.397490
v 6.914870 0.611176 -1.392991
v 7.036531 0.671336 -1.406061
v 6.908132 0.634038 -1.401576
v 7.031124 0.686790 -1.425393
v 6.903153 0.649616 -1.420922
v 7.028888 0.690808 -1.450304
v 6.901268 0.653736 -1.445846
v 7.030416 0.682314 -1.474121
v 6.902981 0.645295 -1.469670
v 7.035303 0.663583 -1.490462
v 6.907833 0.626554 -1.486009
v 7.042236 0.639634 -1.494947
v 6.914524 0.602534 -1.490486
v 7.049362 0.616885 -1.486376
v 6.921262 0.579673 -1.481902
v 7.054767 0.601431 -1.467045
v 6.926241 0.564095 -1.462555
v 6.928126 0.559974 -1.437631
v 6.796146 0.528005 -1.459623
v 6.791555 0.543691 -1.478979
v 6.797719 0.523798 -1.434692
v 6.664906 0.493196 -1.458028
v 6.660659 0.508973 -1.477388
v 6.666213 0.488919 -1.433093
v 6.532942 0.459703 -1.457545
v 6.528998 0.475557 -1.476906
v 6.534026 0.455368 -1.432610
v 6.400678 0.427558 -1.457953
v 6.397001 0.443477 -1.477313
v 6.401581 0.423179 -1.433018
v 6.268537 0.396798 -1.459029
v 6.265089 0.412770 -1.478388
v 6.269297 0.392386 -1.434096
v 6.136942 0.367456 -1.460552
v 6.133688 0.383472 -1.479908
v 6.137600 0.363021 -1.435619
v 6.006312 0.339568 -1.462296
v 6.003220 0.355618 -1.481651
v 6.006907 0.335120 -1.437364
v 5.877072 0.313167 -1.464042
v 5.874108 0.329243 -1.483394
v 5.877643 0.308714 -1.439110
v 5.749640 0.288288 -1.465565
v 5.746770 0.304383 -1.484916
v 5.750233 0.283839 -1.440632
v 5.624437 0.264966 -1.466642
v 5.621624 0.281072 -1.485993
v 5.625094 0.260530 -1.441710
v 5.501722 0.243209 -1.467052
v 5.499042 0.259338 -1.486403
v 5.502424 0.238781 -1.442119
v 5.415783 0.229554 -1.467053
v 5.413384 0.245727 -1.486403
v 5.416442 0.225118 -1.442120
v 5.317695 0.216020 -1.467053
v 5.315579 0.232232 -1.486403
v 5.318276 0.211573 -1.442120
v 5.209324 0.202687 -1.467053
v 5.207418 0.218926 -1.486403
v 5.209847 0.198233 -1.442120
v 5.092356 0.189615 -1.467053
v 5.090611 0.205872 -1.486403
v 5.092835 0.185156 -1.442120
v 4.968514 0.176869 -1.467053
v 4.966897 0.193139 -1.486403
v 4.968956 0.172406 -1.442120
v 4.839533 0.164519 -1.467053
v 4.838022 0.180799 -1.486403
v 4.839947 0.160054 -1.442120
v 4.707159 0.152636 -1.467053
v 4.705739 0.168924 -1.486403
v 4.707549 0.148168 -1.442120
v 4.573143 0.141293 -1.467053
v 4.571801 0.157587 -1.486403
v 4.573512 0.136823 -1.442120
v 4.439242 0.130562 -1.467053
v 4.437969 0.146863 -1.486403
v 4.439590 0.126092 -1.442120
v 4.307207 0.120518 -1.467053
v 4.305999 0.136823 -1.486403
v 4.307539 0.116046 -1.442120
v 4.178799 0.111234 -1.467053
v 4.177649 0.127544 -1.486403
v 4.179114 0.106761 -1.442120
v 4.055849 0.102789 -1.467053
v 4.054730 0.119100 -1.486403
v 4.056156 0.098315 -1.442120
v 3.924983 0.093821 -1.467053
v 3.923851 0.110131 -1.486403
v 3.925293 0.089347 -1.442120
v 3.770860 0.082965 -1.467053
v 3.769706 0.099274 -1.486403
v 3.771177 0.078492 -1.442120
v 3.598044 0.070675 -1.467053
v 3.596885 0.086984 -1.486403
v 3.598361 0.066202 -1.442120
v 3.411178 0.057410 -1.467053
v 3.410027 0.073719 -1.486403
v 3.411494 0.052936 -1.442120
v 3.214898 0.043626 -1.467053
v 3.213763 0.059937 -1.486403
v 3.215208 0.039153 -1.442120
v 3.013832 0.029783 -1.467053
v 3.012724 0.046095 -1.486403
v 3.014134 0.025309 -1.442120
v 2.812602 0.016337 -1.467053
v 2.811537 0.032653 -1.486403
v 2.812895 0.011863 -1.442120
v 2.615835 0.003747 -1.467053
v 2.614821 0.020066 -1.486403
v 2.616111 -0.000728 -1.442120
v 2.428137 -0.007531 -1.467053
v 2.427202 0.008792 -1.486403
v 2.428395 -0.012008 -1.442120
v 2.254112 -0.017039 -1.467053
v 2.253285 -0.000710 -1.486403
v 2.254339 -0.021518 -1.442120
v 2.098326 -0.024321 -1.467053
v 2.097663 -0.007985 -1.486403
v 2.098509 -0.028802 -1.442120
v 1.965546 -0.028911 -1.467053
v 1.965052 -0.012569 -1.486403
v 1.965682 -0.033393 -1.442120
v 1.841068 -0.032160 -1.467053
v 1.840639 -0.015816 -1.486403
v 1.841184 -0.036643 -1.442120
v 1.696885 -0.035952 -1.467053
v 1.696458 -0.019608 -1.486403
v 1.697003 -0.040435 -1.442120
v 1.536625 -0.040134 -1.467053
v 1.536203 -0.023790 -1.486403
v 1.536741 -0.044617 -1.442120
v 1.364110 -0.044548 -1.467053
v 1.363699 -0.028204 -1.486403
v 1.364224 -0.049031 -1.442120
v 1.183167 -0.049036 -1.467053
v 1.182771 -0.032691 -1.486403
v 1.183276 -0.053519 -1.442120
v 0.997615 -0.053439 -1.467053
v 0.997239 -0.037094 -1.486403
v 0.997719 -0.057923 -1.442120
v 0.811274 -0.057600 -1.467053
v 0.810924 -0.041254 -1.486403
v 0.811370 -0.062083 -1.442120
v 0.627962 -0.061359 -1.467053
v 0.627646 -0.045012 -1.486403
v 0.628048 -0.065843 -1.442120
v 0.451492 -0.064559 -1.467053
v 0.451222 -0.048212 -1.486403
v 0.451566 -0.069043 -1.442120
v 0.285675 -0.067042 -1.467053
v 0.285466 -0.050694 -1.486403
v 0.285732 -0.071526 -1.442120
v 0.134304 -0.068649 -1.467053
v 0.134183 -0.052299 -1.486403
v 0.134338 -0.073133 -1.442120
v 0.001182 -0.069220 -1.467053
v 0.001182 -0.052870 -1.486403
v 0.001182 -0.073704 -1.442120
v 0.001182 -0.065121 -1.418285
v 0.134274 -0.064550 -1.418285
v 0.001182 -0.045771 -1.401936
v 0.134130 -0.045201 -1.401935
v 0.001182 -0.020838 -1.397451
v 0.133944 -0.020269 -1.397451
v 0.001182 0.002996 -1.406034
v 0.133767 0.003565 -1.406034
v 0.001182 0.019346 -1.425384
v 0.133645 0.019915 -1.425384
v 0.001182 0.023830 -1.450317
v 0.133611 0.024399 -1.450317
v 0.001182 0.015247 -1.474151
v 0.133675 0.015816 -1.474151
v 0.001182 -0.004103 -1.490502
v 0.133819 -0.003533 -1.490502
v 0.001182 -0.029035 -1.494986
v 0.134005 -0.028465 -1.494986
v 0.285160 -0.026861 -1.494986
v 0.450827 -0.024381 -1.494986
v 0.284842 -0.001930 -1.490501
v 0.450414 0.000549 -1.490502
v 0.284594 0.017418 -1.474151
v 0.450094 0.019896 -1.474151
v 0.284484 0.026000 -1.450317
v 0.449952 0.028478 -1.450317
v 0.284542 0.021516 -1.425384
v 0.450026 0.023994 -1.425384
v 0.284750 0.005168 -1.406034
v 0.450296 0.007647 -1.406034
v 0.285056 -0.018665 -1.397451
v 0.450691 -0.016185 -1.397451
v 0.285375 -0.043595 -1.401936
v 0.451104 -0.041114 -1.401935
v 0.285622 -0.062944 -1.418285
v 0.451424 -0.060461 -1.418286
v 0.627882 -0.057262 -1.418285
v 0.811186 -0.053502 -1.418285
v 0.627509 -0.037915 -1.401936
v 0.810772 -0.034156 -1.401935
v 0.627027 -0.012987 -1.397451
v 0.810238 -0.009230 -1.397451
v 0.626566 0.010843 -1.406034
v 0.809727 0.014599 -1.406034
v 0.626251 0.027190 -1.425384
v 0.809377 0.030946 -1.425384
v 0.626164 0.031674 -1.450317
v 0.809282 0.035429 -1.450317
v 0.626330 0.023092 -1.474151
v 0.809465 0.026848 -1.474151
v 0.626704 0.003746 -1.490502
v 0.809879 0.007502 -1.490502
v 0.627186 -0.021182 -1.494986
v 0.810413 -0.017425 -1.494986
v 0.996690 -0.013266 -1.494986
v 1.182192 -0.008864 -1.494986
v 0.996116 0.011660 -1.490502
v 1.181588 0.016062 -1.490502
v 0.995671 0.031005 -1.474151
v 1.181118 0.035406 -1.474151
v 0.995473 0.039586 -1.450317
v 1.180910 0.043987 -1.450317
v 0.995576 0.035103 -1.425384
v 1.181019 0.039503 -1.425384
v 0.995953 0.018757 -1.406034
v 1.181415 0.023159 -1.406034
v 0.996501 -0.005071 -1.397451
v 1.181994 -0.000669 -1.397451
v 0.997075 -0.029997 -1.401935
v 1.182598 -0.025594 -1.401936
v 0.997521 -0.049342 -1.418285
v 1.183068 -0.044939 -1.418285
v 1.364007 -0.040451 -1.418285
v 1.536518 -0.036037 -1.418285
v 1.363520 -0.021107 -1.401935
v 1.536018 -0.016693 -1.401935
v 1.362893 0.003818 -1.397451
v 1.535374 0.008231 -1.397451
v 1.362291 0.027645 -1.406034
v 1.534760 0.032058 -1.406034
v 1.361879 0.043989 -1.425384
v 1.534336 0.048402 -1.425384
v 1.361767 0.048472 -1.450317
v 1.534220 0.052885 -1.450317
v 1.361984 0.039892 -1.474151
v 1.534442 0.044305 -1.474152
v 1.362471 0.020548 -1.490502
v 1.534943 0.024961 -1.490501
v 1.363098 -0.004377 -1.494985
v 1.535587 0.000037 -1.494986
v 1.695832 0.004219 -1.494986
v 1.840015 0.008010 -1.494986
v 1.695181 0.029143 -1.490501
v 1.839362 0.032935 -1.490501
v 1.694673 0.048486 -1.474151
v 1.838856 0.052278 -1.474151
v 1.694449 0.057066 -1.450317
v 1.838630 0.060858 -1.450317
v 1.694567 0.052583 -1.425384
v 1.838748 0.056375 -1.425384
v 1.694994 0.036239 -1.406034
v 1.839177 0.040031 -1.406034
v 1.695617 0.012413 -1.397451
v 1.839800 0.016205 -1.397451
v 1.696271 -0.012511 -1.401935
v 1.840454 -0.008719 -1.401935
v 1.696779 -0.031855 -1.418286
v 1.840960 -0.028063 -1.418285
v 1.965423 -0.024814 -1.418285
v 2.098160 -0.020226 -1.418285
v 1.964837 -0.005473 -1.401936
v 2.097374 -0.000892 -1.401936
v 1.964081 0.019448 -1.397451
v 2.096363 0.024020 -1.397451
v 1.963358 0.043272 -1.406034
v 2.095393 0.047835 -1.406034
v 1.962861 0.059614 -1.425384
v 2.094729 0.064171 -1.425384
v 1.962725 0.064096 -1.450317
v 2.094548 0.068652 -1.450317
v 1.962986 0.055517 -1.474151
v 2.094897 0.060076 -1.474151
v 1.963573 0.036176 -1.490501
v 2.095683 0.040742 -1.490501
v 1.964329 0.011255 -1.494986
v 2.096695 0.015830 -1.494986
v 2.252079 0.023094 -1.494985
v 2.425837 0.032588 -1.494986
v 2.250815 0.047994 -1.490501
v 2.424409 0.057480 -1.490501
v 2.249836 0.067320 -1.474151
v 2.423300 0.076798 -1.474151
v 2.249402 0.075892 -1.450317
v 2.422809 0.085367 -1.450317
v 2.249628 0.071413 -1.425384
v 2.423065 0.080890 -1.425384
v 2.250456 0.055084 -1.406034
v 2.424002 0.064567 -1.406034
v 2.251662 0.031280 -1.397451
v 2.425367 0.040772 -1.397451
v 2.252925 0.006380 -1.401935
v 2.426795 0.015880 -1.401936
v 2.253905 -0.012946 -1.418285
v 2.427904 -0.003439 -1.418286
v 2.615581 0.007838 -1.418285
v 2.812335 0.020427 -1.418285
v 2.614382 0.027151 -1.401936
v 2.811074 0.039736 -1.401936
v 2.612839 0.052036 -1.397451
v 2.809445 0.064616 -1.397451
v 2.611362 0.075825 -1.406034
v 2.807890 0.088400 -1.406034
v 2.610350 0.092143 -1.425384
v 2.806823 0.104715 -1.425384
v 2.610072 0.096619 -1.450317
v 2.806532 0.109189 -1.450317
v 2.610604 0.088053 -1.474151
v 2.807091 0.100625 -1.474151
v 2.611802 0.068740 -1.490501
v 2.808353 0.081316 -1.490501
v 2.613347 0.043855 -1.494986
v 2.809981 0.056436 -1.494985
v 3.011111 0.069875 -1.494986
v 3.212111 0.083714 -1.494986
v 3.009424 0.094751 -1.490502
v 3.210380 0.108586 -1.490501
v 3.008115 0.114057 -1.474152
v 3.209038 0.127890 -1.474151
v 3.007534 0.122620 -1.450317
v 3.208442 0.136452 -1.450317
v 3.007837 0.118146 -1.425384
v 3.208754 0.131979 -1.425384
v 3.008944 0.101833 -1.406034
v 3.209890 0.115668 -1.406034
v 3.010557 0.078054 -1.397451
v 3.211542 0.091891 -1.397451
v 3.012245 0.053178 -1.401936
v 3.213272 0.067018 -1.401935
v 3.013553 0.033872 -1.418285
v 3.214615 0.047715 -1.418285
v 3.410890 0.061498 -1.418285
v 3.597753 0.074763 -1.418285
v 3.409528 0.080800 -1.401936
v 3.596382 0.094065 -1.401935
v 3.407771 0.105671 -1.397451
v 3.594615 0.118935 -1.397451
v 3.406093 0.129446 -1.406034
v 3.592925 0.142710 -1.406034
v 3.404941 0.145755 -1.425384
v 3.591768 0.159018 -1.425384
v 3.404626 0.150229 -1.450317
v 3.591448 0.163491 -1.450317
v 3.405231 0.141667 -1.474152
v 3.592056 0.154930 -1.474151
v 3.406593 0.122365 -1.490502
v 3.593429 0.135629 -1.490502
v 3.408348 0.097494 -1.494985
v 3.595195 0.110759 -1.494986
v 3.768023 0.123049 -1.494986
v 3.922198 0.133909 -1.494986
v 3.766263 0.147920 -1.490502
v 3.920470 0.158781 -1.490501
v 3.764896 0.167222 -1.474151
v 3.919129 0.178085 -1.474151
v 3.764290 0.175783 -1.450317
v 3.918534 0.186647 -1.450317
v 3.764607 0.171310 -1.425384
v 3.918845 0.182174 -1.425384
v 3.765761 0.155001 -1.406034
v 3.919978 0.165863 -1.406034
v 3.767445 0.131226 -1.397451
v 3.921630 0.142086 -1.397451
v 3.769203 0.106355 -1.401936
v 3.923357 0.117213 -1.401935
v 3.770570 0.087054 -1.418285
v 3.924700 0.097909 -1.418285
v 4.055568 0.106878 -1.418285
v 4.178511 0.115323 -1.418285
v 4.054244 0.126183 -1.401936
v 4.177150 0.134625 -1.401936
v 4.052538 0.151057 -1.397451
v 4.175397 0.159496 -1.397451
v 4.050906 0.174835 -1.406034
v 4.173721 0.183271 -1.406034
v 4.049786 0.191147 -1.425384
v 4.172571 0.199581 -1.425384
v 4.049480 0.195621 -1.450317
v 4.172256 0.204054 -1.450317
v 4.050067 0.187058 -1.474152
v 4.172858 0.195492 -1.474151
v 4.051391 0.167753 -1.490502
v 4.174219 0.176190 -1.490502
v 4.053098 0.142879 -1.494986
v 4.175972 0.151319 -1.494986
v 4.304235 0.160593 -1.494986
v 4.436113 0.170625 -1.494985
v 4.302390 0.185457 -1.490502
v 4.434171 0.195482 -1.490501
v 4.300958 0.204754 -1.474151
v 4.432665 0.214773 -1.474151
v 4.300323 0.213314 -1.450317
v 4.431996 0.223330 -1.450317
v 4.300656 0.208842 -1.425384
v 4.432345 0.218859 -1.425385
v 4.301866 0.192536 -1.406034
v 4.433619 0.202559 -1.406034
v 4.303628 0.168767 -1.397451
v 4.435475 0.178797 -1.397451
v 4.305472 0.143903 -1.401936
v 4.437417 0.153940 -1.401936
v 4.306905 0.124606 -1.418285
v 4.438923 0.134648 -1.418285
v 4.572808 0.145377 -1.418285
v 4.706803 0.156719 -1.418285
v 4.571219 0.164662 -1.401936
v 4.705122 0.175996 -1.401936
v 4.569171 0.189511 -1.397451
v 4.702956 0.200834 -1.397451
v 4.567215 0.213265 -1.406034
v 4.700885 0.224579 -1.406034
v 4.565873 0.229559 -1.425384
v 4.699465 0.240867 -1.425384
v 4.565503 0.234029 -1.450317
v 4.699075 0.245334 -1.450317
v 4.566208 0.225475 -1.474151
v 4.699822 0.236784 -1.474151
v 4.567797 0.206190 -1.490502
v 4.701502 0.217507 -1.490502
v 4.569845 0.181341 -1.494986
v 4.703669 0.192668 -1.494986
v 4.835822 0.204531 -1.494986
v 4.964541 0.216857 -1.494985
v 4.833518 0.229357 -1.490502
v 4.962076 0.241667 -1.490501
v 4.831732 0.248625 -1.474151
v 4.960164 0.260923 -1.474151
v 4.830938 0.257171 -1.450317
v 4.959316 0.269463 -1.450317
v 4.831353 0.252706 -1.425384
v 4.959758 0.265001 -1.425384
v 4.832863 0.236426 -1.406034
v 4.961374 0.248731 -1.406034
v 4.835064 0.212693 -1.397451
v 4.963730 0.225013 -1.397451
v 4.837368 0.187867 -1.401936
v 4.966196 0.200203 -1.401935
v 4.839154 0.168600 -1.418285
v 4.968108 0.180947 -1.418285
v 5.091918 0.193690 -1.418285
v 5.208846 0.206758 -1.418285
v 5.089853 0.212930 -1.401935
v 5.206590 0.225976 -1.401935
v 5.087193 0.237720 -1.397451
v 5.203682 0.250739 -1.397451
v 5.084649 0.261419 -1.406034
v 5.200905 0.274411 -1.406034
v 5.082903 0.277675 -1.425384
v 5.198998 0.290649 -1.425385
v 5.082425 0.282134 -1.450317
v 5.198476 0.295103 -1.450317
v 5.083342 0.273600 -1.474151
v 5.199477 0.286579 -1.474151
v 5.085407 0.254360 -1.490501
v 5.201732 0.267360 -1.490501
v 5.088067 0.229570 -1.494985
v 5.204639 0.242598 -1.494985
v 5.312496 0.255866 -1.494986
v 5.409883 0.269303 -1.494986
v 5.309270 0.280589 -1.490502
v 5.406225 0.293966 -1.490502
v 5.306767 0.299777 -1.474152
v 5.403383 0.313106 -1.474152
v 5.305655 0.308288 -1.450317
v 5.402123 0.321596 -1.450317
v 5.306236 0.303841 -1.425384
v 5.402780 0.317160 -1.425384
v 5.308351 0.287629 -1.406034
v 5.405181 0.300987 -1.406034
v 5.311435 0.263994 -1.397451
v 5.408681 0.277411 -1.397451
v 5.314662 0.239271 -1.401935
v 5.412340 0.252749 -1.401935
v 5.317165 0.220084 -1.418285
v 5.415182 0.233608 -1.418285
v 5.500964 0.247239 -1.418285
v 5.623421 0.268951 -1.417876
v 5.497728 0.266317 -1.401935
v 5.619865 0.287973 -1.401527
v 5.493587 0.290904 -1.397451
v 5.615380 0.312499 -1.397045
v 5.489651 0.314411 -1.406034
v 5.611166 0.335958 -1.405630
v 5.486972 0.330539 -1.425385
v 5.608354 0.352063 -1.424980
v 5.486269 0.334968 -1.450318
v 5.607697 0.356500 -1.449913
v 5.487731 0.326510 -1.474152
v 5.609369 0.348079 -1.473747
v 5.490965 0.307432 -1.490502
v 5.612926 0.329057 -1.490095
v 5.495105 0.282845 -1.494985
v 5.617410 0.304530 -1.494578
v 5.742388 0.327810 -1.493502
v 5.869543 0.352635 -1.491982
v 5.737673 0.352293 -1.489021
v 5.864605 0.377075 -1.487504
v 5.733884 0.371272 -1.472674
v 5.860614 0.396014 -1.471160
v 5.732040 0.379661 -1.448842
v 5.858641 0.404377 -1.447329
v 5.732632 0.375212 -1.423910
v 5.859212 0.399925 -1.422397
v 5.735503 0.359118 -1.404559
v 5.862177 0.383849 -1.403045
v 5.739883 0.335690 -1.395973
v 5.866741 0.360457 -1.394457
v 5.744598 0.311207 -1.400454
v 5.871679 0.336017 -1.398935
v 5.748387 0.292228 -1.416800
v 5.875671 0.317078 -1.415279
v 6.004844 0.343465 -1.413535
v 6.135482 0.371356 -1.411790
v 6.000675 0.362368 -1.397193
v 6.131160 0.390226 -1.395450
v 5.995520 0.386763 -1.392718
v 6.125792 0.414576 -1.390978
v 5.990758 0.410115 -1.401308
v 6.120812 0.437881 -1.399570
v 5.987665 0.426165 -1.420662
v 6.117560 0.453896 -1.418927
v 5.987071 0.430613 -1.445594
v 6.116904 0.458331 -1.443860
v 5.989133 0.422267 -1.469424
v 6.119018 0.449997 -1.467688
v 5.993302 0.403364 -1.485765
v 6.123340 0.431127 -1.484028
v 5.998459 0.378969 -1.490241
v 6.128710 0.406777 -1.488501
v 6.259875 0.436022 -1.486984
v 6.391531 0.466670 -1.485911
v 6.254292 0.460325 -1.482514
v 6.385736 0.490923 -1.481443
v 6.249838 0.479165 -1.466175
v 6.381167 0.509737 -1.465105
v 6.247706 0.487496 -1.442346
v 6.379051 0.518071 -1.441277
v 6.248466 0.483084 -1.417412
v 6.379952 0.513692 -1.416341
v 6.251915 0.467112 -1.398054
v 6.383633 0.497774 -1.396981
v 6.257129 0.443860 -1.389458
v 6.389100 0.474581 -1.388383
v 6.262710 0.419557 -1.393929
v 6.394895 0.450328 -1.392852
v 6.267165 0.400717 -1.410267
v 6.399463 0.431514 -1.409189
v 6.531960 0.463714 -1.408780
v 6.664230 0.497286 -1.409264
v 6.527296 0.482505 -1.392443
v 6.659488 0.516057 -1.392927
v 6.521285 0.506706 -1.387976
v 6.653256 0.540202 -1.388458
v 6.515538 0.529831 -1.396574
v 6.647208 0.563250 -1.397056
v 6.511593 0.545685 -1.415935
v 6.642961 0.579027 -1.416415
v 6.510511 0.550020 -1.440871
v 6.641654 0.583305 -1.441350
v 6.512577 0.541673 -1.464700
v 6.643637 0.574938 -1.465178
v 6.517241 0.522882 -1.481037
v 6.648378 0.556167 -1.481516
v 6.523251 0.498682 -1.485505
v 6.654609 0.532022 -1.485985
v 6.785176 0.566652 -1.487572
v 6.778720 0.590737 -1.483100
v 6.773914 0.609491 -1.466762
v 6.772050 0.617890 -1.442935
v 6.773623 0.613683 -1.418004
v 6.778214 0.597997 -1.398648
v 6.784593 0.575036 -1.390055
v 6.791049 0.550951 -1.394527
v 6.795855 0.532197 -1.410865
v -7.055486 1.547442 1.418321
v -7.057015 1.538947 1.442138
v -6.926424 1.509950 1.413812
v -7.050599 1.566173 1.401980
v -6.921572 1.528691 1.397473
v -7.043665 1.590122 1.397494
v -6.914881 1.552711 1.392995
v -7.036541 1.612871 1.406066
v -6.908143 1.575572 1.401580
v -7.031135 1.628325 1.425397
v -6.903164 1.591150 1.420927
v -7.028897 1.632343 1.450309
v -6.901278 1.595271 1.445851
v -7.030427 1.623848 1.474126
v -6.902991 1.586829 1.469674
v -7.035312 1.605117 1.490466
v -6.907843 1.568088 1.486014
v -7.042247 1.581168 1.494952
v -6.914534 1.544069 1.490491
v -7.049372 1.558419 1.486381
v -6.921272 1.521207 1.481906
v -7.054777 1.542965 1.467050
v -6.926251 1.505629 1.462560
v -6.928137 1.501509 1.437635
v -6.796157 1.469540 1.459628
v -6.791565 1.485226 1.478984
v -6.797730 1.465333 1.434697
v -6.664916 1.434731 1.458032
v -6.660669 1.450508 1.477392
v -6.666223 1.430453 1.433098
v -6.532952 1.401237 1.457550
v -6.529008 1.417091 1.476911
v -6.534036 1.396903 1.432614
v -6.400689 1.369093 1.457958
v -6.397010 1.385011 1.477318
v -6.401590 1.364714 1.433023
v -6.268548 1.338332 1.459034
v -6.265099 1.354304 1.478393
v -6.269307 1.333920 1.434100
v -6.136952 1.308991 1.460556
v -6.133698 1.325006 1.479912
v -6.137609 1.304556 1.435623
v -6.006323 1.281102 1.462301
v -6.003231 1.297152 1.481655
v -6.006917 1.276654 1.437369
v -5.877082 1.254701 1.464046
v -5.874117 1.270777 1.483399
v -5.877655 1.250248 1.439114
v -5.749650 1.229823 1.465569
v -5.746779 1.245917 1.484921
v -5.750242 1.225374 1.440637
v -5.624446 1.206501 1.466647
v -5.621634 1.222606 1.485998
v -5.625104 1.202064 1.441714
v -5.501731 1.184744 1.467057
v -5.499053 1.200873 1.486407
v -5.502435 1.180315 1.442124
v -5.415794 1.171088 1.467057
v -5.413394 1.187261 1.486408
v -5.416453 1.166653 1.442125
v -5.317706 1.157554 1.467057
v -5.315590 1.173766 1.486408
v -5.318286 1.153107 1.442125
v -5.209333 1.144222 1.467057
v -5.207428 1.160460 1.486408
v -5.209857 1.139768 1.442125
v -5.092365 1.131149 1.467057
v -5.090621 1.147406 1.486408
v -5.092845 1.126691 1.442125
v -4.968523 1.118403 1.467057
v -4.966907 1.134673 1.486408
v -4.968966 1.113941 1.442125
v -4.839543 1.106053 1.467057
v -4.838032 1.122333 1.486408
v -4.839956 1.101588 1.442125
v -4.707169 1.094170 1.467057
v -4.705749 1.110458 1.486408
v -4.707558 1.089703 1.442125
v -4.573153 1.082827 1.467057
v -4.571811 1.099122 1.486408
v -4.573522 1.078358 1.442125
v -4.439251 1.072097 1.467057
v -4.437978 1.088397 1.486408
v -4.439600 1.067626 1.442125
v -4.307218 1.062053 1.467057
v -4.306008 1.078358 1.486408
v -4.307549 1.057581 1.442125
v -4.178808 1.052769 1.467057
v -4.177659 1.069078 1.486408
v -4.179123 1.048295 1.442125
v -4.055858 1.044323 1.467057
v -4.054740 1.060635 1.486408
v -4.056166 1.039849 1.442125
v -3.924993 1.035355 1.467057
v -3.923860 1.051666 1.486408
v -3.925304 1.030882 1.442125
v -3.770869 1.024500 1.467057
v -3.769716 1.040809 1.486408
v -3.771185 1.020027 1.442125
v -3.598054 1.012210 1.467057
v -3.596895 1.028518 1.486408
v -3.598371 1.007737 1.442125
v -3.411189 0.998944 1.467057
v -3.410037 1.015253 1.486408
v -3.411504 0.994471 1.442125
v -3.214908 0.985161 1.467057
v -3.213774 1.001471 1.486408
v -3.215219 0.980687 1.442125
v -3.013840 0.971317 1.467057
v -3.012734 0.987630 1.486408
v -3.014144 0.966843 1.442125
v -2.812613 0.957872 1.467057
v -2.811546 0.974187 1.486408
v -2.812905 0.953397 1.442125
v -2.615844 0.945282 1.467057
v -2.614831 0.961600 1.486408
v -2.616121 0.940806 1.442125
v -2.428147 0.934004 1.467057
v -2.427211 0.950327 1.486408
v -2.428404 0.929527 1.442125
v -2.254121 0.924495 1.467057
v -2.253294 0.940824 1.486408
v -2.254348 0.920017 1.442125
v -2.098336 0.917213 1.467057
v -2.097673 0.933549 1.486408
v -2.098518 0.912732 1.442125
v -1.965557 0.912623 1.467057
v -1.965061 0.928966 1.486408
v -1.965693 0.908141 1.442125
v -1.841078 0.909374 1.467057
v -1.840649 0.925718 1.486408
v -1.841194 0.904891 1.442125
v -1.696896 0.905582 1.467057
v -1.696467 0.921927 1.486408
v -1.697012 0.901100 1.442125
v -1.536634 0.901400 1.467057
v -1.536212 0.917745 1.486408
v -1.536750 0.896917 1.442125
v -1.364121 0.896986 1.467057
v -1.363709 0.913331 1.486408
v -1.364234 0.892503 1.442125
v -1.183177 0.892498 1.467057
v -1.182780 0.908843 1.486408
v -1.183285 0.888015 1.442125
v -0.997624 0.888095 1.467057
v -0.997248 0.904440 1.486408
v -0.997728 0.883612 1.442125
v -0.811283 0.883934 1.467057
v -0.810933 0.900281 1.486408
v -0.811379 0.879451 1.442125
v -0.627971 0.880175 1.467057
v -0.627655 0.896522 1.486408
v -0.628057 0.875692 1.442125
v -0.451501 0.876975 1.467057
v -0.451231 0.893323 1.486408
v -0.451575 0.872491 1.442125
v -0.285684 0.874492 1.467057
v -0.285475 0.890841 1.486408
v -0.285742 0.870008 1.442125
v -0.134314 0.872886 1.467057
v -0.134192 0.889235 1.486408
v -0.134347 0.868401 1.442125
v -0.001192 0.872315 1.467057
v -0.001192 0.888664 1.486408
v -0.001192 0.867830 1.442125
v -0.001192 0.876413 1.418290
v -0.134283 0.876984 1.418290
v -0.001192 0.895763 1.401940
v -0.134139 0.896334 1.401940
v -0.001192 0.920696 1.397456
v -0.133953 0.921266 1.397456
v -0.001192 0.944531 1.406039
v -0.133776 0.945100 1.406039
v -0.001192 0.960881 1.425389
v -0.133654 0.961449 1.425389
v -0.001192 0.965365 1.450322
v -0.133620 0.965933 1.450322
v -0.001192 0.956782 1.474156
v -0.133684 0.957351 1.474156
v -0.001192 0.937432 1.490506
v -0.133828 0.938001 1.490506
v -0.001192 0.912499 1.494990
v -0.134014 0.913069 1.494990
v -0.285170 0.914673 1.494990
v -0.450836 0.917154 1.494990
v -0.284851 0.939604 1.490506
v -0.450424 0.942083 1.490506
v -0.284603 0.958953 1.474156
v -0.450104 0.961431 1.474156
v -0.284493 0.967535 1.450322
v -0.449961 0.970012 1.450322
v -0.284551 0.963051 1.425389
v -0.450036 0.965529 1.425389
v -0.284760 0.946702 1.406039
v -0.450306 0.949181 1.406039
v -0.285065 0.922870 1.397456
v -0.450701 0.925350 1.397456
v -0.285384 0.897939 1.401940
v -0.451114 0.900420 1.401940
v -0.285631 0.878590 1.418290
v -0.451434 0.881073 1.418290
v -0.627892 0.884273 1.418290
v -0.811196 0.888032 1.418290
v -0.627518 0.903619 1.401940
v -0.810781 0.907378 1.401940
v -0.627036 0.928548 1.397456
v -0.810247 0.932305 1.397456
v -0.626576 0.952378 1.406039
v -0.809737 0.956134 1.406039
v -0.626260 0.968724 1.425389
v -0.809386 0.972480 1.425389
v -0.626174 0.973208 1.450322
v -0.809291 0.976963 1.450322
v -0.626339 0.964627 1.474156
v -0.809474 0.968382 1.474156
v -0.626713 0.945280 1.490506
v -0.809889 0.949037 1.490506
v -0.627195 0.920352 1.494990
v -0.810423 0.924110 1.494990
v -0.996699 0.928269 1.494990
v -1.182202 0.932671 1.494990
v -0.996125 0.953195 1.490506
v -1.181597 0.957596 1.490506
v -0.995680 0.972540 1.474156
v -1.181127 0.976941 1.474156
v -0.995482 0.981120 1.450322
v -1.180919 0.985521 1.450322
v -0.995586 0.976637 1.425389
v -1.181028 0.981038 1.425389
v -0.995961 0.960292 1.406039
v -1.181425 0.964693 1.406039
v -0.996511 0.936464 1.397456
v -1.182003 0.940865 1.397456
v -0.997085 0.911537 1.401940
v -1.182608 0.915940 1.401940
v -0.997530 0.892192 1.418290
v -1.183077 0.896595 1.418290
v -1.364017 0.901083 1.418290
v -1.536528 0.905497 1.418290
v -1.363530 0.920427 1.401940
v -1.536029 0.924841 1.401940
v -1.362902 0.945352 1.397456
v -1.535385 0.949765 1.397456
v -1.362301 0.969179 1.406039
v -1.534769 0.973592 1.406039
v -1.361889 0.985524 1.425389
v -1.534347 0.989936 1.425389
v -1.361776 0.990007 1.450322
v -1.534231 0.994419 1.450322
v -1.361993 0.981426 1.474156
v -1.534452 0.985839 1.474156
v -1.362481 0.962082 1.490506
v -1.534952 0.966496 1.490506
v -1.363108 0.937158 1.494990
v -1.535596 0.941571 1.494990
v -1.695843 0.945753 1.494990
v -1.840025 0.949545 1.494990
v -1.695190 0.970677 1.490506
v -1.839372 0.974469 1.490506
v -1.694683 0.990021 1.474156
v -1.838865 0.993813 1.474156
v -1.694459 0.998601 1.450322
v -1.838641 1.002392 1.450322
v -1.694575 0.994118 1.425389
v -1.838758 0.997910 1.425389
v -1.695004 0.977773 1.406039
v -1.839186 0.981566 1.406039
v -1.695628 0.953947 1.397456
v -1.839810 0.957739 1.397456
v -1.696281 0.929023 1.401940
v -1.840463 0.932815 1.401940
v -1.696788 0.909679 1.418290
v -1.840970 0.913471 1.418290
v -1.965433 0.916720 1.418290
v -2.098170 0.921308 1.418290
v -1.964846 0.936061 1.401940
v -2.097384 0.940642 1.401940
v -1.964091 0.960983 1.397456
v -2.096370 0.965555 1.397456
v -1.963368 0.984806 1.406039
v -2.095403 0.989369 1.406039
v -1.962872 1.001148 1.425389
v -2.094739 1.005706 1.425389
v -1.962736 1.005631 1.450322
v -2.094557 1.010186 1.450322
v -1.962996 0.997052 1.474156
v -2.094906 1.001611 1.474156
v -1.963583 0.977710 1.490506
v -2.095691 0.982276 1.490506
v -1.964339 0.952789 1.494990
v -2.096704 0.957364 1.494990
v -2.252087 0.964628 1.494990
v -2.425846 0.974122 1.494990
v -2.250824 0.989529 1.490506
v -2.424418 0.999014 1.490506
v -2.249846 1.008854 1.474156
v -2.423309 1.018333 1.474156
v -2.249411 1.017426 1.450322
v -2.422818 1.026901 1.450322
v -2.249638 1.012947 1.425389
v -2.423075 1.022424 1.425389
v -2.250465 0.996619 1.406039
v -2.424011 1.006101 1.406039
v -2.251672 0.972815 1.397456
v -2.425375 0.982306 1.397456
v -2.252935 0.947914 1.401940
v -2.426804 0.957414 1.401940
v -2.253914 0.928589 1.418290
v -2.427912 0.938096 1.418290
v -2.615589 0.949372 1.418290
v -2.812345 0.961962 1.418290
v -2.614391 0.968686 1.401940
v -2.811082 0.981271 1.401940
v -2.612848 0.993570 1.397456
v -2.809455 1.006150 1.397456
v -2.611372 1.017359 1.406039
v -2.807900 1.029934 1.406039
v -2.610359 1.033678 1.425389
v -2.806832 1.046249 1.425389
v -2.610082 1.038153 1.450322
v -2.806540 1.050724 1.450322
v -2.610614 1.029587 1.474156
v -2.807100 1.042159 1.474156
v -2.611812 1.010274 1.490506
v -2.808363 1.022850 1.490506
v -2.613356 0.985389 1.494990
v -2.809990 0.997971 1.494990
v -3.011122 1.011410 1.494990
v -3.212120 1.025248 1.494990
v -3.009434 1.036285 1.490506
v -3.210391 1.050121 1.490506
v -3.008125 1.055591 1.474156
v -3.209049 1.069425 1.474156
v -3.007543 1.064154 1.450322
v -3.208453 1.077987 1.450322
v -3.007847 1.059680 1.425389
v -3.208765 1.073513 1.425389
v -3.008953 1.043368 1.406039
v -3.209898 1.057203 1.406039
v -3.010566 1.019588 1.397456
v -3.211551 1.033426 1.397456
v -3.012254 0.994712 1.401940
v -3.213281 1.008553 1.401940
v -3.013564 0.975407 1.418290
v -3.214624 0.989249 1.418290
v -3.410900 1.003032 1.418290
v -3.597763 1.016298 1.418290
v -3.409537 1.022335 1.401940
v -3.596392 1.035599 1.401940
v -3.407781 1.047205 1.397456
v -3.594625 1.060470 1.397456
v -3.406102 1.070981 1.406039
v -3.592935 1.084244 1.406039
v -3.404951 1.087290 1.425389
v -3.591777 1.100553 1.425389
v -3.404636 1.091763 1.450322
v -3.591459 1.105026 1.450322
v -3.405240 1.083202 1.474156
v -3.592067 1.096465 1.474156
v -3.406603 1.063899 1.490506
v -3.593439 1.077163 1.490506
v -3.408358 1.039029 1.494990
v -3.595205 1.052293 1.494990
v -3.768032 1.064584 1.494990
v -3.922208 1.075443 1.494990
v -3.766272 1.089454 1.490506
v -3.920479 1.100316 1.490506
v -3.764906 1.108756 1.474156
v -3.919138 1.119619 1.474156
v -3.764301 1.117318 1.450322
v -3.918543 1.128182 1.450322
v -3.764617 1.112844 1.425389
v -3.918854 1.123708 1.425389
v -3.765771 1.096535 1.406039
v -3.919987 1.107398 1.406039
v -3.767453 1.072760 1.397456
v -3.921640 1.083620 1.397456
v -3.769214 1.047890 1.401940
v -3.923368 1.058748 1.401940
v -3.770579 1.028588 1.418290
v -3.924710 1.039444 1.418290
v -4.055578 1.048412 1.418290
v -4.178521 1.056857 1.418290
v -4.054254 1.067717 1.401940
v -4.177160 1.076159 1.401940
v -4.052547 1.092591 1.397456
v -4.175407 1.101030 1.397456
v -4.050915 1.116370 1.406039
v -4.173731 1.124806 1.406039
v -4.049797 1.132681 1.425389
v -4.172580 1.141115 1.425389
v -4.049489 1.137155 1.450322
v -4.172265 1.145588 1.450322
v -4.050077 1.128592 1.474156
v -4.172869 1.137027 1.474156
v -4.051402 1.109288 1.490506
v -4.174230 1.117725 1.490506
v -4.053108 1.084413 1.494990
v -4.175983 1.092854 1.494990
v -4.304245 1.102127 1.494990
v -4.436122 1.112159 1.494990
v -4.302400 1.126992 1.490506
v -4.434181 1.137016 1.490506
v -4.300969 1.146289 1.474156
v -4.432674 1.156308 1.474156
v -4.300333 1.154848 1.450322
v -4.432006 1.164865 1.450322
v -4.300665 1.150376 1.425389
v -4.432355 1.160394 1.425389
v -4.301874 1.134071 1.406039
v -4.433628 1.144094 1.406039
v -4.303638 1.110302 1.397456
v -4.435483 1.120331 1.397456
v -4.305483 1.085437 1.401940
v -4.437425 1.095474 1.401940
v -4.306914 1.066140 1.418290
v -4.438932 1.076183 1.418290
v -4.572817 1.086912 1.418290
v -4.706813 1.098253 1.418290
v -4.571228 1.106197 1.401940
v -4.705132 1.117530 1.401940
v -4.569180 1.131045 1.397456
v -4.702966 1.142369 1.397456
v -4.567225 1.154799 1.406039
v -4.700894 1.166113 1.406039
v -4.565882 1.171094 1.425389
v -4.699475 1.182401 1.425389
v -4.565514 1.175563 1.450322
v -4.699085 1.186868 1.450322
v -4.566217 1.167009 1.474156
v -4.699831 1.178318 1.474156
v -4.567807 1.147724 1.490506
v -4.701511 1.159041 1.490506
v -4.569854 1.122876 1.494990
v -4.703678 1.134203 1.494990
v -4.835830 1.146066 1.494990
v -4.964551 1.158391 1.494990
v -4.833529 1.170892 1.490506
v -4.962086 1.183202 1.490506
v -4.831741 1.190159 1.474156
v -4.960174 1.202457 1.474156
v -4.830948 1.198706 1.450322
v -4.959326 1.210998 1.450322
v -4.831362 1.194240 1.425389
v -4.959769 1.206535 1.425389
v -4.832871 1.177960 1.406039
v -4.961384 1.190266 1.406039
v -4.835073 1.154228 1.397456
v -4.963740 1.166548 1.397456
v -4.837376 1.129402 1.401940
v -4.966205 1.141737 1.401940
v -4.839164 1.110134 1.418290
v -4.968118 1.122482 1.418290
v -5.091929 1.135224 1.418290
v -5.208856 1.148292 1.418290
v -5.089863 1.154464 1.401940
v -5.206601 1.167511 1.401940
v -5.087203 1.179254 1.397456
v -5.203694 1.192273 1.397456
v -5.084659 1.202953 1.406039
v -5.200915 1.215945 1.406039
v -5.082914 1.219210 1.425389
v -5.199008 1.232184 1.425389
v -5.082435 1.223668 1.450322
v -5.198486 1.236637 1.450322
v -5.083352 1.215134 1.474156
v -5.199487 1.228113 1.474156
v -5.085417 1.195895 1.490506
v -5.201742 1.208895 1.490506
v -5.088078 1.171104 1.494990
v -5.204649 1.184132 1.494990
v -5.312506 1.197401 1.494990
v -5.409894 1.210837 1.494990
v -5.309281 1.222124 1.490506
v -5.406233 1.235500 1.490506
v -5.306777 1.241311 1.474156
v -5.403393 1.254640 1.474156
v -5.305666 1.249822 1.450322
v -5.402133 1.263130 1.450322
v -5.306246 1.245376 1.425389
v -5.402791 1.258695 1.425389
v -5.308362 1.229163 1.406039
v -5.405191 1.242522 1.406039
v -5.311446 1.205529 1.397456
v -5.408691 1.218946 1.397456
v -5.314672 1.180806 1.401940
v -5.412351 1.194283 1.401940
v -5.317176 1.161618 1.418290
v -5.415192 1.175143 1.418290
v -5.500972 1.188773 1.418290
v -5.623431 1.210485 1.417881
v -5.497738 1.207851 1.401940
v -5.619875 1.229507 1.401532
v -5.493598 1.232438 1.397456
v -5.615390 1.254034 1.397050
v -5.489661 1.255945 1.406039
v -5.611176 1.277492 1.405634
v -5.486982 1.272074 1.425390
v -5.608365 1.293597 1.424985
v -5.486279 1.276502 1.450322
v -5.607707 1.298034 1.449917
v -5.487741 1.268044 1.474157
v -5.609380 1.289613 1.473751
v -5.490974 1.248966 1.490506
v -5.612935 1.270591 1.490099
v -5.495116 1.224379 1.494990
v -5.617421 1.246065 1.494582
v -5.742399 1.269345 1.493506
v -5.869554 1.294169 1.491987
v -5.737683 1.293828 1.489026
v -5.864615 1.318609 1.487508
v -5.733894 1.312807 1.472679
v -5.860624 1.337548 1.471164
v -5.732050 1.321195 1.448847
v -5.858651 1.345912 1.447334
v -5.732641 1.316747 1.423915
v -5.859222 1.341459 1.422402
v -5.735513 1.300652 1.404563
v -5.862188 1.325383 1.403049
v -5.739893 1.277225 1.395978
v -5.866751 1.301991 1.394462
v -5.744609 1.252742 1.400458
v -5.871690 1.277551 1.398940
v -5.748398 1.233763 1.416805
v -5.875681 1.258612 1.415284
v -6.004854 1.284999 1.413539
v -6.135493 1.312890 1.411794
v -6.000686 1.303902 1.397198
v -6.131171 1.331760 1.395454
v -5.995530 1.328298 1.392722
v -6.125802 1.356110 1.390982
v -5.990767 1.351649 1.401313
v -6.120823 1.379415 1.399575
v -5.987676 1.367699 1.420667
v -6.117569 1.395431 1.418931
v -5.987081 1.372147 1.445599
v -6.116912 1.399865 1.443864
v -5.989145 1.363802 1.469428
v -6.119028 1.391531 1.467693
v -5.993312 1.344899 1.485770
v -6.123350 1.372661 1.484033
v -5.998468 1.320503 1.490246
v -6.128719 1.348311 1.488506
v -6.259886 1.377557 1.486988
v -6.391541 1.408204 1.485916
v -6.254303 1.401859 1.482518
v -6.385746 1.432457 1.481447
v -6.249849 1.420700 1.466180
v -6.381178 1.451271 1.465110
v -6.247716 1.429030 1.442351
v -6.379062 1.459605 1.441281
v -6.248475 1.424618 1.417417
v -6.379963 1.455227 1.416346
v -6.251924 1.408646 1.398059
v -6.383641 1.439308 1.396986
v -6.257139 1.385394 1.389463
v -6.389112 1.416115 1.388388
v -6.262720 1.361091 1.393933
v -6.394907 1.391862 1.392857
v -6.267174 1.342251 1.410271
v -6.399474 1.373048 1.409194
v -6.531969 1.405249 1.408785
v -6.664240 1.438821 1.409269
v -6.527306 1.424040 1.392448
v -6.659498 1.457592 1.392932
v -6.521296 1.448240 1.387980
v -6.653267 1.481736 1.388463
v -6.515548 1.471366 1.396579
v -6.647218 1.504785 1.397060
v -6.511604 1.487220 1.415940
v -6.642971 1.520562 1.416420
v -6.510521 1.491554 1.440875
v -6.641663 1.524840 1.441354
v -6.512587 1.483208 1.464704
v -6.643646 1.516472 1.465183
v -6.517251 1.464417 1.481041
v -6.648389 1.497701 1.481521
v -6.523262 1.440216 1.485509
v -6.654619 1.473557 1.485989
v -6.785187 1.508187 1.487577
v -6.778730 1.532271 1.483105
v -6.773925 1.551026 1.466767
v -6.772060 1.559424 1.442940
v -6.773633 1.555217 1.418008
v -6.778224 1.539532 1.398653
v -6.784603 1.516570 1.390060
v -6.791059 1.492486 1.394531
v -6.795865 1.473732 1.410870
v 7.055477 1.547441 1.418321
v 7.057006 1.538947 1.442138
v 6.926416 1.509950 1.413812
v 7.050591 1.566173 1.401980
v 6.921563 1.528691 1.397473
v 7.043657 1.590122 1.397494
v 6.914871 1.552711 1.392995
v 7.036532 1.612871 1.406066
v 6.908134 1.575572 1.401580
v 7.031126 1.628325 1.425397
v 6.903156 1.591150 1.420927
v 7.028889 1.632343 1.450309
v 6.901270 1.595271 1.445851
v 7.030417 1.623848 1.474126
v 6.902983 1.586829 1.469674
v 7.035304 1.605117 1.490466
v 6.907835 1.568088 1.486014
v 7.042238 1.581168 1.494952
v 6.914525 1.544069 1.490491
v 7.049363 1.558419 1.486381
v 6.921264 1.521207 1.481906
v 7.054768 1.542965 1.467050
v 6.926242 1.505629 1.462559
v 6.928128 1.501509 1.437635
v 6.796148 1.469540 1.459628
v 6.791556 1.485225 1.478983
v 6.797721 1.465333 1.434697
v 6.664908 1.434731 1.458032
v 6.660659 1.450508 1.477392
v 6.666215 1.430453 1.433098
v 6.532943 1.401237 1.457550
v 6.528999 1.417091 1.476911
v 6.534027 1.396902 1.432614
v 6.400681 1.369093 1.457958
v 6.397002 1.385011 1.477318
v 6.401581 1.364714 1.433023
v 6.268539 1.338332 1.459034
v 6.265091 1.354304 1.478393
v 6.269298 1.333920 1.434100
v 6.136943 1.308991 1.460556
v 6.133689 1.325006 1.479912
v 6.137601 1.304556 1.435623
v 6.006315 1.281102 1.462301
v 6.003222 1.297152 1.481655
v 6.006909 1.276654 1.437369
v 5.877074 1.254701 1.464046
v 5.874108 1.270777 1.483399
v 5.877645 1.250248 1.439114
v 5.749641 1.229823 1.465569
v 5.746770 1.245917 1.484921
v 5.750234 1.225374 1.440637
v 5.624438 1.206501 1.466647
v 5.621625 1.222606 1.485998
v 5.625095 1.202064 1.441714
v 5.501723 1.184744 1.467056
v 5.499044 1.200872 1.486407
v 5.502425 1.180315 1.442124
v 5.415785 1.171088 1.467057
v 5.413385 1.187261 1.486408
v 5.416444 1.166653 1.442125
v 5.317698 1.157554 1.467057
v 5.315582 1.173766 1.486408
v 5.318278 1.153107 1.442125
v 5.209326 1.144222 1.467057
v 5.207419 1.160460 1.486408
v 5.209848 1.139768 1.442125
v 5.092357 1.131149 1.467057
v 5.090612 1.147406 1.486408
v 5.092836 1.126691 1.442125
v 4.968515 1.118403 1.467057
v 4.966898 1.134673 1.486408
v 4.968958 1.113941 1.442125
v 4.839534 1.106053 1.467057
v 4.838023 1.122333 1.486408
v 4.839948 1.101588 1.442125
v 4.707160 1.094170 1.467057
v 4.705740 1.110458 1.486408
v 4.707551 1.089703 1.442125
v 4.573146 1.082827 1.467057
v 4.571803 1.099122 1.486408
v 4.573514 1.078358 1.442125
v 4.439242 1.072097 1.467057
v 4.437970 1.088397 1.486408
v 4.439592 1.067626 1.442125
v 4.307209 1.062053 1.467057
v 4.306000 1.078358 1.486408
v 4.307541 1.057581 1.442125
v 4.178801 1.052769 1.467057
v 4.177650 1.069078 1.486408
v 4.179116 1.048295 1.442125
v 4.055850 1.044323 1.467057
v 4.054731 1.060635 1.486408
v 4.056157 1.039849 1.442125
v 3.924985 1.035355 1.467057
v 3.923851 1.051666 1.486408
v 3.925295 1.030882 1.442125
v 3.770861 1.024500 1.467057
v 3.769707 1.040809 1.486408
v 3.771178 1.020026 1.442125
v 3.598046 1.012210 1.467057
v 3.596886 1.028518 1.486408
v 3.598364 1.007736 1.442125
v 3.411180 0.998944 1.467057
v 3.410029 1.015253 1.486408
v 3.411495 0.994471 1.442125
v 3.214899 0.985161 1.467057
v 3.213765 1.001471 1.486408
v 3.215210 0.980687 1.442125
v 3.013833 0.971317 1.467057
v 3.012727 0.987630 1.486408
v 3.014136 0.966843 1.442125
v 2.812604 0.957872 1.467057
v 2.811538 0.974187 1.486408
v 2.812897 0.953397 1.442125
v 2.615836 0.945282 1.467057
v 2.614823 0.961600 1.486408
v 2.616113 0.940806 1.442125
v 2.428139 0.934004 1.467057
v 2.427203 0.950327 1.486408
v 2.428396 0.929527 1.442125
v 2.254114 0.924495 1.467057
v 2.253287 0.940824 1.486408
v 2.254342 0.920017 1.442125
v 2.098328 0.917213 1.467057
v 2.097665 0.933549 1.486408
v 2.098511 0.912732 1.442125
v 1.965548 0.912623 1.467057
v 1.965053 0.928966 1.486408
v 1.965685 0.908141 1.442125
v 1.841069 0.909374 1.467057
v 1.840641 0.925718 1.486408
v 1.841186 0.904891 1.442125
v 1.696887 0.905582 1.467057
v 1.696459 0.921927 1.486408
v 1.697005 0.901099 1.442125
v 1.536627 0.901400 1.467057
v 1.536203 0.917744 1.486408
v 1.536742 0.896917 1.442125
v 1.364112 0.896986 1.467057
v 1.363700 0.913331 1.486408
v 1.364225 0.892503 1.442125
v 1.183169 0.892498 1.467057
v 1.182772 0.908843 1.486408
v 1.183277 0.888015 1.442125
v 0.997616 0.888095 1.467057
v 0.997240 0.904440 1.486408
v 0.997720 0.883612 1.442125
v 0.811275 0.883934 1.467057
v 0.810925 0.900281 1.486408
v 0.811371 0.879451 1.442125
v 0.627963 0.880175 1.467057
v 0.627647 0.896522 1.486408
v 0.628049 0.875692 1.442125
v 0.451493 0.876975 1.467057
v 0.451223 0.893322 1.486408
v 0.451567 0.872491 1.442125
v 0.285675 0.874492 1.467057
v 0.285467 0.890841 1.486408
v 0.285733 0.870008 1.442125
v 0.134306 0.872886 1.467057
v 0.134184 0.889235 1.486408
v 0.134339 0.868401 1.442125
v 0.001183 0.872315 1.467057
v 0.001183 0.888664 1.486408
v 0.001183 0.867830 1.442125
v 0.001183 0.876413 1.418290
v 0.134275 0.876984 1.418290
v 0.001183 0.895763 1.401940
v 0.134131 0.896334 1.401940
v 0.001183 0.920696 1.397456
v 0.133945 0.921266 1.397456
v 0.001183 0.944530 1.406039
v 0.133767 0.945100 1.406039
v 0.001183 0.960880 1.425389
v 0.133645 0.961449 1.425389
v 0.001183 0.965365 1.450322
v 0.133612 0.965933 1.450322
v 0.001183 0.956782 1.474156
v 0.133676 0.957351 1.474156
v 0.001183 0.937432 1.490506
v 0.133820 0.938001 1.490506
v 0.001183 0.912499 1.494990
v 0.134006 0.913069 1.494990
v 0.285161 0.914673 1.494990
v 0.450828 0.917154 1.494990
v 0.284842 0.939604 1.490506
v 0.450415 0.942083 1.490506
v 0.284595 0.958953 1.474156
v 0.450095 0.961431 1.474156
v 0.284485 0.967535 1.450322
v 0.449953 0.970012 1.450322
v 0.284543 0.963051 1.425389
v 0.450028 0.965529 1.425389
v 0.284751 0.946702 1.406039
v 0.450298 0.949181 1.406039
v 0.285057 0.922870 1.397456
v 0.450693 0.925350 1.397456
v 0.285376 0.897939 1.401940
v 0.451105 0.900420 1.401940
v 0.285623 0.878590 1.418290
v 0.451425 0.881073 1.418290
v 0.627883 0.884273 1.418290
v 0.811187 0.888032 1.418290
v 0.627510 0.903619 1.401940
v 0.810773 0.907378 1.401940
v 0.627028 0.928547 1.397456
v 0.810239 0.932305 1.397456
v 0.626568 0.952377 1.406039
v 0.809728 0.956134 1.406039
v 0.626252 0.968724 1.425389
v 0.809378 0.972480 1.425389
v 0.626165 0.973208 1.450322
v 0.809283 0.976963 1.450322
v 0.626331 0.964627 1.474156
v 0.809466 0.968382 1.474156
v 0.626705 0.945280 1.490506
v 0.809880 0.949037 1.490506
v 0.627186 0.920352 1.494990
v 0.810414 0.924110 1.494990
v 0.996691 0.928269 1.494990
v 1.182193 0.932671 1.494990
v 0.996117 0.953195 1.490506
v 1.181588 0.957596 1.490506
v 0.995672 0.972540 1.474156
v 1.181119 0.976941 1.474156
v 0.995474 0.981120 1.450322
v 1.180911 0.985521 1.450322
v 0.995577 0.976637 1.425389
v 1.181020 0.981038 1.425389
v 0.995953 0.960292 1.406039
v 1.181417 0.964693 1.406039
v 0.996503 0.936463 1.397456
v 1.181995 0.940865 1.397456
v 0.997077 0.911537 1.401940
v 1.182599 0.915940 1.401940
v 0.997522 0.892192 1.418290
v 1.183069 0.896595 1.418290
v 1.364009 0.901083 1.418290
v 1.536520 0.905497 1.418290
v 1.363522 0.920427 1.401940
v 1.536020 0.924841 1.401940
v 1.362894 0.945352 1.397456
v 1.535376 0.949765 1.397456
v 1.362293 0.969179 1.406039
v 1.534760 0.973592 1.406039
v 1.361881 0.985524 1.425389
v 1.534338 0.989936 1.425389
v 1.361769 0.990007 1.450322
v 1.534222 0.994419 1.450322
v 1.361985 0.981426 1.474156
v 1.534444 0.985839 1.474156
v 1.362473 0.962082 1.490506
v 1.534944 0.966495 1.490506
v 1.363100 0.937158 1.494990
v 1.535589 0.941571 1.494990
v 1.695834 0.945753 1.494990
v 1.840017 0.949545 1.494990
v 1.695181 0.970677 1.490506
v 1.839364 0.974469 1.490506
v 1.694675 0.990021 1.474156
v 1.838857 0.993813 1.474156
v 1.694451 0.998600 1.450322
v 1.838632 1.002392 1.450322
v 1.694567 0.994118 1.425389
v 1.838749 0.997910 1.425389
v 1.694996 0.977773 1.406039
v 1.839178 0.981565 1.406039
v 1.695619 0.953947 1.397456
v 1.839803 0.957739 1.397456
v 1.696273 0.929023 1.401940
v 1.840455 0.932815 1.401940
v 1.696780 0.909679 1.418290
v 1.840962 0.913471 1.418290
v 1.965425 0.916720 1.418290
v 2.098162 0.921308 1.418290
v 1.964838 0.936061 1.401940
v 2.097376 0.940642 1.401940
v 1.964082 0.960982 1.397456
v 2.096363 0.965554 1.397456
v 1.963360 0.984806 1.406039
v 2.095395 0.989369 1.406039
v 1.962864 1.001148 1.425389
v 2.094731 1.005706 1.425389
v 1.962727 1.005631 1.450322
v 2.094549 1.010186 1.450322
v 1.962989 0.997052 1.474156
v 2.094898 1.001611 1.474156
v 1.963575 0.977710 1.490506
v 2.095684 0.982276 1.490506
v 1.964331 0.952789 1.494990
v 2.096696 0.957364 1.494990
v 2.252079 0.964628 1.494990
v 2.425838 0.974122 1.494990
v 2.250817 0.989529 1.490506
v 2.424411 0.999014 1.490506
v 2.249838 1.008854 1.474156
v 2.423302 1.018332 1.474156
v 2.249403 1.017426 1.450322
v 2.422811 1.026901 1.450322
v 2.249629 1.012947 1.425389
v 2.423066 1.022424 1.425389
v 2.250458 0.996619 1.406039
v 2.424004 1.006101 1.406039
v 2.251665 0.972815 1.397456
v 2.425368 0.982306 1.397456
v 2.252926 0.947914 1.401940
v 2.426796 0.957414 1.401940
v 2.253906 0.928588 1.418290
v 2.427904 0.938096 1.418290
v 2.615582 0.949372 1.418290
v 2.812338 0.961962 1.418290
v 2.614384 0.968685 1.401940
v 2.811074 0.981271 1.401940
v 2.612840 0.993570 1.397456
v 2.809447 1.006150 1.397456
v 2.611364 1.017359 1.406039
v 2.807891 1.029934 1.406039
v 2.610352 1.033678 1.425389
v 2.806825 1.046249 1.425389
v 2.610074 1.038153 1.450322
v 2.806532 1.050724 1.450322
v 2.610605 1.029587 1.474156
v 2.807092 1.042159 1.474156
v 2.611804 1.010274 1.490506
v 2.808355 1.022850 1.490506
v 2.613348 0.985389 1.494990
v 2.809982 0.997971 1.494990
v 3.011113 1.011410 1.494990
v 3.212111 1.025248 1.494990
v 3.009425 1.036285 1.490506
v 3.210382 1.050121 1.490506
v 3.008116 1.055591 1.474156
v 3.209040 1.069424 1.474156
v 3.007535 1.064154 1.450322
v 3.208444 1.077986 1.450322
v 3.007838 1.059680 1.425389
v 3.208756 1.073513 1.425389
v 3.008945 1.043368 1.406039
v 3.209890 1.057203 1.406039
v 3.010558 1.019588 1.397456
v 3.211544 1.033425 1.397456
v 3.012246 0.994712 1.401940
v 3.213273 1.008553 1.401940
v 3.013555 0.975406 1.418290
v 3.214615 0.989249 1.418290
v 3.410892 1.003032 1.418290
v 3.597754 1.016298 1.418290
v 3.409529 1.022334 1.401940
v 3.596384 1.035599 1.401940
v 3.407773 1.047205 1.397456
v 3.594616 1.060469 1.397456
v 3.406094 1.070981 1.406039
v 3.592927 1.084244 1.406039
v 3.404943 1.087290 1.425389
v 3.591769 1.100553 1.425389
v 3.404627 1.091763 1.450322
v 3.591450 1.105026 1.450322
v 3.405231 1.083201 1.474156
v 3.592058 1.096465 1.474156
v 3.406594 1.063899 1.490506
v 3.593430 1.077163 1.490506
v 3.408350 1.039028 1.494990
v 3.595197 1.052293 1.494990
v 3.768024 1.064584 1.494990
v 3.922200 1.075443 1.494990
v 3.766263 1.089454 1.490506
v 3.920471 1.100316 1.490506
v 3.764898 1.108756 1.474156
v 3.919130 1.119619 1.474156
v 3.764291 1.117318 1.450322
v 3.918535 1.128181 1.450322
v 3.764608 1.112844 1.425389
v 3.918845 1.123708 1.425389
v 3.765762 1.096535 1.406039
v 3.919979 1.107397 1.406039
v 3.767446 1.072760 1.397456
v 3.921631 1.083620 1.397456
v 3.769206 1.047890 1.401940
v 3.923359 1.058747 1.401940
v 3.770572 1.028588 1.418290
v 3.924700 1.039444 1.418290
v 4.055570 1.048412 1.418290
v 4.178512 1.056857 1.418290
v 4.054245 1.067717 1.401940
v 4.177151 1.076159 1.401940
v 4.052539 1.092591 1.397456
v 4.175398 1.101030 1.397456
v 4.050908 1.116370 1.406039
v 4.173723 1.124806 1.406039
v 4.049788 1.132681 1.425389
v 4.172573 1.141115 1.425389
v 4.049480 1.137155 1.450322
v 4.172258 1.145588 1.450322
v 4.050068 1.128592 1.474156
v 4.172861 1.137027 1.474156
v 4.051394 1.109288 1.490506
v 4.174222 1.117725 1.490506
v 4.053100 1.084413 1.494990
v 4.175974 1.092853 1.494990
v 4.304236 1.102127 1.494990
v 4.436114 1.112159 1.494990
v 4.302392 1.126991 1.490506
v 4.434173 1.137016 1.490506
v 4.300960 1.146289 1.474156
v 4.432666 1.156308 1.474156
v 4.300325 1.154848 1.450322
v 4.431997 1.164864 1.450322
v 4.300657 1.150376 1.425389
v 4.432346 1.160394 1.425389
v 4.301867 1.134071 1.406039
v 4.433620 1.144093 1.406039
v 4.303630 1.110302 1.397456
v 4.435476 1.120331 1.397456
v 4.305475 1.085437 1.401940
v 4.437418 1.095474 1.401940
v 4.306906 1.066140 1.418290
v 4.438924 1.076183 1.418290
v 4.572808 1.086912 1.418290
v 4.706805 1.098253 1.418290
v 4.571220 1.106196 1.401940
v 4.705123 1.117530 1.401940
v 4.569173 1.131045 1.397456
v 4.702958 1.142369 1.397456
v 4.567216 1.154799 1.406039
v 4.700887 1.166113 1.406039
v 4.565873 1.171094 1.425389
v 4.699467 1.182401 1.425389
v 4.565505 1.175563 1.450322
v 4.699077 1.186868 1.450322
v 4.566210 1.167009 1.474156
v 4.699823 1.178318 1.474156
v 4.567799 1.147724 1.490506
v 4.701503 1.159041 1.490506
v 4.569847 1.122876 1.494990
v 4.703670 1.134202 1.494990
v 4.835823 1.146066 1.494990
v 4.964542 1.158391 1.494990
v 4.833520 1.170892 1.490506
v 4.962078 1.183201 1.490506
v 4.831733 1.190159 1.474156
v 4.960165 1.202457 1.474156
v 4.830941 1.198705 1.450322
v 4.959316 1.210998 1.450322
v 4.831355 1.194240 1.425389
v 4.959760 1.206535 1.425389
v 4.832863 1.177960 1.406039
v 4.961377 1.190266 1.406039
v 4.835066 1.154228 1.397456
v 4.963733 1.166548 1.397456
v 4.837368 1.129402 1.401940
v 4.966197 1.141737 1.401940
v 4.839155 1.110134 1.418290
v 4.968110 1.122482 1.418290
v 5.091920 1.135224 1.418290
v 5.208848 1.148292 1.418290
v 5.089854 1.154464 1.401940
v 5.206592 1.167511 1.401940
v 5.087194 1.179254 1.397456
v 5.203685 1.192273 1.397456
v 5.084651 1.202953 1.406039
v 5.200906 1.215945 1.406039
v 5.082905 1.219209 1.425389
v 5.198999 1.232183 1.425389
v 5.082427 1.223668 1.450322
v 5.198477 1.236637 1.450322
v 5.083343 1.215134 1.474156
v 5.199478 1.228113 1.474156
v 5.085408 1.195895 1.490506
v 5.201733 1.208895 1.490506
v 5.088069 1.171104 1.494990
v 5.204640 1.184132 1.494990
v 5.312498 1.197400 1.494990
v 5.409885 1.210837 1.494990
v 5.309272 1.222124 1.490506
v 5.406226 1.235500 1.490506
v 5.306768 1.241311 1.474156
v 5.403384 1.254640 1.474156
v 5.305658 1.249822 1.450322
v 5.402124 1.263130 1.450322
v 5.306239 1.245375 1.425389
v 5.402782 1.258695 1.425389
v 5.308353 1.229163 1.406039
v 5.405182 1.242522 1.406039
v 5.311438 1.205529 1.397456
v 5.408682 1.218946 1.397456
v 5.314664 1.180806 1.401940
v 5.412343 1.194283 1.401940
v 5.317167 1.161618 1.418290
v 5.415183 1.175143 1.418290
v 5.500965 1.188773 1.418290
v 5.623422 1.210485 1.417881
v 5.497729 1.207851 1.401940
v 5.619866 1.229507 1.401532
v 5.493589 1.232438 1.397456
v 5.615382 1.254033 1.397050
v 5.489652 1.255945 1.406039
v 5.611168 1.277492 1.405634
v 5.486973 1.272074 1.425390
v 5.608356 1.293597 1.424985
v 5.486270 1.276502 1.450322
v 5.607698 1.298034 1.449917
v 5.487731 1.268044 1.474157
v 5.609371 1.289613 1.473751
v 5.490966 1.248966 1.490506
v 5.612926 1.270591 1.490099
v 5.495107 1.224379 1.494990
v 5.617411 1.246065 1.494582
v 5.742390 1.269345 1.493506
v 5.869545 1.294169 1.491987
v 5.737674 1.293828 1.489026
v 5.864606 1.318609 1.487508
v 5.733885 1.312807 1.472679
v 5.860616 1.337548 1.471164
v 5.732041 1.321195 1.448847
v 5.858642 1.345912 1.447334
v 5.732633 1.316747 1.423915
v 5.859214 1.341459 1.422402
v 5.735504 1.300652 1.404563
v 5.862179 1.325383 1.403049
v 5.739884 1.277225 1.395978
v 5.866742 1.301991 1.394462
v 5.744601 1.252741 1.400458
v 5.871681 1.277551 1.398940
v 5.748388 1.233763 1.416805
v 5.875671 1.258612 1.415284
v 6.004846 1.284999 1.413539
v 6.135484 1.312890 1.411794
v 6.000677 1.303902 1.397198
v 6.131163 1.331760 1.395454
v 5.995522 1.328298 1.392722
v 6.125794 1.356110 1.390982
v 5.990759 1.351649 1.401312
v 6.120814 1.379415 1.399575
v 5.987667 1.367699 1.420667
v 6.117561 1.395431 1.418931
v 5.987073 1.372147 1.445599
v 6.116905 1.399865 1.443864
v 5.989136 1.363802 1.469428
v 6.119020 1.391531 1.467693
v 5.993303 1.344899 1.485770
v 6.123341 1.372661 1.484033
v 5.998460 1.320503 1.490246
v 6.128712 1.348311 1.488505
v 6.259877 1.377557 1.486988
v 6.391532 1.408204 1.485916
v 6.254294 1.401859 1.482518
v 6.385738 1.432457 1.481447
v 6.249841 1.420700 1.466180
v 6.381170 1.451271 1.465110
v 6.247707 1.429030 1.442351
v 6.379053 1.459605 1.441281
v 6.248467 1.424618 1.417417
v 6.379954 1.455227 1.416346
v 6.251915 1.408646 1.398059
v 6.383633 1.439308 1.396986
v 6.257130 1.385394 1.389463
v 6.389102 1.416115 1.388388
v 6.262711 1.361091 1.393933
v 6.394897 1.391862 1.392857
v 6.267166 1.342251 1.410271
v 6.399465 1.373048 1.409194
v 6.531960 1.405249 1.408785
v 6.664230 1.438821 1.409269
v 6.527297 1.424040 1.392448
v 6.659489 1.457592 1.392932
v 6.521287 1.448240 1.387980
v 6.653258 1.481736 1.388463
v 6.515539 1.471366 1.396579
v 6.647210 1.504785 1.397060
v 6.511595 1.487220 1.415940
v 6.642961 1.520562 1.416420
v 6.510512 1.491554 1.440875
v 6.641654 1.524840 1.441354
v 6.512578 1.483208 1.464704
v 6.643639 1.516472 1.465183
v 6.517241 1.464417 1.481041
v 6.648380 1.497701 1.481521
v 6.523252 1.440216 1.485509
v 6.654611 1.473557 1.485989
v 6.785177 1.508187 1.487577
v 6.778721 1.532271 1.483105
v 6.773917 1.551026 1.466767
v 6.772051 1.559424 1.442940
v 6.773625 1.555217 1.418008
v 6.778215 1.539531 1.398653
v 6.784595 1.516570 1.390060
v 6.791050 1.492486 1.394531
v 6.795856 1.473732 1.410870
v 7.055477 1.547441 -1.418316
v 7.057005 1.538947 -1.442133
v 6.926415 1.509950 -1.413807
v 7.050588 1.566173 -1.401976
v 6.921563 1.528691 -1.397468
v 7.043655 1.590122 -1.397490
v 6.914870 1.552710 -1.392991
v 7.036531 1.612871 -1.406061
v 6.908132 1.575572 -1.401576
v 7.031124 1.628325 -1.425393
v 6.903153 1.591150 -1.420922
v 7.028888 1.632343 -1.450304
v 6.901268 1.595271 -1.445846
v 7.030416 1.623848 -1.474121
v 6.902981 1.586829 -1.469670
v 7.035303 1.605117 -1.490462
v 6.907833 1.568088 -1.486009
v 7.042236 1.581168 -1.494947
v 6.914524 1.544069 -1.490486
v 7.049362 1.558419 -1.486376
v 6.921262 1.521207 -1.481902
v 7.054767 1.542965 -1.467045
v 6.926241 1.505629 -1.462555
v 6.928126 1.501509 -1.437631
v 6.796146 1.469540 -1.459623
v 6.791555 1.485225 -1.478979
v 6.797719 1.465333 -1.434692
v 6.664906 1.434731 -1.458028
v 6.660659 1.450508 -1.477388
v 6.666213 1.430453 -1.433093
v 6.532942 1.401237 -1.457545
v 6.528998 1.417091 -1.476906
v 6.534026 1.396902 -1.432610
v 6.400678 1.369092 -1.457953
v 6.397001 1.385011 -1.477313
v 6.401581 1.364714 -1.433018
v 6.268537 1.338332 -1.459029
v 6.265089 1.354304 -1.478388
v 6.269297 1.333920 -1.434096
v 6.136942 1.308990 -1.460552
v 6.133688 1.325006 -1.479908
v 6.137600 1.304556 -1.435619
v 6.006312 1.281102 -1.462296
v 6.003220 1.297152 -1.481651
v 6.006907 1.276654 -1.437364
v 5.877072 1.254701 -1.464042
v 5.874108 1.270777 -1.483394
v 5.877643 1.250248 -1.439110
v 5.749640 1.229822 -1.465565
v 5.746770 1.245917 -1.484916
v 5.750233 1.225374 -1.440632
v 5.624437 1.206501 -1.466642
v 5.621624 1.222606 -1.485993
v 5.625094 1.202064 -1.441710
v 5.501722 1.184744 -1.467052
v 5.499042 1.200872 -1.486403
v 5.502424 1.180315 -1.442119
v 5.415783 1.171088 -1.467053
v 5.413384 1.187261 -1.486403
v 5.416442 1.166652 -1.442120
v 5.317695 1.157554 -1.467053
v 5.315579 1.173766 -1.486403
v 5.318276 1.153107 -1.442120
v 5.209324 1.144222 -1.467053
v 5.207418 1.160460 -1.486403
v 5.209847 1.139768 -1.442120
v 5.092356 1.131149 -1.467053
v 5.090611 1.147406 -1.486403
v 5.092835 1.126691 -1.442120
v 4.968514 1.118403 -1.467053
v 4.966897 1.134673 -1.486403
v 4.968956 1.113941 -1.442120
v 4.839533 1.106053 -1.467053
v 4.838022 1.122333 -1.486403
v 4.839947 1.101588 -1.442120
v 4.707159 1.094170 -1.467053
v 4.705739 1.110458 -1.486403
v 4.707549 1.089703 -1.442120
v 4.573143 1.082827 -1.467053
v 4.571801 1.099121 -1.486403
v 4.573512 1.078358 -1.442120
v 4.439242 1.072097 -1.467053
v 4.437969 1.088397 -1.486403
v 4.439590 1.067626 -1.442120
v 4.307207 1.062053 -1.467053
v 4.305999 1.078358 -1.486403
v 4.307539 1.057581 -1.442120
v 4.178799 1.052769 -1.467053
v 4.177649 1.069078 -1.486403
v 4.179114 1.048295 -1.442120
v 4.055849 1.044323 -1.467053
v 4.054730 1.060635 -1.486403
v 4.056156 1.039849 -1.442120
v 3.924983 1.035355 -1.467053
v 3.923851 1.051666 -1.486403
v 3.925293 1.030882 -1.442120
v 3.770860 1.024499 -1.467053
v 3.769706 1.040809 -1.486403
v 3.771177 1.020026 -1.442120
v 3.598044 1.012210 -1.467053
v 3.596885 1.028518 -1.486403
v 3.598361 1.007736 -1.442120
v 3.411178 0.998944 -1.467053
v 3.410027 1.015253 -1.486403
v 3.411494 0.994471 -1.442120
v 3.214898 0.985161 -1.467053
v 3.213763 1.001471 -1.486403
v 3.215208 0.980687 -1.442120
v 3.013832 0.971317 -1.467053
v 3.012724 0.987630 -1.486403
v 3.014134 0.966843 -1.442120
v 2.812602 0.957872 -1.467053
v 2.811537 0.974187 -1.486403
v 2.812895 0.953397 -1.442120
v 2.615835 0.945282 -1.467053
v 2.614821 0.961600 -1.486403
v 2.616111 0.940806 -1.442120
v 2.428137 0.934004 -1.467053
v 2.427202 0.950327 -1.486403
v 2.428395 0.929527 -1.442120
v 2.254112 0.924495 -1.467053
v 2.253285 0.940824 -1.486403
v 2.254339 0.920017 -1.442120
v 2.098326 0.917213 -1.467053
v 2.097663 0.933549 -1.486403
v 2.098509 0.912732 -1.442120
v 1.965546 0.912623 -1.467053
v 1.965052 0.928966 -1.486403
v 1.965682 0.908141 -1.442120
v 1.841068 0.909374 -1.467053
v 1.840639 0.925718 -1.486403
v 1.841184 0.904891 -1.442120
v 1.696885 0.905582 -1.467053
v 1.696458 0.921926 -1.486403
v 1.697003 0.901099 -1.442120
v 1.536625 0.901400 -1.467053
v 1.536203 0.917744 -1.486403
v 1.536741 0.896917 -1.442120
v 1.364110 0.896986 -1.467053
v 1.363699 0.913331 -1.486403
v 1.364224 0.892503 -1.442120
v 1.183167 0.892498 -1.467053
v 1.182771 0.908843 -1.486403
v 1.183276 0.888015 -1.442120
v 0.997615 0.888095 -1.467053
v 0.997239 0.904440 -1.486403
v 0.997719 0.883612 -1.442120
v 0.811274 0.883934 -1.467053
v 0.810924 0.900281 -1.486403
v 0.811370 0.879451 -1.442120
v 0.627962 0.880175 -1.467053
v 0.627646 0.896522 -1.486403
v 0.628048 0.875692 -1.442120
v 0.451492 0.876975 -1.467053
v 0.451222 0.893322 -1.486403
v 0.451566 0.872491 -1.442120
v 0.285675 0.874492 -1.467053
v 0.285466 0.890841 -1.486403
v 0.285732 0.870008 -1.442120
v 0.134304 0.872886 -1.467053
v 0.134183 0.889235 -1.486403
v 0.134338 0.868401 -1.442120
v 0.001182 0.872315 -1.467053
v 0.001182 0.888664 -1.486403
v 0.001182 0.867830 -1.442120
v 0.001182 0.876413 -1.418285
v 0.134274 0.876984 -1.418285
v 0.001182 0.895763 -1.401936
v 0.134130 0.896334 -1.401935
v 0.001182 0.920696 -1.397451
v 0.133944 0.921266 -1.397451
v 0.001182 0.944530 -1.406034
v 0.133767 0.945100 -1.406034
v 0.001182 0.960880 -1.425384
v 0.133645 0.961449 -1.425384
v 0.001182 0.965365 -1.450317
v 0.133611 0.965933 -1.450317
v 0.001182 0.956782 -1.474151
v 0.133675 0.957351 -1.474151
v 0.001182 0.937432 -1.490502
v 0.133819 0.938001 -1.490502
v 0.001182 0.912499 -1.494986
v 0.134005 0.913069 -1.494986
v 0.285160 0.914673 -1.494986
v 0.450827 0.917154 -1.494986
v 0.284842 0.939604 -1.490501
v 0.450414 0.942083 -1.490502
v 0.284594 0.958952 -1.474151
v 0.450094 0.961430 -1.474151
v 0.284484 0.967535 -1.450317
v 0.449952 0.970012 -1.450317
v 0.284542 0.963051 -1.425384
v 0.450026 0.965528 -1.425384
v 0.284750 0.946702 -1.406034
v 0.450296 0.949181 -1.406034
v 0.285056 0.922870 -1.397451
v 0.450691 0.925350 -1.397451
v 0.285375 0.897939 -1.401936
v 0.451104 0.900420 -1.401935
v 0.285622 0.878590 -1.418285
v 0.451424 0.881073 -1.418286
v 0.627882 0.884273 -1.418285
v 0.811186 0.888032 -1.418285
v 0.627509 0.903619 -1.401936
v 0.810772 0.907378 -1.401935
v 0.627027 0.928547 -1.397451
v 0.810238 0.932305 -1.397451
v 0.626566 0.952377 -1.406034
v 0.809727 0.956134 -1.406034
v 0.626251 0.968724 -1.425384
v 0.809377 0.972480 -1.425384
v 0.626164 0.973208 -1.450317
v 0.809282 0.976963 -1.450317
v 0.626330 0.964627 -1.474151
v 0.809465 0.968382 -1.474151
v 0.626704 0.945280 -1.490502
v 0.809879 0.949037 -1.490502
v 0.627186 0.920352 -1.494986
v 0.810413 0.924110 -1.494986
v 0.996690 0.928269 -1.494986
v 1.182192 0.932671 -1.494986
v 0.996116 0.953195 -1.490502
v 1.181588 0.957596 -1.490502
v 0.995671 0.972540 -1.474151
v 1.181118 0.976941 -1.474151
v 0.995473 0.981120 -1.450317
v 1.180910 0.985521 -1.450317
v 0.995576 0.976637 -1.425384
v 1.181019 0.981038 -1.425384
v 0.995953 0.960292 -1.406034
v 1.181415 0.964693 -1.406034
v 0.996501 0.936463 -1.397451
v 1.181994 0.940865 -1.397451
v 0.997075 0.911537 -1.401935
v 1.182598 0.915940 -1.401936
v 0.997521 0.892192 -1.418285
v 1.183068 0.896595 -1.418285
v 1.364007 0.901083 -1.418285
v 1.536518 0.905497 -1.418285
v 1.363520 0.920427 -1.401935
v 1.536018 0.924841 -1.401935
v 1.362893 0.945352 -1.397451
v 1.535374 0.949765 -1.397451
v 1.362291 0.969179 -1.406034
v 1.534760 0.973592 -1.406034
v 1.361879 0.985524 -1.425384
v 1.534336 0.989936 -1.425384
v 1.361767 0.990007 -1.450317
v 1.534220 0.994419 -1.450317
v 1.361984 0.981426 -1.474151
v 1.534442 0.985839 -1.474152
v 1.362471 0.962082 -1.490502
v 1.534943 0.966495 -1.490501
v 1.363098 0.937157 -1.494985
v 1.535587 0.941571 -1.494986
v 1.695832 0.945753 -1.494986
v 1.840015 0.949545 -1.494986
v 1.695181 0.970677 -1.490501
v 1.839362 0.974469 -1.490501
v 1.694673 0.990020 -1.474151
v 1.838856 0.993813 -1.474151
v 1.694449 0.998600 -1.450317
v 1.838630 1.002392 -1.450317
v 1.694567 0.994118 -1.425384
v 1.838748 0.997910 -1.425384
v 1.694994 0.977773 -1.406034
v 1.839177 0.981565 -1.406034
v 1.695617 0.953947 -1.397451
v 1.839800 0.957739 -1.397451
v 1.696271 0.929023 -1.401935
v 1.840454 0.932815 -1.401935
v 1.696779 0.909679 -1.418286
v 1.840960 0.913471 -1.418285
v 1.965423 0.916720 -1.418285
v 2.098160 0.921308 -1.418285
v 1.964837 0.936061 -1.401936
v 2.097374 0.940642 -1.401936
v 1.964081 0.960982 -1.397451
v 2.096363 0.965554 -1.397451
v 1.963358 0.984806 -1.406034
v 2.095393 0.989369 -1.406034
v 1.962861 1.001148 -1.425384
v 2.094729 1.005706 -1.425384
v 1.962725 1.005631 -1.450317
v 2.094548 1.010186 -1.450317
v 1.962986 0.997052 -1.474151
v 2.094897 1.001611 -1.474151
v 1.963573 0.977710 -1.490501
v 2.095683 0.982276 -1.490501
v 1.964329 0.952789 -1.494986
v 2.096695 0.957364 -1.494986
v 2.252079 0.964628 -1.494985
v 2.425837 0.974122 -1.494986
v 2.250815 0.989529 -1.490501
v 2.424409 0.999014 -1.490501
v 2.249836 1.008854 -1.474151
v 2.423300 1.018332 -1.474151
v 2.249402 1.017426 -1.450317
v 2.422809 1.026901 -1.450317
v 2.249628 1.012947 -1.425384
v 2.423065 1.022424 -1.425384
v 2.250456 0.996619 -1.406034
v 2.424002 1.006101 -1.406034
v 2.251662 0.972815 -1.397451
v 2.425367 0.982306 -1.397451
v 2.252925 0.947914 -1.401935
v 2.426795 0.957414 -1.401936
v 2.253905 0.928588 -1.418285
v 2.427904 0.938096 -1.418286
v 2.615581 0.949372 -1.418285
v 2.812335 0.961962 -1.418285
v 2.614382 0.968685 -1.401936
v 2.811074 0.981271 -1.401936
v 2.612839 0.993570 -1.397451
v 2.809445 1.006150 -1.397451
v 2.611362 1.017359 -1.406034
v 2.807890 1.029934 -1.406034
v 2.610350 1.033678 -1.425384
v 2.806823 1.046249 -1.425384
v 2.610072 1.038153 -1.450317
v 2.806532 1.050724 -1.450317
v 2.610604 1.029587 -1.474151
v 2.807091 1.042159 -1.474151
v 2.611802 1.010274 -1.490501
v 2.808353 1.022850 -1.490501
v 2.613347 0.985389 -1.494986
v 2.809981 0.997971 -1.494985
v 3.011111 1.011410 -1.494986
v 3.212111 1.025248 -1.494986
v 3.009424 1.036285 -1.490502
v 3.210380 1.050121 -1.490501
v 3.008115 1.055591 -1.474152
v 3.209038 1.069424 -1.474151
v 3.007534 1.064154 -1.450317
v 3.208442 1.077986 -1.450317
v 3.007837 1.059680 -1.425384
v 3.208754 1.073513 -1.425384
v 3.008944 1.043368 -1.406034
v 3.209890 1.057202 -1.406034
v 3.010557 1.019588 -1.397451
v 3.211542 1.033425 -1.397451
v 3.012245 0.994712 -1.401936
v 3.213272 1.008553 -1.401935
v 3.013553 0.975406 -1.418285
v 3.214615 0.989249 -1.418285
v 3.410890 1.003032 -1.418285
v 3.597753 1.016298 -1.418285
v 3.409528 1.022334 -1.401936
v 3.596382 1.035599 -1.401935
v 3.407771 1.047205 -1.397451
v 3.594615 1.060469 -1.397451
v 3.406093 1.070981 -1.406034
v 3.592925 1.084244 -1.406034
v 3.404941 1.087290 -1.425384
v 3.591768 1.100553 -1.425384
v 3.404626 1.091763 -1.450317
v 3.591448 1.105026 -1.450317
v 3.405231 1.083201 -1.474152
v 3.592056 1.096464 -1.474151
v 3.406593 1.063899 -1.490502
v 3.593429 1.077163 -1.490502
v 3.408348 1.039028 -1.494985
v 3.595195 1.052293 -1.494986
v 3.768023 1.064584 -1.494986
v 3.922198 1.075443 -1.494986
v 3.766263 1.089454 -1.490502
v 3.920470 1.100316 -1.490501
v 3.764896 1.108756 -1.474151
v 3.919129 1.119619 -1.474151
v 3.764290 1.117317 -1.450317
v 3.918534 1.128181 -1.450317
v 3.764607 1.112844 -1.425384
v 3.918845 1.123708 -1.425384
v 3.765761 1.096535 -1.406034
v 3.919978 1.107397 -1.406034
v 3.767445 1.072760 -1.397451
v 3.921630 1.083620 -1.397451
v 3.769203 1.047890 -1.401936
v 3.923357 1.058747 -1.401935
v 3.770570 1.028588 -1.418285
v 3.924700 1.039444 -1.418285
v 4.055568 1.048412 -1.418285
v 4.178511 1.056857 -1.418285
v 4.054244 1.067717 -1.401936
v 4.177150 1.076159 -1.401936
v 4.052538 1.092591 -1.397451
v 4.175397 1.101030 -1.397451
v 4.050906 1.116370 -1.406034
v 4.173721 1.124806 -1.406034
v 4.049786 1.132681 -1.425384
v 4.172571 1.141115 -1.425384
v 4.049480 1.137155 -1.450317
v 4.172256 1.145588 -1.450317
v 4.050067 1.128592 -1.474152
v 4.172858 1.137027 -1.474151
v 4.051391 1.109288 -1.490502
v 4.174219 1.117724 -1.490502
v 4.053098 1.084413 -1.494986
v 4.175972 1.092853 -1.494986
v 4.304235 1.102127 -1.494986
v 4.436113 1.112159 -1.494985
v 4.302390 1.126991 -1.490502
v 4.434171 1.137016 -1.490501
v 4.300958 1.146288 -1.474151
v 4.432665 1.156307 -1.474151
v 4.300323 1.154848 -1.450317
v 4.431996 1.164864 -1.450317
v 4.300656 1.150376 -1.425384
v 4.432345 1.160394 -1.425385
v 4.301866 1.134071 -1.406034
v 4.433619 1.144093 -1.406034
v 4.303628 1.110302 -1.397451
v 4.435475 1.120331 -1.397451
v 4.305472 1.085437 -1.401936
v 4.437417 1.095474 -1.401936
v 4.306905 1.066140 -1.418285
v 4.438923 1.076183 -1.418285
v 4.572808 1.086912 -1.418285
v 4.706803 1.098253 -1.418285
v 4.571219 1.106196 -1.401936
v 4.705122 1.117530 -1.401936
v 4.569171 1.131045 -1.397451
v 4.702956 1.142369 -1.397451
v 4.567215 1.154799 -1.406034
v 4.700885 1.166113 -1.406034
v 4.565873 1.171094 -1.425384
v 4.699465 1.182401 -1.425384
v 4.565503 1.175563 -1.450317
v 4.699075 1.186868 -1.450317
v 4.566208 1.167009 -1.474151
v 4.699822 1.178318 -1.474151
v 4.567797 1.147724 -1.490502
v 4.701502 1.159041 -1.490502
v 4.569845 1.122876 -1.494986
v 4.703669 1.134202 -1.494986
v 4.835822 1.146066 -1.494986
v 4.964541 1.158391 -1.494985
v 4.833518 1.170892 -1.490502
v 4.962076 1.183201 -1.490501
v 4.831732 1.190159 -1.474151
v 4.960164 1.202457 -1.474151
v 4.830938 1.198705 -1.450317
v 4.959316 1.210998 -1.450317
v 4.831353 1.194240 -1.425384
v 4.959758 1.206535 -1.425384
v 4.832863 1.177960 -1.406034
v 4.961374 1.190266 -1.406034
v 4.835064 1.154227 -1.397451
v 4.963730 1.166548 -1.397451
v 4.837368 1.129401 -1.401936
v 4.966196 1.141737 -1.401935
v 4.839154 1.110134 -1.418285
v 4.968108 1.122482 -1.418285
v 5.091918 1.135224 -1.418285
v 5.208846 1.148292 -1.418285
v 5.089853 1.154464 -1.401935
v 5.206590 1.167510 -1.401935
v 5.087193 1.179254 -1.397451
v 5.203682 1.192273 -1.397451
v 5.084649 1.202953 -1.406034
v 5.200905 1.215945 -1.406034
v 5.082903 1.219209 -1.425384
v 5.198998 1.232183 -1.425385
v 5.082425 1.223668 -1.450317
v 5.198476 1.236637 -1.450317
v 5.083342 1.215134 -1.474151
v 5.199477 1.228113 -1.474151
v 5.085407 1.195895 -1.490501
v 5.201732 1.208894 -1.490501
v 5.088067 1.171104 -1.494985
v 5.204639 1.184132 -1.494985
v 5.312496 1.197400 -1.494986
v 5.409883 1.210837 -1.494986
v 5.309270 1.222124 -1.490502
v 5.406225 1.235500 -1.490502
v 5.306767 1.241311 -1.474152
v 5.403383 1.254640 -1.474152
v 5.305655 1.249822 -1.450317
v 5.402123 1.263130 -1.450317
v 5.306236 1.245375 -1.425384
v 5.402780 1.258694 -1.425384
v 5.308351 1.229163 -1.406034
v 5.405181 1.242522 -1.406034
v 5.311435 1.205529 -1.397451
v 5.408681 1.218946 -1.397451
v 5.314662 1.180806 -1.401935
v 5.412340 1.194283 -1.401935
v 5.317165 1.161618 -1.418285
v 5.415182 1.175142 -1.418285
v 5.500964 1.188773 -1.418285
v 5.623421 1.210485 -1.417876
v 5.497728 1.207851 -1.401935
v 5.619865 1.229507 -1.401527
v 5.493587 1.232438 -1.397451
v 5.615380 1.254033 -1.397045
v 5.489651 1.255945 -1.406034
v 5.611166 1.277492 -1.405630
v 5.486972 1.272073 -1.425385
v 5.608354 1.293597 -1.424980
v 5.486269 1.276502 -1.450318
v 5.607697 1.298034 -1.449913
v 5.487731 1.268044 -1.474152
v 5.609369 1.289613 -1.473747
v 5.490965 1.248966 -1.490502
v 5.612926 1.270591 -1.490095
v 5.495105 1.224379 -1.494985
v 5.617410 1.246065 -1.494578
v 5.742388 1.269344 -1.493502
v 5.869543 1.294169 -1.491982
v 5.737673 1.293828 -1.489021
v 5.864605 1.318609 -1.487504
v 5.733884 1.312806 -1.472674
v 5.860614 1.337548 -1.471160
v 5.732040 1.321195 -1.448842
v 5.858641 1.345912 -1.447329
v 5.732632 1.316746 -1.423910
v 5.859212 1.341459 -1.422397
v 5.735503 1.300652 -1.404559
v 5.862177 1.325383 -1.403045
v 5.739883 1.277225 -1.395973
v 5.866741 1.301991 -1.394457
v 5.744598 1.252741 -1.400454
v 5.871679 1.277551 -1.398935
v 5.748387 1.233763 -1.416800
v 5.875671 1.258612 -1.415279
v 6.004844 1.284999 -1.413535
v 6.135482 1.312890 -1.411790
v 6.000675 1.303902 -1.397193
v 6.131160 1.331760 -1.395450
v 5.995520 1.328298 -1.392718
v 6.125792 1.356110 -1.390978
v 5.990758 1.351649 -1.401308
v 6.120812 1.379415 -1.399570
v 5.987665 1.367699 -1.420662
v 6.117560 1.395431 -1.418927
v 5.987071 1.372147 -1.445594
v 6.116904 1.399865 -1.443860
v 5.989133 1.363801 -1.469424
v 6.119018 1.391531 -1.467688
v 5.993302 1.344898 -1.485765
v 6.123340 1.372661 -1.484028
v 5.998459 1.320503 -1.490241
v 6.128710 1.348311 -1.488501
v 6.259875 1.377557 -1.486984
v 6.391531 1.408204 -1.485911
v 6.254292 1.401859 -1.482514
v 6.385736 1.432457 -1.481443
v 6.249838 1.420700 -1.466175
v 6.381167 1.451271 -1.465105
v 6.247706 1.429030 -1.442346
v 6.379051 1.459605 -1.441277
v 6.248466 1.424618 -1.417412
v 6.379952 1.455227 -1.416341
v 6.251915 1.408646 -1.398054
v 6.383633 1.439308 -1.396981
v 6.257129 1.385394 -1.389458
v 6.389100 1.416115 -1.388383
v 6.262710 1.361091 -1.393929
v 6.394895 1.391862 -1.392852
v 6.267165 1.342251 -1.410267
v 6.399463 1.373048 -1.409189
v 6.531960 1.405249 -1.408780
v 6.664230 1.438820 -1.409264
v 6.527296 1.424040 -1.392443
v 6.659488 1.457591 -1.392927
v 6.521285 1.448240 -1.387976
v 6.653256 1.481736 -1.388458
v 6.515538 1.471366 -1.396574
v 6.647208 1.504785 -1.397056
v 6.511593 1.487220 -1.415935
v 6.642961 1.520562 -1.416415
v 6.510511 1.491554 -1.440871
v 6.641654 1.524839 -1.441350
v 6.512577 1.483208 -1.464700
v 6.643637 1.516472 -1.465178
v 6.517241 1.464417 -1.481037
v 6.648378 1.497701 -1.481516
v 6.523251 1.440216 -1.485505
v 6.654609 1.473556 -1.485985
v 6.785176 1.508187 -1.487572
v 6.778720 1.532271 -1.483100
v 6.773914 1.551025 -1.466762
v 6.772050 1.559424 -1.442935
v 6.773623 1.555217 -1.418004
v 6.778214 1.539531 -1.398648
v 6.784593 1.516570 -1.390055
v 6.791049 1.492486 -1.394527
v 6.795855 1.473731 -1.410865
vn -0.2474 -0.7830 0.5707
vn -0.2807 -0.9561 0.0847
vn -0.2744 -0.9579 0.0848
vn -0.2394 -0.7853 0.5709
vn -0.1480 -0.4007 0.9042
vn -0.1404 -0.4029 0.9044
vn -0.0090 0.0887 0.9960
vn -0.0038 0.0873 0.9962
vn 0.1324 0.5547 0.8215
vn 0.1338 0.5544 0.8215
vn 0.2385 0.8724 0.4267
vn 0.2357 0.8732 0.4265
vn 0.2807 0.9562 -0.0828
vn 0.2744 0.9580 -0.0831
vn 0.2475 0.7833 -0.5702
vn 0.2394 0.7856 -0.5705
vn 0.1478 0.3999 -0.9046
vn 0.1402 0.4021 -0.9048
vn 0.0084 -0.0908 -0.9958
vn 0.0032 -0.0893 -0.9960
vn -0.1332 -0.5570 -0.8198
vn -0.1345 -0.5565 -0.8199
vn -0.2389 -0.8735 -0.4241
vn -0.2361 -0.8743 -0.4242
vn -0.1366 -0.5558 -0.8200
vn -0.2303 -0.8758 -0.4242
vn -0.2623 -0.9612 0.0849
vn -0.1377 -0.5554 -0.8201
vn -0.2243 -0.8773 -0.4243
vn -0.2509 -0.9643 0.0850
vn -0.1377 -0.5553 -0.8202
vn -0.2182 -0.8788 -0.4244
vn -0.2402 -0.9670 0.0849
vn -0.1368 -0.5554 -0.8202
vn -0.2118 -0.8803 -0.4245
vn -0.2302 -0.9695 0.0847
vn -0.1347 -0.5558 -0.8203
vn -0.2051 -0.8818 -0.4247
vn -0.2206 -0.9717 0.0845
vn -0.1317 -0.5564 -0.8204
vn -0.1981 -0.8833 -0.4249
vn -0.2114 -0.9737 0.0843
vn -0.1274 -0.5573 -0.8205
vn -0.1905 -0.8849 -0.4251
vn -0.2027 -0.9756 0.0840
vn -0.1220 -0.5583 -0.8206
vn -0.1825 -0.8865 -0.4253
vn -0.1942 -0.9774 0.0838
vn -0.1152 -0.5596 -0.8207
vn -0.1738 -0.8881 -0.4255
vn -0.1859 -0.9790 0.0836
vn -0.1069 -0.5610 -0.8209
vn -0.1643 -0.8898 -0.4257
vn -0.1777 -0.9805 0.0833
vn -0.0961 -0.5635 -0.8205
vn -0.1507 -0.8924 -0.4254
vn -0.1650 -0.9828 0.0834
vn -0.0840 -0.5657 -0.8203
vn -0.1329 -0.8953 -0.4251
vn -0.1463 -0.9857 0.0836
vn -0.0740 -0.5668 -0.8205
vn -0.1171 -0.8975 -0.4253
vn -0.1289 -0.9881 0.0836
vn -0.0666 -0.5675 -0.8207
vn -0.1055 -0.8989 -0.4254
vn -0.1162 -0.9897 0.0837
vn -0.0610 -0.5680 -0.8208
vn -0.0966 -0.8998 -0.4254
vn -0.1064 -0.9908 0.0837
vn -0.0565 -0.5684 -0.8208
vn -0.0895 -0.9005 -0.4255
vn -0.0985 -0.9916 0.0837
vn -0.0527 -0.5687 -0.8209
vn -0.0836 -0.9011 -0.4255
vn -0.0920 -0.9922 0.0837
vn -0.0496 -0.5689 -0.8209
vn -0.0786 -0.9015 -0.4256
vn -0.0866 -0.9927 0.0837
vn -0.0469 -0.5691 -0.8209
vn -0.0743 -0.9019 -0.4256
vn -0.0818 -0.9931 0.0837
vn -0.0445 -0.5693 -0.8210
vn -0.0705 -0.9022 -0.4256
vn -0.0776 -0.9935 0.0837
vn -0.0422 -0.5694 -0.8210
vn -0.0669 -0.9024 -0.4256
vn -0.0737 -0.9938 0.0837
vn -0.0402 -0.5696 -0.8210
vn -0.0636 -0.9027 -0.4256
vn -0.0701 -0.9940 0.0837
vn -0.0391 -0.5694 -0.8211
vn -0.0619 -0.9027 -0.4257
vn -0.0682 -0.9942 0.0837
vn -0.0396 -0.5693 -0.8212
vn -0.0627 -0.9027 -0.4258
vn -0.0691 -0.9941 0.0838
vn -0.0403 -0.5693 -0.8211
vn -0.0639 -0.9026 -0.4257
vn -0.0704 -0.9940 0.0838
vn -0.0405 -0.5693 -0.8211
vn -0.0641 -0.9026 -0.4257
vn -0.0706 -0.9940 0.0837
vn -0.0402 -0.5694 -0.8211
vn -0.0637 -0.9026 -0.4257
vn -0.0702 -0.9940 0.0837
vn -0.0396 -0.5695 -0.8211
vn -0.0628 -0.9027 -0.4257
vn -0.0691 -0.9941 0.0837
vn -0.0386 -0.5696 -0.8210
vn -0.0612 -0.9028 -0.4257
vn -0.0674 -0.9942 0.0837
vn -0.0373 -0.5697 -0.8210
vn -0.0591 -0.9030 -0.4256
vn -0.0650 -0.9944 0.0837
vn -0.0354 -0.5699 -0.8210
vn -0.0560 -0.9032 -0.4256
vn -0.0617 -0.9946 0.0837
vn -0.0327 -0.5701 -0.8209
vn -0.0518 -0.9035 -0.4255
vn -0.0571 -0.9949 0.0837
vn -0.0289 -0.5705 -0.8208
vn -0.0458 -0.9038 -0.4255
vn -0.0504 -0.9952 0.0837
vn -0.0232 -0.5710 -0.8206
vn -0.0368 -0.9043 -0.4253
vn -0.0405 -0.9957 0.0837
vn -0.0173 -0.5710 -0.8208
vn -0.0274 -0.9046 -0.4254
vn -0.0302 -0.9960 0.0837
vn -0.0149 -0.5706 -0.8211
vn -0.0237 -0.9045 -0.4257
vn -0.0261 -0.9961 0.0837
vn -0.0147 -0.5706 -0.8211
vn -0.0234 -0.9046 -0.4257
vn -0.0257 -0.9962 0.0837
vn -0.0144 -0.5706 -0.8211
vn -0.0228 -0.9046 -0.4257
vn -0.0251 -0.9962 0.0837
vn -0.0138 -0.5707 -0.8211
vn -0.0220 -0.9046 -0.4257
vn -0.0242 -0.9962 0.0837
vn -0.0131 -0.5707 -0.8211
vn -0.0208 -0.9046 -0.4257
vn -0.0229 -0.9962 0.0837
vn -0.0122 -0.5707 -0.8210
vn -0.0194 -0.9047 -0.4257
vn -0.0213 -0.9963 0.0837
vn -0.0110 -0.5708 -0.8210
vn -0.0175 -0.9047 -0.4256
vn -0.0192 -0.9963 0.0837
vn -0.0094 -0.5709 -0.8210
vn -0.0150 -0.9048 -0.4256
vn -0.0165 -0.9964 0.0837
vn -0.0073 -0.5710 -0.8209
vn -0.0116 -0.9048 -0.4256
vn -0.0127 -0.9964 0.0837
vn -0.0043 -0.5711 -0.8209
vn -0.0067 -0.9049 -0.4255
vn -0.0074 -0.9965 0.0837
vn -0.0025 -0.5712 -0.8208
vn -0.0039 -0.9050 -0.4254
vn -0.0043 -0.9965 0.0837
vn -0.0061 -0.8213 0.5705
vn -0.0035 -0.8213 0.5704
vn -0.0032 -0.4261 0.9047
vn -0.0018 -0.4263 0.9046
vn 0.0006 0.0832 0.9965
vn 0.0004 0.0830 0.9965
vn 0.0043 0.5704 0.8214
vn 0.0024 0.5703 0.8214
vn 0.0067 0.9047 0.4259
vn 0.0039 0.9047 0.4260
vn 0.0074 0.9965 -0.0838
vn 0.0043 0.9965 -0.0838
vn 0.0061 0.8209 -0.5710
vn 0.0035 0.8209 -0.5711
vn 0.0032 0.4253 -0.9051
vn 0.0018 0.4251 -0.9051
vn -0.0006 -0.0843 -0.9964
vn -0.0004 -0.0845 -0.9964
vn -0.0011 -0.0841 -0.9965
vn 0.0054 0.4254 -0.9050
vn -0.0014 -0.0840 -0.9965
vn 0.0070 0.4254 -0.9050
vn 0.0136 0.8209 -0.5709
vn 0.0105 0.8209 -0.5709
vn 0.0165 0.9963 -0.0838
vn 0.0127 0.9964 -0.0838
vn 0.0150 0.9047 0.4258
vn 0.0116 0.9047 0.4259
vn 0.0094 0.5705 0.8212
vn 0.0073 0.5705 0.8213
vn 0.0014 0.0835 0.9965
vn 0.0011 0.0834 0.9965
vn -0.0070 -0.4259 0.9048
vn -0.0054 -0.4260 0.9047
vn -0.0136 -0.8211 0.5706
vn -0.0105 -0.8212 0.5706
vn -0.0082 -0.4258 0.9048
vn -0.0159 -0.8210 0.5707
vn -0.0091 -0.4257 0.9048
vn -0.0176 -0.8210 0.5707
vn 0.0018 0.0836 0.9965
vn 0.0016 0.0835 0.9965
vn 0.0122 0.5705 0.8212
vn 0.0110 0.5705 0.8212
vn 0.0194 0.9046 0.4258
vn 0.0175 0.9047 0.4258
vn 0.0213 0.9963 -0.0838
vn 0.0193 0.9963 -0.0838
vn 0.0176 0.8209 -0.5708
vn 0.0159 0.8209 -0.5709
vn 0.0091 0.4255 -0.9049
vn 0.0082 0.4255 -0.9049
vn -0.0018 -0.0839 -0.9965
vn -0.0016 -0.0839 -0.9965
vn -0.0019 -0.0838 -0.9965
vn 0.0098 0.4255 -0.9049
vn -0.0020 -0.0838 -0.9965
vn 0.0103 0.4255 -0.9049
vn 0.0199 0.8208 -0.5708
vn 0.0189 0.8209 -0.5708
vn 0.0242 0.9962 -0.0838
vn 0.0229 0.9962 -0.0838
vn 0.0220 0.9046 0.4258
vn 0.0208 0.9046 0.4258
vn 0.0138 0.5705 0.8211
vn 0.0131 0.5705 0.8212
vn 0.0020 0.0836 0.9965
vn 0.0019 0.0836 0.9965
vn -0.0103 -0.4257 0.9048
vn -0.0098 -0.4257 0.9048
vn -0.0199 -0.8209 0.5707
vn -0.0189 -0.8209 0.5707
vn -0.0107 -0.4256 0.9048
vn -0.0207 -0.8209 0.5707
vn -0.0110 -0.4256 0.9048
vn -0.0212 -0.8208 0.5707
vn 0.0022 0.0837 0.9965
vn 0.0021 0.0837 0.9965
vn 0.0147 0.5705 0.8211
vn 0.0144 0.5705 0.8211
vn 0.0234 0.9045 0.4257
vn 0.0228 0.9046 0.4257
vn 0.0257 0.9962 -0.0838
vn 0.0251 0.9962 -0.0838
vn 0.0212 0.8208 -0.5708
vn 0.0207 0.8208 -0.5708
vn 0.0110 0.4255 -0.9049
vn 0.0107 0.4255 -0.9049
vn -0.0022 -0.0838 -0.9965
vn -0.0021 -0.0838 -0.9965
vn -0.0022 -0.0837 -0.9965
vn 0.0111 0.4256 -0.9049
vn 0.0111 0.4256 -0.9048
vn 0.0215 0.8208 -0.5708
vn 0.0261 0.9961 -0.0837
vn 0.0237 0.9046 0.4257
vn 0.0237 0.9045 0.4257
vn 0.0149 0.5706 0.8211
vn -0.0111 -0.4256 0.9049
vn -0.0215 -0.8208 0.5708
vn -0.0129 -0.4261 0.9046
vn -0.0249 -0.8210 0.5704
vn -0.0173 -0.4262 0.9045
vn -0.0334 -0.8208 0.5703
vn 0.0034 0.0827 0.9966
vn 0.0025 0.0830 0.9965
vn 0.0232 0.5696 0.8216
vn 0.0173 0.5700 0.8214
vn 0.0367 0.9039 0.4261
vn 0.0274 0.9043 0.4260
vn 0.0405 0.9957 -0.0838
vn 0.0302 0.9960 -0.0838
vn 0.0333 0.8201 -0.5712
vn 0.0249 0.8205 -0.5711
vn 0.0173 0.4245 -0.9052
vn 0.0129 0.4250 -0.9051
vn -0.0034 -0.0847 -0.9964
vn -0.0026 -0.0844 -0.9964
vn -0.0043 -0.0843 -0.9964
vn 0.0215 0.4246 -0.9051
vn -0.0048 -0.0841 -0.9964
vn 0.0244 0.4247 -0.9050
vn 0.0470 0.8196 -0.5710
vn 0.0416 0.8198 -0.5711
vn 0.0571 0.9948 -0.0838
vn 0.0505 0.9952 -0.0838
vn 0.0518 0.9033 0.4259
vn 0.0458 0.9036 0.4260
vn 0.0327 0.5695 0.8213
vn 0.0289 0.5696 0.8214
vn 0.0048 0.0832 0.9965
vn 0.0042 0.0830 0.9965
vn -0.0244 -0.4254 0.9047
vn -0.0216 -0.4257 0.9046
vn -0.0470 -0.8199 0.5706
vn -0.0416 -0.8203 0.5705
vn -0.0264 -0.4252 0.9047
vn -0.0508 -0.8196 0.5706
vn -0.0278 -0.4250 0.9048
vn -0.0536 -0.8194 0.5707
vn 0.0055 0.0833 0.9965
vn 0.0052 0.0833 0.9965
vn 0.0372 0.5694 0.8212
vn 0.0353 0.5695 0.8213
vn 0.0590 0.9029 0.4258
vn 0.0560 0.9031 0.4258
vn 0.0650 0.9944 -0.0838
vn 0.0617 0.9946 -0.0838
vn 0.0536 0.8193 -0.5709
vn 0.0508 0.8194 -0.5709
vn 0.0278 0.4246 -0.9049
vn 0.0263 0.4246 -0.9050
vn -0.0055 -0.0838 -0.9965
vn -0.0052 -0.0839 -0.9965
vn -0.0057 -0.0837 -0.9965
vn 0.0288 0.4246 -0.9049
vn -0.0058 -0.0837 -0.9965
vn 0.0295 0.4246 -0.9049
vn 0.0570 0.8191 -0.5708
vn 0.0556 0.8192 -0.5708
vn 0.0691 0.9941 -0.0838
vn 0.0674 0.9942 -0.0838
vn 0.0628 0.9027 0.4258
vn 0.0612 0.9028 0.4258
vn 0.0396 0.5693 0.8212
vn 0.0386 0.5694 0.8212
vn 0.0058 0.0834 0.9965
vn 0.0057 0.0834 0.9965
vn -0.0295 -0.4248 0.9048
vn -0.0288 -0.4249 0.9048
vn -0.0570 -0.8192 0.5707
vn -0.0556 -0.8193 0.5707
vn -0.0300 -0.4247 0.9048
vn -0.0578 -0.8191 0.5707
vn -0.0302 -0.4247 0.9049
vn -0.0582 -0.8190 0.5708
vn 0.0059 0.0835 0.9965
vn 0.0405 0.5693 0.8211
vn 0.0402 0.5693 0.8211
vn 0.0641 0.9026 0.4257
vn 0.0637 0.9026 0.4257
vn 0.0706 0.9940 -0.0837
vn 0.0702 0.9940 -0.0838
vn 0.0582 0.8190 -0.5708
vn 0.0578 0.8191 -0.5708
vn 0.0302 0.4246 -0.9049
vn 0.0300 0.4246 -0.9049
vn -0.0059 -0.0835 -0.9965
vn -0.0059 -0.0836 -0.9965
vn 0.0301 0.4247 -0.9048
vn -0.0058 -0.0834 -0.9965
vn 0.0295 0.4248 -0.9048
vn 0.0569 0.8192 -0.5707
vn 0.0580 0.8191 -0.5707
vn 0.0691 0.9941 -0.0837
vn 0.0704 0.9940 -0.0837
vn 0.0627 0.9027 0.4257
vn 0.0639 0.9026 0.4257
vn 0.0396 0.5695 0.8210
vn 0.0403 0.5694 0.8211
vn 0.0058 0.0837 0.9965
vn 0.0059 0.0836 0.9965
vn -0.0295 -0.4246 0.9049
vn -0.0301 -0.4246 0.9049
vn -0.0569 -0.8191 0.5708
vn -0.0580 -0.8190 0.5708
vn -0.0291 -0.4247 0.9049
vn -0.0562 -0.8192 0.5708
vn -0.0300 -0.4249 0.9047
vn -0.0577 -0.8192 0.5706
vn 0.0059 0.0832 0.9965
vn 0.0057 0.0835 0.9965
vn 0.0401 0.5692 0.8212
vn 0.0391 0.5694 0.8211
vn 0.0636 0.9026 0.4258
vn 0.0619 0.9027 0.4257
vn 0.0701 0.9940 -0.0838
vn 0.0682 0.9941 -0.0837
vn 0.0577 0.8190 -0.5709
vn 0.0562 0.8192 -0.5708
vn 0.0299 0.4244 -0.9050
vn 0.0291 0.4247 -0.9049
vn -0.0059 -0.0838 -0.9965
vn -0.0057 -0.0836 -0.9965
vn -0.0062 -0.0838 -0.9965
vn 0.0315 0.4243 -0.9050
vn -0.0065 -0.0838 -0.9965
vn 0.0331 0.4242 -0.9050
vn 0.0639 0.8185 -0.5709
vn 0.0607 0.8188 -0.5709
vn 0.0776 0.9935 -0.0838
vn 0.0737 0.9938 -0.0838
vn 0.0705 0.9020 0.4258
vn 0.0669 0.9023 0.4258
vn 0.0444 0.5688 0.8213
vn 0.0422 0.5690 0.8213
vn 0.0065 0.0832 0.9965
vn 0.0062 0.0832 0.9965
vn -0.0332 -0.4247 0.9047
vn -0.0315 -0.4248 0.9047
vn -0.0639 -0.8187 0.5706
vn -0.0608 -0.8190 0.5706
vn -0.0350 -0.4246 0.9047
vn -0.0674 -0.8185 0.5706
vn -0.0370 -0.4244 0.9047
vn -0.0713 -0.8181 0.5706
vn 0.0072 0.0830 0.9965
vn 0.0068 0.0831 0.9965
vn 0.0496 0.5683 0.8213
vn 0.0468 0.5686 0.8213
vn 0.0786 0.9014 0.4259
vn 0.0743 0.9017 0.4259
vn 0.0866 0.9927 -0.0838
vn 0.0818 0.9931 -0.0838
vn 0.0713 0.8179 -0.5710
vn 0.0674 0.8182 -0.5709
vn 0.0370 0.4238 -0.9050
vn 0.0349 0.4240 -0.9050
vn -0.0073 -0.0838 -0.9965
vn -0.0069 -0.0838 -0.9965
vn -0.0078 -0.0839 -0.9964
vn 0.0393 0.4235 -0.9050
vn -0.0083 -0.0839 -0.9964
vn 0.0420 0.4232 -0.9051
vn 0.0811 0.8169 -0.5710
vn 0.0758 0.8174 -0.5710
vn 0.0985 0.9916 -0.0838
vn 0.0920 0.9922 -0.0838
vn 0.0894 0.9003 0.4259
vn 0.0836 0.9009 0.4259
vn 0.0564 0.5676 0.8214
vn 0.0527 0.5680 0.8213
vn 0.0082 0.0828 0.9965
vn 0.0077 0.0829 0.9965
vn -0.0421 -0.4241 0.9046
vn -0.0394 -0.4243 0.9047
vn -0.0812 -0.8173 0.5705
vn -0.0759 -0.8178 0.5705
vn -0.0455 -0.4239 0.9046
vn -0.0877 -0.8167 0.5704
vn -0.0497 -0.4236 0.9045
vn -0.0958 -0.8158 0.5703
vn 0.0097 0.0823 0.9966
vn 0.0089 0.0826 0.9965
vn 0.0665 0.5663 0.8215
vn 0.0609 0.5670 0.8214
vn 0.1055 0.8985 0.4261
vn 0.0966 0.8996 0.4260
vn 0.1162 0.9897 -0.0838
vn 0.1063 0.9908 -0.0838
vn 0.0957 0.8152 -0.5712
vn 0.0876 0.8162 -0.5711
vn 0.0495 0.4221 -0.9052
vn 0.0454 0.4227 -0.9051
vn -0.0099 -0.0841 -0.9964
vn -0.0090 -0.0840 -0.9964
vn -0.0110 -0.0842 -0.9964
vn 0.0550 0.4212 -0.9053
vn -0.0125 -0.0845 -0.9963
vn 0.0623 0.4197 -0.9055
vn 0.1205 0.8117 -0.5716
vn 0.1062 0.8138 -0.5713
vn 0.1463 0.9857 -0.0839
vn 0.1289 0.9881 -0.0838
vn 0.1328 0.8947 0.4264
vn 0.1170 0.8970 0.4262
vn 0.0836 0.5635 0.8219
vn 0.0737 0.5652 0.8217
vn 0.0120 0.0812 0.9966
vn 0.0107 0.0819 0.9966
vn -0.0627 -0.4225 0.9042
vn -0.0552 -0.4231 0.9044
vn -0.1206 -0.8128 0.5700
vn -0.1063 -0.8146 0.5702
vn -0.0693 -0.4213 0.9042
vn -0.1353 -0.8105 0.5699
vn -0.0710 -0.4205 0.9045
vn -0.1436 -0.8089 0.5702
vn 0.0206 0.0808 0.9965
vn 0.0153 0.0809 0.9966
vn 0.1068 0.5605 0.8213
vn 0.0958 0.5618 0.8217
vn 0.1643 0.8899 0.4256
vn 0.1507 0.8921 0.4260
vn 0.1777 0.9805 -0.0843
vn 0.1651 0.9827 -0.0842
vn 0.1435 0.8080 -0.5714
vn 0.1351 0.8093 -0.5717
vn 0.0708 0.4190 -0.9052
vn 0.0689 0.4188 -0.9055
vn -0.0209 -0.0821 -0.9964
vn -0.0157 -0.0838 -0.9964
vn -0.0257 -0.0812 -0.9964
vn 0.0706 0.4191 -0.9052
vn -0.0288 -0.0806 -0.9963
vn 0.0721 0.4189 -0.9052
vn 0.1538 0.8062 -0.5713
vn 0.1481 0.8072 -0.5714
vn 0.1942 0.9774 -0.0842
vn 0.1859 0.9790 -0.0842
vn 0.1825 0.8863 0.4256
vn 0.1738 0.8881 0.4256
vn 0.1218 0.5575 0.8212
vn 0.1150 0.5589 0.8212
vn 0.0285 0.0792 0.9964
vn 0.0255 0.0798 0.9965
vn -0.0724 -0.4201 0.9046
vn -0.0709 -0.4204 0.9045
vn -0.1539 -0.8067 0.5705
vn -0.1482 -0.8079 0.5703
vn -0.0755 -0.4194 0.9046
vn -0.1606 -0.8053 0.5707
vn -0.0800 -0.4184 0.9047
vn -0.1683 -0.8036 0.5709
vn 0.0296 0.0789 0.9964
vn 0.0299 0.0789 0.9964
vn 0.1314 0.5553 0.8212
vn 0.1272 0.5563 0.8212
vn 0.1980 0.8829 0.4257
vn 0.1905 0.8846 0.4257
vn 0.2115 0.9738 -0.0841
vn 0.2027 0.9756 -0.0841
vn 0.1682 0.8033 -0.5714
vn 0.1604 0.8049 -0.5713
vn 0.0798 0.4173 -0.9052
vn 0.0752 0.4183 -0.9052
vn -0.0300 -0.0804 -0.9963
vn -0.0302 -0.0803 -0.9963
vn -0.0282 -0.0808 -0.9963
vn 0.0859 0.4160 -0.9053
vn -0.0250 -0.0816 -0.9963
vn 0.0935 0.4143 -0.9053
vn 0.1869 0.7991 -0.5714
vn 0.1770 0.8014 -0.5714
vn 0.2302 0.9695 -0.0840
vn 0.2206 0.9717 -0.0841
vn 0.2117 0.8797 0.4258
vn 0.2050 0.8813 0.4257
vn 0.1364 0.5540 0.8212
vn 0.1345 0.5546 0.8212
vn 0.0246 0.0800 0.9965
vn 0.0279 0.0793 0.9965
vn -0.0937 -0.4152 0.9049
vn -0.0861 -0.4170 0.9048
vn -0.1869 -0.7993 0.5712
vn -0.1770 -0.8016 0.5710
vn -0.1028 -0.4130 0.9049
vn -0.1980 -0.7965 0.5713
vn -0.1136 -0.4102 0.9049
vn -0.2104 -0.7933 0.5713
vn 0.0136 0.0827 0.9965
vn 0.0199 0.0811 0.9965
vn 0.1372 0.5537 0.8214
vn 0.1373 0.5537 0.8213
vn 0.2241 0.8765 0.4260
vn 0.2180 0.8781 0.4259
vn 0.2509 0.9644 -0.0838
vn 0.2403 0.9671 -0.0839
vn 0.2104 0.7934 -0.5712
vn 0.1980 0.7965 -0.5713
vn 0.1134 0.4093 -0.9053
vn 0.1026 0.4121 -0.9054
vn -0.0140 -0.0845 -0.9963
vn -0.0203 -0.0828 -0.9964
vn -0.0062 -0.0866 -0.9962
vn 0.1259 0.4060 -0.9051
vn 0.2242 0.7898 -0.5710
vn 0.2623 0.9614 -0.0835
vn 0.2300 0.8749 0.4263
vn 0.1360 0.5539 0.8214
vn 0.0057 0.0847 0.9964
vn -0.1261 -0.4069 0.9047
vn -0.2241 -0.7896 0.5712
vn 0.2225 -0.0000 -0.9749
vn 0.6235 -0.0000 -0.7818
vn 0.9010 -0.0000 -0.4339
vn 1.0000 -0.0000 -0.0000
vn 0.9010 -0.0000 0.4339
vn 0.6235 -0.0000 0.7818
vn 0.2225 -0.0000 0.9749
vn -0.2225 -0.0000 0.9749
vn -0.6235 -0.0000 0.7818
vn -0.9010 -0.0000 0.4339
vn -1.0000 -0.0000 -0.0000
vn -0.9010 -0.0000 -0.4339
vn -0.0000 1.0000 -0.0000
vn -0.6235 -0.0000 -0.7818
vn -0.2225 -0.0000 -0.9749
vn -0.0000 -1.0000 -0.0000
vn -0.2419 -0.9703 -0.0000
vn -0.9703 0.2419 -0.0000
vn -0.0000 -0.0000 1.0000
vn 0.9703 -0.2419 -0.0000
vn 0.2419 0.9703 -0.0000
vn -0.0000 -0.0000 -1.0000
vn -0.1493 -0.9888 -0.0000
vn -0.9888 0.1493 -0.0000
vn 0.9888 -0.1493 -0.0000
vn 0.1493 0.9888 -0.0000
vn -0.0815 -0.9967 -0.0000
vn -0.9967 0.0815 -0.0000
vn 0.9967 -0.0815 -0.0000
vn 0.0815 0.9967 -0.0000
vn -0.0702 -0.9975 -0.0000
vn -0.9975 0.0702 -0.0000
vn 0.9975 -0.0702 -0.0000
vn 0.0702 0.9975 -0.0000
vn -0.0393 -0.9992 -0.0000
vn -0.9992 0.0393 -0.0000
vn 0.9992 -0.0393 -0.0000
vn 0.0393 0.9992 -0.0000
vn -0.0159 -0.9999 -0.0000
vn -0.9999 0.0159 -0.0000
vn 0.9999 -0.0159 -0.0000
vn 0.0159 0.9999 -0.0000
vn 0.0159 -0.9999 -0.0000
vn -0.9999 -0.0159 -0.0000
vn 0.9999 0.0159 -0.0000
vn -0.0159 0.9999 -0.0000
vn 0.0393 -0.9992 -0.0000
vn -0.9992 -0.0393 -0.0000
vn 0.9992 0.0393 -0.0000
vn -0.0393 0.9992 -0.0000
vn 0.0702 -0.9975 -0.0000
vn -0.9975 -0.0702 -0.0000
vn 0.9975 0.0702 -0.0000
vn -0.0702 0.9975 -0.0000
vn 0.0815 -0.9967 -0.0000
vn -0.9967 -0.0815 -0.0000
vn 0.9967 0.0815 -0.0000
vn -0.0815 0.9967 -0.0000
vn 0.1493 -0.9888 -0.0000
vn -0.9888 -0.1493 -0.0000
vn 0.9888 0.1493 -0.0000
vn -0.1493 0.9888 -0.0000
vn 0.2419 -0.9703 -0.0000
vn -0.9703 -0.2419 -0.0000
vn 0.9703 0.2419 -0.0000
vn -0.2419 0.9703 -0.0000
vn -0.2474 -0.7830 -0.5707
vn -0.2394 -0.7853 -0.5709
vn -0.2744 -0.9579 -0.0848
vn -0.2807 -0.9561 -0.0847
vn -0.1480 -0.4008 -0.9042
vn -0.1404 -0.4029 -0.9044
vn -0.0090 0.0887 -0.9960
vn -0.0038 0.0873 -0.9962
vn 0.1324 0.5547 -0.8215
vn 0.1338 0.5544 -0.8215
vn 0.2385 0.8724 -0.4267
vn 0.2357 0.8732 -0.4265
vn 0.2807 0.9562 0.0828
vn 0.2744 0.9580 0.0831
vn 0.2475 0.7833 0.5702
vn 0.2394 0.7856 0.5705
vn 0.1478 0.3999 0.9046
vn 0.1402 0.4021 0.9048
vn 0.0084 -0.0908 0.9958
vn 0.0032 -0.0893 0.9960
vn -0.1332 -0.5570 0.8198
vn -0.1345 -0.5565 0.8199
vn -0.2389 -0.8735 0.4241
vn -0.2361 -0.8743 0.4242
vn -0.2303 -0.8758 0.4242
vn -0.1366 -0.5558 0.8200
vn -0.2623 -0.9612 -0.0850
vn -0.2243 -0.8773 0.4243
vn -0.1377 -0.5554 0.8201
vn -0.2509 -0.9643 -0.0850
vn -0.2182 -0.8788 0.4244
vn -0.1377 -0.5553 0.8202
vn -0.2402 -0.9670 -0.0849
vn -0.2118 -0.8803 0.4245
vn -0.1368 -0.5554 0.8202
vn -0.2302 -0.9695 -0.0847
vn -0.2051 -0.8818 0.4247
vn -0.1347 -0.5558 0.8203
vn -0.2206 -0.9717 -0.0845
vn -0.1981 -0.8833 0.4249
vn -0.1317 -0.5564 0.8204
vn -0.2114 -0.9737 -0.0843
vn -0.1905 -0.8849 0.4251
vn -0.1274 -0.5573 0.8205
vn -0.2027 -0.9756 -0.0840
vn -0.1825 -0.8865 0.4253
vn -0.1220 -0.5583 0.8206
vn -0.1942 -0.9774 -0.0838
vn -0.1738 -0.8881 0.4255
vn -0.1152 -0.5596 0.8207
vn -0.1859 -0.9790 -0.0835
vn -0.1643 -0.8898 0.4257
vn -0.1069 -0.5610 0.8209
vn -0.1777 -0.9805 -0.0833
vn -0.1507 -0.8924 0.4254
vn -0.0961 -0.5635 0.8205
vn -0.1650 -0.9828 -0.0834
vn -0.1329 -0.8954 0.4251
vn -0.0840 -0.5657 0.8203
vn -0.1463 -0.9857 -0.0836
vn -0.1171 -0.8975 0.4252
vn -0.0740 -0.5668 0.8205
vn -0.1289 -0.9881 -0.0836
vn -0.1055 -0.8989 0.4254
vn -0.0666 -0.5675 0.8207
vn -0.1162 -0.9897 -0.0837
vn -0.0966 -0.8998 0.4254
vn -0.0610 -0.5680 0.8208
vn -0.1064 -0.9908 -0.0837
vn -0.0895 -0.9005 0.4255
vn -0.0565 -0.5684 0.8208
vn -0.0985 -0.9916 -0.0837
vn -0.0836 -0.9011 0.4255
vn -0.0527 -0.5687 0.8209
vn -0.0920 -0.9922 -0.0837
vn -0.0786 -0.9015 0.4256
vn -0.0496 -0.5689 0.8209
vn -0.0866 -0.9927 -0.0837
vn -0.0743 -0.9019 0.4256
vn -0.0469 -0.5691 0.8209
vn -0.0818 -0.9931 -0.0837
vn -0.0705 -0.9022 0.4256
vn -0.0445 -0.5693 0.8210
vn -0.0776 -0.9935 -0.0837
vn -0.0669 -0.9024 0.4256
vn -0.0422 -0.5694 0.8210
vn -0.0737 -0.9938 -0.0837
vn -0.0636 -0.9027 0.4256
vn -0.0402 -0.5696 0.8210
vn -0.0701 -0.9940 -0.0837
vn -0.0619 -0.9027 0.4257
vn -0.0391 -0.5694 0.8211
vn -0.0682 -0.9942 -0.0837
vn -0.0627 -0.9027 0.4258
vn -0.0396 -0.5693 0.8212
vn -0.0691 -0.9941 -0.0838
vn -0.0639 -0.9026 0.4257
vn -0.0403 -0.5693 0.8211
vn -0.0704 -0.9940 -0.0838
vn -0.0641 -0.9026 0.4257
vn -0.0405 -0.5693 0.8211
vn -0.0706 -0.9940 -0.0837
vn -0.0637 -0.9026 0.4257
vn -0.0402 -0.5694 0.8211
vn -0.0702 -0.9940 -0.0837
vn -0.0628 -0.9027 0.4257
vn -0.0396 -0.5695 0.8211
vn -0.0691 -0.9941 -0.0837
vn -0.0612 -0.9028 0.4257
vn -0.0386 -0.5696 0.8210
vn -0.0674 -0.9942 -0.0837
vn -0.0591 -0.9030 0.4256
vn -0.0373 -0.5697 0.8210
vn -0.0650 -0.9944 -0.0837
vn -0.0560 -0.9032 0.4256
vn -0.0354 -0.5699 0.8210
vn -0.0617 -0.9946 -0.0837
vn -0.0518 -0.9035 0.4255
vn -0.0327 -0.5701 0.8209
vn -0.0571 -0.9949 -0.0837
vn -0.0458 -0.9038 0.4255
vn -0.0289 -0.5705 0.8208
vn -0.0504 -0.9952 -0.0837
vn -0.0368 -0.9043 0.4253
vn -0.0232 -0.5710 0.8206
vn -0.0405 -0.9957 -0.0837
vn -0.0274 -0.9046 0.4254
vn -0.0173 -0.5710 0.8208
vn -0.0302 -0.9960 -0.0837
vn -0.0237 -0.9045 0.4257
vn -0.0149 -0.5706 0.8211
vn -0.0261 -0.9961 -0.0837
vn -0.0237 -0.9046 0.4257
vn -0.0234 -0.9046 0.4257
vn -0.0147 -0.5706 0.8211
vn -0.0257 -0.9962 -0.0837
vn -0.0228 -0.9046 0.4257
vn -0.0144 -0.5706 0.8211
vn -0.0251 -0.9962 -0.0837
vn -0.0220 -0.9046 0.4257
vn -0.0138 -0.5707 0.8211
vn -0.0242 -0.9962 -0.0837
vn -0.0208 -0.9046 0.4257
vn -0.0131 -0.5707 0.8211
vn -0.0229 -0.9962 -0.0837
vn -0.0194 -0.9047 0.4257
vn -0.0122 -0.5707 0.8210
vn -0.0213 -0.9963 -0.0837
vn -0.0175 -0.9047 0.4256
vn -0.0110 -0.5708 0.8210
vn -0.0192 -0.9963 -0.0837
vn -0.0150 -0.9048 0.4256
vn -0.0094 -0.5709 0.8210
vn -0.0165 -0.9964 -0.0837
vn -0.0116 -0.9048 0.4256
vn -0.0073 -0.5710 0.8209
vn -0.0127 -0.9964 -0.0837
vn -0.0067 -0.9049 0.4255
vn -0.0043 -0.5711 0.8209
vn -0.0074 -0.9965 -0.0837
vn -0.0039 -0.9050 0.4254
vn -0.0025 -0.5712 0.8208
vn -0.0043 -0.9965 -0.0837
vn -0.0061 -0.8213 -0.5705
vn -0.0035 -0.8213 -0.5704
vn -0.0032 -0.4261 -0.9047
vn -0.0018 -0.4263 -0.9046
vn 0.0006 0.0832 -0.9965
vn 0.0004 0.0830 -0.9965
vn 0.0043 0.5704 -0.8214
vn 0.0024 0.5703 -0.8214
vn 0.0067 0.9047 -0.4259
vn 0.0039 0.9047 -0.4260
vn 0.0074 0.9965 0.0838
vn 0.0043 0.9965 0.0838
vn 0.0061 0.8209 0.5710
vn 0.0035 0.8209 0.5711
vn 0.0032 0.4253 0.9051
vn 0.0018 0.4251 0.9051
vn -0.0006 -0.0843 0.9964
vn -0.0004 -0.0844 0.9964
vn -0.0011 -0.0841 0.9965
vn 0.0054 0.4254 0.9050
vn -0.0014 -0.0840 0.9965
vn 0.0070 0.4254 0.9050
vn 0.0105 0.8209 0.5709
vn 0.0136 0.8209 0.5709
vn 0.0127 0.9964 0.0838
vn 0.0165 0.9963 0.0838
vn 0.0116 0.9047 -0.4259
vn 0.0150 0.9047 -0.4258
vn 0.0073 0.5705 -0.8213
vn 0.0094 0.5705 -0.8212
vn 0.0011 0.0834 -0.9965
vn 0.0014 0.0835 -0.9965
vn -0.0054 -0.4260 -0.9047
vn -0.0070 -0.4259 -0.9048
vn -0.0105 -0.8212 -0.5706
vn -0.0136 -0.8211 -0.5706
vn -0.0082 -0.4258 -0.9048
vn -0.0159 -0.8210 -0.5707
vn -0.0091 -0.4257 -0.9048
vn -0.0176 -0.8210 -0.5707
vn 0.0018 0.0836 -0.9965
vn 0.0016 0.0835 -0.9965
vn 0.0122 0.5705 -0.8212
vn 0.0110 0.5705 -0.8212
vn 0.0194 0.9046 -0.4258
vn 0.0175 0.9047 -0.4258
vn 0.0213 0.9963 0.0838
vn 0.0193 0.9963 0.0838
vn 0.0176 0.8209 0.5708
vn 0.0159 0.8209 0.5709
vn 0.0091 0.4255 0.9049
vn 0.0082 0.4255 0.9049
vn -0.0018 -0.0839 0.9965
vn -0.0016 -0.0839 0.9965
vn -0.0019 -0.0838 0.9965
vn 0.0098 0.4255 0.9049
vn -0.0020 -0.0838 0.9965
vn 0.0103 0.4255 0.9049
vn 0.0189 0.8209 0.5708
vn 0.0199 0.8208 0.5708
vn 0.0229 0.9962 0.0838
vn 0.0242 0.9962 0.0838
vn 0.0208 0.9046 -0.4258
vn 0.0220 0.9046 -0.4257
vn 0.0131 0.5705 -0.8212
vn 0.0138 0.5705 -0.8212
vn 0.0019 0.0836 -0.9965
vn 0.0020 0.0836 -0.9965
vn -0.0098 -0.4257 -0.9048
vn -0.0103 -0.4257 -0.9048
vn -0.0189 -0.8209 -0.5707
vn -0.0199 -0.8209 -0.5707
vn -0.0107 -0.4256 -0.9048
vn -0.0207 -0.8209 -0.5707
vn -0.0110 -0.4256 -0.9048
vn -0.0212 -0.8209 -0.5707
vn 0.0022 0.0837 -0.9965
vn 0.0021 0.0837 -0.9965
vn 0.0147 0.5706 -0.8211
vn 0.0144 0.5705 -0.8211
vn 0.0234 0.9045 -0.4257
vn 0.0228 0.9046 -0.4257
vn 0.0257 0.9962 0.0838
vn 0.0251 0.9962 0.0838
vn 0.0212 0.8208 0.5708
vn 0.0207 0.8208 0.5708
vn 0.0110 0.4255 0.9049
vn 0.0107 0.4255 0.9049
vn -0.0022 -0.0838 0.9965
vn -0.0021 -0.0838 0.9965
vn -0.0022 -0.0837 0.9965
vn 0.0111 0.4256 0.9049
vn 0.0111 0.4256 0.9048
vn 0.0215 0.8208 0.5708
vn 0.0261 0.9961 0.0837
vn 0.0237 0.9045 -0.4257
vn 0.0237 0.9046 -0.4257
vn 0.0149 0.5706 -0.8211
vn -0.0111 -0.4256 -0.9049
vn -0.0215 -0.8208 -0.5708
vn -0.0129 -0.4261 -0.9046
vn -0.0249 -0.8210 -0.5704
vn -0.0173 -0.4262 -0.9045
vn -0.0334 -0.8208 -0.5703
vn 0.0034 0.0827 -0.9966
vn 0.0025 0.0830 -0.9965
vn 0.0232 0.5696 -0.8216
vn 0.0173 0.5700 -0.8214
vn 0.0367 0.9039 -0.4261
vn 0.0274 0.9043 -0.4260
vn 0.0405 0.9957 0.0838
vn 0.0302 0.9960 0.0838
vn 0.0333 0.8201 0.5712
vn 0.0249 0.8205 0.5711
vn 0.0173 0.4245 0.9052
vn 0.0129 0.4250 0.9051
vn -0.0034 -0.0847 0.9964
vn -0.0026 -0.0844 0.9964
vn -0.0043 -0.0843 0.9964
vn 0.0215 0.4246 0.9051
vn -0.0048 -0.0841 0.9964
vn 0.0244 0.4247 0.9050
vn 0.0416 0.8198 0.5711
vn 0.0470 0.8196 0.5710
vn 0.0505 0.9952 0.0838
vn 0.0571 0.9948 0.0838
vn 0.0458 0.9036 -0.4260
vn 0.0518 0.9033 -0.4259
vn 0.0289 0.5696 -0.8214
vn 0.0327 0.5695 -0.8213
vn 0.0042 0.0830 -0.9965
vn 0.0048 0.0832 -0.9965
vn -0.0216 -0.4257 -0.9046
vn -0.0244 -0.4254 -0.9047
vn -0.0416 -0.8203 -0.5705
vn -0.0470 -0.8199 -0.5706
vn -0.0264 -0.4252 -0.9047
vn -0.0508 -0.8196 -0.5706
vn -0.0278 -0.4250 -0.9048
vn -0.0536 -0.8194 -0.5707
vn 0.0055 0.0833 -0.9965
vn 0.0052 0.0833 -0.9965
vn 0.0372 0.5694 -0.8212
vn 0.0353 0.5695 -0.8213
vn 0.0590 0.9029 -0.4258
vn 0.0560 0.9031 -0.4258
vn 0.0650 0.9944 0.0838
vn 0.0617 0.9946 0.0838
vn 0.0536 0.8193 0.5709
vn 0.0508 0.8194 0.5709
vn 0.0278 0.4246 0.9049
vn 0.0263 0.4246 0.9050
vn -0.0055 -0.0838 0.9965
vn -0.0052 -0.0839 0.9965
vn -0.0057 -0.0837 0.9965
vn 0.0288 0.4246 0.9049
vn -0.0058 -0.0837 0.9965
vn 0.0295 0.4246 0.9049
vn 0.0556 0.8192 0.5708
vn 0.0570 0.8191 0.5708
vn 0.0674 0.9942 0.0838
vn 0.0691 0.9941 0.0838
vn 0.0612 0.9028 -0.4258
vn 0.0628 0.9027 -0.4258
vn 0.0386 0.5694 -0.8212
vn 0.0396 0.5693 -0.8212
vn 0.0057 0.0834 -0.9965
vn 0.0058 0.0834 -0.9965
vn -0.0288 -0.4249 -0.9048
vn -0.0295 -0.4248 -0.9048
vn -0.0556 -0.8193 -0.5707
vn -0.0570 -0.8192 -0.5707
vn -0.0300 -0.4247 -0.9048
vn -0.0578 -0.8191 -0.5707
vn -0.0302 -0.4247 -0.9049
vn -0.0582 -0.8190 -0.5708
vn 0.0059 0.0835 -0.9965
vn 0.0405 0.5693 -0.8211
vn 0.0402 0.5693 -0.8211
vn 0.0641 0.9026 -0.4257
vn 0.0637 0.9026 -0.4257
vn 0.0706 0.9940 0.0837
vn 0.0702 0.9940 0.0838
vn 0.0582 0.8190 0.5708
vn 0.0578 0.8191 0.5708
vn 0.0302 0.4246 0.9049
vn 0.0300 0.4246 0.9049
vn -0.0059 -0.0835 0.9965
vn -0.0059 -0.0836 0.9965
vn 0.0301 0.4247 0.9048
vn -0.0058 -0.0834 0.9965
vn 0.0295 0.4248 0.9048
vn 0.0580 0.8191 0.5707
vn 0.0569 0.8192 0.5707
vn 0.0704 0.9940 0.0837
vn 0.0691 0.9941 0.0837
vn 0.0639 0.9026 -0.4257
vn 0.0627 0.9027 -0.4257
vn 0.0403 0.5694 -0.8211
vn 0.0396 0.5695 -0.8210
vn 0.0059 0.0836 -0.9965
vn 0.0058 0.0837 -0.9965
vn -0.0301 -0.4246 -0.9049
vn -0.0295 -0.4246 -0.9049
vn -0.0580 -0.8190 -0.5708
vn -0.0569 -0.8191 -0.5708
vn -0.0291 -0.4247 -0.9049
vn -0.0562 -0.8192 -0.5708
vn -0.0300 -0.4249 -0.9047
vn -0.0577 -0.8192 -0.5706
vn 0.0059 0.0832 -0.9965
vn 0.0057 0.0835 -0.9965
vn 0.0401 0.5692 -0.8212
vn 0.0391 0.5694 -0.8211
vn 0.0636 0.9026 -0.4258
vn 0.0619 0.9027 -0.4257
vn 0.0701 0.9940 0.0838
vn 0.0682 0.9941 0.0837
vn 0.0577 0.8190 0.5709
vn 0.0562 0.8192 0.5708
vn 0.0299 0.4244 0.9050
vn 0.0291 0.4247 0.9049
vn -0.0059 -0.0838 0.9965
vn -0.0057 -0.0836 0.9965
vn -0.0062 -0.0838 0.9965
vn 0.0315 0.4243 0.9050
vn -0.0065 -0.0838 0.9965
vn 0.0331 0.4242 0.9050
vn 0.0607 0.8188 0.5709
vn 0.0639 0.8185 0.5709
vn 0.0737 0.9938 0.0838
vn 0.0776 0.9935 0.0838
vn 0.0669 0.9023 -0.4258
vn 0.0705 0.9020 -0.4258
vn 0.0422 0.5690 -0.8213
vn 0.0444 0.5688 -0.8213
vn 0.0062 0.0832 -0.9965
vn 0.0065 0.0832 -0.9965
vn -0.0315 -0.4248 -0.9047
vn -0.0332 -0.4247 -0.9047
vn -0.0608 -0.8190 -0.5706
vn -0.0639 -0.8187 -0.5706
vn -0.0350 -0.4246 -0.9047
vn -0.0674 -0.8185 -0.5706
vn -0.0370 -0.4244 -0.9047
vn -0.0713 -0.8181 -0.5706
vn 0.0072 0.0830 -0.9965
vn 0.0068 0.0831 -0.9965
vn 0.0496 0.5683 -0.8213
vn 0.0468 0.5686 -0.8213
vn 0.0786 0.9014 -0.4259
vn 0.0743 0.9017 -0.4259
vn 0.0866 0.9927 0.0838
vn 0.0818 0.9931 0.0838
vn 0.0713 0.8179 0.5710
vn 0.0674 0.8182 0.5709
vn 0.0370 0.4238 0.9050
vn 0.0349 0.4240 0.9050
vn -0.0073 -0.0838 0.9965
vn -0.0069 -0.0838 0.9965
vn -0.0078 -0.0839 0.9964
vn 0.0393 0.4235 0.9050
vn -0.0083 -0.0839 0.9964
vn 0.0420 0.4232 0.9051
vn 0.0758 0.8174 0.5710
vn 0.0811 0.8169 0.5710
vn 0.0920 0.9922 0.0838
vn 0.0985 0.9916 0.0838
vn 0.0836 0.9009 -0.4259
vn 0.0894 0.9003 -0.4259
vn 0.0527 0.5680 -0.8213
vn 0.0564 0.5676 -0.8214
vn 0.0077 0.0829 -0.9965
vn 0.0082 0.0828 -0.9965
vn -0.0394 -0.4243 -0.9047
vn -0.0421 -0.4241 -0.9046
vn -0.0759 -0.8178 -0.5705
vn -0.0812 -0.8173 -0.5705
vn -0.0455 -0.4239 -0.9046
vn -0.0877 -0.8167 -0.5704
vn -0.0497 -0.4236 -0.9045
vn -0.0958 -0.8158 -0.5703
vn 0.0097 0.0823 -0.9966
vn 0.0089 0.0826 -0.9965
vn 0.0665 0.5663 -0.8215
vn 0.0609 0.5670 -0.8214
vn 0.1055 0.8985 -0.4261
vn 0.0966 0.8996 -0.4260
vn 0.1162 0.9897 0.0838
vn 0.1063 0.9908 0.0838
vn 0.0957 0.8152 0.5712
vn 0.0876 0.8162 0.5711
vn 0.0495 0.4221 0.9052
vn 0.0454 0.4227 0.9051
vn -0.0099 -0.0841 0.9964
vn -0.0090 -0.0840 0.9964
vn -0.0110 -0.0842 0.9964
vn 0.0550 0.4212 0.9053
vn -0.0125 -0.0845 0.9963
vn 0.0623 0.4197 0.9055
vn 0.1062 0.8138 0.5713
vn 0.1205 0.8117 0.5716
vn 0.1289 0.9881 0.0838
vn 0.1463 0.9857 0.0839
vn 0.1170 0.8970 -0.4262
vn 0.1328 0.8947 -0.4264
vn 0.0737 0.5652 -0.8217
vn 0.0836 0.5635 -0.8219
vn 0.0107 0.0819 -0.9966
vn 0.0120 0.0812 -0.9966
vn -0.0552 -0.4231 -0.9044
vn -0.0627 -0.4225 -0.9042
vn -0.1063 -0.8146 -0.5702
vn -0.1206 -0.8127 -0.5700
vn -0.0693 -0.4214 -0.9042
vn -0.1353 -0.8105 -0.5699
vn -0.0710 -0.4205 -0.9045
vn -0.1436 -0.8089 -0.5702
vn 0.0206 0.0807 -0.9965
vn 0.0153 0.0809 -0.9966
vn 0.1068 0.5605 -0.8213
vn 0.0958 0.5618 -0.8217
vn 0.1643 0.8899 -0.4256
vn 0.1507 0.8921 -0.4260
vn 0.1777 0.9805 0.0843
vn 0.1651 0.9827 0.0842
vn 0.1435 0.8080 0.5714
vn 0.1351 0.8093 0.5717
vn 0.0708 0.4190 0.9052
vn 0.0689 0.4188 0.9055
vn -0.0209 -0.0821 0.9964
vn -0.0157 -0.0837 0.9964
vn -0.0257 -0.0812 0.9964
vn 0.0706 0.4191 0.9052
vn -0.0288 -0.0806 0.9963
vn 0.0721 0.4189 0.9052
vn 0.1481 0.8072 0.5714
vn 0.1538 0.8062 0.5713
vn 0.1859 0.9790 0.0842
vn 0.1942 0.9774 0.0842
vn 0.1738 0.8881 -0.4256
vn 0.1825 0.8863 -0.4256
vn 0.1150 0.5589 -0.8212
vn 0.1218 0.5575 -0.8212
vn 0.0255 0.0798 -0.9965
vn 0.0285 0.0792 -0.9964
vn -0.0709 -0.4204 -0.9045
vn -0.0724 -0.4201 -0.9046
vn -0.1482 -0.8079 -0.5703
vn -0.1539 -0.8068 -0.5705
vn -0.0755 -0.4194 -0.9046
vn -0.1606 -0.8053 -0.5707
vn -0.0800 -0.4184 -0.9047
vn -0.1683 -0.8036 -0.5709
vn 0.0296 0.0789 -0.9964
vn 0.0299 0.0789 -0.9964
vn 0.1314 0.5553 -0.8212
vn 0.1272 0.5563 -0.8212
vn 0.1980 0.8829 -0.4257
vn 0.1905 0.8846 -0.4257
vn 0.2115 0.9738 0.0841
vn 0.2027 0.9756 0.0841
vn 0.1682 0.8033 0.5714
vn 0.1604 0.8049 0.5713
vn 0.0798 0.4173 0.9052
vn 0.0752 0.4183 0.9052
vn -0.0300 -0.0804 0.9963
vn -0.0302 -0.0803 0.9963
vn -0.0282 -0.0808 0.9963
vn 0.0859 0.4160 0.9053
vn -0.0250 -0.0816 0.9963
vn 0.0935 0.4143 0.9053
vn 0.1770 0.8014 0.5714
vn 0.1869 0.7991 0.5714
vn 0.2206 0.9717 0.0841
vn 0.2302 0.9695 0.0840
vn 0.2050 0.8813 -0.4257
vn 0.2117 0.8797 -0.4258
vn 0.1345 0.5546 -0.8212
vn 0.1364 0.5540 -0.8212
vn 0.0279 0.0793 -0.9965
vn 0.0246 0.0800 -0.9965
vn -0.0861 -0.4170 -0.9048
vn -0.0937 -0.4152 -0.9049
vn -0.1770 -0.8016 -0.5710
vn -0.1869 -0.7993 -0.5712
vn -0.1028 -0.4130 -0.9049
vn -0.1980 -0.7965 -0.5713
vn -0.1136 -0.4102 -0.9049
vn -0.2104 -0.7933 -0.5713
vn 0.0136 0.0827 -0.9965
vn 0.0199 0.0811 -0.9965
vn 0.1372 0.5537 -0.8214
vn 0.1373 0.5537 -0.8213
vn 0.2241 0.8765 -0.4260
vn 0.2180 0.8781 -0.4259
vn 0.2509 0.9644 0.0838
vn 0.2403 0.9671 0.0839
vn 0.2104 0.7934 0.5712
vn 0.1980 0.7965 0.5713
vn 0.1134 0.4093 0.9053
vn 0.1026 0.4121 0.9054
vn -0.0140 -0.0845 0.9963
vn -0.0203 -0.0828 0.9964
vn -0.0062 -0.0866 0.9962
vn 0.1259 0.4060 0.9051
vn 0.2242 0.7898 0.5710
vn 0.2623 0.9614 0.0835
vn 0.2300 0.8749 -0.4263
vn 0.1360 0.5539 -0.8214
vn 0.0057 0.0847 -0.9964
vn -0.1261 -0.4069 -0.9047
vn -0.2241 -0.7896 -0.5712
vn 0.2474 -0.7830 -0.5707
vn 0.2807 -0.9561 -0.0847
vn 0.2744 -0.9579 -0.0848
vn 0.2394 -0.7853 -0.5709
vn 0.1480 -0.4007 -0.9042
vn 0.1404 -0.4029 -0.9044
vn 0.0090 0.0887 -0.9960
vn 0.0038 0.0873 -0.9962
vn -0.1324 0.5547 -0.8215
vn -0.1338 0.5544 -0.8215
vn -0.2385 0.8724 -0.4267
vn -0.2357 0.8732 -0.4265
vn -0.2807 0.9562 0.0828
vn -0.2744 0.9580 0.0830
vn -0.2475 0.7833 0.5702
vn -0.2394 0.7856 0.5705
vn -0.1478 0.3999 0.9046
vn -0.1402 0.4021 0.9048
vn -0.0084 -0.0908 0.9958
vn -0.0032 -0.0893 0.9960
vn 0.1332 -0.5570 0.8198
vn 0.1345 -0.5565 0.8199
vn 0.2389 -0.8735 0.4241
vn 0.2361 -0.8743 0.4242
vn 0.1366 -0.5558 0.8200
vn 0.2303 -0.8758 0.4242
vn 0.2623 -0.9612 -0.0849
vn 0.1377 -0.5554 0.8201
vn 0.2243 -0.8773 0.4243
vn 0.2509 -0.9643 -0.0850
vn 0.1377 -0.5553 0.8202
vn 0.2182 -0.8788 0.4244
vn 0.2402 -0.9670 -0.0849
vn 0.1368 -0.5554 0.8202
vn 0.2118 -0.8803 0.4245
vn 0.2302 -0.9695 -0.0847
vn 0.1347 -0.5558 0.8203
vn 0.2051 -0.8818 0.4247
vn 0.2206 -0.9717 -0.0845
vn 0.1317 -0.5564 0.8204
vn 0.1981 -0.8833 0.4249
vn 0.2114 -0.9737 -0.0843
vn 0.1274 -0.5573 0.8205
vn 0.1905 -0.8849 0.4251
vn 0.2027 -0.9756 -0.0840
vn 0.1220 -0.5583 0.8206
vn 0.1825 -0.8865 0.4253
vn 0.1942 -0.9774 -0.0838
vn 0.1152 -0.5596 0.8207
vn 0.1738 -0.8881 0.4255
vn 0.1859 -0.9790 -0.0836
vn 0.1069 -0.5610 0.8209
vn 0.1643 -0.8898 0.4257
vn 0.1777 -0.9805 -0.0833
vn 0.0961 -0.5635 0.8205
vn 0.1507 -0.8924 0.4254
vn 0.1650 -0.9828 -0.0834
vn 0.0840 -0.5657 0.8203
vn 0.1329 -0.8954 0.4251
vn 0.1463 -0.9857 -0.0836
vn 0.0740 -0.5668 0.8205
vn 0.1171 -0.8975 0.4253
vn 0.1289 -0.9881 -0.0836
vn 0.0666 -0.5675 0.8207
vn 0.1055 -0.8989 0.4254
vn 0.1162 -0.9897 -0.0837
vn 0.0610 -0.5680 0.8208
vn 0.0966 -0.8998 0.4254
vn 0.1064 -0.9908 -0.0837
vn 0.0565 -0.5684 0.8208
vn 0.0895 -0.9005 0.4255
vn 0.0985 -0.9916 -0.0837
vn 0.0527 -0.5687 0.8209
vn 0.0836 -0.9011 0.4255
vn 0.0920 -0.9922 -0.0837
vn 0.0496 -0.5689 0.8209
vn 0.0786 -0.9015 0.4256
vn 0.0866 -0.9927 -0.0837
vn 0.0469 -0.5691 0.8209
vn 0.0743 -0.9019 0.4256
vn 0.0818 -0.9931 -0.0837
vn 0.0445 -0.5693 0.8210
vn 0.0705 -0.9022 0.4256
vn 0.0776 -0.9935 -0.0837
vn 0.0422 -0.5694 0.8210
vn 0.0669 -0.9024 0.4256
vn 0.0737 -0.9938 -0.0837
vn 0.0402 -0.5696 0.8210
vn 0.0636 -0.9027 0.4256
vn 0.0701 -0.9940 -0.0837
vn 0.0391 -0.5694 0.8211
vn 0.0619 -0.9027 0.4257
vn 0.0682 -0.9942 -0.0837
vn 0.0396 -0.5693 0.8212
vn 0.0627 -0.9027 0.4258
vn 0.0691 -0.9941 -0.0838
vn 0.0403 -0.5693 0.8211
vn 0.0639 -0.9026 0.4257
vn 0.0704 -0.9940 -0.0838
vn 0.0405 -0.5693 0.8211
vn 0.0641 -0.9026 0.4257
vn 0.0706 -0.9940 -0.0837
vn 0.0402 -0.5694 0.8211
vn 0.0637 -0.9026 0.4257
vn 0.0702 -0.9940 -0.0837
vn 0.0396 -0.5695 0.8211
vn 0.0628 -0.9027 0.4257
vn 0.0691 -0.9941 -0.0837
vn 0.0386 -0.5696 0.8210
vn 0.0612 -0.9028 0.4257
vn 0.0674 -0.9942 -0.0837
vn 0.0373 -0.5697 0.8210
vn 0.0591 -0.9030 0.4256
vn 0.0650 -0.9944 -0.0837
vn 0.0354 -0.5699 0.8210
vn 0.0560 -0.9032 0.4256
vn 0.0617 -0.9946 -0.0837
vn 0.0327 -0.5701 0.8209
vn 0.0518 -0.9035 0.4255
vn 0.0571 -0.9949 -0.0837
vn 0.0289 -0.5705 0.8208
vn 0.0458 -0.9038 0.4255
vn 0.0504 -0.9952 -0.0837
vn 0.0232 -0.5710 0.8206
vn 0.0368 -0.9043 0.4253
vn 0.0405 -0.9957 -0.0837
vn 0.0173 -0.5710 0.8208
vn 0.0274 -0.9046 0.4254
vn 0.0302 -0.9960 -0.0837
vn 0.0149 -0.5706 0.8211
vn 0.0237 -0.9045 0.4257
vn 0.0261 -0.9961 -0.0837
vn 0.0237 -0.9046 0.4257
vn 0.0147 -0.5706 0.8211
vn 0.0234 -0.9046 0.4257
vn 0.0257 -0.9962 -0.0837
vn 0.0144 -0.5706 0.8211
vn 0.0228 -0.9046 0.4257
vn 0.0251 -0.9962 -0.0837
vn 0.0138 -0.5707 0.8211
vn 0.0220 -0.9046 0.4257
vn 0.0242 -0.9962 -0.0837
vn 0.0131 -0.5707 0.8211
vn 0.0208 -0.9046 0.4257
vn 0.0229 -0.9962 -0.0837
vn 0.0122 -0.5707 0.8210
vn 0.0194 -0.9047 0.4257
vn 0.0213 -0.9963 -0.0837
vn 0.0110 -0.5708 0.8210
vn 0.0175 -0.9047 0.4256
vn 0.0192 -0.9963 -0.0837
vn 0.0094 -0.5709 0.8210
vn 0.0150 -0.9048 0.4256
vn 0.0165 -0.9964 -0.0837
vn 0.0073 -0.5710 0.8209
vn 0.0116 -0.9048 0.4256
vn 0.0127 -0.9964 -0.0837
vn 0.0043 -0.5711 0.8209
vn 0.0067 -0.9049 0.4255
vn 0.0074 -0.9965 -0.0837
vn 0.0025 -0.5712 0.8208
vn 0.0039 -0.9050 0.4254
vn 0.0043 -0.9965 -0.0837
vn 0.0061 -0.8213 -0.5705
vn 0.0035 -0.8213 -0.5704
vn 0.0032 -0.4261 -0.9047
vn 0.0018 -0.4263 -0.9046
vn -0.0006 0.0832 -0.9965
vn -0.0004 0.0830 -0.9965
vn -0.0043 0.5704 -0.8214
vn -0.0024 0.5703 -0.8214
vn -0.0067 0.9047 -0.4259
vn -0.0039 0.9047 -0.4260
vn -0.0074 0.9965 0.0838
vn -0.0043 0.9965 0.0838
vn -0.0061 0.8209 0.5710
vn -0.0035 0.8209 0.5711
vn -0.0032 0.4253 0.9051
vn -0.0018 0.4251 0.9051
vn 0.0006 -0.0843 0.9964
vn 0.0004 -0.0844 0.9964
vn 0.0011 -0.0841 0.9965
vn -0.0054 0.4254 0.9050
vn 0.0014 -0.0840 0.9965
vn -0.0070 0.4254 0.9050
vn -0.0136 0.8209 0.5709
vn -0.0105 0.8209 0.5709
vn -0.0165 0.9963 0.0838
vn -0.0127 0.9964 0.0838
vn -0.0150 0.9047 -0.4258
vn -0.0116 0.9047 -0.4259
vn -0.0094 0.5705 -0.8212
vn -0.0073 0.5705 -0.8213
vn -0.0014 0.0835 -0.9965
vn -0.0011 0.0834 -0.9965
vn 0.0070 -0.4259 -0.9048
vn 0.0054 -0.4260 -0.9047
vn 0.0136 -0.8211 -0.5706
vn 0.0105 -0.8212 -0.5706
vn 0.0082 -0.4258 -0.9048
vn 0.0159 -0.8210 -0.5707
vn 0.0091 -0.4257 -0.9048
vn 0.0176 -0.8210 -0.5707
vn -0.0018 0.0836 -0.9965
vn -0.0016 0.0835 -0.9965
vn -0.0122 0.5705 -0.8212
vn -0.0110 0.5705 -0.8212
vn -0.0194 0.9046 -0.4258
vn -0.0175 0.9047 -0.4258
vn -0.0213 0.9963 0.0838
vn -0.0193 0.9963 0.0838
vn -0.0176 0.8209 0.5708
vn -0.0159 0.8209 0.5709
vn -0.0091 0.4255 0.9049
vn -0.0082 0.4255 0.9049
vn 0.0018 -0.0839 0.9965
vn 0.0016 -0.0839 0.9965
vn 0.0019 -0.0838 0.9965
vn -0.0098 0.4255 0.9049
vn 0.0020 -0.0838 0.9965
vn -0.0103 0.4255 0.9049
vn -0.0199 0.8208 0.5708
vn -0.0189 0.8209 0.5708
vn -0.0242 0.9962 0.0838
vn -0.0229 0.9962 0.0838
vn -0.0220 0.9046 -0.4258
vn -0.0208 0.9046 -0.4258
vn -0.0138 0.5705 -0.8212
vn -0.0131 0.5705 -0.8212
vn -0.0020 0.0836 -0.9965
vn -0.0019 0.0836 -0.9965
vn 0.0103 -0.4257 -0.9048
vn 0.0098 -0.4257 -0.9048
vn 0.0199 -0.8209 -0.5707
vn 0.0189 -0.8209 -0.5707
vn 0.0107 -0.4256 -0.9048
vn 0.0207 -0.8209 -0.5707
vn 0.0110 -0.4256 -0.9048
vn 0.0212 -0.8209 -0.5707
vn -0.0022 0.0837 -0.9965
vn -0.0021 0.0837 -0.9965
vn -0.0147 0.5706 -0.8211
vn -0.0144 0.5705 -0.8211
vn -0.0234 0.9045 -0.4257
vn -0.0228 0.9046 -0.4257
vn -0.0257 0.9962 0.0838
vn -0.0251 0.9962 0.0838
vn -0.0212 0.8208 0.5708
vn -0.0207 0.8208 0.5708
vn -0.0110 0.4255 0.9049
vn -0.0107 0.4255 0.9049
vn 0.0022 -0.0838 0.9965
vn 0.0021 -0.0838 0.9965
vn 0.0022 -0.0837 0.9965
vn -0.0111 0.4256 0.9049
vn -0.0111 0.4256 0.9048
vn -0.0215 0.8208 0.5708
vn -0.0261 0.9961 0.0837
vn -0.0237 0.9045 -0.4257
vn -0.0149 0.5706 -0.8211
vn 0.0111 -0.4256 -0.9049
vn 0.0215 -0.8208 -0.5708
vn 0.0129 -0.4261 -0.9046
vn 0.0249 -0.8210 -0.5704
vn 0.0173 -0.4262 -0.9045
vn 0.0334 -0.8208 -0.5703
vn -0.0034 0.0827 -0.9966
vn -0.0025 0.0830 -0.9965
vn -0.0232 0.5696 -0.8216
vn -0.0173 0.5700 -0.8214
vn -0.0367 0.9039 -0.4261
vn -0.0274 0.9043 -0.4260
vn -0.0405 0.9957 0.0838
vn -0.0302 0.9960 0.0838
vn -0.0333 0.8201 0.5712
vn -0.0249 0.8205 0.5711
vn -0.0173 0.4245 0.9052
vn -0.0129 0.4250 0.9051
vn 0.0034 -0.0847 0.9964
vn 0.0026 -0.0844 0.9964
vn 0.0043 -0.0843 0.9964
vn -0.0215 0.4246 0.9051
vn 0.0048 -0.0841 0.9964
vn -0.0244 0.4247 0.9050
vn -0.0470 0.8196 0.5710
vn -0.0416 0.8198 0.5711
vn -0.0571 0.9948 0.0838
vn -0.0505 0.9952 0.0838
vn -0.0518 0.9033 -0.4259
vn -0.0458 0.9036 -0.4260
vn -0.0327 0.5695 -0.8213
vn -0.0289 0.5696 -0.8214
vn -0.0048 0.0832 -0.9965
vn -0.0042 0.0830 -0.9965
vn 0.0244 -0.4254 -0.9047
vn 0.0216 -0.4257 -0.9046
vn 0.0470 -0.8199 -0.5706
vn 0.0416 -0.8203 -0.5705
vn 0.0264 -0.4252 -0.9047
vn 0.0508 -0.8196 -0.5706
vn 0.0278 -0.4250 -0.9048
vn 0.0536 -0.8194 -0.5707
vn -0.0055 0.0833 -0.9965
vn -0.0052 0.0833 -0.9965
vn -0.0372 0.5694 -0.8212
vn -0.0353 0.5695 -0.8213
vn -0.0590 0.9029 -0.4258
vn -0.0560 0.9031 -0.4258
vn -0.0650 0.9944 0.0838
vn -0.0617 0.9946 0.0838
vn -0.0536 0.8193 0.5709
vn -0.0508 0.8194 0.5709
vn -0.0278 0.4246 0.9049
vn -0.0263 0.4246 0.9050
vn 0.0055 -0.0838 0.9965
vn 0.0052 -0.0839 0.9965
vn 0.0057 -0.0837 0.9965
vn -0.0288 0.4246 0.9049
vn 0.0058 -0.0837 0.9965
vn -0.0295 0.4246 0.9049
vn -0.0570 0.8191 0.5708
vn -0.0556 0.8192 0.5708
vn -0.0691 0.9941 0.0838
vn -0.0674 0.9942 0.0838
vn -0.0628 0.9027 -0.4258
vn -0.0612 0.9028 -0.4258
vn -0.0396 0.5693 -0.8212
vn -0.0386 0.5694 -0.8212
vn -0.0058 0.0834 -0.9965
vn -0.0057 0.0834 -0.9965
vn 0.0295 -0.4248 -0.9048
vn 0.0288 -0.4249 -0.9048
vn 0.0570 -0.8192 -0.5707
vn 0.0556 -0.8193 -0.5707
vn 0.0300 -0.4247 -0.9048
vn 0.0578 -0.8191 -0.5707
vn 0.0302 -0.4247 -0.9049
vn 0.0582 -0.8190 -0.5708
vn -0.0059 0.0835 -0.9965
vn -0.0405 0.5693 -0.8211
vn -0.0402 0.5693 -0.8211
vn -0.0641 0.9026 -0.4257
vn -0.0637 0.9026 -0.4257
vn -0.0706 0.9940 0.0837
vn -0.0702 0.9940 0.0838
vn -0.0582 0.8190 0.5708
vn -0.0578 0.8191 0.5708
vn -0.0302 0.4246 0.9049
vn -0.0300 0.4246 0.9049
vn 0.0059 -0.0835 0.9965
vn 0.0059 -0.0836 0.9965
vn -0.0301 0.4247 0.9048
vn 0.0058 -0.0834 0.9965
vn -0.0295 0.4248 0.9048
vn -0.0569 0.8192 0.5707
vn -0.0580 0.8191 0.5707
vn -0.0691 0.9941 0.0837
vn -0.0704 0.9940 0.0837
vn -0.0627 0.9027 -0.4257
vn -0.0639 0.9026 -0.4257
vn -0.0396 0.5695 -0.8210
vn -0.0403 0.5694 -0.8211
vn -0.0058 0.0837 -0.9965
vn -0.0059 0.0836 -0.9965
vn 0.0295 -0.4246 -0.9049
vn 0.0301 -0.4246 -0.9049
vn 0.0569 -0.8191 -0.5708
vn 0.0580 -0.8190 -0.5708
vn 0.0291 -0.4247 -0.9049
vn 0.0562 -0.8192 -0.5708
vn 0.0300 -0.4249 -0.9047
vn 0.0577 -0.8192 -0.5706
vn -0.0059 0.0832 -0.9965
vn -0.0057 0.0835 -0.9965
vn -0.0401 0.5692 -0.8212
vn -0.0391 0.5694 -0.8211
vn -0.0636 0.9026 -0.4258
vn -0.0619 0.9027 -0.4257
vn -0.0701 0.9940 0.0838
vn -0.0682 0.9941 0.0837
vn -0.0577 0.8190 0.5709
vn -0.0562 0.8192 0.5708
vn -0.0299 0.4244 0.9050
vn -0.0291 0.4247 0.9049
vn 0.0059 -0.0838 0.9965
vn 0.0057 -0.0836 0.9965
vn 0.0062 -0.0838 0.9965
vn -0.0315 0.4243 0.9050
vn 0.0065 -0.0838 0.9965
vn -0.0331 0.4242 0.9050
vn -0.0639 0.8185 0.5709
vn -0.0607 0.8188 0.5709
vn -0.0776 0.9935 0.0838
vn -0.0737 0.9938 0.0838
vn -0.0705 0.9020 -0.4258
vn -0.0669 0.9023 -0.4258
vn -0.0444 0.5688 -0.8213
vn -0.0422 0.5690 -0.8213
vn -0.0065 0.0832 -0.9965
vn -0.0062 0.0832 -0.9965
vn 0.0332 -0.4247 -0.9047
vn 0.0315 -0.4248 -0.9047
vn 0.0639 -0.8187 -0.5706
vn 0.0608 -0.8190 -0.5706
vn 0.0350 -0.4246 -0.9047
vn 0.0674 -0.8185 -0.5706
vn 0.0370 -0.4244 -0.9047
vn 0.0713 -0.8181 -0.5706
vn -0.0072 0.0830 -0.9965
vn -0.0068 0.0831 -0.9965
vn -0.0496 0.5683 -0.8213
vn -0.0468 0.5686 -0.8213
vn -0.0786 0.9014 -0.4259
vn -0.0743 0.9017 -0.4259
vn -0.0866 0.9927 0.0838
vn -0.0818 0.9931 0.0838
vn -0.0713 0.8179 0.5710
vn -0.0674 0.8182 0.5709
vn -0.0370 0.4238 0.9050
vn -0.0349 0.4240 0.9050
vn 0.0073 -0.0838 0.9965
vn 0.0069 -0.0838 0.9965
vn 0.0078 -0.0839 0.9964
vn -0.0393 0.4235 0.9050
vn 0.0083 -0.0839 0.9964
vn -0.0420 0.4232 0.9051
vn -0.0811 0.8169 0.5710
vn -0.0758 0.8174 0.5710
vn -0.0985 0.9916 0.0838
vn -0.0920 0.9922 0.0838
vn -0.0894 0.9003 -0.4259
vn -0.0836 0.9009 -0.4259
vn -0.0564 0.5676 -0.8214
vn -0.0527 0.5680 -0.8213
vn -0.0082 0.0828 -0.9965
vn -0.0077 0.0829 -0.9965
vn 0.0421 -0.4241 -0.9046
vn 0.0394 -0.4243 -0.9047
vn 0.0812 -0.8173 -0.5705
vn 0.0759 -0.8178 -0.5705
vn 0.0455 -0.4239 -0.9046
vn 0.0877 -0.8167 -0.5704
vn 0.0497 -0.4236 -0.9045
vn 0.0958 -0.8158 -0.5703
vn -0.0097 0.0823 -0.9966
vn -0.0089 0.0826 -0.9965
vn -0.0665 0.5663 -0.8215
vn -0.0609 0.5670 -0.8214
vn -0.1055 0.8985 -0.4261
vn -0.0966 0.8996 -0.4260
vn -0.1162 0.9897 0.0838
vn -0.1063 0.9908 0.0838
vn -0.0957 0.8152 0.5712
vn -0.0876 0.8162 0.5711
vn -0.0495 0.4221 0.9052
vn -0.0454 0.4227 0.9051
vn 0.0099 -0.0841 0.9964
vn 0.0090 -0.0840 0.9964
vn 0.0110 -0.0842 0.9964
vn -0.0550 0.4212 0.9053
vn 0.0125 -0.0845 0.9963
vn -0.0623 0.4197 0.9055
vn -0.1205 0.8117 0.5716
vn -0.1062 0.8138 0.5713
vn -0.1463 0.9857 0.0839
vn -0.1289 0.9881 0.0838
vn -0.1328 0.8947 -0.4264
vn -0.1170 0.8970 -0.4262
vn -0.0836 0.5635 -0.8219
vn -0.0737 0.5652 -0.8217
vn -0.0120 0.0812 -0.9966
vn -0.0107 0.0819 -0.9966
vn 0.0627 -0.4225 -0.9042
vn 0.0552 -0.4231 -0.9044
vn 0.1206 -0.8128 -0.5700
vn 0.1063 -0.8146 -0.5702
vn 0.0693 -0.4213 -0.9042
vn 0.1353 -0.8105 -0.5699
vn 0.0710 -0.4205 -0.9045
vn 0.1436 -0.8089 -0.5702
vn -0.0206 0.0807 -0.9965
vn -0.0153 0.0809 -0.9966
vn -0.1068 0.5605 -0.8213
vn -0.0958 0.5618 -0.8217
vn -0.1643 0.8899 -0.4256
vn -0.1507 0.8921 -0.4260
vn -0.1777 0.9805 0.0843
vn -0.1651 0.9827 0.0842
vn -0.1435 0.8080 0.5714
vn -0.1351 0.8093 0.5717
vn -0.0708 0.4190 0.9052
vn -0.0689 0.4188 0.9055
vn 0.0209 -0.0821 0.9964
vn 0.0157 -0.0837 0.9964
vn 0.0257 -0.0812 0.9964
vn -0.0706 0.4191 0.9052
vn 0.0288 -0.0806 0.9963
vn -0.0721 0.4189 0.9052
vn -0.1538 0.8062 0.5713
vn -0.1481 0.8072 0.5714
vn -0.1942 0.9774 0.0842
vn -0.1859 0.9790 0.0842
vn -0.1825 0.8863 -0.4256
vn -0.1738 0.8881 -0.4256
vn -0.1218 0.5575 -0.8212
vn -0.1150 0.5589 -0.8212
vn -0.0285 0.0792 -0.9964
vn -0.0255 0.0798 -0.9965
vn 0.0724 -0.4201 -0.9046
vn 0.0709 -0.4204 -0.9045
vn 0.1539 -0.8068 -0.5705
vn 0.1482 -0.8079 -0.5703
vn 0.0755 -0.4194 -0.9046
vn 0.1606 -0.8053 -0.5707
vn 0.0800 -0.4184 -0.9047
vn 0.1683 -0.8036 -0.5709
vn -0.0296 0.0789 -0.9964
vn -0.0299 0.0789 -0.9964
vn -0.1314 0.5553 -0.8212
vn -0.1272 0.5563 -0.8212
vn -0.1980 0.8830 -0.4257
vn -0.1905 0.8846 -0.4257
vn -0.2115 0.9738 0.0841
vn -0.2027 0.9756 0.0841
vn -0.1682 0.8033 0.5714
vn -0.1604 0.8049 0.5713
vn -0.0798 0.4173 0.9052
vn -0.0752 0.4183 0.9052
vn 0.0300 -0.0804 0.9963
vn 0.0302 -0.0803 0.9963
vn 0.0282 -0.0808 0.9963
vn -0.0859 0.4160 0.9053
vn 0.0250 -0.0816 0.9963
vn -0.0935 0.4143 0.9053
vn -0.1869 0.7991 0.5714
vn -0.1770 0.8014 0.5714
vn -0.2302 0.9695 0.0840
vn -0.2206 0.9717 0.0841
vn -0.2117 0.8797 -0.4258
vn -0.2050 0.8813 -0.4257
vn -0.1364 0.5540 -0.8212
vn -0.1345 0.5546 -0.8212
vn -0.0246 0.0800 -0.9965
vn -0.0279 0.0793 -0.9965
vn 0.0937 -0.4152 -0.9049
vn 0.0861 -0.4170 -0.9048
vn 0.1869 -0.7993 -0.5712
vn 0.1770 -0.8016 -0.5710
vn 0.1028 -0.4130 -0.9049
vn 0.1980 -0.7965 -0.5713
vn 0.1136 -0.4102 -0.9049
vn 0.2104 -0.7933 -0.5713
vn -0.0136 0.0827 -0.9965
vn -0.0199 0.0811 -0.9965
vn -0.1372 0.5537 -0.8214
vn -0.1373 0.5537 -0.8213
vn -0.2241 0.8765 -0.4260
vn -0.2180 0.8781 -0.4259
vn -0.2509 0.9644 0.0838
vn -0.2403 0.9671 0.0839
vn -0.2104 0.7934 0.5712
vn -0.1980 0.7965 0.5713
vn -0.1134 0.4093 0.9053
vn -0.1026 0.4121 0.9054
vn 0.0141 -0.0845 0.9963
vn 0.0203 -0.0828 0.9964
vn 0.0062 -0.0866 0.9962
vn -0.1259 0.4060 0.9051
vn -0.2242 0.7898 0.5710
vn -0.2623 0.9614 0.0835
vn -0.2300 0.8749 -0.4262
vn -0.1360 0.5539 -0.8214
vn -0.0057 0.0847 -0.9964
vn 0.1261 -0.4069 -0.9047
vn 0.2241 -0.7896 -0.5712
vn -0.1480 -0.4008 0.9042
vn -0.1329 -0.8954 -0.4251
vn -0.1171 -0.8975 -0.4252
vn -0.0212 -0.8209 0.5707
vn 0.0147 0.5706 0.8211
vn 0.0257 0.9962 -0.0837
vn 0.0556 0.8192 -0.5709
vn 0.0331 0.4241 -0.9050
vn 0.0705 0.9021 0.4258
vn 0.1980 0.8830 0.4257
vn -0.0141 -0.0845 -0.9963
vn 0.2474 -0.7830 0.5707
vn 0.2394 -0.7853 0.5709
vn 0.2744 -0.9579 0.0848
vn 0.2807 -0.9561 0.0847
vn 0.1480 -0.4007 0.9042
vn 0.1404 -0.4029 0.9044
vn 0.0090 0.0887 0.9960
vn 0.0038 0.0873 0.9962
vn -0.1324 0.5547 0.8215
vn -0.1338 0.5544 0.8214
vn -0.2385 0.8724 0.4267
vn -0.2357 0.8732 0.4265
vn -0.2807 0.9562 -0.0828
vn -0.2744 0.9580 -0.0831
vn -0.2475 0.7833 -0.5702
vn -0.2394 0.7856 -0.5706
vn -0.1478 0.3999 -0.9046
vn -0.1402 0.4021 -0.9048
vn -0.0084 -0.0908 -0.9958
vn -0.0032 -0.0893 -0.9960
vn 0.1332 -0.5570 -0.8198
vn 0.1345 -0.5565 -0.8199
vn 0.2389 -0.8735 -0.4241
vn 0.2361 -0.8743 -0.4242
vn 0.2303 -0.8758 -0.4242
vn 0.1366 -0.5558 -0.8200
vn 0.2623 -0.9612 0.0849
vn 0.2243 -0.8773 -0.4243
vn 0.1377 -0.5554 -0.8201
vn 0.2509 -0.9643 0.0850
vn 0.2182 -0.8788 -0.4244
vn 0.1377 -0.5553 -0.8202
vn 0.2402 -0.9670 0.0849
vn 0.2118 -0.8803 -0.4245
vn 0.1368 -0.5555 -0.8202
vn 0.2302 -0.9695 0.0847
vn 0.2051 -0.8818 -0.4247
vn 0.1347 -0.5558 -0.8203
vn 0.2206 -0.9717 0.0845
vn 0.1981 -0.8833 -0.4249
vn 0.1317 -0.5564 -0.8204
vn 0.2114 -0.9737 0.0843
vn 0.1905 -0.8849 -0.4251
vn 0.1274 -0.5573 -0.8205
vn 0.2027 -0.9756 0.0840
vn 0.1825 -0.8865 -0.4253
vn 0.1220 -0.5583 -0.8206
vn 0.1942 -0.9774 0.0838
vn 0.1738 -0.8881 -0.4255
vn 0.1152 -0.5596 -0.8207
vn 0.1859 -0.9790 0.0836
vn 0.1643 -0.8898 -0.4257
vn 0.1069 -0.5610 -0.8209
vn 0.1777 -0.9805 0.0833
vn 0.1507 -0.8924 -0.4254
vn 0.0961 -0.5635 -0.8205
vn 0.1650 -0.9828 0.0834
vn 0.1329 -0.8954 -0.4251
vn 0.0840 -0.5657 -0.8203
vn 0.1463 -0.9857 0.0836
vn 0.1171 -0.8975 -0.4253
vn 0.0740 -0.5668 -0.8205
vn 0.1289 -0.9881 0.0836
vn 0.1055 -0.8988 -0.4254
vn 0.0666 -0.5675 -0.8207
vn 0.1162 -0.9897 0.0837
vn 0.0966 -0.8998 -0.4254
vn 0.0610 -0.5680 -0.8208
vn 0.1064 -0.9908 0.0837
vn 0.0895 -0.9005 -0.4255
vn 0.0565 -0.5684 -0.8208
vn 0.0985 -0.9916 0.0837
vn 0.0836 -0.9011 -0.4255
vn 0.0527 -0.5687 -0.8209
vn 0.0920 -0.9922 0.0837
vn 0.0786 -0.9015 -0.4256
vn 0.0496 -0.5689 -0.8209
vn 0.0866 -0.9927 0.0837
vn 0.0743 -0.9019 -0.4256
vn 0.0469 -0.5691 -0.8209
vn 0.0818 -0.9931 0.0837
vn 0.0705 -0.9022 -0.4256
vn 0.0445 -0.5693 -0.8210
vn 0.0776 -0.9935 0.0837
vn 0.0669 -0.9024 -0.4256
vn 0.0422 -0.5694 -0.8210
vn 0.0737 -0.9938 0.0837
vn 0.0636 -0.9027 -0.4256
vn 0.0402 -0.5696 -0.8210
vn 0.0701 -0.9940 0.0837
vn 0.0619 -0.9027 -0.4257
vn 0.0391 -0.5694 -0.8211
vn 0.0682 -0.9942 0.0837
vn 0.0627 -0.9027 -0.4258
vn 0.0396 -0.5693 -0.8212
vn 0.0691 -0.9941 0.0838
vn 0.0639 -0.9026 -0.4257
vn 0.0403 -0.5693 -0.8211
vn 0.0704 -0.9940 0.0838
vn 0.0641 -0.9026 -0.4257
vn 0.0405 -0.5693 -0.8211
vn 0.0706 -0.9940 0.0837
vn 0.0637 -0.9026 -0.4257
vn 0.0402 -0.5694 -0.8211
vn 0.0702 -0.9940 0.0837
vn 0.0628 -0.9027 -0.4257
vn 0.0396 -0.5695 -0.8211
vn 0.0691 -0.9941 0.0837
vn 0.0612 -0.9028 -0.4257
vn 0.0386 -0.5696 -0.8210
vn 0.0674 -0.9942 0.0837
vn 0.0591 -0.9030 -0.4256
vn 0.0373 -0.5697 -0.8210
vn 0.0650 -0.9944 0.0837
vn 0.0560 -0.9032 -0.4256
vn 0.0354 -0.5699 -0.8210
vn 0.0617 -0.9946 0.0837
vn 0.0518 -0.9035 -0.4255
vn 0.0327 -0.5701 -0.8209
vn 0.0571 -0.9949 0.0837
vn 0.0458 -0.9038 -0.4255
vn 0.0289 -0.5705 -0.8208
vn 0.0504 -0.9952 0.0837
vn 0.0368 -0.9043 -0.4253
vn 0.0232 -0.5710 -0.8206
vn 0.0405 -0.9957 0.0837
vn 0.0274 -0.9046 -0.4254
vn 0.0173 -0.5710 -0.8208
vn 0.0302 -0.9960 0.0837
vn 0.0237 -0.9045 -0.4257
vn 0.0149 -0.5706 -0.8211
vn 0.0261 -0.9961 0.0837
vn 0.0234 -0.9046 -0.4257
vn 0.0147 -0.5706 -0.8211
vn 0.0257 -0.9962 0.0837
vn 0.0228 -0.9046 -0.4257
vn 0.0144 -0.5706 -0.8211
vn 0.0251 -0.9962 0.0837
vn 0.0220 -0.9046 -0.4257
vn 0.0138 -0.5707 -0.8211
vn 0.0242 -0.9962 0.0837
vn 0.0208 -0.9046 -0.4257
vn 0.0131 -0.5707 -0.8211
vn 0.0229 -0.9962 0.0837
vn 0.0194 -0.9047 -0.4257
vn 0.0122 -0.5707 -0.8210
vn 0.0213 -0.9963 0.0837
vn 0.0175 -0.9047 -0.4256
vn 0.0110 -0.5708 -0.8210
vn 0.0192 -0.9963 0.0837
vn 0.0150 -0.9048 -0.4256
vn 0.0094 -0.5709 -0.8210
vn 0.0165 -0.9964 0.0837
vn 0.0116 -0.9048 -0.4256
vn 0.0073 -0.5710 -0.8209
vn 0.0127 -0.9964 0.0837
vn 0.0067 -0.9049 -0.4255
vn 0.0043 -0.5711 -0.8209
vn 0.0074 -0.9965 0.0837
vn 0.0039 -0.9050 -0.4254
vn 0.0025 -0.5712 -0.8208
vn 0.0043 -0.9965 0.0837
vn 0.0061 -0.8213 0.5705
vn 0.0035 -0.8213 0.5704
vn 0.0032 -0.4261 0.9047
vn 0.0018 -0.4263 0.9046
vn -0.0006 0.0832 0.9965
vn -0.0004 0.0830 0.9965
vn -0.0043 0.5704 0.8214
vn -0.0024 0.5703 0.8214
vn -0.0067 0.9047 0.4259
vn -0.0039 0.9047 0.4260
vn -0.0074 0.9965 -0.0838
vn -0.0043 0.9965 -0.0838
vn -0.0061 0.8209 -0.5710
vn -0.0035 0.8209 -0.5711
vn -0.0032 0.4253 -0.9051
vn -0.0018 0.4251 -0.9051
vn 0.0006 -0.0843 -0.9964
vn 0.0004 -0.0845 -0.9964
vn 0.0011 -0.0841 -0.9965
vn -0.0054 0.4254 -0.9050
vn 0.0014 -0.0840 -0.9965
vn -0.0070 0.4254 -0.9050
vn -0.0105 0.8209 -0.5709
vn -0.0136 0.8209 -0.5709
vn -0.0127 0.9964 -0.0838
vn -0.0165 0.9963 -0.0838
vn -0.0116 0.9047 0.4259
vn -0.0150 0.9047 0.4258
vn -0.0073 0.5705 0.8213
vn -0.0094 0.5705 0.8212
vn -0.0011 0.0834 0.9965
vn -0.0014 0.0835 0.9965
vn 0.0054 -0.4260 0.9047
vn 0.0070 -0.4259 0.9048
vn 0.0105 -0.8212 0.5706
vn 0.0136 -0.8211 0.5706
vn 0.0082 -0.4258 0.9048
vn 0.0159 -0.8210 0.5707
vn 0.0091 -0.4257 0.9048
vn 0.0176 -0.8210 0.5707
vn -0.0018 0.0836 0.9965
vn -0.0016 0.0835 0.9965
vn -0.0122 0.5705 0.8212
vn -0.0110 0.5705 0.8212
vn -0.0194 0.9046 0.4258
vn -0.0175 0.9047 0.4258
vn -0.0213 0.9963 -0.0838
vn -0.0193 0.9963 -0.0838
vn -0.0176 0.8209 -0.5708
vn -0.0159 0.8209 -0.5709
vn -0.0091 0.4255 -0.9049
vn -0.0082 0.4255 -0.9049
vn 0.0018 -0.0839 -0.9965
vn 0.0016 -0.0839 -0.9965
vn 0.0019 -0.0838 -0.9965
vn -0.0098 0.4255 -0.9049
vn 0.0020 -0.0838 -0.9965
vn -0.0103 0.4255 -0.9049
vn -0.0189 0.8209 -0.5708
vn -0.0199 0.8208 -0.5708
vn -0.0229 0.9962 -0.0838
vn -0.0242 0.9962 -0.0838
vn -0.0208 0.9046 0.4258
vn -0.0220 0.9046 0.4257
vn -0.0131 0.5705 0.8212
vn -0.0138 0.5705 0.8211
vn -0.0019 0.0836 0.9965
vn -0.0020 0.0836 0.9965
vn 0.0098 -0.4257 0.9048
vn 0.0103 -0.4257 0.9048
vn 0.0189 -0.8209 0.5707
vn 0.0199 -0.8209 0.5707
vn 0.0107 -0.4256 0.9048
vn 0.0207 -0.8209 0.5707
vn 0.0110 -0.4256 0.9048
vn 0.0212 -0.8209 0.5707
vn -0.0022 0.0837 0.9965
vn -0.0021 0.0837 0.9965
vn -0.0147 0.5706 0.8211
vn -0.0144 0.5705 0.8211
vn -0.0234 0.9045 0.4257
vn -0.0228 0.9046 0.4257
vn -0.0257 0.9962 -0.0838
vn -0.0251 0.9962 -0.0838
vn -0.0212 0.8208 -0.5708
vn -0.0207 0.8208 -0.5708
vn -0.0110 0.4255 -0.9049
vn -0.0107 0.4255 -0.9049
vn 0.0022 -0.0838 -0.9965
vn 0.0021 -0.0838 -0.9965
vn 0.0022 -0.0837 -0.9965
vn -0.0111 0.4256 -0.9049
vn -0.0111 0.4256 -0.9048
vn -0.0215 0.8208 -0.5708
vn -0.0261 0.9961 -0.0837
vn -0.0237 0.9045 0.4257
vn -0.0149 0.5706 0.8211
vn 0.0111 -0.4256 0.9049
vn 0.0215 -0.8208 0.5708
vn 0.0129 -0.4261 0.9046
vn 0.0249 -0.8210 0.5704
vn 0.0173 -0.4262 0.9045
vn 0.0334 -0.8208 0.5703
vn -0.0034 0.0827 0.9966
vn -0.0025 0.0830 0.9965
vn -0.0232 0.5696 0.8216
vn -0.0173 0.5700 0.8214
vn -0.0367 0.9039 0.4261
vn -0.0274 0.9043 0.4260
vn -0.0405 0.9957 -0.0838
vn -0.0302 0.9960 -0.0838
vn -0.0333 0.8201 -0.5712
vn -0.0249 0.8205 -0.5711
vn -0.0173 0.4245 -0.9052
vn -0.0129 0.4250 -0.9051
vn 0.0034 -0.0847 -0.9964
vn 0.0026 -0.0844 -0.9964
vn 0.0043 -0.0843 -0.9964
vn -0.0215 0.4246 -0.9051
vn 0.0048 -0.0841 -0.9964
vn -0.0244 0.4247 -0.9050
vn -0.0416 0.8198 -0.5711
vn -0.0470 0.8196 -0.5710
vn -0.0505 0.9952 -0.0838
vn -0.0571 0.9948 -0.0838
vn -0.0458 0.9036 0.4260
vn -0.0518 0.9033 0.4259
vn -0.0289 0.5696 0.8214
vn -0.0327 0.5695 0.8213
vn -0.0042 0.0830 0.9965
vn -0.0048 0.0832 0.9965
vn 0.0216 -0.4257 0.9046
vn 0.0244 -0.4254 0.9047
vn 0.0416 -0.8203 0.5705
vn 0.0470 -0.8199 0.5706
vn 0.0264 -0.4252 0.9047
vn 0.0508 -0.8196 0.5706
vn 0.0278 -0.4250 0.9048
vn 0.0536 -0.8194 0.5707
vn -0.0055 0.0833 0.9965
vn -0.0052 0.0833 0.9965
vn -0.0372 0.5694 0.8212
vn -0.0353 0.5695 0.8213
vn -0.0590 0.9029 0.4258
vn -0.0560 0.9031 0.4258
vn -0.0650 0.9944 -0.0838
vn -0.0617 0.9946 -0.0838
vn -0.0536 0.8193 -0.5709
vn -0.0508 0.8194 -0.5709
vn -0.0278 0.4246 -0.9049
vn -0.0263 0.4246 -0.9050
vn 0.0055 -0.0838 -0.9965
vn 0.0052 -0.0839 -0.9965
vn 0.0057 -0.0837 -0.9965
vn -0.0288 0.4246 -0.9049
vn 0.0058 -0.0837 -0.9965
vn -0.0295 0.4246 -0.9049
vn -0.0556 0.8192 -0.5708
vn -0.0570 0.8191 -0.5708
vn -0.0674 0.9942 -0.0838
vn -0.0691 0.9941 -0.0838
vn -0.0612 0.9028 0.4258
vn -0.0628 0.9027 0.4258
vn -0.0386 0.5694 0.8212
vn -0.0396 0.5693 0.8212
vn -0.0057 0.0834 0.9965
vn -0.0058 0.0834 0.9965
vn 0.0288 -0.4249 0.9048
vn 0.0295 -0.4248 0.9048
vn 0.0556 -0.8193 0.5707
vn 0.0570 -0.8192 0.5707
vn 0.0300 -0.4247 0.9048
vn 0.0578 -0.8191 0.5707
vn 0.0302 -0.4247 0.9049
vn 0.0582 -0.8190 0.5708
vn -0.0059 0.0835 0.9965
vn -0.0405 0.5693 0.8211
vn -0.0402 0.5693 0.8211
vn -0.0641 0.9026 0.4257
vn -0.0637 0.9026 0.4257
vn -0.0706 0.9940 -0.0837
vn -0.0702 0.9940 -0.0838
vn -0.0582 0.8190 -0.5708
vn -0.0578 0.8190 -0.5708
vn -0.0302 0.4246 -0.9049
vn -0.0300 0.4246 -0.9049
vn 0.0059 -0.0836 -0.9965
vn 0.0059 -0.0835 -0.9965
vn -0.0301 0.4247 -0.9048
vn 0.0058 -0.0834 -0.9965
vn -0.0295 0.4248 -0.9048
vn -0.0580 0.8191 -0.5707
vn -0.0569 0.8192 -0.5707
vn -0.0704 0.9940 -0.0837
vn -0.0691 0.9941 -0.0837
vn -0.0639 0.9026 0.4257
vn -0.0627 0.9027 0.4257
vn -0.0403 0.5694 0.8211
vn -0.0396 0.5695 0.8210
vn -0.0059 0.0836 0.9965
vn -0.0058 0.0837 0.9965
vn 0.0301 -0.4246 0.9049
vn 0.0295 -0.4246 0.9049
vn 0.0580 -0.8190 0.5708
vn 0.0569 -0.8191 0.5708
vn 0.0291 -0.4247 0.9049
vn 0.0562 -0.8192 0.5708
vn 0.0300 -0.4249 0.9047
vn 0.0577 -0.8192 0.5706
vn -0.0059 0.0832 0.9965
vn -0.0057 0.0835 0.9965
vn -0.0401 0.5692 0.8212
vn -0.0391 0.5694 0.8211
vn -0.0636 0.9026 0.4258
vn -0.0619 0.9027 0.4257
vn -0.0701 0.9940 -0.0838
vn -0.0682 0.9941 -0.0838
vn -0.0577 0.8190 -0.5709
vn -0.0562 0.8192 -0.5708
vn -0.0299 0.4244 -0.9050
vn -0.0291 0.4247 -0.9049
vn 0.0059 -0.0838 -0.9965
vn 0.0057 -0.0836 -0.9965
vn 0.0062 -0.0838 -0.9965
vn -0.0315 0.4243 -0.9050
vn 0.0065 -0.0838 -0.9965
vn -0.0331 0.4242 -0.9050
vn -0.0607 0.8188 -0.5709
vn -0.0639 0.8185 -0.5709
vn -0.0737 0.9938 -0.0838
vn -0.0776 0.9935 -0.0838
vn -0.0669 0.9023 0.4258
vn -0.0705 0.9020 0.4258
vn -0.0422 0.5690 0.8212
vn -0.0444 0.5688 0.8213
vn -0.0062 0.0832 0.9965
vn -0.0065 0.0832 0.9965
vn 0.0315 -0.4248 0.9047
vn 0.0332 -0.4247 0.9047
vn 0.0608 -0.8190 0.5706
vn 0.0639 -0.8187 0.5706
vn 0.0350 -0.4246 0.9047
vn 0.0674 -0.8185 0.5706
vn 0.0370 -0.4244 0.9047
vn 0.0713 -0.8181 0.5706
vn -0.0072 0.0830 0.9965
vn -0.0068 0.0831 0.9965
vn -0.0496 0.5683 0.8213
vn -0.0468 0.5686 0.8213
vn -0.0786 0.9014 0.4259
vn -0.0743 0.9017 0.4259
vn -0.0866 0.9927 -0.0838
vn -0.0818 0.9931 -0.0838
vn -0.0713 0.8179 -0.5710
vn -0.0674 0.8182 -0.5709
vn -0.0370 0.4238 -0.9050
vn -0.0349 0.4240 -0.9050
vn 0.0073 -0.0838 -0.9965
vn 0.0069 -0.0838 -0.9965
vn 0.0078 -0.0839 -0.9964
vn -0.0393 0.4235 -0.9050
vn 0.0083 -0.0839 -0.9964
vn -0.0420 0.4232 -0.9051
vn -0.0758 0.8174 -0.5710
vn -0.0811 0.8169 -0.5710
vn -0.0920 0.9922 -0.0838
vn -0.0985 0.9916 -0.0838
vn -0.0836 0.9009 0.4259
vn -0.0894 0.9003 0.4259
vn -0.0527 0.5680 0.8213
vn -0.0564 0.5676 0.8214
vn -0.0077 0.0829 0.9965
vn -0.0082 0.0828 0.9965
vn 0.0394 -0.4243 0.9047
vn 0.0421 -0.4241 0.9046
vn 0.0759 -0.8178 0.5705
vn 0.0812 -0.8173 0.5705
vn 0.0455 -0.4239 0.9046
vn 0.0877 -0.8167 0.5704
vn 0.0497 -0.4236 0.9045
vn 0.0958 -0.8158 0.5703
vn -0.0097 0.0823 0.9966
vn -0.0089 0.0826 0.9965
vn -0.0665 0.5663 0.8215
vn -0.0609 0.5670 0.8214
vn -0.1055 0.8985 0.4261
vn -0.0966 0.8996 0.4260
vn -0.1162 0.9897 -0.0838
vn -0.1063 0.9908 -0.0838
vn -0.0957 0.8152 -0.5712
vn -0.0876 0.8162 -0.5711
vn -0.0495 0.4221 -0.9052
vn -0.0454 0.4227 -0.9051
vn 0.0099 -0.0841 -0.9964
vn 0.0090 -0.0840 -0.9964
vn 0.0110 -0.0842 -0.9964
vn -0.0550 0.4212 -0.9053
vn 0.0125 -0.0845 -0.9963
vn -0.0623 0.4197 -0.9055
vn -0.1062 0.8138 -0.5713
vn -0.1205 0.8117 -0.5716
vn -0.1289 0.9881 -0.0838
vn -0.1463 0.9857 -0.0839
vn -0.1170 0.8970 0.4262
vn -0.1328 0.8947 0.4264
vn -0.0737 0.5652 0.8217
vn -0.0836 0.5635 0.8219
vn -0.0107 0.0819 0.9966
vn -0.0120 0.0812 0.9966
vn 0.0552 -0.4231 0.9044
vn 0.0627 -0.4225 0.9042
vn 0.1063 -0.8146 0.5702
vn 0.1206 -0.8128 0.5700
vn 0.0693 -0.4213 0.9042
vn 0.1353 -0.8105 0.5699
vn 0.0710 -0.4205 0.9045
vn 0.1436 -0.8089 0.5702
vn -0.0206 0.0808 0.9965
vn -0.0153 0.0809 0.9966
vn -0.1068 0.5605 0.8213
vn -0.0958 0.5618 0.8217
vn -0.1643 0.8899 0.4256
vn -0.1507 0.8921 0.4261
vn -0.1777 0.9805 -0.0843
vn -0.1651 0.9827 -0.0842
vn -0.1435 0.8080 -0.5714
vn -0.1351 0.8093 -0.5717
vn -0.0708 0.4190 -0.9052
vn -0.0689 0.4188 -0.9055
vn 0.0209 -0.0821 -0.9964
vn 0.0157 -0.0838 -0.9964
vn 0.0257 -0.0812 -0.9964
vn -0.0706 0.4191 -0.9052
vn 0.0288 -0.0806 -0.9963
vn -0.0721 0.4189 -0.9052
vn -0.1481 0.8072 -0.5714
vn -0.1538 0.8062 -0.5713
vn -0.1859 0.9790 -0.0842
vn -0.1942 0.9774 -0.0842
vn -0.1738 0.8881 0.4256
vn -0.1825 0.8863 0.4256
vn -0.1150 0.5589 0.8212
vn -0.1218 0.5575 0.8212
vn -0.0255 0.0798 0.9965
vn -0.0285 0.0792 0.9964
vn 0.0709 -0.4204 0.9045
vn 0.0724 -0.4201 0.9046
vn 0.1482 -0.8079 0.5703
vn 0.1539 -0.8068 0.5705
vn 0.0755 -0.4194 0.9046
vn 0.1606 -0.8053 0.5707
vn 0.0800 -0.4184 0.9047
vn 0.1683 -0.8036 0.5709
vn -0.0296 0.0789 0.9964
vn -0.0299 0.0789 0.9964
vn -0.1314 0.5553 0.8212
vn -0.1272 0.5563 0.8212
vn -0.1980 0.8830 0.4257
vn -0.1905 0.8846 0.4257
vn -0.2115 0.9738 -0.0841
vn -0.2027 0.9756 -0.0841
vn -0.1682 0.8033 -0.5714
vn -0.1604 0.8049 -0.5713
vn -0.0798 0.4173 -0.9052
vn -0.0752 0.4183 -0.9052
vn 0.0300 -0.0804 -0.9963
vn 0.0302 -0.0803 -0.9963
vn 0.0282 -0.0808 -0.9963
vn -0.0859 0.4160 -0.9053
vn 0.0250 -0.0816 -0.9963
vn -0.0935 0.4143 -0.9053
vn -0.1770 0.8014 -0.5714
vn -0.1869 0.7991 -0.5714
vn -0.2206 0.9717 -0.0841
vn -0.2302 0.9695 -0.0840
vn -0.2050 0.8813 0.4257
vn -0.2117 0.8797 0.4258
vn -0.1345 0.5546 0.8212
vn -0.1364 0.5540 0.8212
vn -0.0279 0.0793 0.9965
vn -0.0246 0.0800 0.9965
vn 0.0861 -0.4170 0.9048
vn 0.0937 -0.4152 0.9049
vn 0.1770 -0.8016 0.5710
vn 0.1869 -0.7993 0.5712
vn 0.1028 -0.4130 0.9049
vn 0.1980 -0.7965 0.5713
vn 0.1136 -0.4102 0.9049
vn 0.2104 -0.7933 0.5713
vn -0.0136 0.0827 0.9965
vn -0.0199 0.0811 0.9965
vn -0.1372 0.5537 0.8214
vn -0.1373 0.5537 0.8213
vn -0.2241 0.8765 0.4260
vn -0.2180 0.8781 0.4259
vn -0.2509 0.9644 -0.0838
vn -0.2403 0.9671 -0.0839
vn -0.2104 0.7934 -0.5712
vn -0.1980 0.7965 -0.5713
vn -0.1134 0.4093 -0.9053
vn -0.1026 0.4121 -0.9054
vn 0.0140 -0.0845 -0.9963
vn 0.0203 -0.0828 -0.9964
vn 0.0062 -0.0866 -0.9962
vn -0.1259 0.4060 -0.9051
vn -0.2242 0.7898 -0.5710
vn -0.2623 0.9614 -0.0835
vn -0.2300 0.8749 0.4262
vn -0.1360 0.5539 0.8214
vn -0.0057 0.0847 0.9964
vn 0.1261 -0.4069 0.9047
vn 0.2241 -0.7896 0.5712
vn 0.2744 0.9580 0.0830
vn -0.2389 -0.8735 0.4242
vn 0.0220 0.9046 -0.4258
vn 0.1289 0.9881 0.0839
vn 0.2623 -0.9612 -0.0850
vn 0.1171 -0.8975 0.4252
vn -0.0237 0.9046 -0.4257
vn -0.0591 0.9029 -0.4258
vn -0.2394 0.7856 -0.5705
vn 0.2509 -0.9643 0.0849
vn 0.1368 -0.5554 -0.8202
vn -0.0220 0.9046 0.4258
vn -0.0682 0.9941 -0.0837
vn 0.0157 -0.0837 -0.9964
vn -0.2300 0.8749 0.4263
vt 0.412596 0.587404
vt 0.412596 0.572837
vt 0.416238 0.572837
vt 0.416238 0.587404
vt 0.412596 0.427163
vt 0.412596 0.412596
vt 0.416238 0.412596
vt 0.416238 0.427163
vt 0.412596 0.441730
vt 0.416238 0.441730
vt 0.412596 0.456298
vt 0.416238 0.456298
vt 0.412596 0.470865
vt 0.416238 0.470865
vt 0.412596 0.485433
vt 0.416238 0.485433
vt 0.412596 0.500000
vt 0.416238 0.500000
vt 0.412596 0.514567
vt 0.416238 0.514567
vt 0.412596 0.529135
vt 0.416238 0.529135
vt 0.412596 0.543702
vt 0.416238 0.543702
vt 0.412596 0.558270
vt 0.416238 0.558270
vt 0.419879 0.543702
vt 0.419879 0.558270
vt 0.419879 0.572837
vt 0.423521 0.543702
vt 0.423521 0.558270
vt 0.423521 0.572837
vt 0.427163 0.543702
vt 0.427163 0.558270
vt 0.427163 0.572837
vt 0.430805 0.543702
vt 0.430805 0.558270
vt 0.430805 0.572837
vt 0.434447 0.543702
vt 0.434447 0.558270
vt 0.434447 0.572837
vt 0.438089 0.543702
vt 0.438089 0.558270
vt 0.438089 0.572837
vt 0.441730 0.543702
vt 0.441730 0.558270
vt 0.441730 0.572837
vt 0.445372 0.543702
vt 0.445372 0.558270
vt 0.445372 0.572837
vt 0.449014 0.543702
vt 0.449014 0.558270
vt 0.449014 0.572837
vt 0.452656 0.543702
vt 0.452656 0.558270
vt 0.452656 0.572837
vt 0.456298 0.543702
vt 0.456298 0.558270
vt 0.456298 0.572837
vt 0.459940 0.543702
vt 0.459940 0.558270
vt 0.459940 0.572837
vt 0.463582 0.543702
vt 0.463582 0.558270
vt 0.463582 0.572837
vt 0.467223 0.543702
vt 0.467223 0.558270
vt 0.467223 0.572837
vt 0.470865 0.543702
vt 0.470865 0.558270
vt 0.470865 0.572837
vt 0.474507 0.543702
vt 0.474507 0.558270
vt 0.474507 0.572837
vt 0.478149 0.543702
vt 0.478149 0.558270
vt 0.478149 0.572837
vt 0.481791 0.543702
vt 0.481791 0.558270
vt 0.481791 0.572837
vt 0.485433 0.543702
vt 0.485433 0.558270
vt 0.485433 0.572837
vt 0.489074 0.543702
vt 0.489074 0.558270
vt 0.489074 0.572837
vt 0.492716 0.543702
vt 0.492716 0.558270
vt 0.492716 0.572837
vt 0.496358 0.543702
vt 0.496358 0.558270
vt 0.496358 0.572837
vt 0.500000 0.543702
vt 0.500000 0.558270
vt 0.500000 0.572837
vt 0.503642 0.543702
vt 0.503642 0.558270
vt 0.503642 0.572837
vt 0.507284 0.543702
vt 0.507284 0.558270
vt 0.507284 0.572837
vt 0.510926 0.543702
vt 0.510926 0.558270
vt 0.510926 0.572837
vt 0.514567 0.543702
vt 0.514567 0.558270
vt 0.514567 0.572837
vt 0.518209 0.543702
vt 0.518209 0.558270
vt 0.518209 0.572837
vt 0.521851 0.543702
vt 0.521851 0.558270
vt 0.521851 0.572837
vt 0.525493 0.543702
vt 0.525493 0.558270
vt 0.525493 0.572837
vt 0.529135 0.543702
vt 0.529135 0.558270
vt 0.529135 0.572837
vt 0.532777 0.543702
vt 0.532777 0.558270
vt 0.532777 0.572837
vt 0.536418 0.543702
vt 0.536418 0.558270
vt 0.536418 0.572837
vt 0.540060 0.543702
vt 0.540060 0.558270
vt 0.540060 0.572837
vt 0.543702 0.543702
vt 0.543702 0.558270
vt 0.543702 0.572837
vt 0.547344 0.543702
vt 0.547344 0.558270
vt 0.547344 0.572837
vt 0.550986 0.543702
vt 0.550986 0.558270
vt 0.550986 0.572837
vt 0.554628 0.543702
vt 0.554628 0.558270
vt 0.554628 0.572837
vt 0.558270 0.543702
vt 0.558270 0.558270
vt 0.558270 0.572837
vt 0.561911 0.543702
vt 0.561911 0.558270
vt 0.561911 0.572837
vt 0.565553 0.543702
vt 0.565553 0.558270
vt 0.565553 0.572837
vt 0.569195 0.543702
vt 0.569195 0.558270
vt 0.569195 0.572837
vt 0.572837 0.543702
vt 0.572837 0.558270
vt 0.572837 0.572837
vt 0.576479 0.543702
vt 0.576479 0.558270
vt 0.576479 0.572837
vt 0.580121 0.543702
vt 0.580121 0.558270
vt 0.580121 0.572837
vt 0.583763 0.543702
vt 0.583763 0.558270
vt 0.583763 0.572837
vt 0.587404 0.543702
vt 0.587404 0.558270
vt 0.587404 0.572837
vt 0.583763 0.587404
vt 0.587404 0.587404
vt 0.583763 0.427163
vt 0.583763 0.412596
vt 0.587404 0.412596
vt 0.587404 0.427163
vt 0.583763 0.441730
vt 0.587404 0.441730
vt 0.583763 0.456298
vt 0.587404 0.456298
vt 0.583763 0.470865
vt 0.587404 0.470865
vt 0.583763 0.485433
vt 0.587404 0.485433
vt 0.583763 0.500000
vt 0.587404 0.500000
vt 0.583763 0.514567
vt 0.587404 0.514567
vt 0.583763 0.529135
vt 0.587404 0.529135
vt 0.580121 0.529135
vt 0.580121 0.514567
vt 0.576479 0.529135
vt 0.576479 0.514567
vt 0.576479 0.500000
vt 0.580121 0.500000
vt 0.576479 0.485433
vt 0.580121 0.485433
vt 0.576479 0.470865
vt 0.580121 0.470865
vt 0.576479 0.456298
vt 0.580121 0.456298
vt 0.576479 0.441730
vt 0.580121 0.441730
vt 0.576479 0.427163
vt 0.580121 0.427163
vt 0.576479 0.412596
vt 0.580121 0.412596
vt 0.576479 0.587404
vt 0.580121 0.587404
vt 0.572837 0.427163
vt 0.572837 0.412596
vt 0.572837 0.587404
vt 0.569195 0.427163
vt 0.569195 0.412596
vt 0.569195 0.587404
vt 0.569195 0.441730
vt 0.572837 0.441730
vt 0.569195 0.456298
vt 0.572837 0.456298
vt 0.569195 0.470865
vt 0.572837 0.470865
vt 0.569195 0.485433
vt 0.572837 0.485433
vt 0.569195 0.500000
vt 0.572837 0.500000
vt 0.569195 0.514567
vt 0.572837 0.514567
vt 0.569195 0.529135
vt 0.572837 0.529135
vt 0.565553 0.529135
vt 0.565553 0.514567
vt 0.561911 0.529135
vt 0.561911 0.514567
vt 0.561911 0.500000
vt 0.565553 0.500000
vt 0.561911 0.485433
vt 0.565553 0.485433
vt 0.561911 0.470865
vt 0.565553 0.470865
vt 0.561911 0.456298
vt 0.565553 0.456298
vt 0.561911 0.441730
vt 0.565553 0.441730
vt 0.561911 0.427163
vt 0.565553 0.427163
vt 0.561911 0.412596
vt 0.565553 0.412596
vt 0.561911 0.587404
vt 0.565553 0.587404
vt 0.558270 0.427163
vt 0.558270 0.412596
vt 0.558270 0.587404
vt 0.554628 0.427163
vt 0.554628 0.412596
vt 0.554628 0.587404
vt 0.554628 0.441730
vt 0.558270 0.441730
vt 0.554628 0.456298
vt 0.558270 0.456298
vt 0.554628 0.470865
vt 0.558270 0.470865
vt 0.554628 0.485433
vt 0.558270 0.485433
vt 0.554628 0.500000
vt 0.558270 0.500000
vt 0.554628 0.514567
vt 0.558270 0.514567
vt 0.554628 0.529135
vt 0.558270 0.529135
vt 0.550986 0.529135
vt 0.550986 0.514567
vt 0.547344 0.529135
vt 0.547344 0.514567
vt 0.547344 0.500000
vt 0.550986 0.500000
vt 0.547344 0.485433
vt 0.550986 0.485433
vt 0.547344 0.470865
vt 0.550986 0.470865
vt 0.547344 0.456298
vt 0.550986 0.456298
vt 0.547344 0.441730
vt 0.550986 0.441730
vt 0.547344 0.427163
vt 0.550986 0.427163
vt 0.547344 0.412596
vt 0.550986 0.412596
vt 0.547344 0.587404
vt 0.550986 0.587404
vt 0.543702 0.427163
vt 0.543702 0.412596
vt 0.543702 0.587404
vt 0.540060 0.427163
vt 0.540060 0.412596
vt 0.540060 0.587404
vt 0.540060 0.441730
vt 0.543702 0.441730
vt 0.540060 0.456298
vt 0.543702 0.456298
vt 0.540060 0.470865
vt 0.543702 0.470865
vt 0.540060 0.485433
vt 0.543702 0.485433
vt 0.540060 0.500000
vt 0.543702 0.500000
vt 0.540060 0.514567
vt 0.543702 0.514567
vt 0.540060 0.529135
vt 0.543702 0.529135
vt 0.536418 0.529135
vt 0.536418 0.514567
vt 0.532777 0.529135
vt 0.532777 0.514567
vt 0.532777 0.500000
vt 0.536418 0.500000
vt 0.532777 0.485433
vt 0.536418 0.485433
vt 0.532777 0.470865
vt 0.536418 0.470865
vt 0.532777 0.456298
vt 0.536418 0.456298
vt 0.532777 0.441730
vt 0.536418 0.441730
vt 0.532777 0.427163
vt 0.536418 0.427163
vt 0.532777 0.412596
vt 0.536418 0.412596
vt 0.532777 0.587404
vt 0.536418 0.587404
vt 0.529135 0.427163
vt 0.529135 0.412596
vt 0.529135 0.587404
vt 0.525493 0.427163
vt 0.525493 0.412596
vt 0.525493 0.587404
vt 0.525493 0.441730
vt 0.529135 0.441730
vt 0.525493 0.456298
vt 0.529135 0.456298
vt 0.525493 0.470865
vt 0.529135 0.470865
vt 0.525493 0.485433
vt 0.529135 0.485433
vt 0.525493 0.500000
vt 0.529135 0.500000
vt 0.525493 0.514567
vt 0.529135 0.514567
vt 0.525493 0.529135
vt 0.529135 0.529135
vt 0.521851 0.529135
vt 0.521851 0.514567
vt 0.518209 0.529135
vt 0.518209 0.514567
vt 0.518209 0.500000
vt 0.521851 0.500000
vt 0.518209 0.485433
vt 0.521851 0.485433
vt 0.518209 0.470865
vt 0.521851 0.470865
vt 0.518209 0.456298
vt 0.521851 0.456298
vt 0.518209 0.441730
vt 0.521851 0.441730
vt 0.518209 0.427163
vt 0.521851 0.427163
vt 0.518209 0.412596
vt 0.521851 0.412596
vt 0.518209 0.587404
vt 0.521851 0.587404
vt 0.514567 0.427163
vt 0.514567 0.412596
vt 0.514567 0.587404
vt 0.510926 0.427163
vt 0.510926 0.412596
vt 0.510926 0.587404
vt 0.510926 0.441730
vt 0.514567 0.441730
vt 0.510926 0.456298
vt 0.514567 0.456298
vt 0.510926 0.470865
vt 0.514567 0.470865
vt 0.510926 0.485433
vt 0.514567 0.485433
vt 0.510926 0.500000
vt 0.514567 0.500000
vt 0.510926 0.514567
vt 0.514567 0.514567
vt 0.510926 0.529135
vt 0.514567 0.529135
vt 0.507284 0.529135
vt 0.507284 0.514567
vt 0.503642 0.529135
vt 0.503642 0.514567
vt 0.503642 0.500000
vt 0.507284 0.500000
vt 0.503642 0.485433
vt 0.507284 0.485433
vt 0.503642 0.470865
vt 0.507284 0.470865
vt 0.503642 0.456298
vt 0.507284 0.456298
vt 0.503642 0.441730
vt 0.507284 0.441730
vt 0.503642 0.427163
vt 0.507284 0.427163
vt 0.503642 0.412596
vt 0.507284 0.412596
vt 0.503642 0.587404
vt 0.507284 0.587404
vt 0.500000 0.427163
vt 0.500000 0.412596
vt 0.500000 0.587404
vt 0.496358 0.427163
vt 0.496358 0.412596
vt 0.496358 0.587404
vt 0.496358 0.441730
vt 0.500000 0.441730
vt 0.496358 0.456298
vt 0.500000 0.456298
vt 0.496358 0.470865
vt 0.500000 0.470865
vt 0.496358 0.485433
vt 0.500000 0.485433
vt 0.496358 0.500000
vt 0.500000 0.500000
vt 0.496358 0.514567
vt 0.500000 0.514567
vt 0.496358 0.529135
vt 0.500000 0.529135
vt 0.492716 0.529135
vt 0.492716 0.514567
vt 0.489074 0.529135
vt 0.489074 0.514567
vt 0.489074 0.500000
vt 0.492716 0.500000
vt 0.489074 0.485433
vt 0.492716 0.485433
vt 0.489074 0.470865
vt 0.492716 0.470865
vt 0.489074 0.456298
vt 0.492716 0.456298
vt 0.489074 0.441730
vt 0.492716 0.441730
vt 0.489074 0.427163
vt 0.492716 0.427163
vt 0.489074 0.412596
vt 0.492716 0.412596
vt 0.489074 0.587404
vt 0.492716 0.587404
vt 0.485433 0.427163
vt 0.485433 0.412596
vt 0.485433 0.587404
vt 0.481791 0.427163
vt 0.481791 0.412596
vt 0.481791 0.587404
vt 0.481791 0.441730
vt 0.485433 0.441730
vt 0.481791 0.456298
vt 0.485433 0.456298
vt 0.481791 0.470865
vt 0.485433 0.470865
vt 0.481791 0.485433
vt 0.485433 0.485433
vt 0.481791 0.500000
vt 0.485433 0.500000
vt 0.481791 0.514567
vt 0.485433 0.514567
vt 0.481791 0.529135
vt 0.485433 0.529135
vt 0.478149 0.529135
vt 0.478149 0.514567
vt 0.474507 0.529135
vt 0.474507 0.514567
vt 0.474507 0.500000
vt 0.478149 0.500000
vt 0.474507 0.485433
vt 0.478149 0.485433
vt 0.474507 0.470865
vt 0.478149 0.470865
vt 0.474507 0.456298
vt 0.478149 0.456298
vt 0.474507 0.441730
vt 0.478149 0.441730
vt 0.474507 0.427163
vt 0.478149 0.427163
vt 0.474507 0.412596
vt 0.478149 0.412596
vt 0.474507 0.587404
vt 0.478149 0.587404
vt 0.470865 0.427163
vt 0.470865 0.412596
vt 0.470865 0.587404
vt 0.467223 0.427163
vt 0.467223 0.412596
vt 0.467223 0.587404
vt 0.467223 0.441730
vt 0.470865 0.441730
vt 0.467223 0.456298
vt 0.470865 0.456298
vt 0.467223 0.470865
vt 0.470865 0.470865
vt 0.467223 0.485433
vt 0.470865 0.485433
vt 0.467223 0.500000
vt 0.470865 0.500000
vt 0.467223 0.514567
vt 0.470865 0.514567
vt 0.467223 0.529135
vt 0.470865 0.529135
vt 0.463582 0.529135
vt 0.463582 0.514567
vt 0.459940 0.529135
vt 0.459940 0.514567
vt 0.459940 0.500000
vt 0.463582 0.500000
vt 0.459940 0.485433
vt 0.463582 0.485433
vt 0.459940 0.470865
vt 0.463582 0.470865
vt 0.459940 0.456298
vt 0.463582 0.456298
vt 0.459940 0.441730
vt 0.463582 0.441730
vt 0.459940 0.427163
vt 0.463582 0.427163
vt 0.459940 0.412596
vt 0.463582 0.412596
vt 0.459940 0.587404
vt 0.463582 0.587404
vt 0.456298 0.427163
vt 0.456298 0.412596
vt 0.456298 0.587404
vt 0.452656 0.427163
vt 0.452656 0.412596
vt 0.452656 0.587404
vt 0.452656 0.441730
vt 0.456298 0.441730
vt 0.452656 0.456298
vt 0.456298 0.456298
vt 0.452656 0.470865
vt 0.456298 0.470865
vt 0.452656 0.485433
vt 0.456298 0.485433
vt 0.452656 0.500000
vt 0.456298 0.500000
vt 0.452656 0.514567
vt 0.456298 0.514567
vt 0.452656 0.529135
vt 0.456298 0.529135
vt 0.449014 0.529135
vt 0.449014 0.514567
vt 0.445372 0.529135
vt 0.445372 0.514567
vt 0.445372 0.500000
vt 0.449014 0.500000
vt 0.445372 0.485433
vt 0.449014 0.485433
vt 0.445372 0.470865
vt 0.449014 0.470865
vt 0.445372 0.456298
vt 0.449014 0.456298
vt 0.445372 0.441730
vt 0.449014 0.441730
vt 0.445372 0.427163
vt 0.449014 0.427163
vt 0.445372 0.412596
vt 0.449014 0.412596
vt 0.445372 0.587404
vt 0.449014 0.587404
vt 0.441730 0.427163
vt 0.441730 0.412596
vt 0.441730 0.587404
vt 0.438089 0.427163
vt 0.438089 0.412596
vt 0.438089 0.587404
vt 0.438089 0.441730
vt 0.441730 0.441730
vt 0.438089 0.456298
vt 0.441730 0.456298
vt 0.438089 0.470865
vt 0.441730 0.470865
vt 0.438089 0.485433
vt 0.441730 0.485433
vt 0.438089 0.500000
vt 0.441730 0.500000
vt 0.438089 0.514567
vt 0.441730 0.514567
vt 0.438089 0.529135
vt 0.441730 0.529135
vt 0.434447 0.529135
vt 0.434447 0.514567
vt 0.430805 0.529135
vt 0.430805 0.514567
vt 0.430805 0.500000
vt 0.434447 0.500000
vt 0.430805 0.485433
vt 0.434447 0.485433
vt 0.430805 0.470865
vt 0.434447 0.470865
vt 0.430805 0.456298
vt 0.434447 0.456298
vt 0.430805 0.441730
vt 0.434447 0.441730
vt 0.430805 0.427163
vt 0.434447 0.427163
vt 0.430805 0.412596
vt 0.434447 0.412596
vt 0.430805 0.587404
vt 0.434447 0.587404
vt 0.427163 0.427163
vt 0.427163 0.412596
vt 0.427163 0.587404
vt 0.423521 0.427163
vt 0.423521 0.412596
vt 0.423521 0.587404
vt 0.423521 0.441730
vt 0.427163 0.441730
vt 0.423521 0.456298
vt 0.427163 0.456298
vt 0.423521 0.470865
vt 0.427163 0.470865
vt 0.423521 0.485433
vt 0.427163 0.485433
vt 0.423521 0.500000
vt 0.427163 0.500000
vt 0.423521 0.514567
vt 0.427163 0.514567
vt 0.423521 0.529135
vt 0.427163 0.529135
vt 0.419879 0.529135
vt 0.419879 0.514567
vt 0.419879 0.500000
vt 0.419879 0.485433
vt 0.419879 0.470865
vt 0.419879 0.456298
vt 0.419879 0.441730
vt 0.419879 0.427163
vt 0.419879 0.412596
vt 0.419879 0.587404
vt 0.551761 0.529390
vt 0.551761 0.579010
vt 0.544673 0.579010
vt 0.544673 0.529390
vt 0.537584 0.579010
vt 0.537584 0.529390
vt 0.530495 0.579010
vt 0.530495 0.529390
vt 0.523407 0.579010
vt 0.523407 0.529390
vt 0.516318 0.579010
vt 0.516318 0.529390
vt 0.509230 0.579010
vt 0.509230 0.529390
vt 0.502141 0.579010
vt 0.502141 0.529390
vt 0.495052 0.579010
vt 0.495052 0.529390
vt 0.487964 0.579010
vt 0.487964 0.529390
vt 0.480875 0.579010
vt 0.480875 0.529390
vt 0.473786 0.579010
vt 0.473786 0.529390
vt 0.466698 0.579010
vt 0.466698 0.529390
vt 0.487665 0.526039
vt 0.477331 0.528398
vt 0.466997 0.526039
vt 0.458709 0.519430
vt 0.454110 0.509880
vt 0.454110 0.499280
vt 0.458709 0.489730
vt 0.466997 0.483121
vt 0.477331 0.480762
vt 0.487665 0.483121
vt 0.495952 0.489730
vt 0.500551 0.499280
vt 0.500551 0.509880
vt 0.495952 0.519430
vt 0.459609 0.579010
vt 0.459609 0.529390
vt 0.452521 0.579010
vt 0.452521 0.529390
vt 0.526951 0.528398
vt 0.537285 0.526039
vt 0.545573 0.519430
vt 0.550172 0.509880
vt 0.550172 0.499280
vt 0.545573 0.489730
vt 0.537285 0.483121
vt 0.526951 0.480762
vt 0.516617 0.483121
vt 0.508330 0.489730
vt 0.503731 0.499280
vt 0.503731 0.509880
vt 0.508330 0.519430
vt 0.516617 0.526039
vt 0.851575 0.909252
vt 0.885892 0.909252
vt 0.885892 0.943569
vt 0.851575 0.943569
vt 0.885892 0.840617
vt 0.920210 0.840617
vt 0.920210 0.874934
vt 0.885892 0.874934
vt 0.920210 0.943569
vt 0.920210 0.977886
vt 0.885892 0.977886
vt 0.920210 0.909252
vt 0.954527 0.909252
vt 0.954527 0.943569
vt 0.522967 0.489453
vt 0.536315 0.486406
vt 0.547019 0.477870
vt 0.552960 0.465534
vt 0.552960 0.451843
vt 0.547019 0.439507
vt 0.536315 0.430971
vt 0.522967 0.427924
vt 0.509619 0.430971
vt 0.498915 0.439507
vt 0.492974 0.451843
vt 0.492974 0.465534
vt 0.498915 0.477870
vt 0.509619 0.486406
vt 0.555013 0.490735
vt 0.555013 0.554827
vt 0.545857 0.554827
vt 0.545857 0.490735
vt 0.435985 0.490735
vt 0.435985 0.554827
vt 0.426829 0.554827
vt 0.426829 0.490735
vt 0.445141 0.490735
vt 0.445141 0.554827
vt 0.472223 0.486406
vt 0.458875 0.489453
vt 0.445527 0.486406
vt 0.434822 0.477870
vt 0.428882 0.465534
vt 0.428882 0.451843
vt 0.434822 0.439507
vt 0.445527 0.430971
vt 0.458875 0.427924
vt 0.472223 0.430971
vt 0.482927 0.439507
vt 0.488868 0.451843
vt 0.488868 0.465534
vt 0.482927 0.477870
vt 0.454297 0.490735
vt 0.454297 0.554827
vt 0.463453 0.490735
vt 0.463453 0.554827
vt 0.472609 0.490735
vt 0.472609 0.554827
vt 0.481765 0.490735
vt 0.481765 0.554827
vt 0.490921 0.490735
vt 0.490921 0.554827
vt 0.500077 0.490735
vt 0.500077 0.554827
vt 0.509233 0.490735
vt 0.509233 0.554827
vt 0.518389 0.490735
vt 0.518389 0.554827
vt 0.527545 0.490735
vt 0.527545 0.554827
vt 0.536701 0.490735
vt 0.536701 0.554827
vt 0.551289 0.496330
vt 0.567466 0.492637
vt 0.580440 0.482292
vt 0.587639 0.467342
vt 0.587639 0.450748
vt 0.580440 0.435798
vt 0.567466 0.425452
vt 0.551289 0.421760
vt 0.535112 0.425452
vt 0.522138 0.435798
vt 0.514939 0.450748
vt 0.514939 0.467342
vt 0.522138 0.482292
vt 0.535112 0.492637
vt 0.590127 0.497883
vt 0.590127 0.575561
vt 0.579031 0.575561
vt 0.579031 0.497883
vt 0.445870 0.497883
vt 0.445870 0.575561
vt 0.434773 0.575561
vt 0.434773 0.497883
vt 0.456967 0.497883
vt 0.456967 0.575561
vt 0.489789 0.492637
vt 0.473612 0.496330
vt 0.457434 0.492637
vt 0.444461 0.482292
vt 0.437262 0.467342
vt 0.437262 0.450748
vt 0.444461 0.435798
vt 0.457434 0.425452
vt 0.473612 0.421760
vt 0.489789 0.425452
vt 0.502762 0.435798
vt 0.509962 0.450748
vt 0.509962 0.467342
vt 0.502762 0.482292
vt 0.468063 0.497883
vt 0.468063 0.575561
vt 0.479160 0.497883
vt 0.479160 0.575561
vt 0.490257 0.497883
vt 0.490257 0.575561
vt 0.501354 0.497883
vt 0.501354 0.575561
vt 0.512450 0.497883
vt 0.512450 0.575561
vt 0.523547 0.497883
vt 0.523547 0.575561
vt 0.534644 0.497883
vt 0.534644 0.575561
vt 0.545741 0.497883
vt 0.545741 0.575561
vt 0.556837 0.497883
vt 0.556837 0.575561
vt 0.567934 0.497883
vt 0.567934 0.575561
vt 0.549899 0.492930
vt 0.559860 0.490657
vt 0.567847 0.484287
vt 0.572280 0.475081
vt 0.572280 0.464864
vt 0.567847 0.455659
vt 0.559860 0.449289
vt 0.549899 0.447015
vt 0.539938 0.449289
vt 0.531950 0.455659
vt 0.527517 0.464864
vt 0.527517 0.475081
vt 0.531950 0.484287
vt 0.539938 0.490657
vt 0.573813 0.493887
vt 0.573813 0.541715
vt 0.566980 0.541715
vt 0.566980 0.493887
vt 0.484989 0.493887
vt 0.484989 0.541715
vt 0.478157 0.541715
vt 0.478157 0.493887
vt 0.491822 0.493887
vt 0.491822 0.541715
vt 0.512031 0.490657
vt 0.502071 0.492930
vt 0.492110 0.490657
vt 0.484122 0.484287
vt 0.479689 0.475081
vt 0.479689 0.464864
vt 0.484122 0.455659
vt 0.492110 0.449289
vt 0.502071 0.447015
vt 0.512031 0.449289
vt 0.520020 0.455659
vt 0.524453 0.464864
vt 0.524453 0.475081
vt 0.520020 0.484287
vt 0.498654 0.493887
vt 0.498654 0.541715
vt 0.505487 0.493887
vt 0.505487 0.541715
vt 0.512320 0.493887
vt 0.512320 0.541715
vt 0.519152 0.493887
vt 0.519152 0.541715
vt 0.525985 0.493887
vt 0.525985 0.541715
vt 0.532817 0.493887
vt 0.532817 0.541715
vt 0.539650 0.493887
vt 0.539650 0.541715
vt 0.529279 0.562145
vt 0.529279 0.572536
vt 0.527795 0.572536
vt 0.527795 0.562145
vt 0.553315 0.493887
vt 0.553315 0.541715
vt 0.546482 0.541715
vt 0.546482 0.493887
vt 0.560148 0.493887
vt 0.560148 0.541715
vt 0.374022 0.625978
vt 0.379272 0.625978
vt 0.379272 0.604981
vt 0.374022 0.604981
vt 0.374022 0.395019
vt 0.379272 0.395019
vt 0.379272 0.374022
vt 0.374022 0.374022
vt 0.374022 0.416015
vt 0.379272 0.416015
vt 0.374022 0.437011
vt 0.379272 0.437011
vt 0.374022 0.458007
vt 0.379272 0.458007
vt 0.374022 0.479004
vt 0.379272 0.479004
vt 0.374022 0.500000
vt 0.379272 0.500000
vt 0.374022 0.520996
vt 0.379272 0.520996
vt 0.374022 0.541992
vt 0.379272 0.541992
vt 0.374022 0.562989
vt 0.379272 0.562989
vt 0.374022 0.583985
vt 0.379272 0.583985
vt 0.384521 0.583985
vt 0.384521 0.562989
vt 0.384521 0.604981
vt 0.389770 0.583985
vt 0.389770 0.562989
vt 0.389770 0.604981
vt 0.395019 0.583985
vt 0.395019 0.562989
vt 0.395019 0.604981
vt 0.400268 0.583985
vt 0.400268 0.562989
vt 0.400268 0.604981
vt 0.405517 0.583985
vt 0.405517 0.562989
vt 0.405517 0.604981
vt 0.410766 0.583985
vt 0.410766 0.562989
vt 0.410766 0.604981
vt 0.416015 0.583985
vt 0.416015 0.562989
vt 0.416015 0.604981
vt 0.421264 0.583985
vt 0.421264 0.562989
vt 0.421264 0.604981
vt 0.426513 0.583985
vt 0.426513 0.562989
vt 0.426513 0.604981
vt 0.431762 0.583985
vt 0.431762 0.562989
vt 0.431762 0.604981
vt 0.437011 0.583985
vt 0.437011 0.562989
vt 0.437011 0.604981
vt 0.442260 0.583985
vt 0.442260 0.562989
vt 0.442260 0.604981
vt 0.447509 0.583985
vt 0.447509 0.562989
vt 0.447509 0.604981
vt 0.452758 0.583985
vt 0.452758 0.562989
vt 0.452758 0.604981
vt 0.458007 0.583985
vt 0.458007 0.562989
vt 0.458007 0.604981
vt 0.463257 0.583985
vt 0.463257 0.562989
vt 0.463257 0.604981
vt 0.468506 0.583985
vt 0.468506 0.562989
vt 0.468506 0.604981
vt 0.473755 0.583985
vt 0.473755 0.562989
vt 0.473755 0.604981
vt 0.479004 0.583985
vt 0.479004 0.562989
vt 0.479004 0.604981
vt 0.484253 0.583985
vt 0.484253 0.562989
vt 0.484253 0.604981
vt 0.489502 0.583985
vt 0.489502 0.562989
vt 0.489502 0.604981
vt 0.494751 0.583985
vt 0.494751 0.562989
vt 0.494751 0.604981
vt 0.500000 0.583985
vt 0.500000 0.562989
vt 0.500000 0.604981
vt 0.505249 0.583985
vt 0.505249 0.562989
vt 0.505249 0.604981
vt 0.510498 0.583985
vt 0.510498 0.562989
vt 0.510498 0.604981
vt 0.515747 0.583985
vt 0.515747 0.562989
vt 0.515747 0.604981
vt 0.520996 0.583985
vt 0.520996 0.562989
vt 0.520996 0.604981
vt 0.526245 0.583985
vt 0.526245 0.562989
vt 0.526245 0.604981
vt 0.531494 0.583985
vt 0.531494 0.562989
vt 0.531494 0.604981
vt 0.536743 0.583985
vt 0.536743 0.562989
vt 0.536743 0.604981
vt 0.541992 0.583985
vt 0.541992 0.562989
vt 0.541992 0.604981
vt 0.547242 0.583985
vt 0.547242 0.562989
vt 0.547242 0.604981
vt 0.552491 0.583985
vt 0.552491 0.562989
vt 0.552491 0.604981
vt 0.557740 0.583985
vt 0.557740 0.562989
vt 0.557740 0.604981
vt 0.562989 0.583985
vt 0.562989 0.562989
vt 0.562989 0.604981
vt 0.568238 0.583985
vt 0.568238 0.562989
vt 0.568238 0.604981
vt 0.573487 0.583985
vt 0.573487 0.562989
vt 0.573487 0.604981
vt 0.578736 0.583985
vt 0.578736 0.562989
vt 0.578736 0.604981
vt 0.583985 0.583985
vt 0.583985 0.562989
vt 0.583985 0.604981
vt 0.589234 0.583985
vt 0.589234 0.562989
vt 0.589234 0.604981
vt 0.594483 0.583985
vt 0.594483 0.562989
vt 0.594483 0.604981
vt 0.599732 0.583985
vt 0.599732 0.562989
vt 0.599732 0.604981
vt 0.604981 0.583985
vt 0.604981 0.562989
vt 0.604981 0.604981
vt 0.610230 0.583985
vt 0.610230 0.562989
vt 0.610230 0.604981
vt 0.615479 0.583985
vt 0.615479 0.562989
vt 0.615479 0.604981
vt 0.620728 0.583985
vt 0.620728 0.562989
vt 0.620728 0.604981
vt 0.625978 0.583985
vt 0.625978 0.562989
vt 0.625978 0.604981
vt 0.620728 0.625978
vt 0.625978 0.625978
vt 0.620728 0.395019
vt 0.625978 0.395019
vt 0.625978 0.374022
vt 0.620728 0.374022
vt 0.620728 0.416015
vt 0.625978 0.416015
vt 0.620728 0.437011
vt 0.625978 0.437011
vt 0.620728 0.458007
vt 0.625978 0.458007
vt 0.620728 0.479004
vt 0.625978 0.479004
vt 0.620728 0.500000
vt 0.625978 0.500000
vt 0.620728 0.520996
vt 0.625978 0.520996
vt 0.620728 0.541992
vt 0.625978 0.541992
vt 0.615479 0.541992
vt 0.615479 0.520996
vt 0.610230 0.541992
vt 0.610230 0.520996
vt 0.615479 0.500000
vt 0.610230 0.500000
vt 0.615479 0.479004
vt 0.610230 0.479004
vt 0.615479 0.458007
vt 0.610230 0.458007
vt 0.615479 0.437011
vt 0.610230 0.437011
vt 0.615479 0.416015
vt 0.610230 0.416015
vt 0.615479 0.395019
vt 0.610230 0.395019
vt 0.615479 0.374022
vt 0.610230 0.374022
vt 0.610230 0.625978
vt 0.615479 0.625978
vt 0.604981 0.395019
vt 0.604981 0.374022
vt 0.604981 0.625978
vt 0.599732 0.395019
vt 0.599732 0.374022
vt 0.599732 0.625978
vt 0.599732 0.416015
vt 0.604981 0.416015
vt 0.599732 0.437011
vt 0.604981 0.437011
vt 0.599732 0.458007
vt 0.604981 0.458007
vt 0.599732 0.479004
vt 0.604981 0.479004
vt 0.599732 0.500000
vt 0.604981 0.500000
vt 0.599732 0.520996
vt 0.604981 0.520996
vt 0.599732 0.541992
vt 0.604981 0.541992
vt 0.594483 0.541992
vt 0.594483 0.520996
vt 0.589234 0.541992
vt 0.589234 0.520996
vt 0.594483 0.500000
vt 0.589234 0.500000
vt 0.594483 0.479004
vt 0.589234 0.479004
vt 0.594483 0.458007
vt 0.589234 0.458007
vt 0.594483 0.437011
vt 0.589234 0.437011
vt 0.594483 0.416015
vt 0.589234 0.416015
vt 0.594483 0.395019
vt 0.589234 0.395019
vt 0.594483 0.374022
vt 0.589234 0.374022
vt 0.589234 0.625978
vt 0.594483 0.625978
vt 0.583985 0.395019
vt 0.583985 0.374022
vt 0.583985 0.625978
vt 0.578736 0.395019
vt 0.578736 0.374022
vt 0.578736 0.625978
vt 0.578736 0.416015
vt 0.583985 0.416015
vt 0.578736 0.437011
vt 0.583985 0.437011
vt 0.578736 0.458007
vt 0.583985 0.458007
vt 0.578736 0.479004
vt 0.583985 0.479004
vt 0.578736 0.500000
vt 0.583985 0.500000
vt 0.578736 0.520996
vt 0.583985 0.520996
vt 0.578736 0.541992
vt 0.583985 0.541992
vt 0.573487 0.541992
vt 0.573487 0.520996
vt 0.568238 0.541992
vt 0.568238 0.520996
vt 0.573487 0.500000
vt 0.568238 0.500000
vt 0.573487 0.479004
vt 0.568238 0.479004
vt 0.573487 0.458007
vt 0.568238 0.458007
vt 0.573487 0.437011
vt 0.568238 0.437011
vt 0.573487 0.416015
vt 0.568238 0.416015
vt 0.573487 0.395019
vt 0.568238 0.395019
vt 0.573487 0.374022
vt 0.568238 0.374022
vt 0.568238 0.625978
vt 0.573487 0.625978
vt 0.562989 0.395019
vt 0.562989 0.374022
vt 0.562989 0.625978
vt 0.557740 0.395019
vt 0.557740 0.374022
vt 0.557740 0.625978
vt 0.557740 0.416015
vt 0.562989 0.416015
vt 0.557740 0.437011
vt 0.562989 0.437011
vt 0.557740 0.458007
vt 0.562989 0.458007
vt 0.557740 0.479004
vt 0.562989 0.479004
vt 0.557740 0.500000
vt 0.562989 0.500000
vt 0.557740 0.520996
vt 0.562989 0.520996
vt 0.557740 0.541992
vt 0.562989 0.541992
vt 0.552491 0.541992
vt 0.552491 0.520996
vt 0.547242 0.541992
vt 0.547242 0.520996
vt 0.552491 0.500000
vt 0.547242 0.500000
vt 0.552491 0.479004
vt 0.547242 0.479004
vt 0.552491 0.458007
vt 0.547242 0.458007
vt 0.552491 0.437011
vt 0.547242 0.437011
vt 0.552491 0.416015
vt 0.547242 0.416015
vt 0.552491 0.395019
vt 0.547242 0.395019
vt 0.552491 0.374022
vt 0.547242 0.374022
vt 0.547242 0.625978
vt 0.552491 0.625978
vt 0.541992 0.395019
vt 0.541992 0.374022
vt 0.541992 0.625978
vt 0.536743 0.395019
vt 0.536743 0.374022
vt 0.536743 0.625978
vt 0.536743 0.416015
vt 0.541992 0.416015
vt 0.536743 0.437011
vt 0.541992 0.437011
vt 0.536743 0.458007
vt 0.541992 0.458007
vt 0.536743 0.479004
vt 0.541992 0.479004
vt 0.536743 0.500000
vt 0.541992 0.500000
vt 0.536743 0.520996
vt 0.541992 0.520996
vt 0.536743 0.541992
vt 0.541992 0.541992
vt 0.531494 0.541992
vt 0.531494 0.520996
vt 0.526245 0.541992
vt 0.526245 0.520996
vt 0.531494 0.500000
vt 0.526245 0.500000
vt 0.531494 0.479004
vt 0.526245 0.479004
vt 0.531494 0.458007
vt 0.526245 0.458007
vt 0.531494 0.437011
vt 0.526245 0.437011
vt 0.531494 0.416015
vt 0.526245 0.416015
vt 0.531494 0.395019
vt 0.526245 0.395019
vt 0.531494 0.374022
vt 0.526245 0.374022
vt 0.526245 0.625978
vt 0.531494 0.625978
vt 0.520996 0.395019
vt 0.520996 0.374022
vt 0.520996 0.625978
vt 0.515747 0.395019
vt 0.515747 0.374022
vt 0.515747 0.625978
vt 0.515747 0.416015
vt 0.520996 0.416015
vt 0.515747 0.437011
vt 0.520996 0.437011
vt 0.515747 0.458007
vt 0.520996 0.458007
vt 0.515747 0.479004
vt 0.520996 0.479004
vt 0.515747 0.500000
vt 0.520996 0.500000
vt 0.515747 0.520996
vt 0.520996 0.520996
vt 0.515747 0.541992
vt 0.520996 0.541992
vt 0.510498 0.541992
vt 0.510498 0.520996
vt 0.505249 0.541992
vt 0.505249 0.520996
vt 0.510498 0.500000
vt 0.505249 0.500000
vt 0.510498 0.479004
vt 0.505249 0.479004
vt 0.510498 0.458007
vt 0.505249 0.458007
vt 0.510498 0.437011
vt 0.505249 0.437011
vt 0.510498 0.416015
vt 0.505249 0.416015
vt 0.510498 0.395019
vt 0.505249 0.395019
vt 0.510498 0.374022
vt 0.505249 0.374022
vt 0.505249 0.625978
vt 0.510498 0.625978
vt 0.500000 0.395019
vt 0.500000 0.374022
vt 0.500000 0.625978
vt 0.494751 0.395019
vt 0.494751 0.374022
vt 0.494751 0.625978
vt 0.494751 0.416015
vt 0.500000 0.416015
vt 0.494751 0.437011
vt 0.500000 0.437011
vt 0.494751 0.458007
vt 0.500000 0.458007
vt 0.494751 0.479004
vt 0.500000 0.479004
vt 0.494751 0.500000
vt 0.494751 0.520996
vt 0.500000 0.520996
vt 0.494751 0.541992
vt 0.500000 0.541992
vt 0.489502 0.541992
vt 0.489502 0.520996
vt 0.484253 0.541992
vt 0.484253 0.520996
vt 0.489502 0.500000
vt 0.484253 0.500000
vt 0.489502 0.479004
vt 0.484253 0.479004
vt 0.489502 0.458007
vt 0.484253 0.458007
vt 0.489502 0.437011
vt 0.484253 0.437011
vt 0.489502 0.416015
vt 0.484253 0.416015
vt 0.489502 0.395019
vt 0.484253 0.395019
vt 0.489502 0.374022
vt 0.484253 0.374022
vt 0.484253 0.625978
vt 0.489502 0.625978
vt 0.479004 0.395019
vt 0.479004 0.374022
vt 0.479004 0.625978
vt 0.473755 0.395019
vt 0.473755 0.374022
vt 0.473755 0.625978
vt 0.473755 0.416015
vt 0.479004 0.416015
vt 0.473755 0.437011
vt 0.479004 0.437011
vt 0.473755 0.458007
vt 0.479004 0.458007
vt 0.473755 0.479004
vt 0.479004 0.479004
vt 0.473755 0.500000
vt 0.479004 0.500000
vt 0.473755 0.520996
vt 0.479004 0.520996
vt 0.473755 0.541992
vt 0.479004 0.541992
vt 0.468506 0.541992
vt 0.468506 0.520996
vt 0.463257 0.541992
vt 0.463257 0.520996
vt 0.468506 0.500000
vt 0.463257 0.500000
vt 0.468506 0.479004
vt 0.463257 0.479004
vt 0.468506 0.458007
vt 0.463257 0.458007
vt 0.468506 0.437011
vt 0.463257 0.437011
vt 0.468506 0.416015
vt 0.463257 0.416015
vt 0.468506 0.395019
vt 0.463257 0.395019
vt 0.468506 0.374022
vt 0.463257 0.374022
vt 0.463257 0.625978
vt 0.468506 0.625978
vt 0.458007 0.395019
vt 0.458007 0.374022
vt 0.458007 0.625978
vt 0.452758 0.395019
vt 0.452758 0.374022
vt 0.452758 0.625978
vt 0.452758 0.416015
vt 0.458007 0.416015
vt 0.452758 0.437011
vt 0.458007 0.437011
vt 0.452758 0.458007
vt 0.458007 0.458007
vt 0.452758 0.479004
vt 0.458007 0.479004
vt 0.452758 0.500000
vt 0.458007 0.500000
vt 0.452758 0.520996
vt 0.458007 0.520996
vt 0.452758 0.541992
vt 0.458007 0.541992
vt 0.447509 0.541992
vt 0.447509 0.520996
vt 0.442260 0.541992
vt 0.442260 0.520996
vt 0.447509 0.500000
vt 0.442260 0.500000
vt 0.447509 0.479004
vt 0.442260 0.479004
vt 0.447509 0.458007
vt 0.442260 0.458007
vt 0.447509 0.437011
vt 0.442260 0.437011
vt 0.447509 0.416015
vt 0.442260 0.416015
vt 0.447509 0.395019
vt 0.442260 0.395019
vt 0.447509 0.374022
vt 0.442260 0.374022
vt 0.442260 0.625978
vt 0.447509 0.625978
vt 0.437011 0.395019
vt 0.437011 0.374022
vt 0.437011 0.625978
vt 0.431762 0.395019
vt 0.431762 0.374022
vt 0.431762 0.625978
vt 0.431762 0.416015
vt 0.437011 0.416015
vt 0.431762 0.437011
vt 0.437011 0.437011
vt 0.431762 0.458007
vt 0.437011 0.458007
vt 0.431762 0.479004
vt 0.437011 0.479004
vt 0.431762 0.500000
vt 0.437011 0.500000
vt 0.431762 0.520996
vt 0.437011 0.520996
vt 0.431762 0.541992
vt 0.437011 0.541992
vt 0.426513 0.541992
vt 0.426513 0.520996
vt 0.421264 0.541992
vt 0.421264 0.520996
vt 0.426513 0.500000
vt 0.421264 0.500000
vt 0.426513 0.479004
vt 0.421264 0.479004
vt 0.426513 0.458007
vt 0.421264 0.458007
vt 0.426513 0.437011
vt 0.421264 0.437011
vt 0.426513 0.416015
vt 0.421264 0.416015
vt 0.426513 0.395019
vt 0.421264 0.395019
vt 0.426513 0.374022
vt 0.421264 0.374022
vt 0.421264 0.625978
vt 0.426513 0.625978
vt 0.416015 0.395019
vt 0.416015 0.374022
vt 0.416015 0.625978
vt 0.410766 0.395019
vt 0.410766 0.374022
vt 0.410766 0.625978
vt 0.410766 0.416015
vt 0.416015 0.416015
vt 0.410766 0.437011
vt 0.416015 0.437011
vt 0.410766 0.458007
vt 0.416015 0.458007
vt 0.410766 0.479004
vt 0.416015 0.479004
vt 0.410766 0.500000
vt 0.416015 0.500000
vt 0.410766 0.520996
vt 0.416015 0.520996
vt 0.410766 0.541992
vt 0.416015 0.541992
vt 0.405517 0.541992
vt 0.405517 0.520996
vt 0.400268 0.541992
vt 0.400268 0.520996
vt 0.405517 0.500000
vt 0.400268 0.500000
vt 0.405517 0.479004
vt 0.400268 0.479004
vt 0.405517 0.458007
vt 0.400268 0.458007
vt 0.405517 0.437011
vt 0.400268 0.437011
vt 0.405517 0.416015
vt 0.400268 0.416015
vt 0.405517 0.395019
vt 0.400268 0.395019
vt 0.405517 0.374022
vt 0.400268 0.374022
vt 0.400268 0.625978
vt 0.405517 0.625978
vt 0.395019 0.395019
vt 0.395019 0.374022
vt 0.395019 0.625978
vt 0.389770 0.395019
vt 0.389770 0.374022
vt 0.389770 0.625978
vt 0.389770 0.416015
vt 0.395019 0.416015
vt 0.389770 0.437011
vt 0.395019 0.437011
vt 0.389770 0.458007
vt 0.395019 0.458007
vt 0.389770 0.479004
vt 0.395019 0.479004
vt 0.389770 0.500000
vt 0.395019 0.500000
vt 0.389770 0.520996
vt 0.395019 0.520996
vt 0.389770 0.541992
vt 0.395019 0.541992
vt 0.384521 0.541992
vt 0.384521 0.520996
vt 0.384521 0.500000
vt 0.384521 0.479004
vt 0.384521 0.458007
vt 0.384521 0.437011
vt 0.384521 0.416015
vt 0.384521 0.395019
vt 0.384521 0.374022
vt 0.384521 0.625978
vt 0.366295 0.633705
vt 0.366295 0.611421
vt 0.371866 0.611421
vt 0.371866 0.633705
vt 0.366295 0.388579
vt 0.366295 0.366295
vt 0.371866 0.366295
vt 0.371866 0.388579
vt 0.366295 0.410863
vt 0.371866 0.410863
vt 0.366295 0.433147
vt 0.371866 0.433147
vt 0.366295 0.455432
vt 0.371866 0.455432
vt 0.366295 0.477716
vt 0.371866 0.477716
vt 0.366295 0.500000
vt 0.371866 0.500000
vt 0.366295 0.522284
vt 0.371866 0.522284
vt 0.366295 0.544568
vt 0.371866 0.544568
vt 0.366295 0.566853
vt 0.371866 0.566853
vt 0.366295 0.589137
vt 0.371866 0.589137
vt 0.377437 0.566853
vt 0.377437 0.589137
vt 0.377437 0.611421
vt 0.383008 0.566853
vt 0.383008 0.589137
vt 0.383008 0.611421
vt 0.388579 0.566853
vt 0.388579 0.589137
vt 0.388579 0.611421
vt 0.394150 0.566853
vt 0.394150 0.589137
vt 0.394150 0.611421
vt 0.399721 0.566853
vt 0.399721 0.589137
vt 0.399721 0.611421
vt 0.405292 0.566853
vt 0.405292 0.589137
vt 0.405292 0.611421
vt 0.410863 0.566853
vt 0.410863 0.589137
vt 0.410863 0.611421
vt 0.416434 0.566853
vt 0.416434 0.589137
vt 0.416434 0.611421
vt 0.422005 0.566853
vt 0.422005 0.589137
vt 0.422005 0.611421
vt 0.427576 0.566853
vt 0.427576 0.589137
vt 0.427576 0.611421
vt 0.433147 0.566853
vt 0.433147 0.589137
vt 0.433147 0.611421
vt 0.438718 0.566853
vt 0.438718 0.589137
vt 0.438718 0.611421
vt 0.444290 0.566853
vt 0.444290 0.589137
vt 0.444290 0.611421
vt 0.449861 0.566853
vt 0.449861 0.589137
vt 0.449861 0.611421
vt 0.455432 0.566853
vt 0.455432 0.589137
vt 0.455432 0.611421
vt 0.461003 0.566853
vt 0.461003 0.589137
vt 0.461003 0.611421
vt 0.466574 0.566853
vt 0.466574 0.589137
vt 0.466574 0.611421
vt 0.472145 0.566853
vt 0.472145 0.589137
vt 0.472145 0.611421
vt 0.477716 0.566853
vt 0.477716 0.589137
vt 0.477716 0.611421
vt 0.483287 0.566853
vt 0.483287 0.589137
vt 0.483287 0.611421
vt 0.488858 0.566853
vt 0.488858 0.589137
vt 0.488858 0.611421
vt 0.494429 0.566853
vt 0.494429 0.589137
vt 0.494429 0.611421
vt 0.500000 0.566853
vt 0.500000 0.589137
vt 0.500000 0.611421
vt 0.505571 0.566853
vt 0.505571 0.589137
vt 0.505571 0.611421
vt 0.511142 0.566853
vt 0.511142 0.589137
vt 0.511142 0.611421
vt 0.516713 0.566853
vt 0.516713 0.589137
vt 0.516713 0.611421
vt 0.522284 0.566853
vt 0.522284 0.589137
vt 0.522284 0.611421
vt 0.527855 0.566853
vt 0.527855 0.589137
vt 0.527855 0.611421
vt 0.533426 0.566853
vt 0.533426 0.589137
vt 0.533426 0.611421
vt 0.538997 0.566853
vt 0.538997 0.589137
vt 0.538997 0.611421
vt 0.544568 0.566853
vt 0.544568 0.589137
vt 0.544568 0.611421
vt 0.550139 0.566853
vt 0.550139 0.589137
vt 0.550139 0.611421
vt 0.555710 0.566853
vt 0.555710 0.589137
vt 0.555710 0.611421
vt 0.561282 0.566853
vt 0.561282 0.589137
vt 0.561282 0.611421
vt 0.566853 0.566853
vt 0.566853 0.589137
vt 0.566853 0.611421
vt 0.572424 0.566853
vt 0.572424 0.589137
vt 0.572424 0.611421
vt 0.577995 0.566853
vt 0.577995 0.589137
vt 0.577995 0.611421
vt 0.583566 0.566853
vt 0.583566 0.589137
vt 0.583566 0.611421
vt 0.589137 0.566853
vt 0.589137 0.589137
vt 0.589137 0.611421
vt 0.594708 0.566853
vt 0.594708 0.589137
vt 0.594708 0.611421
vt 0.600279 0.566853
vt 0.600279 0.589137
vt 0.600279 0.611421
vt 0.605850 0.566853
vt 0.605850 0.589137
vt 0.605850 0.611421
vt 0.611421 0.566853
vt 0.611421 0.589137
vt 0.611421 0.611421
vt 0.616992 0.566853
vt 0.616992 0.589137
vt 0.616992 0.611421
vt 0.622563 0.566853
vt 0.622563 0.589137
vt 0.622563 0.611421
vt 0.628134 0.566853
vt 0.628134 0.589137
vt 0.628134 0.611421
vt 0.633705 0.566853
vt 0.633705 0.589137
vt 0.633705 0.611421
vt 0.628134 0.633705
vt 0.633705 0.633705
vt 0.628134 0.388579
vt 0.628134 0.366295
vt 0.633705 0.366295
vt 0.633705 0.388579
vt 0.628134 0.410863
vt 0.633705 0.410863
vt 0.628134 0.433147
vt 0.633705 0.433147
vt 0.628134 0.455432
vt 0.633705 0.455432
vt 0.628134 0.477716
vt 0.633705 0.477716
vt 0.628134 0.500000
vt 0.633705 0.500000
vt 0.628134 0.522284
vt 0.633705 0.522284
vt 0.628134 0.544568
vt 0.633705 0.544568
vt 0.622563 0.544568
vt 0.622563 0.522284
vt 0.616992 0.544568
vt 0.616992 0.522284
vt 0.616992 0.500000
vt 0.622563 0.500000
vt 0.616992 0.477716
vt 0.622563 0.477716
vt 0.616992 0.455432
vt 0.622563 0.455432
vt 0.616992 0.433147
vt 0.622563 0.433147
vt 0.616992 0.410863
vt 0.622563 0.410863
vt 0.616992 0.388579
vt 0.622563 0.388579
vt 0.616992 0.366295
vt 0.622563 0.366295
vt 0.616992 0.633705
vt 0.622563 0.633705
vt 0.611421 0.388579
vt 0.611421 0.366295
vt 0.611421 0.633705
vt 0.605850 0.388579
vt 0.605850 0.366295
vt 0.605850 0.633705
vt 0.605850 0.410863
vt 0.611421 0.410863
vt 0.605850 0.433147
vt 0.611421 0.433147
vt 0.605850 0.455432
vt 0.611421 0.455432
vt 0.605850 0.477716
vt 0.611421 0.477716
vt 0.605850 0.500000
vt 0.611421 0.500000
vt 0.605850 0.522284
vt 0.611421 0.522284
vt 0.605850 0.544568
vt 0.611421 0.544568
vt 0.600279 0.544568
vt 0.600279 0.522284
vt 0.594708 0.544568
vt 0.594708 0.522284
vt 0.594708 0.500000
vt 0.600279 0.500000
vt 0.594708 0.477716
vt 0.600279 0.477716
vt 0.594708 0.455432
vt 0.600279 0.455432
vt 0.594708 0.433147
vt 0.600279 0.433147
vt 0.594708 0.410863
vt 0.600279 0.410863
vt 0.594708 0.388579
vt 0.600279 0.388579
vt 0.594708 0.366295
vt 0.600279 0.366295
vt 0.594708 0.633705
vt 0.600279 0.633705
vt 0.589137 0.388579
vt 0.589137 0.366295
vt 0.589137 0.633705
vt 0.583566 0.388579
vt 0.583566 0.366295
vt 0.583566 0.633705
vt 0.583566 0.410863
vt 0.589137 0.410863
vt 0.583566 0.433147
vt 0.589137 0.433147
vt 0.583566 0.455432
vt 0.589137 0.455432
vt 0.583566 0.477716
vt 0.589137 0.477716
vt 0.583566 0.500000
vt 0.589137 0.500000
vt 0.583566 0.522284
vt 0.589137 0.522284
vt 0.583566 0.544568
vt 0.589137 0.544568
vt 0.577995 0.544568
vt 0.577995 0.522284
vt 0.572424 0.544568
vt 0.572424 0.522284
vt 0.572424 0.500000
vt 0.577995 0.500000
vt 0.572424 0.477716
vt 0.577995 0.477716
vt 0.572424 0.455432
vt 0.577995 0.455432
vt 0.572424 0.433147
vt 0.577995 0.433147
vt 0.572424 0.410863
vt 0.577995 0.410863
vt 0.572424 0.388579
vt 0.577995 0.388579
vt 0.572424 0.366295
vt 0.577995 0.366295
vt 0.572424 0.633705
vt 0.577995 0.633705
vt 0.566853 0.388579
vt 0.566853 0.366295
vt 0.566853 0.633705
vt 0.561282 0.388579
vt 0.561282 0.366295
vt 0.561282 0.633705
vt 0.561282 0.410863
vt 0.566853 0.410863
vt 0.561282 0.433147
vt 0.566853 0.433147
vt 0.561282 0.455432
vt 0.566853 0.455432
vt 0.561282 0.477716
vt 0.566853 0.477716
vt 0.561282 0.500000
vt 0.566853 0.500000
vt 0.561282 0.522284
vt 0.566853 0.522284
vt 0.561282 0.544568
vt 0.566853 0.544568
vt 0.555710 0.544568
vt 0.555710 0.522284
vt 0.550139 0.544568
vt 0.550139 0.522284
vt 0.550139 0.500000
vt 0.555710 0.500000
vt 0.550139 0.477716
vt 0.555710 0.477716
vt 0.550139 0.455432
vt 0.555710 0.455432
vt 0.550139 0.433147
vt 0.555710 0.433147
vt 0.550139 0.410863
vt 0.555710 0.410863
vt 0.550139 0.388579
vt 0.555710 0.388579
vt 0.550139 0.366295
vt 0.555710 0.366295
vt 0.550139 0.633705
vt 0.555710 0.633705
vt 0.544568 0.388579
vt 0.544568 0.366295
vt 0.544568 0.633705
vt 0.538997 0.388579
vt 0.538997 0.366295
vt 0.538997 0.633705
vt 0.538997 0.410863
vt 0.544568 0.410863
vt 0.538997 0.433147
vt 0.544568 0.433147
vt 0.538997 0.455432
vt 0.544568 0.455432
vt 0.538997 0.477716
vt 0.544568 0.477716
vt 0.538997 0.500000
vt 0.544568 0.500000
vt 0.538997 0.522284
vt 0.544568 0.522284
vt 0.538997 0.544568
vt 0.544568 0.544568
vt 0.533426 0.544568
vt 0.533426 0.522284
vt 0.527855 0.544568
vt 0.527855 0.522284
vt 0.527855 0.500000
vt 0.533426 0.500000
vt 0.527855 0.477716
vt 0.533426 0.477716
vt 0.527855 0.455432
vt 0.533426 0.455432
vt 0.527855 0.433147
vt 0.533426 0.433147
vt 0.527855 0.410863
vt 0.533426 0.410863
vt 0.527855 0.388579
vt 0.533426 0.388579
vt 0.527855 0.366295
vt 0.533426 0.366295
vt 0.527855 0.633705
vt 0.533426 0.633705
vt 0.522284 0.388579
vt 0.522284 0.366295
vt 0.522284 0.633705
vt 0.516713 0.388579
vt 0.516713 0.366295
vt 0.516713 0.633705
vt 0.516713 0.410863
vt 0.522284 0.410863
vt 0.516713 0.433147
vt 0.522284 0.433147
vt 0.516713 0.455432
vt 0.522284 0.455432
vt 0.516713 0.477716
vt 0.522284 0.477716
vt 0.516713 0.500000
vt 0.522284 0.500000
vt 0.516713 0.522284
vt 0.522284 0.522284
vt 0.516713 0.544568
vt 0.522284 0.544568
vt 0.511142 0.544568
vt 0.511142 0.522284
vt 0.505571 0.544568
vt 0.505571 0.522284
vt 0.505571 0.500000
vt 0.511142 0.500000
vt 0.505571 0.477716
vt 0.511142 0.477716
vt 0.505571 0.455432
vt 0.511142 0.455432
vt 0.505571 0.433147
vt 0.511142 0.433147
vt 0.505571 0.410863
vt 0.511142 0.410863
vt 0.505571 0.388579
vt 0.511142 0.388579
vt 0.505571 0.366295
vt 0.511142 0.366295
vt 0.505571 0.633705
vt 0.511142 0.633705
vt 0.500000 0.388579
vt 0.500000 0.366295
vt 0.500000 0.633705
vt 0.494429 0.388579
vt 0.494429 0.366295
vt 0.494429 0.633705
vt 0.494429 0.410863
vt 0.500000 0.410863
vt 0.494429 0.433147
vt 0.500000 0.433147
vt 0.494429 0.455432
vt 0.500000 0.455432
vt 0.494429 0.477716
vt 0.500000 0.477716
vt 0.494429 0.500000
vt 0.494429 0.522284
vt 0.500000 0.522284
vt 0.494429 0.544568
vt 0.500000 0.544568
vt 0.488858 0.544568
vt 0.488858 0.522284
vt 0.483287 0.544568
vt 0.483287 0.522284
vt 0.483287 0.500000
vt 0.488858 0.500000
vt 0.483287 0.477716
vt 0.488858 0.477716
vt 0.483287 0.455432
vt 0.488858 0.455432
vt 0.483287 0.433147
vt 0.488858 0.433147
vt 0.483287 0.410863
vt 0.488858 0.410863
vt 0.483287 0.388579
vt 0.488858 0.388579
vt 0.483287 0.366295
vt 0.488858 0.366295
vt 0.483287 0.633705
vt 0.488858 0.633705
vt 0.477716 0.388579
vt 0.477716 0.366295
vt 0.477716 0.633705
vt 0.472145 0.388579
vt 0.472145 0.366295
vt 0.472145 0.633705
vt 0.472145 0.410863
vt 0.477716 0.410863
vt 0.472145 0.433147
vt 0.477716 0.433147
vt 0.472145 0.455432
vt 0.477716 0.455432
vt 0.472145 0.477716
vt 0.477716 0.477716
vt 0.472145 0.500000
vt 0.477716 0.500000
vt 0.472145 0.522284
vt 0.477716 0.522284
vt 0.472145 0.544568
vt 0.477716 0.544568
vt 0.466574 0.544568
vt 0.466574 0.522284
vt 0.461003 0.544568
vt 0.461003 0.522284
vt 0.461003 0.500000
vt 0.466574 0.500000
vt 0.461003 0.477716
vt 0.466574 0.477716
vt 0.461003 0.455432
vt 0.466574 0.455432
vt 0.461003 0.433147
vt 0.466574 0.433147
vt 0.461003 0.410863
vt 0.466574 0.410863
vt 0.461003 0.388579
vt 0.466574 0.388579
vt 0.461003 0.366295
vt 0.466574 0.366295
vt 0.461003 0.633705
vt 0.466574 0.633705
vt 0.455432 0.388579
vt 0.455432 0.366295
vt 0.455432 0.633705
vt 0.449861 0.388579
vt 0.449861 0.366295
vt 0.449861 0.633705
vt 0.449861 0.410863
vt 0.455432 0.410863
vt 0.449861 0.433147
vt 0.455432 0.433147
vt 0.449861 0.455432
vt 0.455432 0.455432
vt 0.449861 0.477716
vt 0.455432 0.477716
vt 0.449861 0.500000
vt 0.455432 0.500000
vt 0.449861 0.522284
vt 0.455432 0.522284
vt 0.449861 0.544568
vt 0.455432 0.544568
vt 0.444290 0.544568
vt 0.444290 0.522284
vt 0.438718 0.544568
vt 0.438718 0.522284
vt 0.438718 0.500000
vt 0.444290 0.500000
vt 0.438718 0.477716
vt 0.444290 0.477716
vt 0.438718 0.455432
vt 0.444290 0.455432
vt 0.438718 0.433147
vt 0.444290 0.433147
vt 0.438718 0.410863
vt 0.444290 0.410863
vt 0.438718 0.388579
vt 0.444290 0.388579
vt 0.438718 0.366295
vt 0.444290 0.366295
vt 0.438718 0.633705
vt 0.444290 0.633705
vt 0.433147 0.388579
vt 0.433147 0.366295
vt 0.433147 0.633705
vt 0.427576 0.388579
vt 0.427576 0.366295
vt 0.427576 0.633705
vt 0.427576 0.410863
vt 0.433147 0.410863
vt 0.427576 0.433147
vt 0.433147 0.433147
vt 0.427576 0.455432
vt 0.433147 0.455432
vt 0.427576 0.477716
vt 0.433147 0.477716
vt 0.427576 0.500000
vt 0.433147 0.500000
vt 0.427576 0.522284
vt 0.433147 0.522284
vt 0.427576 0.544568
vt 0.433147 0.544568
vt 0.422005 0.544568
vt 0.422005 0.522284
vt 0.416434 0.544568
vt 0.416434 0.522284
vt 0.416434 0.500000
vt 0.422005 0.500000
vt 0.416434 0.477716
vt 0.422005 0.477716
vt 0.416434 0.455432
vt 0.422005 0.455432
vt 0.416434 0.433147
vt 0.422005 0.433147
vt 0.416434 0.410863
vt 0.422005 0.410863
vt 0.416434 0.388579
vt 0.422005 0.388579
vt 0.416434 0.366295
vt 0.422005 0.366295
vt 0.416434 0.633705
vt 0.422005 0.633705
vt 0.410863 0.388579
vt 0.410863 0.366295
vt 0.410863 0.633705
vt 0.405292 0.388579
vt 0.405292 0.366295
vt 0.405292 0.633705
vt 0.405292 0.410863
vt 0.410863 0.410863
vt 0.405292 0.433147
vt 0.410863 0.433147
vt 0.405292 0.455432
vt 0.410863 0.455432
vt 0.405292 0.477716
vt 0.410863 0.477716
vt 0.405292 0.500000
vt 0.410863 0.500000
vt 0.405292 0.522284
vt 0.410863 0.522284
vt 0.405292 0.544568
vt 0.410863 0.544568
vt 0.399721 0.544568
vt 0.399721 0.522284
vt 0.394150 0.544568
vt 0.394150 0.522284
vt 0.394150 0.500000
vt 0.399721 0.500000
vt 0.394150 0.477716
vt 0.399721 0.477716
vt 0.394150 0.455432
vt 0.399721 0.455432
vt 0.394150 0.433147
vt 0.399721 0.433147
vt 0.394150 0.410863
vt 0.399721 0.410863
vt 0.394150 0.388579
vt 0.399721 0.388579
vt 0.394150 0.366295
vt 0.399721 0.366295
vt 0.394150 0.633705
vt 0.399721 0.633705
vt 0.388579 0.388579
vt 0.388579 0.366295
vt 0.388579 0.633705
vt 0.383008 0.388579
vt 0.383008 0.366295
vt 0.383008 0.633705
vt 0.383008 0.410863
vt 0.388579 0.410863
vt 0.383008 0.433147
vt 0.388579 0.433147
vt 0.383008 0.455432
vt 0.388579 0.455432
vt 0.383008 0.477716
vt 0.388579 0.477716
vt 0.383008 0.500000
vt 0.388579 0.500000
vt 0.383008 0.522284
vt 0.388579 0.522284
vt 0.383008 0.544568
vt 0.388579 0.544568
vt 0.377437 0.544568
vt 0.377437 0.522284
vt 0.377437 0.500000
vt 0.377437 0.477716
vt 0.377437 0.455432
vt 0.377437 0.433147
vt 0.377437 0.410863
vt 0.377437 0.388579
vt 0.377437 0.366295
vt 0.377437 0.633705
vt 0.391459 0.608541
vt 0.391459 0.590451
vt 0.395981 0.590451
vt 0.395981 0.608541
vt 0.391459 0.409549
vt 0.391459 0.391459
vt 0.395981 0.391459
vt 0.395981 0.409549
vt 0.391459 0.427639
vt 0.395981 0.427639
vt 0.391459 0.445729
vt 0.395981 0.445729
vt 0.391459 0.463820
vt 0.395981 0.463820
vt 0.391459 0.481910
vt 0.395981 0.481910
vt 0.391459 0.500000
vt 0.395981 0.500000
vt 0.391459 0.518090
vt 0.395981 0.518090
vt 0.391459 0.536180
vt 0.395981 0.536180
vt 0.391459 0.554271
vt 0.395981 0.554271
vt 0.391459 0.572361
vt 0.395981 0.572361
vt 0.400504 0.554271
vt 0.400504 0.572361
vt 0.400504 0.590451
vt 0.405026 0.554271
vt 0.405026 0.572361
vt 0.405026 0.590451
vt 0.409549 0.554271
vt 0.409549 0.572361
vt 0.409549 0.590451
vt 0.414072 0.554271
vt 0.414072 0.572361
vt 0.414072 0.590451
vt 0.418594 0.554271
vt 0.418594 0.572361
vt 0.418594 0.590451
vt 0.423117 0.554271
vt 0.423117 0.572361
vt 0.423117 0.590451
vt 0.427639 0.554271
vt 0.427639 0.572361
vt 0.427639 0.590451
vt 0.432162 0.554271
vt 0.432162 0.572361
vt 0.432162 0.590451
vt 0.436684 0.554271
vt 0.436684 0.572361
vt 0.436684 0.590451
vt 0.441207 0.554271
vt 0.441207 0.572361
vt 0.441207 0.590451
vt 0.445729 0.554271
vt 0.445729 0.572361
vt 0.445729 0.590451
vt 0.450252 0.554271
vt 0.450252 0.572361
vt 0.450252 0.590451
vt 0.454775 0.554271
vt 0.454775 0.572361
vt 0.454775 0.590451
vt 0.459297 0.554271
vt 0.459297 0.572361
vt 0.459297 0.590451
vt 0.463820 0.554271
vt 0.463820 0.572361
vt 0.463820 0.590451
vt 0.468342 0.554271
vt 0.468342 0.572361
vt 0.468342 0.590451
vt 0.472865 0.554271
vt 0.472865 0.572361
vt 0.472865 0.590451
vt 0.477387 0.554271
vt 0.477387 0.572361
vt 0.477387 0.590451
vt 0.481910 0.554271
vt 0.481910 0.572361
vt 0.481910 0.590451
vt 0.486432 0.554271
vt 0.486432 0.572361
vt 0.486432 0.590451
vt 0.490955 0.554271
vt 0.490955 0.572361
vt 0.490955 0.590451
vt 0.495477 0.554271
vt 0.495477 0.572361
vt 0.495477 0.590451
vt 0.500000 0.554271
vt 0.500000 0.572361
vt 0.500000 0.590451
vt 0.504523 0.554271
vt 0.504523 0.572361
vt 0.504523 0.590451
vt 0.509045 0.554271
vt 0.509045 0.572361
vt 0.509045 0.590451
vt 0.513568 0.554271
vt 0.513568 0.572361
vt 0.513568 0.590451
vt 0.518090 0.554271
vt 0.518090 0.572361
vt 0.518090 0.590451
vt 0.522613 0.554271
vt 0.522613 0.572361
vt 0.522613 0.590451
vt 0.527135 0.554271
vt 0.527135 0.572361
vt 0.527135 0.590451
vt 0.531658 0.554271
vt 0.531658 0.572361
vt 0.531658 0.590451
vt 0.536180 0.554271
vt 0.536180 0.572361
vt 0.536180 0.590451
vt 0.540703 0.554271
vt 0.540703 0.572361
vt 0.540703 0.590451
vt 0.545226 0.554271
vt 0.545226 0.572361
vt 0.545226 0.590451
vt 0.549748 0.554271
vt 0.549748 0.572361
vt 0.549748 0.590451
vt 0.554271 0.554271
vt 0.554271 0.572361
vt 0.554271 0.590451
vt 0.558793 0.554271
vt 0.558793 0.572361
vt 0.558793 0.590451
vt 0.563316 0.554271
vt 0.563316 0.572361
vt 0.563316 0.590451
vt 0.567838 0.554271
vt 0.567838 0.572361
vt 0.567838 0.590451
vt 0.572361 0.554271
vt 0.572361 0.572361
vt 0.572361 0.590451
vt 0.576883 0.554271
vt 0.576883 0.572361
vt 0.576883 0.590451
vt 0.581406 0.554271
vt 0.581406 0.572361
vt 0.581406 0.590451
vt 0.585928 0.554271
vt 0.585928 0.572361
vt 0.585928 0.590451
vt 0.590451 0.554271
vt 0.590451 0.572361
vt 0.590451 0.590451
vt 0.594974 0.554271
vt 0.594974 0.572361
vt 0.594974 0.590451
vt 0.599496 0.554271
vt 0.599496 0.572361
vt 0.599496 0.590451
vt 0.604019 0.554271
vt 0.604019 0.572361
vt 0.604019 0.590451
vt 0.608541 0.554271
vt 0.608541 0.572361
vt 0.608541 0.590451
vt 0.604019 0.608541
vt 0.608541 0.608541
vt 0.604019 0.409549
vt 0.604019 0.391459
vt 0.608541 0.391459
vt 0.608541 0.409549
vt 0.604019 0.427639
vt 0.608541 0.427639
vt 0.604019 0.445729
vt 0.608541 0.445729
vt 0.604019 0.463820
vt 0.608541 0.463820
vt 0.604019 0.481910
vt 0.608541 0.481910
vt 0.604019 0.500000
vt 0.608541 0.500000
vt 0.604019 0.518090
vt 0.608541 0.518090
vt 0.604019 0.536180
vt 0.608541 0.536180
vt 0.599496 0.536180
vt 0.599496 0.518090
vt 0.594974 0.536180
vt 0.594974 0.518090
vt 0.594974 0.500000
vt 0.599496 0.500000
vt 0.594974 0.481910
vt 0.599496 0.481910
vt 0.594974 0.463820
vt 0.599496 0.463820
vt 0.594974 0.445729
vt 0.599496 0.445729
vt 0.594974 0.427639
vt 0.599496 0.427639
vt 0.594974 0.409549
vt 0.599496 0.409549
vt 0.594974 0.391459
vt 0.599496 0.391459
vt 0.594974 0.608541
vt 0.599496 0.608541
vt 0.590451 0.409549
vt 0.590451 0.391459
vt 0.590451 0.608541
vt 0.585928 0.409549
vt 0.585928 0.391459
vt 0.585928 0.608541
vt 0.585928 0.427639
vt 0.590451 0.427639
vt 0.585928 0.445729
vt 0.590451 0.445729
vt 0.585928 0.463820
vt 0.590451 0.463820
vt 0.585928 0.481910
vt 0.590451 0.481910
vt 0.585928 0.500000
vt 0.590451 0.500000
vt 0.585928 0.518090
vt 0.590451 0.518090
vt 0.585928 0.536180
vt 0.590451 0.536180
vt 0.581406 0.536180
vt 0.581406 0.518090
vt 0.576883 0.536180
vt 0.576883 0.518090
vt 0.576883 0.500000
vt 0.581406 0.500000
vt 0.576883 0.481910
vt 0.581406 0.481910
vt 0.576883 0.463820
vt 0.581406 0.463820
vt 0.576883 0.445729
vt 0.581406 0.445729
vt 0.576883 0.427639
vt 0.581406 0.427639
vt 0.576883 0.409549
vt 0.581406 0.409549
vt 0.576883 0.391459
vt 0.581406 0.391459
vt 0.576883 0.608541
vt 0.581406 0.608541
vt 0.572361 0.409549
vt 0.572361 0.391459
vt 0.572361 0.608541
vt 0.567838 0.409549
vt 0.567838 0.391459
vt 0.567838 0.608541
vt 0.567838 0.427639
vt 0.572361 0.427639
vt 0.567838 0.445729
vt 0.572361 0.445729
vt 0.567838 0.463820
vt 0.572361 0.463820
vt 0.567838 0.481910
vt 0.572361 0.481910
vt 0.567838 0.500000
vt 0.572361 0.500000
vt 0.567838 0.518090
vt 0.572361 0.518090
vt 0.567838 0.536180
vt 0.572361 0.536180
vt 0.563316 0.536180
vt 0.563316 0.518090
vt 0.558793 0.536180
vt 0.558793 0.518090
vt 0.558793 0.500000
vt 0.563316 0.500000
vt 0.558793 0.481910
vt 0.563316 0.481910
vt 0.558793 0.463820
vt 0.563316 0.463820
vt 0.558793 0.445729
vt 0.563316 0.445729
vt 0.558793 0.427639
vt 0.563316 0.427639
vt 0.558793 0.409549
vt 0.563316 0.409549
vt 0.558793 0.391459
vt 0.563316 0.391459
vt 0.558793 0.608541
vt 0.563316 0.608541
vt 0.554271 0.409549
vt 0.554271 0.391459
vt 0.554271 0.608541
vt 0.549748 0.409549
vt 0.549748 0.391459
vt 0.549748 0.608541
vt 0.549748 0.427639
vt 0.554271 0.427639
vt 0.549748 0.445729
vt 0.554271 0.445729
vt 0.549748 0.463820
vt 0.554271 0.463820
vt 0.549748 0.481910
vt 0.554271 0.481910
vt 0.549748 0.500000
vt 0.554271 0.500000
vt 0.549748 0.518090
vt 0.554271 0.518090
vt 0.549748 0.536180
vt 0.554271 0.536180
vt 0.545226 0.536180
vt 0.545226 0.518090
vt 0.540703 0.536180
vt 0.540703 0.518090
vt 0.540703 0.500000
vt 0.545226 0.500000
vt 0.540703 0.481910
vt 0.545226 0.481910
vt 0.540703 0.463820
vt 0.545226 0.463820
vt 0.540703 0.445729
vt 0.545226 0.445729
vt 0.540703 0.427639
vt 0.545226 0.427639
vt 0.540703 0.409549
vt 0.545226 0.409549
vt 0.540703 0.391459
vt 0.545226 0.391459
vt 0.540703 0.608541
vt 0.545226 0.608541
vt 0.536180 0.409549
vt 0.536180 0.391459
vt 0.536180 0.608541
vt 0.531658 0.409549
vt 0.531658 0.391459
vt 0.531658 0.608541
vt 0.531658 0.427639
vt 0.536180 0.427639
vt 0.531658 0.445729
vt 0.536180 0.445729
vt 0.531658 0.463820
vt 0.536180 0.463820
vt 0.531658 0.481910
vt 0.536180 0.481910
vt 0.531658 0.500000
vt 0.536180 0.500000
vt 0.531658 0.518090
vt 0.536180 0.518090
vt 0.531658 0.536180
vt 0.536180 0.536180
vt 0.527135 0.536180
vt 0.527135 0.518090
vt 0.522613 0.536180
vt 0.522613 0.518090
vt 0.522613 0.500000
vt 0.527135 0.500000
vt 0.522613 0.481910
vt 0.527135 0.481910
vt 0.522613 0.463820
vt 0.527135 0.463820
vt 0.522613 0.445729
vt 0.527135 0.445729
vt 0.522613 0.427639
vt 0.527135 0.427639
vt 0.522613 0.409549
vt 0.527135 0.409549
vt 0.522613 0.391459
vt 0.527135 0.391459
vt 0.522613 0.608541
vt 0.527135 0.608541
vt 0.518090 0.409549
vt 0.518090 0.391459
vt 0.518090 0.608541
vt 0.513568 0.409549
vt 0.513568 0.391459
vt 0.513568 0.608541
vt 0.513568 0.427639
vt 0.518090 0.427639
vt 0.513568 0.445729
vt 0.518090 0.445729
vt 0.513568 0.463820
vt 0.518090 0.463820
vt 0.513568 0.481910
vt 0.518090 0.481910
vt 0.513568 0.500000
vt 0.518090 0.500000
vt 0.513568 0.518090
vt 0.518090 0.518090
vt 0.513568 0.536180
vt 0.518090 0.536180
vt 0.509045 0.536180
vt 0.509045 0.518090
vt 0.504523 0.536180
vt 0.504523 0.518090
vt 0.504523 0.500000
vt 0.509045 0.500000
vt 0.504523 0.481910
vt 0.509045 0.481910
vt 0.504523 0.463820
vt 0.509045 0.463820
vt 0.504523 0.445729
vt 0.509045 0.445729
vt 0.504523 0.427639
vt 0.509045 0.427639
vt 0.504523 0.409549
vt 0.509045 0.409549
vt 0.504523 0.391459
vt 0.509045 0.391459
vt 0.504523 0.608541
vt 0.509045 0.608541
vt 0.500000 0.409549
vt 0.500000 0.391459
vt 0.500000 0.608541
vt 0.495477 0.409549
vt 0.495477 0.391459
vt 0.495477 0.608541
vt 0.495477 0.427639
vt 0.500000 0.427639
vt 0.495477 0.445729
vt 0.500000 0.445729
vt 0.495477 0.463820
vt 0.500000 0.463820
vt 0.495477 0.481910
vt 0.500000 0.481910
vt 0.495477 0.500000
vt 0.495477 0.518090
vt 0.500000 0.518090
vt 0.495477 0.536180
vt 0.500000 0.536180
vt 0.490955 0.536180
vt 0.490955 0.518090
vt 0.486432 0.536180
vt 0.486432 0.518090
vt 0.486432 0.500000
vt 0.490955 0.500000
vt 0.486432 0.481910
vt 0.490955 0.481910
vt 0.486432 0.463820
vt 0.490955 0.463820
vt 0.486432 0.445729
vt 0.490955 0.445729
vt 0.486432 0.427639
vt 0.490955 0.427639
vt 0.486432 0.409549
vt 0.490955 0.409549
vt 0.486432 0.391459
vt 0.490955 0.391459
vt 0.486432 0.608541
vt 0.490955 0.608541
vt 0.481910 0.409549
vt 0.481910 0.391459
vt 0.481910 0.608541
vt 0.477387 0.409549
vt 0.477387 0.391459
vt 0.477387 0.608541
vt 0.477387 0.427639
vt 0.481910 0.427639
vt 0.477387 0.445729
vt 0.481910 0.445729
vt 0.477387 0.463820
vt 0.481910 0.463820
vt 0.477387 0.481910
vt 0.481910 0.481910
vt 0.477387 0.500000
vt 0.481910 0.500000
vt 0.477387 0.518090
vt 0.481910 0.518090
vt 0.477387 0.536180
vt 0.481910 0.536180
vt 0.472865 0.536180
vt 0.472865 0.518090
vt 0.468342 0.536180
vt 0.468342 0.518090
vt 0.468342 0.500000
vt 0.472865 0.500000
vt 0.468342 0.481910
vt 0.472865 0.481910
vt 0.468342 0.463820
vt 0.472865 0.463820
vt 0.468342 0.445729
vt 0.472865 0.445729
vt 0.468342 0.427639
vt 0.472865 0.427639
vt 0.468342 0.409549
vt 0.472865 0.409549
vt 0.468342 0.391459
vt 0.472865 0.391459
vt 0.468342 0.608541
vt 0.472865 0.608541
vt 0.463820 0.409549
vt 0.463820 0.391459
vt 0.463820 0.608541
vt 0.459297 0.409549
vt 0.459297 0.391459
vt 0.459297 0.608541
vt 0.459297 0.427639
vt 0.463820 0.427639
vt 0.459297 0.445729
vt 0.463820 0.445729
vt 0.459297 0.463820
vt 0.463820 0.463820
vt 0.459297 0.481910
vt 0.463820 0.481910
vt 0.459297 0.500000
vt 0.463820 0.500000
vt 0.459297 0.518090
vt 0.463820 0.518090
vt 0.459297 0.536180
vt 0.463820 0.536180
vt 0.454775 0.536180
vt 0.454775 0.518090
vt 0.450252 0.536180
vt 0.450252 0.518090
vt 0.450252 0.500000
vt 0.454775 0.500000
vt 0.450252 0.481910
vt 0.454775 0.481910
vt 0.450252 0.463820
vt 0.454775 0.463820
vt 0.450252 0.445729
vt 0.454775 0.445729
vt 0.450252 0.427639
vt 0.454775 0.427639
vt 0.450252 0.409549
vt 0.454775 0.409549
vt 0.450252 0.391459
vt 0.454775 0.391459
vt 0.450252 0.608541
vt 0.454775 0.608541
vt 0.445729 0.409549
vt 0.445729 0.391459
vt 0.445729 0.608541
vt 0.441207 0.409549
vt 0.441207 0.391459
vt 0.441207 0.608541
vt 0.441207 0.427639
vt 0.445729 0.427639
vt 0.441207 0.445729
vt 0.445729 0.445729
vt 0.441207 0.463820
vt 0.445729 0.463820
vt 0.441207 0.481910
vt 0.445729 0.481910
vt 0.441207 0.500000
vt 0.445729 0.500000
vt 0.441207 0.518090
vt 0.445729 0.518090
vt 0.441207 0.536180
vt 0.445729 0.536180
vt 0.436684 0.536180
vt 0.436684 0.518090
vt 0.432162 0.536180
vt 0.432162 0.518090
vt 0.432162 0.500000
vt 0.436684 0.500000
vt 0.432162 0.481910
vt 0.436684 0.481910
vt 0.432162 0.463820
vt 0.436684 0.463820
vt 0.432162 0.445729
vt 0.436684 0.445729
vt 0.432162 0.427639
vt 0.436684 0.427639
vt 0.432162 0.409549
vt 0.436684 0.409549
vt 0.432162 0.391459
vt 0.436684 0.391459
vt 0.432162 0.608541
vt 0.436684 0.608541
vt 0.427639 0.409549
vt 0.427639 0.391459
vt 0.427639 0.608541
vt 0.423117 0.409549
vt 0.423117 0.391459
vt 0.423117 0.608541
vt 0.423117 0.427639
vt 0.427639 0.427639
vt 0.423117 0.445729
vt 0.427639 0.445729
vt 0.423117 0.463820
vt 0.427639 0.463820
vt 0.423117 0.481910
vt 0.427639 0.481910
vt 0.423117 0.500000
vt 0.427639 0.500000
vt 0.423117 0.518090
vt 0.427639 0.518090
vt 0.423117 0.536180
vt 0.427639 0.536180
vt 0.418594 0.536180
vt 0.418594 0.518090
vt 0.414072 0.536180
vt 0.414072 0.518090
vt 0.414072 0.500000
vt 0.418594 0.500000
vt 0.414072 0.481910
vt 0.418594 0.481910
vt 0.414072 0.463820
vt 0.418594 0.463820
vt 0.414072 0.445729
vt 0.418594 0.445729
vt 0.414072 0.427639
vt 0.418594 0.427639
vt 0.414072 0.409549
vt 0.418594 0.409549
vt 0.414072 0.391459
vt 0.418594 0.391459
vt 0.414072 0.608541
vt 0.418594 0.608541
vt 0.409549 0.409549
vt 0.409549 0.391459
vt 0.409549 0.608541
vt 0.405026 0.409549
vt 0.405026 0.391459
vt 0.405026 0.608541
vt 0.405026 0.427639
vt 0.409549 0.427639
vt 0.405026 0.445729
vt 0.409549 0.445729
vt 0.405026 0.463820
vt 0.409549 0.463820
vt 0.405026 0.481910
vt 0.409549 0.481910
vt 0.405026 0.500000
vt 0.409549 0.500000
vt 0.405026 0.518090
vt 0.409549 0.518090
vt 0.405026 0.536180
vt 0.409549 0.536180
vt 0.400504 0.536180
vt 0.400504 0.518090
vt 0.400504 0.500000
vt 0.400504 0.481910
vt 0.400504 0.463820
vt 0.400504 0.445729
vt 0.400504 0.427639
vt 0.400504 0.409549
vt 0.400504 0.391459
vt 0.400504 0.608541
vt 0.379918 0.620082
vt 0.384922 0.620082
vt 0.384922 0.600068
vt 0.379918 0.600068
vt 0.379918 0.399932
vt 0.384922 0.399932
vt 0.384922 0.379918
vt 0.379918 0.379918
vt 0.379918 0.419946
vt 0.384922 0.419946
vt 0.379918 0.439959
vt 0.384922 0.439959
vt 0.379918 0.459973
vt 0.384922 0.459973
vt 0.379918 0.479986
vt 0.384922 0.479986
vt 0.379918 0.500000
vt 0.384922 0.500000
vt 0.379918 0.520014
vt 0.384922 0.520014
vt 0.379918 0.540027
vt 0.384922 0.540027
vt 0.379918 0.560041
vt 0.384922 0.560041
vt 0.379918 0.580054
vt 0.384922 0.580054
vt 0.389925 0.580054
vt 0.389925 0.560041
vt 0.389925 0.600068
vt 0.394929 0.580054
vt 0.394929 0.560041
vt 0.394929 0.600068
vt 0.399932 0.580054
vt 0.399932 0.560041
vt 0.399932 0.600068
vt 0.404935 0.580054
vt 0.404935 0.560041
vt 0.404935 0.600068
vt 0.409939 0.580054
vt 0.409939 0.560041
vt 0.409939 0.600068
vt 0.414942 0.580054
vt 0.414942 0.560041
vt 0.414942 0.600068
vt 0.419946 0.580054
vt 0.419946 0.560041
vt 0.419946 0.600068
vt 0.424949 0.580054
vt 0.424949 0.560041
vt 0.424949 0.600068
vt 0.429952 0.580054
vt 0.429952 0.560041
vt 0.429952 0.600068
vt 0.434956 0.580054
vt 0.434956 0.560041
vt 0.434956 0.600068
vt 0.439959 0.580054
vt 0.439959 0.560041
vt 0.439959 0.600068
vt 0.444963 0.580054
vt 0.444963 0.560041
vt 0.444963 0.600068
vt 0.449966 0.580054
vt 0.449966 0.560041
vt 0.449966 0.600068
vt 0.454969 0.580054
vt 0.454969 0.560041
vt 0.454969 0.600068
vt 0.459973 0.580054
vt 0.459973 0.560041
vt 0.459973 0.600068
vt 0.464976 0.580054
vt 0.464976 0.560041
vt 0.464976 0.600068
vt 0.469980 0.580054
vt 0.469980 0.560041
vt 0.469980 0.600068
vt 0.474983 0.580054
vt 0.474983 0.560041
vt 0.474983 0.600068
vt 0.479986 0.580054
vt 0.479986 0.560041
vt 0.479986 0.600068
vt 0.484990 0.580054
vt 0.484990 0.560041
vt 0.484990 0.600068
vt 0.489993 0.580054
vt 0.489993 0.560041
vt 0.489993 0.600068
vt 0.494997 0.580054
vt 0.494997 0.560041
vt 0.494997 0.600068
vt 0.500000 0.580054
vt 0.500000 0.560041
vt 0.500000 0.600068
vt 0.505003 0.580054
vt 0.505003 0.560041
vt 0.505003 0.600068
vt 0.510007 0.580054
vt 0.510007 0.560041
vt 0.510007 0.600068
vt 0.515010 0.580054
vt 0.515010 0.560041
vt 0.515010 0.600068
vt 0.520014 0.580054
vt 0.520014 0.560041
vt 0.520014 0.600068
vt 0.525017 0.580054
vt 0.525017 0.560041
vt 0.525017 0.600068
vt 0.530020 0.580054
vt 0.530020 0.560041
vt 0.530020 0.600068
vt 0.535024 0.580054
vt 0.535024 0.560041
vt 0.535024 0.600068
vt 0.540027 0.580054
vt 0.540027 0.560041
vt 0.540027 0.600068
vt 0.545031 0.580054
vt 0.545031 0.560041
vt 0.545031 0.600068
vt 0.550034 0.580054
vt 0.550034 0.560041
vt 0.550034 0.600068
vt 0.555037 0.580054
vt 0.555037 0.560041
vt 0.555037 0.600068
vt 0.560041 0.580054
vt 0.560041 0.560041
vt 0.560041 0.600068
vt 0.565044 0.580054
vt 0.565044 0.560041
vt 0.565044 0.600068
vt 0.570048 0.580054
vt 0.570048 0.560041
vt 0.570048 0.600068
vt 0.575051 0.580054
vt 0.575051 0.560041
vt 0.575051 0.600068
vt 0.580054 0.580054
vt 0.580054 0.560041
vt 0.580054 0.600068
vt 0.585058 0.580054
vt 0.585058 0.560041
vt 0.585058 0.600068
vt 0.590061 0.580054
vt 0.590061 0.560041
vt 0.590061 0.600068
vt 0.595065 0.580054
vt 0.595065 0.560041
vt 0.595065 0.600068
vt 0.600068 0.580054
vt 0.600068 0.560041
vt 0.600068 0.600068
vt 0.605071 0.580054
vt 0.605071 0.560041
vt 0.605071 0.600068
vt 0.610075 0.580054
vt 0.610075 0.560041
vt 0.610075 0.600068
vt 0.615078 0.580054
vt 0.615078 0.560041
vt 0.615078 0.600068
vt 0.620082 0.580054
vt 0.620082 0.560041
vt 0.620082 0.600068
vt 0.615078 0.620082
vt 0.620082 0.620082
vt 0.615078 0.399932
vt 0.620082 0.399932
vt 0.620082 0.379918
vt 0.615078 0.379918
vt 0.615078 0.419946
vt 0.620082 0.419946
vt 0.615078 0.439959
vt 0.620082 0.439959
vt 0.615078 0.459973
vt 0.620082 0.459973
vt 0.615078 0.479986
vt 0.620082 0.479986
vt 0.615078 0.500000
vt 0.620082 0.500000
vt 0.615078 0.520014
vt 0.620082 0.520014
vt 0.615078 0.540027
vt 0.620082 0.540027
vt 0.610075 0.540027
vt 0.610075 0.520014
vt 0.605071 0.540027
vt 0.605071 0.520014
vt 0.610075 0.500000
vt 0.605071 0.500000
vt 0.610075 0.479986
vt 0.605071 0.479986
vt 0.610075 0.459973
vt 0.605071 0.459973
vt 0.610075 0.439959
vt 0.605071 0.439959
vt 0.610075 0.419946
vt 0.605071 0.419946
vt 0.610075 0.399932
vt 0.605071 0.399932
vt 0.610075 0.379918
vt 0.605071 0.379918
vt 0.605071 0.620082
vt 0.610075 0.620082
vt 0.600068 0.399932
vt 0.600068 0.379918
vt 0.600068 0.620082
vt 0.595065 0.399932
vt 0.595065 0.379918
vt 0.595065 0.620082
vt 0.595065 0.419946
vt 0.600068 0.419946
vt 0.595065 0.439959
vt 0.600068 0.439959
vt 0.595065 0.459973
vt 0.600068 0.459973
vt 0.595065 0.479986
vt 0.600068 0.479986
vt 0.595065 0.500000
vt 0.600068 0.500000
vt 0.595065 0.520014
vt 0.600068 0.520014
vt 0.595065 0.540027
vt 0.600068 0.540027
vt 0.590061 0.540027
vt 0.590061 0.520014
vt 0.585058 0.540027
vt 0.585058 0.520014
vt 0.590061 0.500000
vt 0.585058 0.500000
vt 0.590061 0.479986
vt 0.585058 0.479986
vt 0.590061 0.459973
vt 0.585058 0.459973
vt 0.590061 0.439959
vt 0.585058 0.439959
vt 0.590061 0.419946
vt 0.585058 0.419946
vt 0.590061 0.399932
vt 0.585058 0.399932
vt 0.590061 0.379918
vt 0.585058 0.379918
vt 0.585058 0.620082
vt 0.590061 0.620082
vt 0.580054 0.399932
vt 0.580054 0.379918
vt 0.580054 0.620082
vt 0.575051 0.399932
vt 0.575051 0.379918
vt 0.575051 0.620082
vt 0.575051 0.419946
vt 0.580054 0.419946
vt 0.575051 0.439959
vt 0.580054 0.439959
vt 0.575051 0.459973
vt 0.580054 0.459973
vt 0.575051 0.479986
vt 0.580054 0.479986
vt 0.575051 0.500000
vt 0.580054 0.500000
vt 0.575051 0.520014
vt 0.580054 0.520014
vt 0.575051 0.540027
vt 0.580054 0.540027
vt 0.570048 0.540027
vt 0.570048 0.520014
vt 0.565044 0.540027
vt 0.565044 0.520014
vt 0.570048 0.500000
vt 0.565044 0.500000
vt 0.570048 0.479986
vt 0.565044 0.479986
vt 0.570048 0.459973
vt 0.565044 0.459973
vt 0.570048 0.439959
vt 0.565044 0.439959
vt 0.570048 0.419946
vt 0.565044 0.419946
vt 0.570048 0.399932
vt 0.565044 0.399932
vt 0.570048 0.379918
vt 0.565044 0.379918
vt 0.565044 0.620082
vt 0.570048 0.620082
vt 0.560041 0.399932
vt 0.560041 0.379918
vt 0.560041 0.620082
vt 0.555037 0.399932
vt 0.555037 0.379918
vt 0.555037 0.620082
vt 0.555037 0.419946
vt 0.560041 0.419946
vt 0.555037 0.439959
vt 0.560041 0.439959
vt 0.555037 0.459973
vt 0.560041 0.459973
vt 0.555037 0.479986
vt 0.560041 0.479986
vt 0.555037 0.500000
vt 0.560041 0.500000
vt 0.555037 0.520014
vt 0.560041 0.520014
vt 0.555037 0.540027
vt 0.560041 0.540027
vt 0.550034 0.540027
vt 0.550034 0.520014
vt 0.545031 0.540027
vt 0.545031 0.520014
vt 0.550034 0.500000
vt 0.545031 0.500000
vt 0.550034 0.479986
vt 0.545031 0.479986
vt 0.550034 0.459973
vt 0.545031 0.459973
vt 0.550034 0.439959
vt 0.545031 0.439959
vt 0.550034 0.419946
vt 0.545031 0.419946
vt 0.550034 0.399932
vt 0.545031 0.399932
vt 0.550034 0.379918
vt 0.545031 0.379918
vt 0.545031 0.620082
vt 0.550034 0.620082
vt 0.540027 0.399932
vt 0.540027 0.379918
vt 0.540027 0.620082
vt 0.535024 0.399932
vt 0.535024 0.379918
vt 0.535024 0.620082
vt 0.535024 0.419946
vt 0.540027 0.419946
vt 0.535024 0.439959
vt 0.540027 0.439959
vt 0.535024 0.459973
vt 0.540027 0.459973
vt 0.535024 0.479986
vt 0.540027 0.479986
vt 0.535024 0.500000
vt 0.540027 0.500000
vt 0.535024 0.520014
vt 0.540027 0.520014
vt 0.535024 0.540027
vt 0.540027 0.540027
vt 0.530020 0.540027
vt 0.530020 0.520014
vt 0.525017 0.540027
vt 0.525017 0.520014
vt 0.530020 0.500000
vt 0.525017 0.500000
vt 0.530020 0.479986
vt 0.525017 0.479986
vt 0.530020 0.459973
vt 0.525017 0.459973
vt 0.530020 0.439959
vt 0.525017 0.439959
vt 0.530020 0.419946
vt 0.525017 0.419946
vt 0.530020 0.399932
vt 0.525017 0.399932
vt 0.530020 0.379918
vt 0.525017 0.379918
vt 0.525017 0.620082
vt 0.530020 0.620082
vt 0.520014 0.399932
vt 0.520014 0.379918
vt 0.520014 0.620082
vt 0.515010 0.399932
vt 0.515010 0.379918
vt 0.515010 0.620082
vt 0.515010 0.419946
vt 0.520014 0.419946
vt 0.515010 0.439959
vt 0.520014 0.439959
vt 0.515010 0.459973
vt 0.520014 0.459973
vt 0.515010 0.479986
vt 0.520014 0.479986
vt 0.515010 0.500000
vt 0.520014 0.500000
vt 0.515010 0.520014
vt 0.520014 0.520014
vt 0.515010 0.540027
vt 0.520014 0.540027
vt 0.510007 0.540027
vt 0.510007 0.520014
vt 0.505003 0.540027
vt 0.505003 0.520014
vt 0.510007 0.500000
vt 0.505003 0.500000
vt 0.510007 0.479986
vt 0.505003 0.479986
vt 0.510007 0.459973
vt 0.505003 0.459973
vt 0.510007 0.439959
vt 0.505003 0.439959
vt 0.510007 0.419946
vt 0.505003 0.419946
vt 0.510007 0.399932
vt 0.505003 0.399932
vt 0.510007 0.379918
vt 0.505003 0.379918
vt 0.505003 0.620082
vt 0.510007 0.620082
vt 0.500000 0.399932
vt 0.500000 0.379918
vt 0.500000 0.620082
vt 0.494997 0.399932
vt 0.494997 0.379918
vt 0.494997 0.620082
vt 0.494997 0.419946
vt 0.500000 0.419946
vt 0.494997 0.439959
vt 0.500000 0.439959
vt 0.494997 0.459973
vt 0.500000 0.459973
vt 0.494997 0.479986
vt 0.500000 0.479986
vt 0.494997 0.500000
vt 0.494997 0.520014
vt 0.500000 0.520014
vt 0.494997 0.540027
vt 0.500000 0.540027
vt 0.489993 0.540027
vt 0.489993 0.520014
vt 0.484990 0.540027
vt 0.484990 0.520014
vt 0.489993 0.500000
vt 0.484990 0.500000
vt 0.489993 0.479986
vt 0.484990 0.479986
vt 0.489993 0.459973
vt 0.484990 0.459973
vt 0.489993 0.439959
vt 0.484990 0.439959
vt 0.489993 0.419946
vt 0.484990 0.419946
vt 0.489993 0.399932
vt 0.484990 0.399932
vt 0.489993 0.379918
vt 0.484990 0.379918
vt 0.484990 0.620082
vt 0.489993 0.620082
vt 0.479986 0.399932
vt 0.479986 0.379918
vt 0.479986 0.620082
vt 0.474983 0.399932
vt 0.474983 0.379918
vt 0.474983 0.620082
vt 0.474983 0.419946
vt 0.479986 0.419946
vt 0.474983 0.439959
vt 0.479986 0.439959
vt 0.474983 0.459973
vt 0.479986 0.459973
vt 0.474983 0.479986
vt 0.479986 0.479986
vt 0.474983 0.500000
vt 0.479986 0.500000
vt 0.474983 0.520014
vt 0.479986 0.520014
vt 0.474983 0.540027
vt 0.479986 0.540027
vt 0.469980 0.540027
vt 0.469980 0.520014
vt 0.464976 0.540027
vt 0.464976 0.520014
vt 0.469980 0.500000
vt 0.464976 0.500000
vt 0.469980 0.479986
vt 0.464976 0.479986
vt 0.469980 0.459973
vt 0.464976 0.459973
vt 0.469980 0.439959
vt 0.464976 0.439959
vt 0.469980 0.419946
vt 0.464976 0.419946
vt 0.469980 0.399932
vt 0.464976 0.399932
vt 0.469980 0.379918
vt 0.464976 0.379918
vt 0.464976 0.620082
vt 0.469980 0.620082
vt 0.459973 0.399932
vt 0.459973 0.379918
vt 0.459973 0.620082
vt 0.454969 0.399932
vt 0.454969 0.379918
vt 0.454969 0.620082
vt 0.454969 0.419946
vt 0.459973 0.419946
vt 0.454969 0.439959
vt 0.459973 0.439959
vt 0.454969 0.459973
vt 0.459973 0.459973
vt 0.454969 0.479986
vt 0.459973 0.479986
vt 0.454969 0.500000
vt 0.459973 0.500000
vt 0.454969 0.520014
vt 0.459973 0.520014
vt 0.454969 0.540027
vt 0.459973 0.540027
vt 0.449966 0.540027
vt 0.449966 0.520014
vt 0.444963 0.540027
vt 0.444963 0.520014
vt 0.449966 0.500000
vt 0.444963 0.500000
vt 0.449966 0.479986
vt 0.444963 0.479986
vt 0.449966 0.459973
vt 0.444963 0.459973
vt 0.449966 0.439959
vt 0.444963 0.439959
vt 0.449966 0.419946
vt 0.444963 0.419946
vt 0.449966 0.399932
vt 0.444963 0.399932
vt 0.449966 0.379918
vt 0.444963 0.379918
vt 0.444963 0.620082
vt 0.449966 0.620082
vt 0.439959 0.399932
vt 0.439959 0.379918
vt 0.439959 0.620082
vt 0.434956 0.399932
vt 0.434956 0.379918
vt 0.434956 0.620082
vt 0.434956 0.419946
vt 0.439959 0.419946
vt 0.434956 0.439959
vt 0.439959 0.439959
vt 0.434956 0.459973
vt 0.439959 0.459973
vt 0.434956 0.479986
vt 0.439959 0.479986
vt 0.434956 0.500000
vt 0.439959 0.500000
vt 0.434956 0.520014
vt 0.439959 0.520014
vt 0.434956 0.540027
vt 0.439959 0.540027
vt 0.429952 0.540027
vt 0.429952 0.520014
vt 0.424949 0.540027
vt 0.424949 0.520014
vt 0.429952 0.500000
vt 0.424949 0.500000
vt 0.429952 0.479986
vt 0.424949 0.479986
vt 0.429952 0.459973
vt 0.424949 0.459973
vt 0.429952 0.439959
vt 0.424949 0.439959
vt 0.429952 0.419946
vt 0.424949 0.419946
vt 0.429952 0.399932
vt 0.424949 0.399932
vt 0.429952 0.379918
vt 0.424949 0.379918
vt 0.424949 0.620082
vt 0.429952 0.620082
vt 0.419946 0.399932
vt 0.419946 0.379918
vt 0.419946 0.620082
vt 0.414942 0.399932
vt 0.414942 0.379918
vt 0.414942 0.620082
vt 0.414942 0.419946
vt 0.419946 0.419946
vt 0.414942 0.439959
vt 0.419946 0.439959
vt 0.414942 0.459973
vt 0.419946 0.459973
vt 0.414942 0.479986
vt 0.419946 0.479986
vt 0.414942 0.500000
vt 0.419946 0.500000
vt 0.414942 0.520014
vt 0.419946 0.520014
vt 0.414942 0.540027
vt 0.419946 0.540027
vt 0.409939 0.540027
vt 0.409939 0.520014
vt 0.404935 0.540027
vt 0.404935 0.520014
vt 0.409939 0.500000
vt 0.404935 0.500000
vt 0.409939 0.479986
vt 0.404935 0.479986
vt 0.409939 0.459973
vt 0.404935 0.459973
vt 0.409939 0.439959
vt 0.404935 0.439959
vt 0.409939 0.419946
vt 0.404935 0.419946
vt 0.409939 0.399932
vt 0.404935 0.399932
vt 0.409939 0.379918
vt 0.404935 0.379918
vt 0.404935 0.620082
vt 0.409939 0.620082
vt 0.399932 0.399932
vt 0.399932 0.379918
vt 0.399932 0.620082
vt 0.394929 0.399932
vt 0.394929 0.379918
vt 0.394929 0.620082
vt 0.394929 0.419946
vt 0.399932 0.419946
vt 0.394929 0.439959
vt 0.399932 0.439959
vt 0.394929 0.459973
vt 0.399932 0.459973
vt 0.394929 0.479986
vt 0.399932 0.479986
vt 0.394929 0.500000
vt 0.399932 0.500000
vt 0.394929 0.520014
vt 0.399932 0.520014
vt 0.394929 0.540027
vt 0.399932 0.540027
vt 0.389925 0.540027
vt 0.389925 0.520014
vt 0.389925 0.500000
vt 0.389925 0.479986
vt 0.389925 0.459973
vt 0.389925 0.439959
vt 0.389925 0.419946
vt 0.389925 0.399932
vt 0.389925 0.379918
vt 0.389925 0.620082
vt 0.393029 0.606971
vt 0.397486 0.606971
vt 0.397486 0.589143
vt 0.393029 0.589143
vt 0.393029 0.410857
vt 0.397486 0.410857
vt 0.397486 0.393029
vt 0.393029 0.393029
vt 0.393029 0.428686
vt 0.397486 0.428686
vt 0.393029 0.446514
vt 0.397486 0.446514
vt 0.393029 0.464343
vt 0.397486 0.464343
vt 0.393029 0.482172
vt 0.397486 0.482172
vt 0.393029 0.500000
vt 0.397486 0.500000
vt 0.393029 0.517829
vt 0.397486 0.517829
vt 0.393029 0.535657
vt 0.397486 0.535657
vt 0.393029 0.553486
vt 0.397486 0.553486
vt 0.393029 0.571314
vt 0.397486 0.571314
vt 0.401943 0.571314
vt 0.401943 0.553486
vt 0.401943 0.589143
vt 0.406400 0.571314
vt 0.406400 0.553486
vt 0.406400 0.589143
vt 0.410857 0.571314
vt 0.410857 0.553486
vt 0.410857 0.589143
vt 0.415315 0.571314
vt 0.415315 0.553486
vt 0.415315 0.589143
vt 0.419772 0.571314
vt 0.419772 0.553486
vt 0.419772 0.589143
vt 0.424229 0.571314
vt 0.424229 0.553486
vt 0.424229 0.589143
vt 0.428686 0.571314
vt 0.428686 0.553486
vt 0.428686 0.589143
vt 0.433143 0.571314
vt 0.433143 0.553486
vt 0.433143 0.589143
vt 0.437600 0.571314
vt 0.437600 0.553486
vt 0.437600 0.589143
vt 0.442057 0.571314
vt 0.442057 0.553486
vt 0.442057 0.589143
vt 0.446514 0.571314
vt 0.446514 0.553486
vt 0.446514 0.589143
vt 0.450972 0.571314
vt 0.450972 0.553486
vt 0.450972 0.589143
vt 0.455429 0.571314
vt 0.455429 0.553486
vt 0.455429 0.589143
vt 0.459886 0.571314
vt 0.459886 0.553486
vt 0.459886 0.589143
vt 0.464343 0.571314
vt 0.464343 0.553486
vt 0.464343 0.589143
vt 0.468800 0.571314
vt 0.468800 0.553486
vt 0.468800 0.589143
vt 0.473257 0.571314
vt 0.473257 0.553486
vt 0.473257 0.589143
vt 0.477714 0.571314
vt 0.477714 0.553486
vt 0.477714 0.589143
vt 0.482172 0.571314
vt 0.482172 0.553486
vt 0.482172 0.589143
vt 0.486629 0.571314
vt 0.486629 0.553486
vt 0.486629 0.589143
vt 0.491086 0.571314
vt 0.491086 0.553486
vt 0.491086 0.589143
vt 0.495543 0.571314
vt 0.495543 0.553486
vt 0.495543 0.589143
vt 0.500000 0.571314
vt 0.500000 0.553486
vt 0.500000 0.589143
vt 0.504457 0.571314
vt 0.504457 0.553486
vt 0.504457 0.589143
vt 0.508914 0.571314
vt 0.508914 0.553486
vt 0.508914 0.589143
vt 0.513371 0.571314
vt 0.513371 0.553486
vt 0.513371 0.589143
vt 0.517829 0.571314
vt 0.517829 0.553486
vt 0.517829 0.589143
vt 0.522286 0.571314
vt 0.522286 0.553486
vt 0.522286 0.589143
vt 0.526743 0.571314
vt 0.526743 0.553486
vt 0.526743 0.589143
vt 0.531200 0.571314
vt 0.531200 0.553486
vt 0.531200 0.589143
vt 0.535657 0.571314
vt 0.535657 0.553486
vt 0.535657 0.589143
vt 0.540114 0.571314
vt 0.540114 0.553486
vt 0.540114 0.589143
vt 0.544571 0.571314
vt 0.544571 0.553486
vt 0.544571 0.589143
vt 0.549028 0.571314
vt 0.549028 0.553486
vt 0.549028 0.589143
vt 0.553486 0.571314
vt 0.553486 0.553486
vt 0.553486 0.589143
vt 0.557943 0.571314
vt 0.557943 0.553486
vt 0.557943 0.589143
vt 0.562400 0.571314
vt 0.562400 0.553486
vt 0.562400 0.589143
vt 0.566857 0.571314
vt 0.566857 0.553486
vt 0.566857 0.589143
vt 0.571314 0.571314
vt 0.571314 0.553486
vt 0.571314 0.589143
vt 0.575771 0.571314
vt 0.575771 0.553486
vt 0.575771 0.589143
vt 0.580228 0.571314
vt 0.580228 0.553486
vt 0.580228 0.589143
vt 0.584685 0.571314
vt 0.584685 0.553486
vt 0.584685 0.589143
vt 0.589143 0.571314
vt 0.589143 0.553486
vt 0.589143 0.589143
vt 0.593600 0.571314
vt 0.593600 0.553486
vt 0.593600 0.589143
vt 0.598057 0.571314
vt 0.598057 0.553486
vt 0.598057 0.589143
vt 0.602514 0.571314
vt 0.602514 0.553486
vt 0.602514 0.589143
vt 0.606971 0.571314
vt 0.606971 0.553486
vt 0.606971 0.589143
vt 0.602514 0.606971
vt 0.606971 0.606971
vt 0.602514 0.410857
vt 0.606971 0.410857
vt 0.606971 0.393029
vt 0.602514 0.393029
vt 0.602514 0.428686
vt 0.606971 0.428686
vt 0.602514 0.446514
vt 0.606971 0.446514
vt 0.602514 0.464343
vt 0.606971 0.464343
vt 0.602514 0.482172
vt 0.606971 0.482172
vt 0.602514 0.500000
vt 0.606971 0.500000
vt 0.602514 0.517829
vt 0.606971 0.517829
vt 0.602514 0.535657
vt 0.606971 0.535657
vt 0.598057 0.535657
vt 0.598057 0.517829
vt 0.593600 0.535657
vt 0.593600 0.517829
vt 0.598057 0.500000
vt 0.593600 0.500000
vt 0.598057 0.482172
vt 0.593600 0.482172
vt 0.598057 0.464343
vt 0.593600 0.464343
vt 0.598057 0.446514
vt 0.593600 0.446514
vt 0.598057 0.428686
vt 0.593600 0.428686
vt 0.598057 0.410857
vt 0.593600 0.410857
vt 0.598057 0.393029
vt 0.593600 0.393029
vt 0.593600 0.606971
vt 0.598057 0.606971
vt 0.589143 0.410857
vt 0.589143 0.393029
vt 0.589143 0.606971
vt 0.584685 0.410857
vt 0.584685 0.393029
vt 0.584685 0.606971
vt 0.584685 0.428686
vt 0.589143 0.428686
vt 0.584685 0.446514
vt 0.589143 0.446514
vt 0.584685 0.464343
vt 0.589143 0.464343
vt 0.584685 0.482172
vt 0.589143 0.482172
vt 0.584685 0.500000
vt 0.589143 0.500000
vt 0.584685 0.517829
vt 0.589143 0.517829
vt 0.584685 0.535657
vt 0.589143 0.535657
vt 0.580228 0.535657
vt 0.580228 0.517829
vt 0.575771 0.535657
vt 0.575771 0.517829
vt 0.580228 0.500000
vt 0.575771 0.500000
vt 0.580228 0.482172
vt 0.575771 0.482172
vt 0.580228 0.464343
vt 0.575771 0.464343
vt 0.580228 0.446514
vt 0.575771 0.446514
vt 0.580228 0.428686
vt 0.575771 0.428686
vt 0.580228 0.410857
vt 0.575771 0.410857
vt 0.580228 0.393029
vt 0.575771 0.393029
vt 0.575771 0.606971
vt 0.580228 0.606971
vt 0.571314 0.410857
vt 0.571314 0.393029
vt 0.571314 0.606971
vt 0.566857 0.410857
vt 0.566857 0.393029
vt 0.566857 0.606971
vt 0.566857 0.428686
vt 0.571314 0.428686
vt 0.566857 0.446514
vt 0.571314 0.446514
vt 0.566857 0.464343
vt 0.571314 0.464343
vt 0.566857 0.482172
vt 0.571314 0.482172
vt 0.566857 0.500000
vt 0.571314 0.500000
vt 0.566857 0.517829
vt 0.571314 0.517829
vt 0.566857 0.535657
vt 0.571314 0.535657
vt 0.562400 0.535657
vt 0.562400 0.517829
vt 0.557943 0.535657
vt 0.557943 0.517829
vt 0.562400 0.500000
vt 0.557943 0.500000
vt 0.562400 0.482172
vt 0.557943 0.482172
vt 0.562400 0.464343
vt 0.557943 0.464343
vt 0.562400 0.446514
vt 0.557943 0.446514
vt 0.562400 0.428686
vt 0.557943 0.428686
vt 0.562400 0.410857
vt 0.557943 0.410857
vt 0.562400 0.393029
vt 0.557943 0.393029
vt 0.557943 0.606971
vt 0.562400 0.606971
vt 0.553486 0.410857
vt 0.553486 0.393029
vt 0.553486 0.606971
vt 0.549028 0.410857
vt 0.549028 0.393029
vt 0.549028 0.606971
vt 0.549028 0.428686
vt 0.553486 0.428686
vt 0.549028 0.446514
vt 0.553486 0.446514
vt 0.549028 0.464343
vt 0.553486 0.464343
vt 0.549028 0.482172
vt 0.553486 0.482172
vt 0.549028 0.500000
vt 0.553486 0.500000
vt 0.549028 0.517829
vt 0.553486 0.517829
vt 0.549028 0.535657
vt 0.553486 0.535657
vt 0.544571 0.535657
vt 0.544571 0.517829
vt 0.540114 0.535657
vt 0.540114 0.517829
vt 0.544571 0.500000
vt 0.540114 0.500000
vt 0.544571 0.482172
vt 0.540114 0.482172
vt 0.544571 0.464343
vt 0.540114 0.464343
vt 0.544571 0.446514
vt 0.540114 0.446514
vt 0.544571 0.428686
vt 0.540114 0.428686
vt 0.544571 0.410857
vt 0.540114 0.410857
vt 0.544571 0.393029
vt 0.540114 0.393029
vt 0.540114 0.606971
vt 0.544571 0.606971
vt 0.535657 0.410857
vt 0.535657 0.393029
vt 0.535657 0.606971
vt 0.531200 0.410857
vt 0.531200 0.393029
vt 0.531200 0.606971
vt 0.531200 0.428686
vt 0.535657 0.428686
vt 0.531200 0.446514
vt 0.535657 0.446514
vt 0.531200 0.464343
vt 0.535657 0.464343
vt 0.531200 0.482172
vt 0.535657 0.482172
vt 0.531200 0.500000
vt 0.535657 0.500000
vt 0.531200 0.517829
vt 0.535657 0.517829
vt 0.531200 0.535657
vt 0.535657 0.535657
vt 0.526743 0.535657
vt 0.526743 0.517829
vt 0.522286 0.535657
vt 0.522286 0.517829
vt 0.526743 0.500000
vt 0.522286 0.500000
vt 0.526743 0.482172
vt 0.522286 0.482172
vt 0.526743 0.464343
vt 0.522286 0.464343
vt 0.526743 0.446514
vt 0.522286 0.446514
vt 0.526743 0.428686
vt 0.522286 0.428686
vt 0.526743 0.410857
vt 0.522286 0.410857
vt 0.526743 0.393029
vt 0.522286 0.393029
vt 0.522286 0.606971
vt 0.526743 0.606971
vt 0.517829 0.410857
vt 0.517829 0.393029
vt 0.517829 0.606971
vt 0.513371 0.410857
vt 0.513371 0.393029
vt 0.513371 0.606971
vt 0.513371 0.428686
vt 0.517829 0.428686
vt 0.513371 0.446514
vt 0.517829 0.446514
vt 0.513371 0.464343
vt 0.517829 0.464343
vt 0.513371 0.482172
vt 0.517829 0.482172
vt 0.513371 0.500000
vt 0.517829 0.500000
vt 0.513371 0.517829
vt 0.517829 0.517829
vt 0.513371 0.535657
vt 0.517829 0.535657
vt 0.508914 0.535657
vt 0.508914 0.517829
vt 0.504457 0.535657
vt 0.504457 0.517829
vt 0.508914 0.500000
vt 0.504457 0.500000
vt 0.508914 0.482172
vt 0.504457 0.482172
vt 0.508914 0.464343
vt 0.504457 0.464343
vt 0.508914 0.446514
vt 0.504457 0.446514
vt 0.508914 0.428686
vt 0.504457 0.428686
vt 0.508914 0.410857
vt 0.504457 0.410857
vt 0.508914 0.393029
vt 0.504457 0.393029
vt 0.504457 0.606971
vt 0.508914 0.606971
vt 0.500000 0.410857
vt 0.500000 0.393029
vt 0.500000 0.606971
vt 0.495543 0.410857
vt 0.495543 0.393029
vt 0.495543 0.606971
vt 0.495543 0.428686
vt 0.500000 0.428686
vt 0.495543 0.446514
vt 0.500000 0.446514
vt 0.495543 0.464343
vt 0.500000 0.464343
vt 0.495543 0.482172
vt 0.500000 0.482172
vt 0.495543 0.500000
vt 0.495543 0.517829
vt 0.500000 0.517829
vt 0.495543 0.535657
vt 0.500000 0.535657
vt 0.491086 0.535657
vt 0.491086 0.517829
vt 0.486629 0.535657
vt 0.486629 0.517829
vt 0.491086 0.500000
vt 0.486629 0.500000
vt 0.491086 0.482172
vt 0.486629 0.482172
vt 0.491086 0.464343
vt 0.486629 0.464343
vt 0.491086 0.446514
vt 0.486629 0.446514
vt 0.491086 0.428686
vt 0.486629 0.428686
vt 0.491086 0.410857
vt 0.486629 0.410857
vt 0.491086 0.393029
vt 0.486629 0.393029
vt 0.486629 0.606971
vt 0.491086 0.606971
vt 0.482172 0.410857
vt 0.482172 0.393029
vt 0.482172 0.606971
vt 0.477714 0.410857
vt 0.477714 0.393029
vt 0.477714 0.606971
vt 0.477714 0.428686
vt 0.482172 0.428686
vt 0.477714 0.446514
vt 0.482172 0.446514
vt 0.477714 0.464343
vt 0.482172 0.464343
vt 0.477714 0.482172
vt 0.482172 0.482172
vt 0.477714 0.500000
vt 0.482172 0.500000
vt 0.477714 0.517829
vt 0.482172 0.517829
vt 0.477714 0.535657
vt 0.482172 0.535657
vt 0.473257 0.535657
vt 0.473257 0.517829
vt 0.468800 0.535657
vt 0.468800 0.517829
vt 0.473257 0.500000
vt 0.468800 0.500000
vt 0.473257 0.482172
vt 0.468800 0.482172
vt 0.473257 0.464343
vt 0.468800 0.464343
vt 0.473257 0.446514
vt 0.468800 0.446514
vt 0.473257 0.428686
vt 0.468800 0.428686
vt 0.473257 0.410857
vt 0.468800 0.410857
vt 0.473257 0.393029
vt 0.468800 0.393029
vt 0.468800 0.606971
vt 0.473257 0.606971
vt 0.464343 0.410857
vt 0.464343 0.393029
vt 0.464343 0.606971
vt 0.459886 0.410857
vt 0.459886 0.393029
vt 0.459886 0.606971
vt 0.459886 0.428686
vt 0.464343 0.428686
vt 0.459886 0.446514
vt 0.464343 0.446514
vt 0.459886 0.464343
vt 0.464343 0.464343
vt 0.459886 0.482172
vt 0.464343 0.482172
vt 0.459886 0.500000
vt 0.464343 0.500000
vt 0.459886 0.517829
vt 0.464343 0.517829
vt 0.459886 0.535657
vt 0.464343 0.535657
vt 0.455429 0.535657
vt 0.455429 0.517829
vt 0.450972 0.535657
vt 0.450972 0.517829
vt 0.455429 0.500000
vt 0.450972 0.500000
vt 0.455429 0.482172
vt 0.450972 0.482172
vt 0.455429 0.464343
vt 0.450972 0.464343
vt 0.455429 0.446514
vt 0.450972 0.446514
vt 0.455429 0.428686
vt 0.450972 0.428686
vt 0.455429 0.410857
vt 0.450972 0.410857
vt 0.455429 0.393029
vt 0.450972 0.393029
vt 0.450972 0.606971
vt 0.455429 0.606971
vt 0.446514 0.410857
vt 0.446514 0.393029
vt 0.446514 0.606971
vt 0.442057 0.410857
vt 0.442057 0.393029
vt 0.442057 0.606971
vt 0.442057 0.428686
vt 0.446514 0.428686
vt 0.442057 0.446514
vt 0.446514 0.446514
vt 0.442057 0.464343
vt 0.446514 0.464343
vt 0.442057 0.482172
vt 0.446514 0.482172
vt 0.442057 0.500000
vt 0.446514 0.500000
vt 0.442057 0.517829
vt 0.446514 0.517829
vt 0.442057 0.535657
vt 0.446514 0.535657
vt 0.437600 0.535657
vt 0.437600 0.517829
vt 0.433143 0.535657
vt 0.433143 0.517829
vt 0.437600 0.500000
vt 0.433143 0.500000
vt 0.437600 0.482172
vt 0.433143 0.482172
vt 0.437600 0.464343
vt 0.433143 0.464343
vt 0.437600 0.446514
vt 0.433143 0.446514
vt 0.437600 0.428686
vt 0.433143 0.428686
vt 0.437600 0.410857
vt 0.433143 0.410857
vt 0.437600 0.393029
vt 0.433143 0.393029
vt 0.433143 0.606971
vt 0.437600 0.606971
vt 0.428686 0.410857
vt 0.428686 0.393029
vt 0.428686 0.606971
vt 0.424229 0.410857
vt 0.424229 0.393029
vt 0.424229 0.606971
vt 0.424229 0.428686
vt 0.428686 0.428686
vt 0.424229 0.446514
vt 0.428686 0.446514
vt 0.424229 0.464343
vt 0.428686 0.464343
vt 0.424229 0.482172
vt 0.428686 0.482172
vt 0.424229 0.500000
vt 0.428686 0.500000
vt 0.424229 0.517829
vt 0.428686 0.517829
vt 0.424229 0.535657
vt 0.428686 0.535657
vt 0.419772 0.535657
vt 0.419772 0.517829
vt 0.415315 0.535657
vt 0.415315 0.517829
vt 0.419772 0.500000
vt 0.415315 0.500000
vt 0.419772 0.482172
vt 0.415315 0.482172
vt 0.419772 0.464343
vt 0.415315 0.464343
vt 0.419772 0.446514
vt 0.415315 0.446514
vt 0.419772 0.428686
vt 0.415315 0.428686
vt 0.419772 0.410857
vt 0.415315 0.410857
vt 0.419772 0.393029
vt 0.415315 0.393029
vt 0.415315 0.606971
vt 0.419772 0.606971
vt 0.410857 0.410857
vt 0.410857 0.393029
vt 0.410857 0.606971
vt 0.406400 0.410857
vt 0.406400 0.393029
vt 0.406400 0.606971
vt 0.406400 0.428686
vt 0.410857 0.428686
vt 0.406400 0.446514
vt 0.410857 0.446514
vt 0.406400 0.464343
vt 0.410857 0.464343
vt 0.406400 0.482172
vt 0.410857 0.482172
vt 0.406400 0.500000
vt 0.410857 0.500000
vt 0.406400 0.517829
vt 0.410857 0.517829
vt 0.406400 0.535657
vt 0.410857 0.535657
vt 0.401943 0.535657
vt 0.401943 0.517829
vt 0.401943 0.500000
vt 0.401943 0.482172
vt 0.401943 0.464343
vt 0.401943 0.446514
vt 0.401943 0.428686
vt 0.401943 0.410857
vt 0.401943 0.393029
vt 0.401943 0.606971
vt 0.401282 0.598718
vt 0.401282 0.582265
vt 0.405395 0.582265
vt 0.405395 0.598718
vt 0.401282 0.417735
vt 0.401282 0.401282
vt 0.405395 0.401282
vt 0.405395 0.417735
vt 0.401282 0.434188
vt 0.405395 0.434188
vt 0.401282 0.450641
vt 0.405395 0.450641
vt 0.401282 0.467094
vt 0.405395 0.467094
vt 0.401282 0.483547
vt 0.405395 0.483547
vt 0.401282 0.500000
vt 0.405395 0.500000
vt 0.401282 0.516453
vt 0.405395 0.516453
vt 0.401282 0.532906
vt 0.405395 0.532906
vt 0.401282 0.549359
vt 0.405395 0.549359
vt 0.401282 0.565812
vt 0.405395 0.565812
vt 0.409509 0.549359
vt 0.409509 0.565812
vt 0.409509 0.582265
vt 0.413622 0.549359
vt 0.413622 0.565812
vt 0.413622 0.582265
vt 0.417735 0.549359
vt 0.417735 0.565812
vt 0.417735 0.582265
vt 0.421848 0.549359
vt 0.421848 0.565812
vt 0.421848 0.582265
vt 0.425962 0.549359
vt 0.425962 0.565812
vt 0.425962 0.582265
vt 0.430075 0.549359
vt 0.430075 0.565812
vt 0.430075 0.582265
vt 0.434188 0.549359
vt 0.434188 0.565812
vt 0.434188 0.582265
vt 0.438301 0.549359
vt 0.438301 0.565812
vt 0.438301 0.582265
vt 0.442415 0.549359
vt 0.442415 0.565812
vt 0.442415 0.582265
vt 0.446528 0.549359
vt 0.446528 0.565812
vt 0.446528 0.582265
vt 0.450641 0.549359
vt 0.450641 0.565812
vt 0.450641 0.582265
vt 0.454754 0.549359
vt 0.454754 0.565812
vt 0.454754 0.582265
vt 0.458868 0.549359
vt 0.458868 0.565812
vt 0.458868 0.582265
vt 0.462981 0.549359
vt 0.462981 0.565812
vt 0.462981 0.582265
vt 0.467094 0.549359
vt 0.467094 0.565812
vt 0.467094 0.582265
vt 0.471207 0.549359
vt 0.471207 0.565812
vt 0.471207 0.582265
vt 0.475321 0.549359
vt 0.475321 0.565812
vt 0.475321 0.582265
vt 0.479434 0.549359
vt 0.479434 0.565812
vt 0.479434 0.582265
vt 0.483547 0.549359
vt 0.483547 0.565812
vt 0.483547 0.582265
vt 0.487660 0.549359
vt 0.487660 0.565812
vt 0.487660 0.582265
vt 0.491774 0.549359
vt 0.491774 0.565812
vt 0.491774 0.582265
vt 0.495887 0.549359
vt 0.495887 0.565812
vt 0.495887 0.582265
vt 0.500000 0.549359
vt 0.500000 0.565812
vt 0.500000 0.582265
vt 0.504113 0.549359
vt 0.504113 0.565812
vt 0.504113 0.582265
vt 0.508227 0.549359
vt 0.508227 0.565812
vt 0.508227 0.582265
vt 0.512340 0.549359
vt 0.512340 0.565812
vt 0.512340 0.582265
vt 0.516453 0.549359
vt 0.516453 0.565812
vt 0.516453 0.582265
vt 0.520566 0.549359
vt 0.520566 0.565812
vt 0.520566 0.582265
vt 0.524679 0.549359
vt 0.524679 0.565812
vt 0.524679 0.582265
vt 0.528793 0.549359
vt 0.528793 0.565812
vt 0.528793 0.582265
vt 0.532906 0.549359
vt 0.532906 0.565812
vt 0.532906 0.582265
vt 0.537019 0.549359
vt 0.537019 0.565812
vt 0.537019 0.582265
vt 0.541132 0.549359
vt 0.541132 0.565812
vt 0.541132 0.582265
vt 0.545246 0.549359
vt 0.545246 0.565812
vt 0.545246 0.582265
vt 0.549359 0.549359
vt 0.549359 0.565812
vt 0.549359 0.582265
vt 0.553472 0.549359
vt 0.553472 0.565812
vt 0.553472 0.582265
vt 0.557585 0.549359
vt 0.557585 0.565812
vt 0.557585 0.582265
vt 0.561699 0.549359
vt 0.561699 0.565812
vt 0.561699 0.582265
vt 0.565812 0.549359
vt 0.565812 0.565812
vt 0.565812 0.582265
vt 0.569925 0.549359
vt 0.569925 0.565812
vt 0.569925 0.582265
vt 0.574038 0.549359
vt 0.574038 0.565812
vt 0.574038 0.582265
vt 0.578152 0.549359
vt 0.578152 0.565812
vt 0.578152 0.582265
vt 0.582265 0.549359
vt 0.582265 0.565812
vt 0.582265 0.582265
vt 0.586378 0.549359
vt 0.586378 0.565812
vt 0.586378 0.582265
vt 0.590491 0.549359
vt 0.590491 0.565812
vt 0.590491 0.582265
vt 0.594605 0.549359
vt 0.594605 0.565812
vt 0.594605 0.582265
vt 0.598718 0.549359
vt 0.598718 0.565812
vt 0.598718 0.582265
vt 0.594605 0.598718
vt 0.598718 0.598718
vt 0.594605 0.417735
vt 0.594605 0.401282
vt 0.598718 0.401282
vt 0.598718 0.417735
vt 0.594605 0.434188
vt 0.598718 0.434188
vt 0.594605 0.450641
vt 0.598718 0.450641
vt 0.594605 0.467094
vt 0.598718 0.467094
vt 0.594605 0.483547
vt 0.598718 0.483547
vt 0.594605 0.500000
vt 0.598718 0.500000
vt 0.594605 0.516453
vt 0.598718 0.516453
vt 0.594605 0.532906
vt 0.598718 0.532906
vt 0.590491 0.532906
vt 0.590491 0.516453
vt 0.586378 0.532906
vt 0.586378 0.516453
vt 0.586378 0.500000
vt 0.590491 0.500000
vt 0.586378 0.483547
vt 0.590491 0.483547
vt 0.586378 0.467094
vt 0.590491 0.467094
vt 0.586378 0.450641
vt 0.590491 0.450641
vt 0.586378 0.434188
vt 0.590491 0.434188
vt 0.586378 0.417735
vt 0.590491 0.417735
vt 0.586378 0.401282
vt 0.590491 0.401282
vt 0.586378 0.598718
vt 0.590491 0.598718
vt 0.582265 0.417735
vt 0.582265 0.401282
vt 0.582265 0.598718
vt 0.578152 0.417735
vt 0.578152 0.401282
vt 0.578152 0.598718
vt 0.578152 0.434188
vt 0.582265 0.434188
vt 0.578152 0.450641
vt 0.582265 0.450641
vt 0.578152 0.467094
vt 0.582265 0.467094
vt 0.578152 0.483547
vt 0.582265 0.483547
vt 0.578152 0.500000
vt 0.582265 0.500000
vt 0.578152 0.516453
vt 0.582265 0.516453
vt 0.578152 0.532906
vt 0.582265 0.532906
vt 0.574038 0.532906
vt 0.574038 0.516453
vt 0.569925 0.532906
vt 0.569925 0.516453
vt 0.569925 0.500000
vt 0.574038 0.500000
vt 0.569925 0.483547
vt 0.574038 0.483547
vt 0.569925 0.467094
vt 0.574038 0.467094
vt 0.569925 0.450641
vt 0.574038 0.450641
vt 0.569925 0.434188
vt 0.574038 0.434188
vt 0.569925 0.417735
vt 0.574038 0.417735
vt 0.569925 0.401282
vt 0.574038 0.401282
vt 0.569925 0.598718
vt 0.574038 0.598718
vt 0.565812 0.417735
vt 0.565812 0.401282
vt 0.565812 0.598718
vt 0.561699 0.417735
vt 0.561699 0.401282
vt 0.561699 0.598718
vt 0.561699 0.434188
vt 0.565812 0.434188
vt 0.561699 0.450641
vt 0.565812 0.450641
vt 0.561699 0.467094
vt 0.565812 0.467094
vt 0.561699 0.483547
vt 0.565812 0.483547
vt 0.561699 0.500000
vt 0.565812 0.500000
vt 0.561699 0.516453
vt 0.565812 0.516453
vt 0.561699 0.532906
vt 0.565812 0.532906
vt 0.557585 0.532906
vt 0.557585 0.516453
vt 0.553472 0.532906
vt 0.553472 0.516453
vt 0.553472 0.500000
vt 0.557585 0.500000
vt 0.553472 0.483547
vt 0.557585 0.483547
vt 0.553472 0.467094
vt 0.557585 0.467094
vt 0.553472 0.450641
vt 0.557585 0.450641
vt 0.553472 0.434188
vt 0.557585 0.434188
vt 0.553472 0.417735
vt 0.557585 0.417735
vt 0.553472 0.401282
vt 0.557585 0.401282
vt 0.553472 0.598718
vt 0.557585 0.598718
vt 0.549359 0.417735
vt 0.549359 0.401282
vt 0.549359 0.598718
vt 0.545246 0.417735
vt 0.545246 0.401282
vt 0.545246 0.598718
vt 0.545246 0.434188
vt 0.549359 0.434188
vt 0.545246 0.450641
vt 0.549359 0.450641
vt 0.545246 0.467094
vt 0.549359 0.467094
vt 0.545246 0.483547
vt 0.549359 0.483547
vt 0.545246 0.500000
vt 0.549359 0.500000
vt 0.545246 0.516453
vt 0.549359 0.516453
vt 0.545246 0.532906
vt 0.549359 0.532906
vt 0.541132 0.532906
vt 0.541132 0.516453
vt 0.537019 0.532906
vt 0.537019 0.516453
vt 0.537019 0.500000
vt 0.541132 0.500000
vt 0.537019 0.483547
vt 0.541132 0.483547
vt 0.537019 0.467094
vt 0.541132 0.467094
vt 0.537019 0.450641
vt 0.541132 0.450641
vt 0.537019 0.434188
vt 0.541132 0.434188
vt 0.537019 0.417735
vt 0.541132 0.417735
vt 0.537019 0.401282
vt 0.541132 0.401282
vt 0.537019 0.598718
vt 0.541132 0.598718
vt 0.532906 0.417735
vt 0.532906 0.401282
vt 0.532906 0.598718
vt 0.528793 0.417735
vt 0.528793 0.401282
vt 0.528793 0.598718
vt 0.528793 0.434188
vt 0.532906 0.434188
vt 0.528793 0.450641
vt 0.532906 0.450641
vt 0.528793 0.467094
vt 0.532906 0.467094
vt 0.528793 0.483547
vt 0.532906 0.483547
vt 0.528793 0.500000
vt 0.532906 0.500000
vt 0.528793 0.516453
vt 0.532906 0.516453
vt 0.528793 0.532906
vt 0.532906 0.532906
vt 0.524679 0.532906
vt 0.524679 0.516453
vt 0.520566 0.532906
vt 0.520566 0.516453
vt 0.520566 0.500000
vt 0.524679 0.500000
vt 0.520566 0.483547
vt 0.524679 0.483547
vt 0.520566 0.467094
vt 0.524679 0.467094
vt 0.520566 0.450641
vt 0.524679 0.450641
vt 0.520566 0.434188
vt 0.524679 0.434188
vt 0.520566 0.417735
vt 0.524679 0.417735
vt 0.520566 0.401282
vt 0.524679 0.401282
vt 0.520566 0.598718
vt 0.524679 0.598718
vt 0.516453 0.417735
vt 0.516453 0.401282
vt 0.516453 0.598718
vt 0.512340 0.417735
vt 0.512340 0.401282
vt 0.512340 0.598718
vt 0.512340 0.434188
vt 0.516453 0.434188
vt 0.512340 0.450641
vt 0.516453 0.450641
vt 0.512340 0.467094
vt 0.516453 0.467094
vt 0.512340 0.483547
vt 0.516453 0.483547
vt 0.512340 0.500000
vt 0.516453 0.500000
vt 0.512340 0.516453
vt 0.516453 0.516453
vt 0.512340 0.532906
vt 0.516453 0.532906
vt 0.508227 0.532906
vt 0.508227 0.516453
vt 0.504113 0.532906
vt 0.504113 0.516453
vt 0.504113 0.500000
vt 0.508227 0.500000
vt 0.504113 0.483547
vt 0.508227 0.483547
vt 0.504113 0.467094
vt 0.508227 0.467094
vt 0.504113 0.450641
vt 0.508227 0.450641
vt 0.504113 0.434188
vt 0.508227 0.434188
vt 0.504113 0.417735
vt 0.508227 0.417735
vt 0.504113 0.401282
vt 0.508227 0.401282
vt 0.504113 0.598718
vt 0.508227 0.598718
vt 0.500000 0.417735
vt 0.500000 0.401282
vt 0.500000 0.598718
vt 0.495887 0.417735
vt 0.495887 0.401282
vt 0.495887 0.598718
vt 0.495887 0.434188
vt 0.500000 0.434188
vt 0.495887 0.450641
vt 0.500000 0.450641
vt 0.495887 0.467094
vt 0.500000 0.467094
vt 0.495887 0.483547
vt 0.500000 0.483547
vt 0.495887 0.500000
vt 0.495887 0.516453
vt 0.500000 0.516453
vt 0.495887 0.532906
vt 0.500000 0.532906
vt 0.491774 0.532906
vt 0.491774 0.516453
vt 0.487660 0.532906
vt 0.487660 0.516453
vt 0.487660 0.500000
vt 0.491774 0.500000
vt 0.487660 0.483547
vt 0.491774 0.483547
vt 0.487660 0.467094
vt 0.491774 0.467094
vt 0.487660 0.450641
vt 0.491774 0.450641
vt 0.487660 0.434188
vt 0.491774 0.434188
vt 0.487660 0.417735
vt 0.491774 0.417735
vt 0.487660 0.401282
vt 0.491774 0.401282
vt 0.487660 0.598718
vt 0.491774 0.598718
vt 0.483547 0.417735
vt 0.483547 0.401282
vt 0.483547 0.598718
vt 0.479434 0.417735
vt 0.479434 0.401282
vt 0.479434 0.598718
vt 0.479434 0.434188
vt 0.483547 0.434188
vt 0.479434 0.450641
vt 0.483547 0.450641
vt 0.479434 0.467094
vt 0.483547 0.467094
vt 0.479434 0.483547
vt 0.483547 0.483547
vt 0.479434 0.500000
vt 0.483547 0.500000
vt 0.479434 0.516453
vt 0.483547 0.516453
vt 0.479434 0.532906
vt 0.483547 0.532906
vt 0.475321 0.532906
vt 0.475321 0.516453
vt 0.471207 0.532906
vt 0.471207 0.516453
vt 0.471207 0.500000
vt 0.475321 0.500000
vt 0.471207 0.483547
vt 0.475321 0.483547
vt 0.471207 0.467094
vt 0.475321 0.467094
vt 0.471207 0.450641
vt 0.475321 0.450641
vt 0.471207 0.434188
vt 0.475321 0.434188
vt 0.471207 0.417735
vt 0.475321 0.417735
vt 0.471207 0.401282
vt 0.475321 0.401282
vt 0.471207 0.598718
vt 0.475321 0.598718
vt 0.467094 0.417735
vt 0.467094 0.401282
vt 0.467094 0.598718
vt 0.462981 0.417735
vt 0.462981 0.401282
vt 0.462981 0.598718
vt 0.462981 0.434188
vt 0.467094 0.434188
vt 0.462981 0.450641
vt 0.467094 0.450641
vt 0.462981 0.467094
vt 0.467094 0.467094
vt 0.462981 0.483547
vt 0.467094 0.483547
vt 0.462981 0.500000
vt 0.467094 0.500000
vt 0.462981 0.516453
vt 0.467094 0.516453
vt 0.462981 0.532906
vt 0.467094 0.532906
vt 0.458868 0.532906
vt 0.458868 0.516453
vt 0.454754 0.532906
vt 0.454754 0.516453
vt 0.454754 0.500000
vt 0.458868 0.500000
vt 0.454754 0.483547
vt 0.458868 0.483547
vt 0.454754 0.467094
vt 0.458868 0.467094
vt 0.454754 0.450641
vt 0.458868 0.450641
vt 0.454754 0.434188
vt 0.458868 0.434188
vt 0.454754 0.417735
vt 0.458868 0.417735
vt 0.454754 0.401282
vt 0.458868 0.401282
vt 0.454754 0.598718
vt 0.458868 0.598718
vt 0.450641 0.417735
vt 0.450641 0.401282
vt 0.450641 0.598718
vt 0.446528 0.417735
vt 0.446528 0.401282
vt 0.446528 0.598718
vt 0.446528 0.434188
vt 0.450641 0.434188
vt 0.446528 0.450641
vt 0.450641 0.450641
vt 0.446528 0.467094
vt 0.450641 0.467094
vt 0.446528 0.483547
vt 0.450641 0.483547
vt 0.446528 0.500000
vt 0.450641 0.500000
vt 0.446528 0.516453
vt 0.450641 0.516453
vt 0.446528 0.532906
vt 0.450641 0.532906
vt 0.442415 0.532906
vt 0.442415 0.516453
vt 0.438301 0.532906
vt 0.438301 0.516453
vt 0.438301 0.500000
vt 0.442415 0.500000
vt 0.438301 0.483547
vt 0.442415 0.483547
vt 0.438301 0.467094
vt 0.442415 0.467094
vt 0.438301 0.450641
vt 0.442415 0.450641
vt 0.438301 0.434188
vt 0.442415 0.434188
vt 0.438301 0.417735
vt 0.442415 0.417735
vt 0.438301 0.401282
vt 0.442415 0.401282
vt 0.438301 0.598718
vt 0.442415 0.598718
vt 0.434188 0.417735
vt 0.434188 0.401282
vt 0.434188 0.598718
vt 0.430075 0.417735
vt 0.430075 0.401282
vt 0.430075 0.598718
vt 0.430075 0.434188
vt 0.434188 0.434188
vt 0.430075 0.450641
vt 0.434188 0.450641
vt 0.430075 0.467094
vt 0.434188 0.467094
vt 0.430075 0.483547
vt 0.434188 0.483547
vt 0.430075 0.500000
vt 0.434188 0.500000
vt 0.430075 0.516453
vt 0.434188 0.516453
vt 0.430075 0.532906
vt 0.434188 0.532906
vt 0.425962 0.532906
vt 0.425962 0.516453
vt 0.421848 0.532906
vt 0.421848 0.516453
vt 0.421848 0.500000
vt 0.425962 0.500000
vt 0.421848 0.483547
vt 0.425962 0.483547
vt 0.421848 0.467094
vt 0.425962 0.467094
vt 0.421848 0.450641
vt 0.425962 0.450641
vt 0.421848 0.434188
vt 0.425962 0.434188
vt 0.421848 0.417735
vt 0.425962 0.417735
vt 0.421848 0.401282
vt 0.425962 0.401282
vt 0.421848 0.598718
vt 0.425962 0.598718
vt 0.417735 0.417735
vt 0.417735 0.401282
vt 0.417735 0.598718
vt 0.413622 0.417735
vt 0.413622 0.401282
vt 0.413622 0.598718
vt 0.413622 0.434188
vt 0.417735 0.434188
vt 0.413622 0.450641
vt 0.417735 0.450641
vt 0.413622 0.467094
vt 0.417735 0.467094
vt 0.413622 0.483547
vt 0.417735 0.483547
vt 0.413622 0.500000
vt 0.417735 0.500000
vt 0.413622 0.516453
vt 0.417735 0.516453
vt 0.413622 0.532906
vt 0.417735 0.532906
vt 0.409509 0.532906
vt 0.409509 0.516453
vt 0.409509 0.500000
vt 0.409509 0.483547
vt 0.409509 0.467094
vt 0.409509 0.450641
vt 0.409509 0.434188
vt 0.409509 0.417735
vt 0.409509 0.401282
vt 0.409509 0.598718
vt 0.388062 0.611938
vt 0.392726 0.611938
vt 0.392726 0.593281
vt 0.388062 0.593281
vt 0.388062 0.406719
vt 0.392726 0.406719
vt 0.392726 0.388062
vt 0.388062 0.388062
vt 0.388062 0.425375
vt 0.392726 0.425375
vt 0.388062 0.444031
vt 0.392726 0.444031
vt 0.388062 0.462687
vt 0.392726 0.462687
vt 0.388062 0.481344
vt 0.392726 0.481344
vt 0.388062 0.500000
vt 0.392726 0.500000
vt 0.388062 0.518656
vt 0.392726 0.518656
vt 0.388062 0.537313
vt 0.392726 0.537313
vt 0.388062 0.555969
vt 0.392726 0.555969
vt 0.388062 0.574625
vt 0.392726 0.574625
vt 0.397390 0.574625
vt 0.397390 0.555969
vt 0.397390 0.593281
vt 0.402054 0.574625
vt 0.402054 0.555969
vt 0.402054 0.593281
vt 0.406719 0.574625
vt 0.406719 0.555969
vt 0.406719 0.593281
vt 0.411383 0.574625
vt 0.411383 0.555969
vt 0.411383 0.593281
vt 0.416047 0.574625
vt 0.416047 0.555969
vt 0.416047 0.593281
vt 0.420711 0.574625
vt 0.420711 0.555969
vt 0.420711 0.593281
vt 0.425375 0.574625
vt 0.425375 0.555969
vt 0.425375 0.593281
vt 0.430039 0.574625
vt 0.430039 0.555969
vt 0.430039 0.593281
vt 0.434703 0.574625
vt 0.434703 0.555969
vt 0.434703 0.593281
vt 0.439367 0.574625
vt 0.439367 0.555969
vt 0.439367 0.593281
vt 0.444031 0.574625
vt 0.444031 0.555969
vt 0.444031 0.593281
vt 0.448695 0.574625
vt 0.448695 0.555969
vt 0.448695 0.593281
vt 0.453359 0.574625
vt 0.453359 0.555969
vt 0.453359 0.593281
vt 0.458023 0.574625
vt 0.458023 0.555969
vt 0.458023 0.593281
vt 0.462687 0.574625
vt 0.462687 0.555969
vt 0.462687 0.593281
vt 0.467351 0.574625
vt 0.467351 0.555969
vt 0.467351 0.593281
vt 0.472016 0.574625
vt 0.472016 0.555969
vt 0.472016 0.593281
vt 0.476680 0.574625
vt 0.476680 0.555969
vt 0.476680 0.593281
vt 0.481344 0.574625
vt 0.481344 0.555969
vt 0.481344 0.593281
vt 0.486008 0.574625
vt 0.486008 0.555969
vt 0.486008 0.593281
vt 0.490672 0.574625
vt 0.490672 0.555969
vt 0.490672 0.593281
vt 0.495336 0.574625
vt 0.495336 0.555969
vt 0.495336 0.593281
vt 0.500000 0.574625
vt 0.500000 0.555969
vt 0.500000 0.593281
vt 0.504664 0.574625
vt 0.504664 0.555969
vt 0.504664 0.593281
vt 0.509328 0.574625
vt 0.509328 0.555969
vt 0.509328 0.593281
vt 0.513992 0.574625
vt 0.513992 0.555969
vt 0.513992 0.593281
vt 0.518656 0.574625
vt 0.518656 0.555969
vt 0.518656 0.593281
vt 0.523320 0.574625
vt 0.523320 0.555969
vt 0.523320 0.593281
vt 0.527984 0.574625
vt 0.527984 0.555969
vt 0.527984 0.593281
vt 0.532649 0.574625
vt 0.532649 0.555969
vt 0.532649 0.593281
vt 0.537313 0.574625
vt 0.537313 0.555969
vt 0.537313 0.593281
vt 0.541977 0.574625
vt 0.541977 0.555969
vt 0.541977 0.593281
vt 0.546641 0.574625
vt 0.546641 0.555969
vt 0.546641 0.593281
vt 0.551305 0.574625
vt 0.551305 0.555969
vt 0.551305 0.593281
vt 0.555969 0.574625
vt 0.555969 0.555969
vt 0.555969 0.593281
vt 0.560633 0.574625
vt 0.560633 0.555969
vt 0.560633 0.593281
vt 0.565297 0.574625
vt 0.565297 0.555969
vt 0.565297 0.593281
vt 0.569961 0.574625
vt 0.569961 0.555969
vt 0.569961 0.593281
vt 0.574625 0.574625
vt 0.574625 0.555969
vt 0.574625 0.593281
vt 0.579289 0.574625
vt 0.579289 0.555969
vt 0.579289 0.593281
vt 0.583953 0.574625
vt 0.583953 0.555969
vt 0.583953 0.593281
vt 0.588617 0.574625
vt 0.588617 0.555969
vt 0.588617 0.593281
vt 0.593281 0.574625
vt 0.593281 0.555969
vt 0.593281 0.593281
vt 0.597946 0.574625
vt 0.597946 0.555969
vt 0.597946 0.593281
vt 0.602610 0.574625
vt 0.602610 0.555969
vt 0.602610 0.593281
vt 0.607274 0.574625
vt 0.607274 0.555969
vt 0.607274 0.593281
vt 0.611938 0.574625
vt 0.611938 0.555969
vt 0.611938 0.593281
vt 0.607274 0.611938
vt 0.611938 0.611938
vt 0.607274 0.406719
vt 0.611938 0.406719
vt 0.611938 0.388062
vt 0.607274 0.388062
vt 0.607274 0.425375
vt 0.611938 0.425375
vt 0.607274 0.444031
vt 0.611938 0.444031
vt 0.607274 0.462687
vt 0.611938 0.462687
vt 0.607274 0.481344
vt 0.611938 0.481344
vt 0.607274 0.500000
vt 0.611938 0.500000
vt 0.607274 0.518656
vt 0.611938 0.518656
vt 0.607274 0.537313
vt 0.611938 0.537313
vt 0.602610 0.537313
vt 0.602610 0.518656
vt 0.597946 0.537313
vt 0.597946 0.518656
vt 0.602610 0.500000
vt 0.597946 0.500000
vt 0.602610 0.481344
vt 0.597946 0.481344
vt 0.602610 0.462687
vt 0.597946 0.462687
vt 0.602610 0.444031
vt 0.597946 0.444031
vt 0.602610 0.425375
vt 0.597946 0.425375
vt 0.602610 0.406719
vt 0.597946 0.406719
vt 0.602610 0.388062
vt 0.597946 0.388062
vt 0.597946 0.611938
vt 0.602610 0.611938
vt 0.593281 0.406719
vt 0.593281 0.388062
vt 0.593281 0.611938
vt 0.588617 0.406719
vt 0.588617 0.388062
vt 0.588617 0.611938
vt 0.588617 0.425375
vt 0.593281 0.425375
vt 0.588617 0.444031
vt 0.593281 0.444031
vt 0.588617 0.462687
vt 0.593281 0.462687
vt 0.588617 0.481344
vt 0.593281 0.481344
vt 0.588617 0.500000
vt 0.593281 0.500000
vt 0.588617 0.518656
vt 0.593281 0.518656
vt 0.588617 0.537313
vt 0.593281 0.537313
vt 0.583953 0.537313
vt 0.583953 0.518656
vt 0.579289 0.537313
vt 0.579289 0.518656
vt 0.583953 0.500000
vt 0.579289 0.500000
vt 0.583953 0.481344
vt 0.579289 0.481344
vt 0.583953 0.462687
vt 0.579289 0.462687
vt 0.583953 0.444031
vt 0.579289 0.444031
vt 0.583953 0.425375
vt 0.579289 0.425375
vt 0.583953 0.406719
vt 0.579289 0.406719
vt 0.583953 0.388062
vt 0.579289 0.388062
vt 0.579289 0.611938
vt 0.583953 0.611938
vt 0.574625 0.406719
vt 0.574625 0.388062
vt 0.574625 0.611938
vt 0.569961 0.406719
vt 0.569961 0.388062
vt 0.569961 0.611938
vt 0.569961 0.425375
vt 0.574625 0.425375
vt 0.569961 0.444031
vt 0.574625 0.444031
vt 0.569961 0.462687
vt 0.574625 0.462687
vt 0.569961 0.481344
vt 0.574625 0.481344
vt 0.569961 0.500000
vt 0.574625 0.500000
vt 0.569961 0.518656
vt 0.574625 0.518656
vt 0.569961 0.537313
vt 0.574625 0.537313
vt 0.565297 0.537313
vt 0.565297 0.518656
vt 0.560633 0.537313
vt 0.560633 0.518656
vt 0.565297 0.500000
vt 0.560633 0.500000
vt 0.565297 0.481344
vt 0.560633 0.481344
vt 0.565297 0.462687
vt 0.560633 0.462687
vt 0.565297 0.444031
vt 0.560633 0.444031
vt 0.565297 0.425375
vt 0.560633 0.425375
vt 0.565297 0.406719
vt 0.560633 0.406719
vt 0.565297 0.388062
vt 0.560633 0.388062
vt 0.560633 0.611938
vt 0.565297 0.611938
vt 0.555969 0.406719
vt 0.555969 0.388062
vt 0.555969 0.611938
vt 0.551305 0.406719
vt 0.551305 0.388062
vt 0.551305 0.611938
vt 0.551305 0.425375
vt 0.555969 0.425375
vt 0.551305 0.444031
vt 0.555969 0.444031
vt 0.551305 0.462687
vt 0.555969 0.462687
vt 0.551305 0.481344
vt 0.555969 0.481344
vt 0.551305 0.500000
vt 0.555969 0.500000
vt 0.551305 0.518656
vt 0.555969 0.518656
vt 0.551305 0.537313
vt 0.555969 0.537313
vt 0.546641 0.537313
vt 0.546641 0.518656
vt 0.541977 0.537313
vt 0.541977 0.518656
vt 0.546641 0.500000
vt 0.541977 0.500000
vt 0.546641 0.481344
vt 0.541977 0.481344
vt 0.546641 0.462687
vt 0.541977 0.462687
vt 0.546641 0.444031
vt 0.541977 0.444031
vt 0.546641 0.425375
vt 0.541977 0.425375
vt 0.546641 0.406719
vt 0.541977 0.406719
vt 0.546641 0.388062
vt 0.541977 0.388062
vt 0.541977 0.611938
vt 0.546641 0.611938
vt 0.537313 0.406719
vt 0.537313 0.388062
vt 0.537313 0.611938
vt 0.532649 0.406719
vt 0.532649 0.388062
vt 0.532649 0.611938
vt 0.532649 0.425375
vt 0.537313 0.425375
vt 0.532649 0.444031
vt 0.537313 0.444031
vt 0.532649 0.462687
vt 0.537313 0.462687
vt 0.532649 0.481344
vt 0.537313 0.481344
vt 0.532649 0.500000
vt 0.537313 0.500000
vt 0.532649 0.518656
vt 0.537313 0.518656
vt 0.532649 0.537313
vt 0.537313 0.537313
vt 0.527984 0.537313
vt 0.527984 0.518656
vt 0.523320 0.537313
vt 0.523320 0.518656
vt 0.527984 0.500000
vt 0.523320 0.500000
vt 0.527984 0.481344
vt 0.523320 0.481344
vt 0.527984 0.462687
vt 0.523320 0.462687
vt 0.527984 0.444031
vt 0.523320 0.444031
vt 0.527984 0.425375
vt 0.523320 0.425375
vt 0.527984 0.406719
vt 0.523320 0.406719
vt 0.527984 0.388062
vt 0.523320 0.388062
vt 0.523320 0.611938
vt 0.527984 0.611938
vt 0.518656 0.406719
vt 0.518656 0.388062
vt 0.518656 0.611938
vt 0.513992 0.406719
vt 0.513992 0.388062
vt 0.513992 0.611938
vt 0.513992 0.425375
vt 0.518656 0.425375
vt 0.513992 0.444031
vt 0.518656 0.444031
vt 0.513992 0.462687
vt 0.518656 0.462687
vt 0.513992 0.481344
vt 0.518656 0.481344
vt 0.513992 0.500000
vt 0.518656 0.500000
vt 0.513992 0.518656
vt 0.518656 0.518656
vt 0.513992 0.537313
vt 0.518656 0.537313
vt 0.509328 0.537313
vt 0.509328 0.518656
vt 0.504664 0.537313
vt 0.504664 0.518656
vt 0.509328 0.500000
vt 0.504664 0.500000
vt 0.509328 0.481344
vt 0.504664 0.481344
vt 0.509328 0.462687
vt 0.504664 0.462687
vt 0.509328 0.444031
vt 0.504664 0.444031
vt 0.509328 0.425375
vt 0.504664 0.425375
vt 0.509328 0.406719
vt 0.504664 0.406719
vt 0.509328 0.388062
vt 0.504664 0.388062
vt 0.504664 0.611938
vt 0.509328 0.611938
vt 0.500000 0.406719
vt 0.500000 0.388062
vt 0.500000 0.611938
vt 0.495336 0.406719
vt 0.495336 0.388062
vt 0.495336 0.611938
vt 0.495336 0.425375
vt 0.500000 0.425375
vt 0.495336 0.444031
vt 0.500000 0.444031
vt 0.495336 0.462687
vt 0.500000 0.462687
vt 0.495336 0.481344
vt 0.500000 0.481344
vt 0.495336 0.500000
vt 0.495336 0.518656
vt 0.500000 0.518656
vt 0.495336 0.537313
vt 0.500000 0.537313
vt 0.490672 0.537313
vt 0.490672 0.518656
vt 0.486008 0.537313
vt 0.486008 0.518656
vt 0.490672 0.500000
vt 0.486008 0.500000
vt 0.490672 0.481344
vt 0.486008 0.481344
vt 0.490672 0.462687
vt 0.486008 0.462687
vt 0.490672 0.444031
vt 0.486008 0.444031
vt 0.490672 0.425375
vt 0.486008 0.425375
vt 0.490672 0.406719
vt 0.486008 0.406719
vt 0.490672 0.388062
vt 0.486008 0.388062
vt 0.486008 0.611938
vt 0.490672 0.611938
vt 0.481344 0.406719
vt 0.481344 0.388062
vt 0.481344 0.611938
vt 0.476680 0.406719
vt 0.476680 0.388062
vt 0.476680 0.611938
vt 0.476680 0.425375
vt 0.481344 0.425375
vt 0.476680 0.444031
vt 0.481344 0.444031
vt 0.476680 0.462687
vt 0.481344 0.462687
vt 0.476680 0.481344
vt 0.481344 0.481344
vt 0.476680 0.500000
vt 0.481344 0.500000
vt 0.476680 0.518656
vt 0.481344 0.518656
vt 0.476680 0.537313
vt 0.481344 0.537313
vt 0.472016 0.537313
vt 0.472016 0.518656
vt 0.467351 0.537313
vt 0.467351 0.518656
vt 0.472016 0.500000
vt 0.467351 0.500000
vt 0.472016 0.481344
vt 0.467351 0.481344
vt 0.472016 0.462687
vt 0.467351 0.462687
vt 0.472016 0.444031
vt 0.467351 0.444031
vt 0.472016 0.425375
vt 0.467351 0.425375
vt 0.472016 0.406719
vt 0.467351 0.406719
vt 0.472016 0.388062
vt 0.467351 0.388062
vt 0.467351 0.611938
vt 0.472016 0.611938
vt 0.462687 0.406719
vt 0.462687 0.388062
vt 0.462687 0.611938
vt 0.458023 0.406719
vt 0.458023 0.388062
vt 0.458023 0.611938
vt 0.458023 0.425375
vt 0.462687 0.425375
vt 0.458023 0.444031
vt 0.462687 0.444031
vt 0.458023 0.462687
vt 0.462687 0.462687
vt 0.458023 0.481344
vt 0.462687 0.481344
vt 0.458023 0.500000
vt 0.462687 0.500000
vt 0.458023 0.518656
vt 0.462687 0.518656
vt 0.458023 0.537313
vt 0.462687 0.537313
vt 0.453359 0.537313
vt 0.453359 0.518656
vt 0.448695 0.537313
vt 0.448695 0.518656
vt 0.453359 0.500000
vt 0.448695 0.500000
vt 0.453359 0.481344
vt 0.448695 0.481344
vt 0.453359 0.462687
vt 0.448695 0.462687
vt 0.453359 0.444031
vt 0.448695 0.444031
vt 0.453359 0.425375
vt 0.448695 0.425375
vt 0.453359 0.406719
vt 0.448695 0.406719
vt 0.453359 0.388062
vt 0.448695 0.388062
vt 0.448695 0.611938
vt 0.453359 0.611938
vt 0.444031 0.406719
vt 0.444031 0.388062
vt 0.444031 0.611938
vt 0.439367 0.406719
vt 0.439367 0.388062
vt 0.439367 0.611938
vt 0.439367 0.425375
vt 0.444031 0.425375
vt 0.439367 0.444031
vt 0.444031 0.444031
vt 0.439367 0.462687
vt 0.444031 0.462687
vt 0.439367 0.481344
vt 0.444031 0.481344
vt 0.439367 0.500000
vt 0.444031 0.500000
vt 0.439367 0.518656
vt 0.444031 0.518656
vt 0.439367 0.537313
vt 0.444031 0.537313
vt 0.434703 0.537313
vt 0.434703 0.518656
vt 0.430039 0.537313
vt 0.430039 0.518656
vt 0.434703 0.500000
vt 0.430039 0.500000
vt 0.434703 0.481344
vt 0.430039 0.481344
vt 0.434703 0.462687
vt 0.430039 0.462687
vt 0.434703 0.444031
vt 0.430039 0.444031
vt 0.434703 0.425375
vt 0.430039 0.425375
vt 0.434703 0.406719
vt 0.430039 0.406719
vt 0.434703 0.388062
vt 0.430039 0.388062
vt 0.430039 0.611938
vt 0.434703 0.611938
vt 0.425375 0.406719
vt 0.425375 0.388062
vt 0.425375 0.611938
vt 0.420711 0.406719
vt 0.420711 0.388062
vt 0.420711 0.611938
vt 0.420711 0.425375
vt 0.425375 0.425375
vt 0.420711 0.444031
vt 0.425375 0.444031
vt 0.420711 0.462687
vt 0.425375 0.462687
vt 0.420711 0.481344
vt 0.425375 0.481344
vt 0.420711 0.500000
vt 0.425375 0.500000
vt 0.420711 0.518656
vt 0.425375 0.518656
vt 0.420711 0.537313
vt 0.425375 0.537313
vt 0.416047 0.537313
vt 0.416047 0.518656
vt 0.411383 0.537313
vt 0.411383 0.518656
vt 0.416047 0.500000
vt 0.411383 0.500000
vt 0.416047 0.481344
vt 0.411383 0.481344
vt 0.416047 0.462687
vt 0.411383 0.462687
vt 0.416047 0.444031
vt 0.411383 0.444031
vt 0.416047 0.425375
vt 0.411383 0.425375
vt 0.416047 0.406719
vt 0.411383 0.406719
vt 0.416047 0.388062
vt 0.411383 0.388062
vt 0.411383 0.611938
vt 0.416047 0.611938
vt 0.406719 0.406719
vt 0.406719 0.388062
vt 0.406719 0.611938
vt 0.402054 0.406719
vt 0.402054 0.388062
vt 0.402054 0.611938
vt 0.402054 0.425375
vt 0.406719 0.425375
vt 0.402054 0.444031
vt 0.406719 0.444031
vt 0.402054 0.462687
vt 0.406719 0.462687
vt 0.402054 0.481344
vt 0.406719 0.481344
vt 0.402054 0.500000
vt 0.406719 0.500000
vt 0.402054 0.518656
vt 0.406719 0.518656
vt 0.402054 0.537313
vt 0.406719 0.537313
vt 0.397390 0.537313
vt 0.397390 0.518656
vt 0.397390 0.500000
vt 0.397390 0.481344
vt 0.397390 0.462687
vt 0.397390 0.444031
vt 0.397390 0.425375
vt 0.397390 0.406719
vt 0.397390 0.388062
vt 0.397390 0.611938
s 1
f 1/1/1 2/2/2 24/3/3 3/4/4
f 4/5/5 1/6/1 3/7/4 5/8/6
f 6/9/7 4/5/5 5/8/6 7/10/8
f 8/11/9 6/9/7 7/10/8 9/12/10
f 10/13/11 8/11/9 9/12/10 11/14/12
f 12/15/13 10/13/11 11/14/12 13/16/14
f 14/17/15 12/15/13 13/16/14 15/18/16
f 16/19/17 14/17/15 15/18/16 17/20/18
f 18/21/19 16/19/17 17/20/18 19/22/20
f 20/23/21 18/21/19 19/22/20 21/24/22
f 22/25/23 20/23/21 21/24/22 23/26/24
f 2/2/2 22/25/23 23/26/24 24/3/3
f 23/26/24 21/24/22 26/27/25 25/28/26
f 24/3/3 23/26/24 25/28/26 27/29/27
f 25/28/26 26/27/25 29/30/28 28/31/29
f 27/29/27 25/28/26 28/31/29 30/32/30
f 28/31/29 29/30/28 32/33/31 31/34/32
f 30/32/30 28/31/29 31/34/32 33/35/33
f 31/34/32 32/33/31 35/36/34 34/37/35
f 33/35/33 31/34/32 34/37/35 36/38/36
f 34/37/35 35/36/34 38/39/37 37/40/38
f 36/38/36 34/37/35 37/40/38 39/41/39
f 37/40/38 38/39/37 41/42/40 40/43/41
f 39/41/39 37/40/38 40/43/41 42/44/42
f 40/43/41 41/42/40 44/45/43 43/46/44
f 42/44/42 40/43/41 43/46/44 45/47/45
f 43/46/44 44/45/43 47/48/46 46/49/47
f 45/47/45 43/46/44 46/49/47 48/50/48
f 46/49/47 47/48/46 50/51/49 49/52/50
f 48/50/48 46/49/47 49/52/50 51/53/51
f 49/52/50 50/51/49 53/54/52 52/55/53
f 51/53/51 49/52/50 52/55/53 54/56/54
f 52/55/53 53/54/52 56/57/55 55/58/56
f 54/56/54 52/55/53 55/58/56 57/59/57
f 55/58/56 56/57/55 59/60/58 58/61/59
f 57/59/57 55/58/56 58/61/59 60/62/60
f 58/61/59 59/60/58 62/63/61 61/64/62
f 60/62/60 58/61/59 61/64/62 63/65/63
f 61/64/62 62/63/61 65/66/64 64/67/65
f 63/65/63 61/64/62 64/67/65 66/68/66
f 64/67/65 65/66/64 68/69/67 67/70/68
f 66/68/66 64/67/65 67/70/68 69/71/69
f 67/70/68 68/69/67 71/72/70 70/73/71
f 69/71/69 67/70/68 70/73/71 72/74/72
f 70/73/71 71/72/70 74/75/73 73/76/74
f 72/74/72 70/73/71 73/76/74 75/77/75
f 73/76/74 74/75/73 77/78/76 76/79/77
f 75/77/75 73/76/74 76/79/77 78/80/78
f 76/79/77 77/78/76 80/81/79 79/82/80
f 78/80/78 76/79/77 79/82/80 81/83/81
f 79/82/80 80/81/79 83/84/82 82/85/83
f 81/83/81 79/82/80 82/85/83 84/86/84
f 82/85/83 83/84/82 86/87/85 85/88/86
f 84/86/84 82/85/83 85/88/86 87/89/87
f 85/88/86 86/87/85 89/90/88 88/91/89
f 87/89/87 85/88/86 88/91/89 90/92/90
f 88/91/89 89/90/88 92/93/91 91/94/92
f 90/92/90 88/91/89 91/94/92 93/95/93
f 91/94/92 92/93/91 95/96/94 94/97/95
f 93/95/93 91/94/92 94/97/95 96/98/96
f 94/97/95 95/96/94 98/99/97 97/100/98
f 96/98/96 94/97/95 97/100/98 99/101/99
f 97/100/98 98/99/97 101/102/100 100/103/101
f 99/101/99 97/100/98 100/103/101 102/104/102
f 100/103/101 101/102/100 104/105/103 103/106/104
f 102/104/102 100/103/101 103/106/104 105/107/105
f 103/106/104 104/105/103 107/108/106 106/109/107
f 105/107/105 103/106/104 106/109/107 108/110/108
f 106/109/107 107/108/106 110/111/109 109/112/110
f 108/110/108 106/109/107 109/112/110 111/113/111
f 109/112/110 110/111/109 113/114/112 112/115/113
f 111/113/111 109/112/110 112/115/113 114/116/114
f 112/115/113 113/114/112 116/117/115 115/118/116
f 114/116/114 112/115/113 115/118/116 117/119/117
f 115/118/116 116/117/115 119/120/118 118/121/119
f 117/119/117 115/118/116 118/121/119 120/122/120
f 118/121/119 119/120/118 122/123/121 121/124/122
f 120/122/120 118/121/119 121/124/122 123/125/123
f 121/124/122 122/123/121 125/126/124 124/127/125
f 123/125/123 121/124/122 124/127/125 126/128/126
f 124/127/125 125/126/124 128/129/127 127/130/128
f 126/128/126 124/127/125 127/130/128 129/131/129
f 127/130/128 128/129/127 131/132/130 130/133/131
f 129/131/129 127/130/128 130/133/131 132/134/132
f 130/133/131 131/132/130 134/135/130 133/136/131
f 132/134/132 130/133/131 133/136/131 135/137/132
f 133/136/131 134/135/130 137/138/133 136/139/134
f 135/137/132 133/136/131 136/139/134 138/140/135
f 136/139/134 137/138/133 140/141/136 139/142/137
f 138/140/135 136/139/134 139/142/137 141/143/138
f 139/142/137 140/141/136 143/144/139 142/145/140
f 141/143/138 139/142/137 142/145/140 144/146/141
f 142/145/140 143/144/139 146/147/142 145/148/143
f 144/146/141 142/145/140 145/148/143 147/149/144
f 145/148/143 146/147/142 149/150/145 148/151/146
f 147/149/144 145/148/143 148/151/146 150/152/147
f 148/151/146 149/150/145 152/153/148 151/154/149
f 150/152/147 148/151/146 151/154/149 153/155/150
f 151/154/149 152/153/148 155/156/151 154/157/152
f 153/155/150 151/154/149 154/157/152 156/158/153
f 154/157/152 155/156/151 158/159/154 157/160/155
f 156/158/153 154/157/152 157/160/155 159/161/156
f 157/160/155 158/159/154 161/162/157 160/163/158
f 159/161/156 157/160/155 160/163/158 162/164/159
f 160/163/158 161/162/157 164/165/160 163/166/161
f 162/164/159 160/163/158 163/166/161 165/167/162
f 167/168/163 162/164/159 165/167/162 166/169/164
f 169/170/165 167/171/163 166/172/164 168/173/166
f 171/174/167 169/170/165 168/173/166 170/175/168
f 173/176/169 171/174/167 170/175/168 172/177/170
f 175/178/171 173/176/169 172/177/170 174/179/172
f 177/180/173 175/178/171 174/179/172 176/181/174
f 179/182/175 177/180/173 176/181/174 178/183/176
f 181/184/177 179/182/175 178/183/176 180/185/178
f 183/186/179 181/184/177 180/185/178 182/187/180
f 161/162/157 183/186/179 182/187/180 164/165/160
f 158/159/154 184/188/181 183/186/179 161/162/157
f 184/188/181 186/189/182 181/184/177 183/186/179
f 155/156/151 185/190/183 184/188/181 158/159/154
f 185/190/183 187/191/184 186/189/182 184/188/181
f 187/191/184 189/192/185 188/193/186 186/189/182
f 186/189/182 188/193/186 179/182/175 181/184/177
f 189/192/185 191/194/187 190/195/188 188/193/186
f 188/193/186 190/195/188 177/180/173 179/182/175
f 191/194/187 193/196/189 192/197/190 190/195/188
f 190/195/188 192/197/190 175/178/171 177/180/173
f 193/196/189 195/198/191 194/199/192 192/197/190
f 192/197/190 194/199/192 173/176/169 175/178/171
f 195/198/191 197/200/193 196/201/194 194/199/192
f 194/199/192 196/201/194 171/174/167 173/176/169
f 197/200/193 199/202/195 198/203/196 196/201/194
f 196/201/194 198/203/196 169/170/165 171/174/167
f 199/202/195 201/204/197 200/205/198 198/203/196
f 198/203/196 200/205/198 167/171/163 169/170/165
f 201/206/197 156/158/153 159/161/156 200/207/198
f 200/207/198 159/161/156 162/164/159 167/168/163
f 204/208/199 202/209/200 201/204/197 199/202/195
f 202/210/200 153/155/150 156/158/153 201/206/197
f 205/211/201 203/212/202 202/209/200 204/208/199
f 203/213/202 150/152/147 153/155/150 202/210/200
f 207/214/203 205/211/201 204/208/199 206/215/204
f 206/215/204 204/208/199 199/202/195 197/200/193
f 209/216/205 207/214/203 206/215/204 208/217/206
f 208/217/206 206/215/204 197/200/193 195/198/191
f 211/218/207 209/216/205 208/217/206 210/219/208
f 210/219/208 208/217/206 195/198/191 193/196/189
f 213/220/209 211/218/207 210/219/208 212/221/210
f 212/221/210 210/219/208 193/196/189 191/194/187
f 215/222/211 213/220/209 212/221/210 214/223/212
f 214/223/212 212/221/210 191/194/187 189/192/185
f 217/224/213 215/222/211 214/223/212 216/225/214
f 216/225/214 214/223/212 189/192/185 187/191/184
f 219/226/215 217/224/213 216/225/214 218/227/216
f 218/227/216 216/225/214 187/191/184 185/190/183
f 149/150/145 219/226/215 218/227/216 152/153/148
f 152/153/148 218/227/216 185/190/183 155/156/151
f 146/147/142 220/228/217 219/226/215 149/150/145
f 220/228/217 222/229/218 217/224/213 219/226/215
f 143/144/139 221/230/219 220/228/217 146/147/142
f 221/230/219 223/231/220 222/229/218 220/228/217
f 223/231/220 225/232/221 224/233/222 222/229/218
f 222/229/218 224/233/222 215/222/211 217/224/213
f 225/232/221 227/234/223 226/235/224 224/233/222
f 224/233/222 226/235/224 213/220/209 215/222/211
f 227/234/223 229/236/225 228/237/226 226/235/224
f 226/235/224 228/237/226 211/218/207 213/220/209
f 229/236/225 231/238/227 230/239/228 228/237/226
f 228/237/226 230/239/228 209/216/205 211/218/207
f 231/238/227 233/240/229 232/241/230 230/239/228
f 230/239/228 232/241/230 207/214/203 209/216/205
f 233/240/229 235/242/231 234/243/232 232/241/230
f 232/241/230 234/243/232 205/211/201 207/214/203
f 235/242/231 237/244/233 236/245/234 234/243/232
f 234/243/232 236/245/234 203/212/202 205/211/201
f 237/246/233 144/146/141 147/149/144 236/247/234
f 236/247/234 147/149/144 150/152/147 203/213/202
f 240/248/235 238/249/236 237/244/233 235/242/231
f 238/250/236 141/143/138 144/146/141 237/246/233
f 241/251/237 239/252/238 238/249/236 240/248/235
f 239/253/238 138/140/135 141/143/138 238/250/236
f 243/254/239 241/251/237 240/248/235 242/255/240
f 242/255/240 240/248/235 235/242/231 233/240/229
f 245/256/241 243/254/239 242/255/240 244/257/242
f 244/257/242 242/255/240 233/240/229 231/238/227
f 247/258/243 245/256/241 244/257/242 246/259/244
f 246/259/244 244/257/242 231/238/227 229/236/225
f 249/260/245 247/258/243 246/259/244 248/261/246
f 248/261/246 246/259/244 229/236/225 227/234/223
f 251/262/247 249/260/245 248/261/246 250/263/248
f 250/263/248 248/261/246 227/234/223 225/232/221
f 253/264/249 251/262/247 250/263/248 252/265/250
f 252/265/250 250/263/248 225/232/221 223/231/220
f 255/266/251 253/264/249 252/265/250 254/267/252
f 254/267/252 252/265/250 223/231/220 221/230/219
f 137/138/133 255/266/251 254/267/252 140/141/136
f 140/141/136 254/267/252 221/230/219 143/144/139
f 134/135/130 256/268/253 255/266/251 137/138/133
f 256/268/253 258/269/254 253/264/249 255/266/251
f 131/132/130 257/270/253 256/268/253 134/135/130
f 257/270/253 259/271/255 258/269/254 256/268/253
f 259/271/255 261/272/256 260/273/256 258/269/254
f 258/269/254 260/273/256 251/262/247 253/264/249
f 261/272/256 263/274/257 262/275/257 260/273/256
f 260/273/256 262/275/257 249/260/245 251/262/247
f 263/274/257 265/276/258 264/277/259 262/275/257
f 262/275/257 264/277/259 247/258/243 249/260/245
f 265/276/258 267/278/260 266/279/260 264/277/259
f 264/277/259 266/279/260 245/256/241 247/258/243
f 267/278/260 269/280/239 268/281/239 266/279/260
f 266/279/260 268/281/239 243/254/239 245/256/241
f 269/280/239 271/282/261 270/283/261 268/281/239
f 268/281/239 270/283/261 241/251/237 243/254/239
f 271/282/261 273/284/262 272/285/262 270/283/261
f 270/283/261 272/285/262 239/252/238 241/251/237
f 273/286/262 132/134/132 135/137/132 272/287/262
f 272/287/262 135/137/132 138/140/135 239/253/238
f 276/288/263 274/289/264 273/284/262 271/282/261
f 274/290/264 129/131/129 132/134/132 273/286/262
f 277/291/265 275/292/266 274/289/264 276/288/263
f 275/293/266 126/128/126 129/131/129 274/290/264
f 279/294/267 277/291/265 276/288/263 278/295/268
f 278/295/268 276/288/263 271/282/261 269/280/239
f 281/296/269 279/294/267 278/295/268 280/297/270
f 280/297/270 278/295/268 269/280/239 267/278/260
f 283/298/271 281/296/269 280/297/270 282/299/272
f 282/299/272 280/297/270 267/278/260 265/276/258
f 285/300/273 283/298/271 282/299/272 284/301/274
f 284/301/274 282/299/272 265/276/258 263/274/257
f 287/302/275 285/300/273 284/301/274 286/303/276
f 286/303/276 284/301/274 263/274/257 261/272/256
f 289/304/277 287/302/275 286/303/276 288/305/278
f 288/305/278 286/303/276 261/272/256 259/271/255
f 291/306/279 289/304/277 288/305/278 290/307/280
f 290/307/280 288/305/278 259/271/255 257/270/253
f 125/126/124 291/306/279 290/307/280 128/129/127
f 128/129/127 290/307/280 257/270/253 131/132/130
f 122/123/121 292/308/281 291/306/279 125/126/124
f 292/308/281 294/309/282 289/304/277 291/306/279
f 119/120/118 293/310/283 292/308/281 122/123/121
f 293/310/283 295/311/284 294/309/282 292/308/281
f 295/311/284 297/312/285 296/313/286 294/309/282
f 294/309/282 296/313/286 287/302/275 289/304/277
f 297/312/285 299/314/287 298/315/288 296/313/286
f 296/313/286 298/315/288 285/300/273 287/302/275
f 299/314/287 301/316/289 300/317/290 298/315/288
f 298/315/288 300/317/290 283/298/271 285/300/273
f 301/316/289 303/318/291 302/319/292 300/317/290
f 300/317/290 302/319/292 281/296/269 283/298/271
f 303/318/291 305/320/293 304/321/294 302/319/292
f 302/319/292 304/321/294 279/294/267 281/296/269
f 305/320/293 307/322/295 306/323/296 304/321/294
f 304/321/294 306/323/296 277/291/265 279/294/267
f 307/322/295 309/324/297 308/325/298 306/323/296
f 306/323/296 308/325/298 275/292/266 277/291/265
f 309/326/297 120/122/120 123/125/123 308/327/298
f 308/327/298 123/125/123 126/128/126 275/293/266
f 312/328/299 310/329/300 309/324/297 307/322/295
f 310/330/300 117/119/117 120/122/120 309/326/297
f 313/331/301 311/332/302 310/329/300 312/328/299
f 311/333/302 114/116/114 117/119/117 310/330/300
f 315/334/303 313/331/301 312/328/299 314/335/304
f 314/335/304 312/328/299 307/322/295 305/320/293
f 317/336/305 315/334/303 314/335/304 316/337/306
f 316/337/306 314/335/304 305/320/293 303/318/291
f 319/338/307 317/336/305 316/337/306 318/339/308
f 318/339/308 316/337/306 303/318/291 301/316/289
f 321/340/309 319/338/307 318/339/308 320/341/310
f 320/341/310 318/339/308 301/316/289 299/314/287
f 323/342/311 321/340/309 320/341/310 322/343/312
f 322/343/312 320/341/310 299/314/287 297/312/285
f 325/344/313 323/342/311 322/343/312 324/345/314
f 324/345/314 322/343/312 297/312/285 295/311/284
f 327/346/315 325/344/313 324/345/314 326/347/316
f 326/347/316 324/345/314 295/311/284 293/310/283
f 113/114/112 327/346/315 326/347/316 116/117/115
f 116/117/115 326/347/316 293/310/283 119/120/118
f 110/111/109 328/348/317 327/346/315 113/114/112
f 328/348/317 330/349/318 325/344/313 327/346/315
f 107/108/106 329/350/319 328/348/317 110/111/109
f 329/350/319 331/351/320 330/349/318 328/348/317
f 331/351/320 333/352/321 332/353/322 330/349/318
f 330/349/318 332/353/322 323/342/311 325/344/313
f 333/352/321 335/354/323 334/355/324 332/353/322
f 332/353/322 334/355/324 321/340/309 323/342/311
f 335/354/323 337/356/325 336/357/326 334/355/324
f 334/355/324 336/357/326 319/338/307 321/340/309
f 337/356/325 339/358/327 338/359/328 336/357/326
f 336/357/326 338/359/328 317/336/305 319/338/307
f 339/358/327 341/360/329 340/361/330 338/359/328
f 338/359/328 340/361/330 315/334/303 317/336/305
f 341/360/329 343/362/331 342/363/332 340/361/330
f 340/361/330 342/363/332 313/331/301 315/334/303
f 343/362/331 345/364/333 344/365/334 342/363/332
f 342/363/332 344/365/334 311/332/302 313/331/301
f 345/366/333 108/110/108 111/113/111 344/367/334
f 344/367/334 111/113/111 114/116/114 311/333/302
f 348/368/335 346/369/336 345/364/333 343/362/331
f 346/370/336 105/107/105 108/110/108 345/366/333
f 349/371/337 347/372/338 346/369/336 348/368/335
f 347/373/338 102/104/102 105/107/105 346/370/336
f 351/374/339 349/371/337 348/368/335 350/375/339
f 350/375/339 348/368/335 343/362/331 341/360/329
f 353/376/340 351/374/339 350/375/339 352/377/341
f 352/377/341 350/375/339 341/360/329 339/358/327
f 355/378/342 353/376/340 352/377/341 354/379/343
f 354/379/343 352/377/341 339/358/327 337/356/325
f 357/380/344 355/378/342 354/379/343 356/381/345
f 356/381/345 354/379/343 337/356/325 335/354/323
f 359/382/346 357/380/344 356/381/345 358/383/347
f 358/383/347 356/381/345 335/354/323 333/352/321
f 361/384/348 359/382/346 358/383/347 360/385/349
f 360/385/349 358/383/347 333/352/321 331/351/320
f 363/386/350 361/384/348 360/385/349 362/387/351
f 362/387/351 360/385/349 331/351/320 329/350/319
f 101/102/100 363/386/350 362/387/351 104/105/103
f 104/105/103 362/387/351 329/350/319 107/108/106
f 98/99/97 364/388/350 363/386/350 101/102/100
f 364/388/350 366/389/352 361/384/348 363/386/350
f 95/96/94 365/390/353 364/388/350 98/99/97
f 365/390/353 367/391/354 366/389/352 364/388/350
f 367/391/354 369/392/355 368/393/356 366/389/352
f 366/389/352 368/393/356 359/382/346 361/384/348
f 369/392/355 371/394/357 370/395/358 368/393/356
f 368/393/356 370/395/358 357/380/344 359/382/346
f 371/394/357 373/396/359 372/397/360 370/395/358
f 370/395/358 372/397/360 355/378/342 357/380/344
f 373/396/359 375/398/361 374/399/362 372/397/360
f 372/397/360 374/399/362 353/376/340 355/378/342
f 375/398/361 377/400/363 376/401/364 374/399/362
f 374/399/362 376/401/364 351/374/339 353/376/340
f 377/400/363 379/402/365 378/403/366 376/401/364
f 376/401/364 378/403/366 349/371/337 351/374/339
f 379/402/365 381/404/367 380/405/368 378/403/366
f 378/403/366 380/405/368 347/372/338 349/371/337
f 381/406/367 96/98/96 99/101/99 380/407/368
f 380/407/368 99/101/99 102/104/102 347/373/338
f 384/408/369 382/409/370 381/404/367 379/402/365
f 382/410/370 93/95/93 96/98/96 381/406/367
f 385/411/371 383/412/372 382/409/370 384/408/369
f 383/413/372 90/92/90 93/95/93 382/410/370
f 387/414/373 385/411/371 384/408/369 386/415/374
f 386/415/374 384/408/369 379/402/365 377/400/363
f 389/416/375 387/414/373 386/415/374 388/417/376
f 388/417/376 386/415/374 377/400/363 375/398/361
f 391/418/377 389/416/375 388/417/376 390/419/378
f 390/419/378 388/417/376 375/398/361 373/396/359
f 393/420/379 391/418/377 390/419/378 392/421/380
f 392/421/380 390/419/378 373/396/359 371/394/357
f 395/422/381 393/420/379 392/421/380 394/423/382
f 394/423/382 392/421/380 371/394/357 369/392/355
f 397/424/383 395/422/381 394/423/382 396/425/384
f 396/425/384 394/423/382 369/392/355 367/391/354
f 399/426/385 397/424/383 396/425/384 398/427/386
f 398/427/386 396/425/384 367/391/354 365/390/353
f 89/90/88 399/426/385 398/427/386 92/93/91
f 92/93/91 398/427/386 365/390/353 95/96/94
f 86/87/85 400/428/387 399/426/385 89/90/88
f 400/428/387 402/429/388 397/424/383 399/426/385
f 83/84/82 401/430/389 400/428/387 86/87/85
f 401/430/389 403/431/390 402/429/388 400/428/387
f 403/431/390 405/432/391 404/433/392 402/429/388
f 402/429/388 404/433/392 395/422/381 397/424/383
f 405/432/391 407/434/393 406/435/394 404/433/392
f 404/433/392 406/435/394 393/420/379 395/422/381
f 407/434/393 409/436/395 408/437/396 406/435/394
f 406/435/394 408/437/396 391/418/377 393/420/379
f 409/436/395 411/438/397 410/439/398 408/437/396
f 408/437/396 410/439/398 389/416/375 391/418/377
f 411/438/397 413/440/399 412/441/400 410/439/398
f 410/439/398 412/441/400 387/414/373 389/416/375
f 413/440/399 415/442/401 414/443/402 412/441/400
f 412/441/400 414/443/402 385/411/371 387/414/373
f 415/442/401 417/444/403 416/445/404 414/443/402
f 414/443/402 416/445/404 383/412/372 385/411/371
f 417/446/403 84/86/84 87/89/87 416/447/404
f 416/447/404 87/89/87 90/92/90 383/413/372
f 420/448/405 418/449/406 417/444/403 415/442/401
f 418/450/406 81/83/81 84/86/84 417/446/403
f 421/451/407 419/452/408 418/449/406 420/448/405
f 419/453/408 78/80/78 81/83/81 418/450/406
f 423/454/409 421/451/407 420/448/405 422/455/410
f 422/455/410 420/448/405 415/442/401 413/440/399
f 425/456/411 423/454/409 422/455/410 424/457/412
f 424/457/412 422/455/410 413/440/399 411/438/397
f 427/458/413 425/456/411 424/457/412 426/459/414
f 426/459/414 424/457/412 411/438/397 409/436/395
f 429/460/415 427/458/413 426/459/414 428/461/416
f 428/461/416 426/459/414 409/436/395 407/434/393
f 431/462/417 429/460/415 428/461/416 430/463/418
f 430/463/418 428/461/416 407/434/393 405/432/391
f 433/464/419 431/462/417 430/463/418 432/465/420
f 432/465/420 430/463/418 405/432/391 403/431/390
f 435/466/421 433/464/419 432/465/420 434/467/422
f 434/467/422 432/465/420 403/431/390 401/430/389
f 77/78/76 435/466/421 434/467/422 80/81/79
f 80/81/79 434/467/422 401/430/389 83/84/82
f 74/75/73 436/468/423 435/466/421 77/78/76
f 436/468/423 438/469/424 433/464/419 435/466/421
f 71/72/70 437/470/425 436/468/423 74/75/73
f 437/470/425 439/471/426 438/469/424 436/468/423
f 439/471/426 441/472/427 440/473/428 438/469/424
f 438/469/424 440/473/428 431/462/417 433/464/419
f 441/472/427 443/474/429 442/475/430 440/473/428
f 440/473/428 442/475/430 429/460/415 431/462/417
f 443/474/429 445/476/431 444/477/432 442/475/430
f 442/475/430 444/477/432 427/458/413 429/460/415
f 445/476/431 447/478/433 446/479/434 444/477/432
f 444/477/432 446/479/434 425/456/411 427/458/413
f 447/478/433 449/480/435 448/481/436 446/479/434
f 446/479/434 448/481/436 423/454/409 425/456/411
f 449/480/435 451/482/437 450/483/438 448/481/436
f 448/481/436 450/483/438 421/451/407 423/454/409
f 451/482/437 453/484/439 452/485/440 450/483/438
f 450/483/438 452/485/440 419/452/408 421/451/407
f 453/486/439 72/74/72 75/77/75 452/487/440
f 452/487/440 75/77/75 78/80/78 419/453/408
f 456/488/441 454/489/442 453/484/439 451/482/437
f 454/490/442 69/71/69 72/74/72 453/486/439
f 457/491/443 455/492/444 454/489/442 456/488/441
f 455/493/444 66/68/66 69/71/69 454/490/442
f 459/494/445 457/491/443 456/488/441 458/495/446
f 458/495/446 456/488/441 451/482/437 449/480/435
f 461/496/447 459/494/445 458/495/446 460/497/448
f 460/497/448 458/495/446 449/480/435 447/478/433
f 463/498/449 461/496/447 460/497/448 462/499/450
f 462/499/450 460/497/448 447/478/433 445/476/431
f 465/500/451 463/498/449 462/499/450 464/501/452
f 464/501/452 462/499/450 445/476/431 443/474/429
f 467/502/453 465/500/451 464/501/452 466/503/454
f 466/503/454 464/501/452 443/474/429 441/472/427
f 469/504/455 467/502/453 466/503/454 468/505/456
f 468/505/456 466/503/454 441/472/427 439/471/426
f 471/506/457 469/504/455 468/505/456 470/507/458
f 470/507/458 468/505/456 439/471/426 437/470/425
f 65/66/64 471/506/457 470/507/458 68/69/67
f 68/69/67 470/507/458 437/470/425 71/72/70
f 62/63/61 472/508/459 471/506/457 65/66/64
f 472/508/459 474/509/460 469/504/455 471/506/457
f 59/60/58 473/510/461 472/508/459 62/63/61
f 473/510/461 475/511/462 474/509/460 472/508/459
f 475/511/462 477/512/463 476/513/464 474/509/460
f 474/509/460 476/513/464 467/502/453 469/504/455
f 477/512/463 479/514/465 478/515/466 476/513/464
f 476/513/464 478/515/466 465/500/451 467/502/453
f 479/514/465 481/516/467 480/517/468 478/515/466
f 478/515/466 480/517/468 463/498/449 465/500/451
f 481/516/467 483/518/469 482/519/470 480/517/468
f 480/517/468 482/519/470 461/496/447 463/498/449
f 483/518/469 485/520/471 484/521/472 482/519/470
f 482/519/470 484/521/472 459/494/445 461/496/447
f 485/520/471 487/522/473 486/523/474 484/521/472
f 484/521/472 486/523/474 457/491/443 459/494/445
f 487/522/473 489/524/475 488/525/476 486/523/474
f 486/523/474 488/525/476 455/492/444 457/491/443
f 489/526/475 60/62/60 63/65/63 488/527/476
f 488/527/476 63/65/63 66/68/66 455/493/444
f 492/528/477 490/529/478 489/524/475 487/522/473
f 490/530/478 57/59/57 60/62/60 489/526/475
f 493/531/479 491/532/480 490/529/478 492/528/477
f 491/533/480 54/56/54 57/59/57 490/530/478
f 495/534/481 493/531/479 492/528/477 494/535/482
f 494/535/482 492/528/477 487/522/473 485/520/471
f 497/536/483 495/534/481 494/535/482 496/537/484
f 496/537/484 494/535/482 485/520/471 483/518/469
f 499/538/485 497/536/483 496/537/484 498/539/486
f 498/539/486 496/537/484 483/518/469 481/516/467
f 501/540/487 499/538/485 498/539/486 500/541/488
f 500/541/488 498/539/486 481/516/467 479/514/465
f 503/542/489 501/540/487 500/541/488 502/543/490
f 502/543/490 500/541/488 479/514/465 477/512/463
f 505/544/491 503/542/489 502/543/490 504/545/492
f 504/545/492 502/543/490 477/512/463 475/511/462
f 507/546/493 505/544/491 504/545/492 506/547/494
f 506/547/494 504/545/492 475/511/462 473/510/461
f 53/54/52 507/546/493 506/547/494 56/57/55
f 56/57/55 506/547/494 473/510/461 59/60/58
f 50/51/49 508/548/495 507/546/493 53/54/52
f 508/548/495 510/549/496 505/544/491 507/546/493
f 47/48/46 509/550/497 508/548/495 50/51/49
f 509/550/497 511/551/498 510/549/496 508/548/495
f 511/551/498 513/552/499 512/553/500 510/549/496
f 510/549/496 512/553/500 503/542/489 505/544/491
f 513/552/499 515/554/501 514/555/502 512/553/500
f 512/553/500 514/555/502 501/540/487 503/542/489
f 515/554/501 517/556/503 516/557/504 514/555/502
f 514/555/502 516/557/504 499/538/485 501/540/487
f 517/556/503 519/558/505 518/559/506 516/557/504
f 516/557/504 518/559/506 497/536/483 499/538/485
f 519/558/505 521/560/507 520/561/508 518/559/506
f 518/559/506 520/561/508 495/534/481 497/536/483
f 521/560/507 523/562/509 522/563/510 520/561/508
f 520/561/508 522/563/510 493/531/479 495/534/481
f 523/562/509 525/564/511 524/565/512 522/563/510
f 522/563/510 524/565/512 491/532/480 493/531/479
f 525/566/511 48/50/48 51/53/51 524/567/512
f 524/567/512 51/53/51 54/56/54 491/533/480
f 528/568/513 526/569/514 525/564/511 523/562/509
f 526/570/514 45/47/45 48/50/48 525/566/511
f 529/571/515 527/572/516 526/569/514 528/568/513
f 527/573/516 42/44/42 45/47/45 526/570/514
f 531/574/517 529/571/515 528/568/513 530/575/518
f 530/575/518 528/568/513 523/562/509 521/560/507
f 533/576/519 531/574/517 530/575/518 532/577/520
f 532/577/520 530/575/518 521/560/507 519/558/505
f 535/578/521 533/576/519 532/577/520 534/579/522
f 534/579/522 532/577/520 519/558/505 517/556/503
f 537/580/523 535/578/521 534/579/522 536/581/524
f 536/581/524 534/579/522 517/556/503 515/554/501
f 539/582/525 537/580/523 536/581/524 538/583/526
f 538/583/526 536/581/524 515/554/501 513/552/499
f 541/584/527 539/582/525 538/583/526 540/585/528
f 540/585/528 538/583/526 513/552/499 511/551/498
f 543/586/529 541/584/527 540/585/528 542/587/530
f 542/587/530 540/585/528 511/551/498 509/550/497
f 41/42/40 543/586/529 542/587/530 44/45/43
f 44/45/43 542/587/530 509/550/497 47/48/46
f 38/39/37 544/588/531 543/586/529 41/42/40
f 544/588/531 546/589/532 541/584/527 543/586/529
f 35/36/34 545/590/533 544/588/531 38/39/37
f 545/590/533 547/591/534 546/589/532 544/588/531
f 547/591/534 549/592/535 548/593/536 546/589/532
f 546/589/532 548/593/536 539/582/525 541/584/527
f 549/592/535 551/594/537 550/595/538 548/593/536
f 548/593/536 550/595/538 537/580/523 539/582/525
f 551/594/537 553/596/539 552/597/540 550/595/538
f 550/595/538 552/597/540 535/578/521 537/580/523
f 553/596/539 555/598/541 554/599/542 552/597/540
f 552/597/540 554/599/542 533/576/519 535/578/521
f 555/598/541 557/600/543 556/601/544 554/599/542
f 554/599/542 556/601/544 531/574/517 533/576/519
f 557/600/543 559/602/545 558/603/546 556/601/544
f 556/601/544 558/603/546 529/571/515 531/574/517
f 559/602/545 561/604/547 560/605/548 558/603/546
f 558/603/546 560/605/548 527/572/516 529/571/515
f 561/606/547 36/38/36 39/41/39 560/607/548
f 560/607/548 39/41/39 42/44/42 527/573/516
f 564/608/549 562/609/550 561/604/547 559/602/545
f 562/610/550 33/35/33 36/38/36 561/606/547
f 565/611/551 563/612/552 562/609/550 564/608/549
f 563/613/552 30/32/30 33/35/33 562/610/550
f 567/614/553 565/611/551 564/608/549 566/615/554
f 566/615/554 564/608/549 559/602/545 557/600/543
f 569/616/555 567/614/553 566/615/554 568/617/556
f 568/617/556 566/615/554 557/600/543 555/598/541
f 571/618/557 569/616/555 568/617/556 570/619/558
f 570/619/558 568/617/556 555/598/541 553/596/539
f 573/620/559 571/618/557 570/619/558 572/621/560
f 572/621/560 570/619/558 553/596/539 551/594/537
f 575/622/561 573/620/559 572/621/560 574/623/562
f 574/623/562 572/621/560 551/594/537 549/592/535
f 577/624/563 575/622/561 574/623/562 576/625/564
f 576/625/564 574/623/562 549/592/535 547/591/534
f 579/626/565 577/624/563 576/625/564 578/627/566
f 578/627/566 576/625/564 547/591/534 545/590/533
f 29/30/28 579/626/565 578/627/566 32/33/31
f 32/33/31 578/627/566 545/590/533 35/36/34
f 26/27/25 580/628/567 579/626/565 29/30/28
f 580/628/567 581/629/568 577/624/563 579/626/565
f 21/24/22 19/22/20 580/628/567 26/27/25
f 19/22/20 17/20/18 581/629/568 580/628/567
f 17/20/18 15/18/16 582/630/569 581/629/568
f 581/629/568 582/630/569 575/622/561 577/624/563
f 15/18/16 13/16/14 583/631/570 582/630/569
f 582/630/569 583/631/570 573/620/559 575/622/561
f 13/16/14 11/14/12 584/632/571 583/631/570
f 583/631/570 584/632/571 571/618/557 573/620/559
f 11/14/12 9/12/10 585/633/572 584/632/571
f 584/632/571 585/633/572 569/616/555 571/618/557
f 9/12/10 7/10/8 586/634/573 585/633/572
f 585/633/572 586/634/573 567/614/553 569/616/555
f 7/10/8 5/8/6 587/635/574 586/634/573
f 586/634/573 587/635/574 565/611/551 567/614/553
f 5/8/6 3/7/4 588/636/575 587/635/574
f 587/635/574 588/636/575 563/612/552 565/611/551
f 3/4/4 24/3/3 27/29/27 588/637/575
f 588/637/575 27/29/27 30/32/30 563/613/552
s 0
f 589/638/576 590/639/576 592/640/576 591/641/576
f 591/641/577 592/640/577 594/642/577 593/643/577
f 593/643/578 594/642/578 596/644/578 595/645/578
f 595/645/579 596/644/579 598/646/579 597/647/579
f 597/647/580 598/646/580 600/648/580 599/649/580
f 599/649/581 600/648/581 602/650/581 601/651/581
f 601/651/582 602/650/582 604/652/582 603/653/582
f 603/653/583 604/652/583 606/654/583 605/655/583
f 605/655/584 606/654/584 608/656/584 607/657/584
f 607/657/585 608/656/585 610/658/585 609/659/585
f 609/659/586 610/658/586 612/660/586 611/661/586
f 611/661/587 612/660/587 614/662/587 613/663/587
f 592/664/588 590/665/588 616/666/588 614/667/588 612/668/588 610/669/588 608/670/588 606/671/588 604/672/588 602/673/588 600/674/588 598/675/588 596/676/588 594/677/588
f 613/663/589 614/662/589 616/678/589 615/679/589
f 615/679/590 616/678/590 590/680/590 589/681/590
f 589/682/591 591/683/591 593/684/591 595/685/591 597/686/591 599/687/591 601/688/591 603/689/591 605/690/591 607/691/591 609/692/591 611/693/591 613/694/591 615/695/591
f 618/696/592 621/697/592 620/698/592 617/699/592
f 617/700/593 619/701/593 624/702/593 618/703/593
f 620/698/594 622/704/594 619/705/594 617/706/594
f 621/697/595 623/707/595 622/704/595 620/698/595
f 623/707/596 624/708/596 619/709/596 622/704/596
f 618/703/597 624/702/597 623/707/597 621/697/597
f 626/696/598 629/697/598 628/698/598 625/699/598
f 625/700/599 627/701/599 632/702/599 626/703/599
f 628/698/594 630/704/594 627/705/594 625/706/594
f 629/697/600 631/707/600 630/704/600 628/698/600
f 631/707/601 632/708/601 627/709/601 630/704/601
f 626/703/597 632/702/597 631/707/597 629/697/597
f 634/696/602 637/697/602 636/698/602 633/699/602
f 633/700/603 635/701/603 640/702/603 634/703/603
f 636/698/594 638/704/594 635/705/594 633/706/594
f 637/697/604 639/707/604 638/704/604 636/698/604
f 639/707/605 640/708/605 635/709/605 638/704/605
f 634/703/597 640/702/597 639/707/597 637/697/597
f 642/696/606 645/697/606 644/698/606 641/699/606
f 641/700/607 643/701/607 648/702/607 642/703/607
f 644/698/594 646/704/594 643/705/594 641/706/594
f 645/697/608 647/707/608 646/704/608 644/698/608
f 647/707/609 648/708/609 643/709/609 646/704/609
f 642/703/597 648/702/597 647/707/597 645/697/597
f 650/696/610 653/697/610 652/698/610 649/699/610
f 649/700/611 651/701/611 656/702/611 650/703/611
f 652/698/594 654/704/594 651/705/594 649/706/594
f 653/697/612 655/707/612 654/704/612 652/698/612
f 655/707/613 656/708/613 651/709/613 654/704/613
f 650/703/597 656/702/597 655/707/597 653/697/597
f 658/696/614 661/697/614 660/698/614 657/699/614
f 657/700/615 659/701/615 664/702/615 658/703/615
f 660/698/594 662/704/594 659/705/594 657/706/594
f 661/697/616 663/707/616 662/704/616 660/698/616
f 663/707/617 664/708/617 659/709/617 662/704/617
f 658/703/597 664/702/597 663/707/597 661/697/597
f 666/696/591 669/697/591 668/698/591 665/699/591
f 665/700/586 667/701/586 672/702/586 666/703/586
f 668/698/594 670/704/594 667/705/594 665/706/594
f 669/697/579 671/707/579 670/704/579 668/698/579
f 671/707/588 672/708/588 667/709/588 670/704/588
f 666/703/597 672/702/597 671/707/597 669/697/597
f 674/696/618 677/697/618 676/698/618 673/699/618
f 673/700/619 675/701/619 680/702/619 674/703/619
f 676/698/594 678/704/594 675/705/594 673/706/594
f 677/697/620 679/707/620 678/704/620 676/698/620
f 679/707/621 680/708/621 675/709/621 678/704/621
f 674/703/597 680/702/597 679/707/597 677/697/597
f 682/696/622 685/697/622 684/698/622 681/699/622
f 681/700/623 683/701/623 688/702/623 682/703/623
f 684/698/594 686/704/594 683/705/594 681/706/594
f 685/697/624 687/707/624 686/704/624 684/698/624
f 687/707/625 688/708/625 683/709/625 686/704/625
f 682/703/597 688/702/597 687/707/597 685/697/597
f 690/696/626 693/697/626 692/698/626 689/699/626
f 689/700/627 691/701/627 696/702/627 690/703/627
f 692/698/594 694/704/594 691/705/594 689/706/594
f 693/697/628 695/707/628 694/704/628 692/698/628
f 695/707/629 696/708/629 691/709/629 694/704/629
f 690/703/597 696/702/597 695/707/597 693/697/597
f 698/696/630 701/697/630 700/698/630 697/699/630
f 697/700/631 699/701/631 704/702/631 698/703/631
f 700/698/594 702/704/594 699/705/594 697/706/594
f 701/697/632 703/707/632 702/704/632 700/698/632
f 703/707/633 704/708/633 699/709/633 702/704/633
f 698/703/597 704/702/597 703/707/597 701/697/597
f 706/696/634 709/697/634 708/698/634 705/699/634
f 705/700/635 707/701/635 712/702/635 706/703/635
f 708/698/594 710/704/594 707/705/594 705/706/594
f 709/697/636 711/707/636 710/704/636 708/698/636
f 711/707/637 712/708/637 707/709/637 710/704/637
f 706/703/597 712/702/597 711/707/597 709/697/597
f 714/696/638 717/697/638 716/698/638 713/699/638
f 713/700/639 715/701/639 720/702/639 714/703/639
f 716/698/594 718/704/594 715/705/594 713/706/594
f 717/697/640 719/707/640 718/704/640 716/698/640
f 719/707/641 720/708/641 715/709/641 718/704/641
f 714/703/597 720/702/597 719/707/597 717/697/597
f 721/710/591 722/711/591 747/712/591 746/713/591 741/714/591 740/715/591 739/716/591 738/717/591 733/718/591 732/719/591 731/720/591 730/721/591 725/722/591 724/723/591
f 721/724/576 723/725/576 748/726/576 722/727/576
f 724/728/590 726/729/590 723/730/590 721/731/590
f 725/732/589 727/733/589 726/729/589 724/728/589
f 748/734/588 723/735/588 726/736/588 727/737/588 728/738/588 729/739/588 734/740/588 735/741/588 736/742/588 737/743/588 742/744/588 743/745/588 744/746/588 745/747/588
f 730/748/587 728/749/587 727/733/587 725/732/587
f 731/750/586 729/751/586 728/749/586 730/748/586
f 732/752/585 734/753/585 729/751/585 731/750/585
f 733/754/584 735/755/584 734/753/584 732/752/584
f 738/756/583 736/757/583 735/755/583 733/754/583
f 739/758/582 737/759/582 736/757/582 738/756/582
f 740/760/581 742/761/581 737/759/581 739/758/581
f 741/762/580 743/763/580 742/761/580 740/760/580
f 746/764/579 744/765/579 743/763/579 741/762/579
f 747/766/578 745/767/578 744/765/578 746/764/578
f 722/727/577 748/726/577 745/767/577 747/766/577
f 749/768/591 750/769/591 775/770/591 774/771/591 769/772/591 768/773/591 767/774/591 766/775/591 761/776/591 760/777/591 759/778/591 758/779/591 753/780/591 752/781/591
f 749/782/576 751/783/576 776/784/576 750/785/576
f 752/786/590 754/787/590 751/788/590 749/789/590
f 753/790/589 755/791/589 754/787/589 752/786/589
f 776/792/588 751/793/588 754/794/588 755/795/588 756/796/588 757/797/588 762/798/588 763/799/588 764/800/588 765/801/588 770/802/588 771/803/588 772/804/588 773/805/588
f 758/806/587 756/807/587 755/791/587 753/790/587
f 759/808/586 757/809/586 756/807/586 758/806/586
f 760/810/585 762/811/585 757/809/585 759/808/585
f 761/812/584 763/813/584 762/811/584 760/810/584
f 766/814/583 764/815/583 763/813/583 761/812/583
f 767/816/582 765/817/582 764/815/582 766/814/582
f 768/818/581 770/819/581 765/817/581 767/816/581
f 769/820/580 771/821/580 770/819/580 768/818/580
f 774/822/579 772/823/579 771/821/579 769/820/579
f 775/824/578 773/825/578 772/823/578 774/822/578
f 750/785/577 776/784/577 773/825/577 775/824/577
f 777/826/591 778/827/591 803/828/591 802/829/591 797/830/591 796/831/591 795/832/591 794/833/591 789/834/591 788/835/591 787/836/591 786/837/591 781/838/591 780/839/591
f 777/840/576 779/841/576 804/842/576 778/843/576
f 780/844/590 782/845/590 779/846/590 777/847/590
f 781/848/589 783/849/589 782/845/589 780/844/589
f 804/850/588 779/851/588 782/852/588 783/853/588 784/854/588 785/855/588 790/856/588 791/857/588 792/858/588 793/859/588 798/860/588 799/861/588 800/862/588 801/863/588
f 786/864/587 784/865/587 783/849/587 781/848/587
f 787/866/586 785/867/586 784/865/586 786/864/586
f 788/868/585 790/869/585 785/867/585 787/866/585
f 789/870/584 791/871/584 790/869/584 788/868/584
f 794/872/583 792/873/583 791/871/583 789/870/583
f 795/874/582 793/875/582 792/873/582 794/872/582
f 796/876/581 798/877/581 793/875/581 795/874/581
f 797/878/580 799/879/580 798/880/580 796/881/580
f 802/882/579 800/883/579 799/884/579 797/885/579
f 803/886/578 801/887/578 800/883/578 802/882/578
f 778/843/577 804/842/577 801/887/577 803/886/577
s 1
f 805/888/642 807/889/643 828/890/644 806/891/645
f 808/892/646 809/893/647 807/894/643 805/895/642
f 810/896/648 811/897/649 809/893/647 808/892/646
f 812/898/650 813/899/651 811/897/649 810/896/648
f 814/900/652 815/901/653 813/899/651 812/898/650
f 816/902/654 817/903/655 815/901/653 814/900/652
f 818/904/656 819/905/657 817/903/655 816/902/654
f 820/906/658 821/907/659 819/905/657 818/904/656
f 822/908/660 823/909/661 821/907/659 820/906/658
f 824/910/662 825/911/663 823/909/661 822/908/660
f 826/912/664 827/913/665 825/911/663 824/910/662
f 806/891/645 828/890/644 827/913/665 826/912/664
f 827/913/665 829/914/666 830/915/667 825/911/663
f 828/890/644 831/916/668 829/914/666 827/913/665
f 829/914/666 832/917/669 833/918/670 830/915/667
f 831/916/668 834/919/671 832/917/669 829/914/666
f 832/917/669 835/920/672 836/921/673 833/918/670
f 834/919/671 837/922/674 835/920/672 832/917/669
f 835/920/672 838/923/675 839/924/676 836/921/673
f 837/922/674 840/925/677 838/923/675 835/920/672
f 838/923/675 841/926/678 842/927/679 839/924/676
f 840/925/677 843/928/680 841/926/678 838/923/675
f 841/926/678 844/929/681 845/930/682 842/927/679
f 843/928/680 846/931/683 844/929/681 841/926/678
f 844/929/681 847/932/684 848/933/685 845/930/682
f 846/931/683 849/934/686 847/932/684 844/929/681
f 847/932/684 850/935/687 851/936/688 848/933/685
f 849/934/686 852/937/689 850/935/687 847/932/684
f 850/935/687 853/938/690 854/939/691 851/936/688
f 852/937/689 855/940/692 853/938/690 850/935/687
f 853/938/690 856/941/693 857/942/694 854/939/691
f 855/940/692 858/943/695 856/941/693 853/938/690
f 856/941/693 859/944/696 860/945/697 857/942/694
f 858/943/695 861/946/698 859/944/696 856/941/693
f 859/944/696 862/947/699 863/948/700 860/945/697
f 861/946/698 864/949/701 862/947/699 859/944/696
f 862/947/699 865/950/702 866/951/703 863/948/700
f 864/949/701 867/952/704 865/950/702 862/947/699
f 865/950/702 868/953/705 869/954/706 866/951/703
f 867/952/704 870/955/707 868/953/705 865/950/702
f 868/953/705 871/956/708 872/957/709 869/954/706
f 870/955/707 873/958/710 871/956/708 868/953/705
f 871/956/708 874/959/711 875/960/712 872/957/709
f 873/958/710 876/961/713 874/959/711 871/956/708
f 874/959/711 877/962/714 878/963/715 875/960/712
f 876/961/713 879/964/716 877/962/714 874/959/711
f 877/962/714 880/965/717 881/966/718 878/963/715
f 879/964/716 882/967/719 880/965/717 877/962/714
f 880/965/717 883/968/720 884/969/721 881/966/718
f 882/967/719 885/970/722 883/968/720 880/965/717
f 883/968/720 886/971/723 887/972/724 884/969/721
f 885/970/722 888/973/725 886/971/723 883/968/720
f 886/971/723 889/974/726 890/975/727 887/972/724
f 888/973/725 891/976/728 889/974/726 886/971/723
f 889/974/726 892/977/729 893/978/730 890/975/727
f 891/976/728 894/979/731 892/977/729 889/974/726
f 892/977/729 895/980/732 896/981/733 893/978/730
f 894/979/731 897/982/734 895/980/732 892/977/729
f 895/980/732 898/983/735 899/984/736 896/981/733
f 897/982/734 900/985/737 898/983/735 895/980/732
f 898/983/735 901/986/738 902/987/739 899/984/736
f 900/985/737 903/988/740 901/986/738 898/983/735
f 901/986/738 904/989/741 905/990/742 902/987/739
f 903/988/740 906/991/743 904/989/741 901/986/738
f 904/989/741 907/992/744 908/993/745 905/990/742
f 906/991/743 909/994/746 907/992/744 904/989/741
f 907/992/744 910/995/747 911/996/748 908/993/745
f 909/994/746 912/997/749 910/995/747 907/992/744
f 910/995/747 913/998/750 914/999/751 911/996/748
f 912/997/749 915/1000/752 913/998/750 910/995/747
f 913/998/750 916/1001/753 917/1002/754 914/999/751
f 915/1000/752 918/1003/755 916/1001/753 913/998/750
f 916/1001/753 919/1004/756 920/1005/757 917/1002/754
f 918/1003/755 921/1006/758 919/1004/756 916/1001/753
f 919/1004/756 922/1007/759 923/1008/760 920/1005/757
f 921/1006/758 924/1009/761 922/1007/759 919/1004/756
f 922/1007/759 925/1010/762 926/1011/763 923/1008/760
f 924/1009/761 927/1012/764 925/1010/762 922/1007/759
f 925/1010/762 928/1013/765 929/1014/766 926/1011/763
f 927/1012/764 930/1015/767 928/1013/765 925/1010/762
f 928/1013/765 931/1016/768 932/1017/769 929/1014/766
f 930/1015/767 933/1018/770 931/1016/768 928/1013/765
f 931/1016/768 934/1019/771 935/1020/772 932/1017/769
f 933/1018/770 936/1021/773 934/1019/771 931/1016/768
f 934/1019/771 937/1022/774 938/1023/772 935/1020/772
f 936/1021/773 939/1024/773 937/1022/774 934/1019/771
f 937/1022/774 940/1025/775 941/1026/776 938/1023/772
f 939/1024/773 942/1027/777 940/1025/775 937/1022/774
f 940/1025/775 943/1028/778 944/1029/779 941/1026/776
f 942/1027/777 945/1030/780 943/1028/778 940/1025/775
f 943/1028/778 946/1031/781 947/1032/782 944/1029/779
f 945/1030/780 948/1033/783 946/1031/781 943/1028/778
f 946/1031/781 949/1034/784 950/1035/785 947/1032/782
f 948/1033/783 951/1036/786 949/1034/784 946/1031/781
f 949/1034/784 952/1037/787 953/1038/788 950/1035/785
f 951/1036/786 954/1039/789 952/1037/787 949/1034/784
f 952/1037/787 955/1040/790 956/1041/791 953/1038/788
f 954/1039/789 957/1042/792 955/1040/790 952/1037/787
f 955/1040/790 958/1043/793 959/1044/794 956/1041/791
f 957/1042/792 960/1045/795 958/1043/793 955/1040/790
f 958/1043/793 961/1046/796 962/1047/797 959/1044/794
f 960/1045/795 963/1048/798 961/1046/796 958/1043/793
f 961/1046/796 964/1049/799 965/1050/800 962/1047/797
f 963/1048/798 966/1051/801 964/1049/799 961/1046/796
f 964/1049/799 967/1052/802 968/1053/803 965/1050/800
f 966/1051/801 969/1054/804 967/1052/802 964/1049/799
f 971/1055/805 970/1056/806 969/1054/804 966/1051/801
f 973/1057/807 972/1058/808 970/1059/806 971/1060/805
f 975/1061/809 974/1062/810 972/1058/808 973/1057/807
f 977/1063/811 976/1064/812 974/1062/810 975/1061/809
f 979/1065/813 978/1066/814 976/1064/812 977/1063/811
f 981/1067/815 980/1068/816 978/1066/814 979/1065/813
f 983/1069/817 982/1070/818 980/1068/816 981/1067/815
f 985/1071/819 984/1072/820 982/1070/818 983/1069/817
f 987/1073/821 986/1074/822 984/1072/820 985/1071/819
f 965/1050/800 968/1053/803 986/1074/822 987/1073/821
f 962/1047/797 965/1050/800 987/1073/821 988/1075/823
f 988/1075/823 987/1073/821 985/1071/819 990/1076/824
f 959/1044/794 962/1047/797 988/1075/823 989/1077/825
f 989/1077/825 988/1075/823 990/1076/824 991/1078/826
f 991/1078/826 990/1076/824 992/1079/827 993/1080/828
f 990/1076/824 985/1071/819 983/1069/817 992/1079/827
f 993/1080/828 992/1079/827 994/1081/829 995/1082/830
f 992/1079/827 983/1069/817 981/1067/815 994/1081/829
f 995/1082/830 994/1081/829 996/1083/831 997/1084/832
f 994/1081/829 981/1067/815 979/1065/813 996/1083/831
f 997/1084/832 996/1083/831 998/1085/833 999/1086/834
f 996/1083/831 979/1065/813 977/1063/811 998/1085/833
f 999/1086/834 998/1085/833 1000/1087/835 1001/1088/836
f 998/1085/833 977/1063/811 975/1061/809 1000/1087/835
f 1001/1088/836 1000/1087/835 1002/1089/837 1003/1090/838
f 1000/1087/835 975/1061/809 973/1057/807 1002/1089/837
f 1003/1090/838 1002/1089/837 1004/1091/839 1005/1092/840
f 1002/1089/837 973/1057/807 971/1060/805 1004/1091/839
f 1005/1093/840 1004/1094/839 963/1048/798 960/1045/795
f 1004/1094/839 971/1055/805 966/1051/801 963/1048/798
f 1008/1095/841 1003/1090/838 1005/1092/840 1006/1096/842
f 1006/1097/842 1005/1093/840 960/1045/795 957/1042/792
f 1009/1098/843 1008/1095/841 1006/1096/842 1007/1099/844
f 1007/1100/844 1006/1097/842 957/1042/792 954/1039/789
f 1011/1101/845 1010/1102/846 1008/1095/841 1009/1098/843
f 1010/1102/846 1001/1088/836 1003/1090/838 1008/1095/841
f 1013/1103/847 1012/1104/848 1010/1102/846 1011/1101/845
f 1012/1104/848 999/1086/834 1001/1088/836 1010/1102/846
f 1015/1105/849 1014/1106/850 1012/1104/848 1013/1103/847
f 1014/1106/850 997/1084/832 999/1086/834 1012/1104/848
f 1017/1107/851 1016/1108/852 1014/1106/850 1015/1105/849
f 1016/1108/852 995/1082/830 997/1084/832 1014/1106/850
f 1019/1109/853 1018/1110/854 1016/1108/852 1017/1107/851
f 1018/1110/854 993/1080/828 995/1082/830 1016/1108/852
f 1021/1111/855 1020/1112/856 1018/1110/854 1019/1109/853
f 1020/1112/856 991/1078/826 993/1080/828 1018/1110/854
f 1023/1113/857 1022/1114/858 1020/1112/856 1021/1111/855
f 1022/1114/858 989/1077/825 991/1078/826 1020/1112/856
f 953/1038/788 956/1041/791 1022/1114/858 1023/1113/857
f 956/1041/791 959/1044/794 989/1077/825 1022/1114/858
f 950/1035/785 953/1038/788 1023/1113/857 1024/1115/859
f 1024/1115/859 1023/1113/857 1021/1111/855 1026/1116/860
f 947/1032/782 950/1035/785 1024/1115/859 1025/1117/861
f 1025/1117/861 1024/1115/859 1026/1116/860 1027/1118/862
f 1027/1118/862 1026/1116/860 1028/1119/863 1029/1120/864
f 1026/1116/860 1021/1111/855 1019/1109/853 1028/1119/863
f 1029/1120/864 1028/1119/863 1030/1121/865 1031/1122/866
f 1028/1119/863 1019/1109/853 1017/1107/851 1030/1121/865
f 1031/1122/866 1030/1121/865 1032/1123/867 1033/1124/868
f 1030/1121/865 1017/1107/851 1015/1105/849 1032/1123/867
f 1033/1124/868 1032/1123/867 1034/1125/869 1035/1126/870
f 1032/1123/867 1015/1105/849 1013/1103/847 1034/1125/869
f 1035/1126/870 1034/1125/869 1036/1127/871 1037/1128/872
f 1034/1125/869 1013/1103/847 1011/1101/845 1036/1127/871
f 1037/1128/872 1036/1127/871 1038/1129/873 1039/1130/874
f 1036/1127/871 1011/1101/845 1009/1098/843 1038/1129/873
f 1039/1130/874 1038/1129/873 1040/1131/875 1041/1132/876
f 1038/1129/873 1009/1098/843 1007/1099/844 1040/1131/875
f 1041/1133/876 1040/1134/875 951/1036/786 948/1033/783
f 1040/1134/875 1007/1100/844 954/1039/789 951/1036/786
f 1044/1135/877 1039/1130/874 1041/1132/876 1042/1136/878
f 1042/1137/878 1041/1133/876 948/1033/783 945/1030/780
f 1045/1138/879 1044/1135/877 1042/1136/878 1043/1139/880
f 1043/1140/880 1042/1137/878 945/1030/780 942/1027/777
f 1047/1141/881 1046/1142/882 1044/1135/877 1045/1138/879
f 1046/1142/882 1037/1128/872 1039/1130/874 1044/1135/877
f 1049/1143/883 1048/1144/884 1046/1142/882 1047/1141/881
f 1048/1144/884 1035/1126/870 1037/1128/872 1046/1142/882
f 1051/1145/885 1050/1146/886 1048/1144/884 1049/1143/883
f 1050/1146/886 1033/1124/868 1035/1126/870 1048/1144/884
f 1053/1147/887 1052/1148/888 1050/1146/886 1051/1145/885
f 1052/1148/888 1031/1122/866 1033/1124/868 1050/1146/886
f 1055/1149/889 1054/1150/890 1052/1148/888 1053/1147/887
f 1054/1150/890 1029/1120/864 1031/1122/866 1052/1148/888
f 1057/1151/891 1056/1152/892 1054/1150/890 1055/1149/889
f 1056/1152/892 1027/1118/862 1029/1120/864 1054/1150/890
f 1059/1153/893 1058/1154/894 1056/1152/892 1057/1151/891
f 1058/1154/894 1025/1117/861 1027/1118/862 1056/1152/892
f 941/1026/776 944/1029/779 1058/1154/894 1059/1153/893
f 944/1029/779 947/1032/782 1025/1117/861 1058/1154/894
f 938/1023/772 941/1026/776 1059/1153/893 1060/1155/895
f 1060/1155/895 1059/1153/893 1057/1151/891 1062/1156/896
f 935/1020/772 938/1023/772 1060/1155/895 1061/1157/895
f 1061/1157/895 1060/1155/895 1062/1156/896 1063/1158/897
f 1063/1158/897 1062/1156/896 1064/1159/898 1065/1160/898
f 1062/1156/896 1057/1151/891 1055/1149/889 1064/1159/898
f 1065/1160/898 1064/1159/898 1066/1161/899 1067/1162/899
f 1064/1159/898 1055/1149/889 1053/1147/887 1066/1161/899
f 1067/1162/899 1066/1161/899 1068/1163/900 1069/1164/901
f 1066/1161/899 1053/1147/887 1051/1145/885 1068/1163/900
f 1069/1164/901 1068/1163/900 1070/1165/902 1071/1166/902
f 1068/1163/900 1051/1145/885 1049/1143/883 1070/1165/902
f 1071/1166/902 1070/1165/902 1072/1167/881 1073/1168/881
f 1070/1165/902 1049/1143/883 1047/1141/881 1072/1167/881
f 1073/1168/881 1072/1167/881 1074/1169/903 1075/1170/903
f 1072/1167/881 1047/1141/881 1045/1138/879 1074/1169/903
f 1075/1170/903 1074/1169/903 1076/1171/904 1077/1172/904
f 1074/1169/903 1045/1138/879 1043/1139/880 1076/1171/904
f 1077/1173/904 1076/1174/904 939/1024/773 936/1021/773
f 1076/1174/904 1043/1140/880 942/1027/777 939/1024/773
f 1080/1175/905 1075/1170/903 1077/1172/904 1078/1176/906
f 1078/1177/906 1077/1173/904 936/1021/773 933/1018/770
f 1081/1178/907 1080/1175/905 1078/1176/906 1079/1179/908
f 1079/1180/908 1078/1177/906 933/1018/770 930/1015/767
f 1083/1181/909 1082/1182/910 1080/1175/905 1081/1178/907
f 1082/1182/910 1073/1168/881 1075/1170/903 1080/1175/905
f 1085/1183/911 1084/1184/912 1082/1182/910 1083/1181/909
f 1084/1184/912 1071/1166/902 1073/1168/881 1082/1182/910
f 1087/1185/913 1086/1186/914 1084/1184/912 1085/1183/911
f 1086/1186/914 1069/1164/901 1071/1166/902 1084/1184/912
f 1089/1187/915 1088/1188/916 1086/1186/914 1087/1185/913
f 1088/1188/916 1067/1162/899 1069/1164/901 1086/1186/914
f 1091/1189/917 1090/1190/918 1088/1188/916 1089/1187/915
f 1090/1190/918 1065/1160/898 1067/1162/899 1088/1188/916
f 1093/1191/919 1092/1192/920 1090/1190/918 1091/1189/917
f 1092/1192/920 1063/1158/897 1065/1160/898 1090/1190/918
f 1095/1193/921 1094/1194/922 1092/1192/920 1093/1191/919
f 1094/1194/922 1061/1157/895 1063/1158/897 1092/1192/920
f 929/1014/766 932/1017/769 1094/1194/922 1095/1193/921
f 932/1017/769 935/1020/772 1061/1157/895 1094/1194/922
f 926/1011/763 929/1014/766 1095/1193/921 1096/1195/923
f 1096/1195/923 1095/1193/921 1093/1191/919 1098/1196/924
f 923/1008/760 926/1011/763 1096/1195/923 1097/1197/925
f 1097/1197/925 1096/1195/923 1098/1196/924 1099/1198/926
f 1099/1198/926 1098/1196/924 1100/1199/927 1101/1200/928
f 1098/1196/924 1093/1191/919 1091/1189/917 1100/1199/927
f 1101/1200/928 1100/1199/927 1102/1201/929 1103/1202/930
f 1100/1199/927 1091/1189/917 1089/1187/915 1102/1201/929
f 1103/1202/930 1102/1201/929 1104/1203/931 1105/1204/932
f 1102/1201/929 1089/1187/915 1087/1185/913 1104/1203/931
f 1105/1204/932 1104/1203/931 1106/1205/933 1107/1206/934
f 1104/1203/931 1087/1185/913 1085/1183/911 1106/1205/933
f 1107/1206/934 1106/1205/933 1108/1207/935 1109/1208/936
f 1106/1205/933 1085/1183/911 1083/1181/909 1108/1207/935
f 1109/1208/936 1108/1207/935 1110/1209/937 1111/1210/938
f 1108/1207/935 1083/1181/909 1081/1178/907 1110/1209/937
f 1111/1210/938 1110/1209/937 1112/1211/939 1113/1212/940
f 1110/1209/937 1081/1178/907 1079/1179/908 1112/1211/939
f 1113/1213/940 1112/1214/939 927/1012/764 924/1009/761
f 1112/1214/939 1079/1180/908 930/1015/767 927/1012/764
f 1116/1215/941 1111/1210/938 1113/1212/940 1114/1216/942
f 1114/1217/942 1113/1213/940 924/1009/761 921/1006/758
f 1117/1218/943 1116/1215/941 1114/1216/942 1115/1219/944
f 1115/1220/944 1114/1217/942 921/1006/758 918/1003/755
f 1119/1221/945 1118/1222/946 1116/1215/941 1117/1218/943
f 1118/1222/946 1109/1208/936 1111/1210/938 1116/1215/941
f 1121/1223/947 1120/1224/948 1118/1222/946 1119/1221/945
f 1120/1224/948 1107/1206/934 1109/1208/936 1118/1222/946
f 1123/1225/949 1122/1226/950 1120/1224/948 1121/1223/947
f 1122/1226/950 1105/1204/932 1107/1206/934 1120/1224/948
f 1125/1227/951 1124/1228/952 1122/1226/950 1123/1225/949
f 1124/1228/952 1103/1202/930 1105/1204/932 1122/1226/950
f 1127/1229/953 1126/1230/954 1124/1228/952 1125/1227/951
f 1126/1230/954 1101/1200/928 1103/1202/930 1124/1228/952
f 1129/1231/955 1128/1232/956 1126/1230/954 1127/1229/953
f 1128/1232/956 1099/1198/926 1101/1200/928 1126/1230/954
f 1131/1233/957 1130/1234/958 1128/1232/956 1129/1231/955
f 1130/1234/958 1097/1197/925 1099/1198/926 1128/1232/956
f 917/1002/754 920/1005/757 1130/1234/958 1131/1233/957
f 920/1005/757 923/1008/760 1097/1197/925 1130/1234/958
f 914/999/751 917/1002/754 1131/1233/957 1132/1235/959
f 1132/1235/959 1131/1233/957 1129/1231/955 1134/1236/960
f 911/996/748 914/999/751 1132/1235/959 1133/1237/961
f 1133/1237/961 1132/1235/959 1134/1236/960 1135/1238/962
f 1135/1238/962 1134/1236/960 1136/1239/963 1137/1240/964
f 1134/1236/960 1129/1231/955 1127/1229/953 1136/1239/963
f 1137/1240/964 1136/1239/963 1138/1241/965 1139/1242/966
f 1136/1239/963 1127/1229/953 1125/1227/951 1138/1241/965
f 1139/1242/966 1138/1241/965 1140/1243/967 1141/1244/968
f 1138/1241/965 1125/1227/951 1123/1225/949 1140/1243/967
f 1141/1244/968 1140/1243/967 1142/1245/969 1143/1246/970
f 1140/1243/967 1123/1225/949 1121/1223/947 1142/1245/969
f 1143/1246/970 1142/1245/969 1144/1247/971 1145/1248/972
f 1142/1245/969 1121/1223/947 1119/1221/945 1144/1247/971
f 1145/1248/972 1144/1247/971 1146/1249/973 1147/1250/974
f 1144/1247/971 1119/1221/945 1117/1218/943 1146/1249/973
f 1147/1250/974 1146/1249/973 1148/1251/975 1149/1252/976
f 1146/1249/973 1117/1218/943 1115/1219/944 1148/1251/975
f 1149/1253/976 1148/1254/975 915/1000/752 912/997/749
f 1148/1254/975 1115/1220/944 918/1003/755 915/1000/752
f 1152/1255/977 1147/1250/974 1149/1252/976 1150/1256/978
f 1150/1257/978 1149/1253/976 912/997/749 909/994/746
f 1153/1258/979 1152/1255/977 1150/1256/978 1151/1259/980
f 1151/1260/980 1150/1257/978 909/994/746 906/991/743
f 1155/1261/981 1154/1262/981 1152/1255/977 1153/1258/979
f 1154/1262/981 1145/1248/972 1147/1250/974 1152/1255/977
f 1157/1263/982 1156/1264/983 1154/1262/981 1155/1261/981
f 1156/1264/983 1143/1246/970 1145/1248/972 1154/1262/981
f 1159/1265/984 1158/1266/985 1156/1264/983 1157/1263/982
f 1158/1266/985 1141/1244/968 1143/1246/970 1156/1264/983
f 1161/1267/986 1160/1268/987 1158/1266/985 1159/1265/984
f 1160/1268/987 1139/1242/966 1141/1244/968 1158/1266/985
f 1163/1269/988 1162/1270/989 1160/1268/987 1161/1267/986
f 1162/1270/989 1137/1240/964 1139/1242/966 1160/1268/987
f 1165/1271/990 1164/1272/991 1162/1270/989 1163/1269/988
f 1164/1272/991 1135/1238/962 1137/1240/964 1162/1270/989
f 1167/1273/992 1166/1274/993 1164/1272/991 1165/1271/990
f 1166/1274/993 1133/1237/961 1135/1238/962 1164/1272/991
f 905/990/742 908/993/745 1166/1274/993 1167/1273/992
f 908/993/745 911/996/748 1133/1237/961 1166/1274/993
f 902/987/739 905/990/742 1167/1273/992 1168/1275/992
f 1168/1275/992 1167/1273/992 1165/1271/990 1170/1276/994
f 899/984/736 902/987/739 1168/1275/992 1169/1277/995
f 1169/1277/995 1168/1275/992 1170/1276/994 1171/1278/996
f 1171/1278/996 1170/1276/994 1172/1279/997 1173/1280/998
f 1170/1276/994 1165/1271/990 1163/1269/988 1172/1279/997
f 1173/1280/998 1172/1279/997 1174/1281/999 1175/1282/1000
f 1172/1279/997 1163/1269/988 1161/1267/986 1174/1281/999
f 1175/1282/1000 1174/1281/999 1176/1283/1001 1177/1284/1002
f 1174/1281/999 1161/1267/986 1159/1265/984 1176/1283/1001
f 1177/1284/1002 1176/1283/1001 1178/1285/1003 1179/1286/1004
f 1176/1283/1001 1159/1265/984 1157/1263/982 1178/1285/1003
f 1179/1286/1004 1178/1285/1003 1180/1287/1005 1181/1288/1006
f 1178/1285/1003 1157/1263/982 1155/1261/981 1180/1287/1005
f 1181/1288/1006 1180/1287/1005 1182/1289/1007 1183/1290/1008
f 1180/1287/1005 1155/1261/981 1153/1258/979 1182/1289/1007
f 1183/1290/1008 1182/1289/1007 1184/1291/1009 1185/1292/1010
f 1182/1289/1007 1153/1258/979 1151/1259/980 1184/1291/1009
f 1185/1293/1010 1184/1294/1009 903/988/740 900/985/737
f 1184/1294/1009 1151/1260/980 906/991/743 903/988/740
f 1188/1295/1011 1183/1290/1008 1185/1292/1010 1186/1296/1012
f 1186/1297/1012 1185/1293/1010 900/985/737 897/982/734
f 1189/1298/1013 1188/1295/1011 1186/1296/1012 1187/1299/1014
f 1187/1300/1014 1186/1297/1012 897/982/734 894/979/731
f 1191/1301/1015 1190/1302/1016 1188/1295/1011 1189/1298/1013
f 1190/1302/1016 1181/1288/1006 1183/1290/1008 1188/1295/1011
f 1193/1303/1017 1192/1304/1018 1190/1302/1016 1191/1301/1015
f 1192/1304/1018 1179/1286/1004 1181/1288/1006 1190/1302/1016
f 1195/1305/1019 1194/1306/1020 1192/1304/1018 1193/1303/1017
f 1194/1306/1020 1177/1284/1002 1179/1286/1004 1192/1304/1018
f 1197/1307/1021 1196/1308/1022 1194/1306/1020 1195/1305/1019
f 1196/1308/1022 1175/1282/1000 1177/1284/1002 1194/1306/1020
f 1199/1309/1023 1198/423/1024 1196/1308/1022 1197/1307/1021
f 1198/423/1024 1173/1280/998 1175/1282/1000 1196/1308/1022
f 1201/1310/1025 1200/1311/1026 1198/423/1024 1199/1309/1023
f 1200/1311/1026 1171/1278/996 1173/1280/998 1198/423/1024
f 1203/1312/1027 1202/1313/1028 1200/1311/1026 1201/1310/1025
f 1202/1313/1028 1169/1277/995 1171/1278/996 1200/1311/1026
f 893/978/730 896/981/733 1202/1313/1028 1203/1312/1027
f 896/981/733 899/984/736 1169/1277/995 1202/1313/1028
f 890/975/727 893/978/730 1203/1312/1027 1204/1314/1029
f 1204/1314/1029 1203/1312/1027 1201/1310/1025 1206/1315/1030
f 887/972/724 890/975/727 1204/1314/1029 1205/1316/1031
f 1205/1316/1031 1204/1314/1029 1206/1315/1030 1207/1317/1032
f 1207/1317/1032 1206/1315/1030 1208/1318/1033 1209/1319/1034
f 1206/1315/1030 1201/1310/1025 1199/1309/1023 1208/1318/1033
f 1209/1319/1034 1208/1318/1033 1210/1320/1035 1211/1321/1036
f 1208/1318/1033 1199/1309/1023 1197/1307/1021 1210/1320/1035
f 1211/1321/1036 1210/1320/1035 1212/1322/1037 1213/1323/1038
f 1210/1320/1035 1197/1307/1021 1195/1305/1019 1212/1322/1037
f 1213/1323/1038 1212/1322/1037 1214/1324/1039 1215/1325/1040
f 1212/1322/1037 1195/1305/1019 1193/1303/1017 1214/1324/1039
f 1215/1325/1040 1214/1324/1039 1216/1326/1041 1217/1327/1042
f 1214/1324/1039 1193/1303/1017 1191/1301/1015 1216/1326/1041
f 1217/1327/1042 1216/1326/1041 1218/1328/1043 1219/1329/1044
f 1216/1326/1041 1191/1301/1015 1189/1298/1013 1218/1328/1043
f 1219/1329/1044 1218/1328/1043 1220/1330/1045 1221/1331/1046
f 1218/1328/1043 1189/1298/1013 1187/1299/1014 1220/1330/1045
f 1221/1332/1046 1220/1333/1045 891/976/728 888/973/725
f 1220/1333/1045 1187/1300/1014 894/979/731 891/976/728
f 1224/1334/1047 1219/1329/1044 1221/1331/1046 1222/1335/1048
f 1222/1336/1048 1221/1332/1046 888/973/725 885/970/722
f 1225/1337/1049 1224/1334/1047 1222/1335/1048 1223/1338/1050
f 1223/1339/1050 1222/1336/1048 885/970/722 882/967/719
f 1227/1340/1051 1226/1341/1052 1224/1334/1047 1225/1337/1049
f 1226/1341/1052 1217/1327/1042 1219/1329/1044 1224/1334/1047
f 1229/1342/1053 1228/1343/1054 1226/1341/1052 1227/1340/1051
f 1228/1343/1054 1215/1325/1040 1217/1327/1042 1226/1341/1052
f 1231/1344/1055 1230/1345/1056 1228/1343/1054 1229/1342/1053
f 1230/1345/1056 1213/1323/1038 1215/1325/1040 1228/1343/1054
f 1233/1346/1057 1232/1347/1058 1230/1345/1056 1231/1344/1055
f 1232/1347/1058 1211/1321/1036 1213/1323/1038 1230/1345/1056
f 1235/1348/1059 1234/1349/1060 1232/1347/1058 1233/1346/1057
f 1234/1349/1060 1209/1319/1034 1211/1321/1036 1232/1347/1058
f 1237/1350/1061 1236/1351/1062 1234/1349/1060 1235/1348/1059
f 1236/1351/1062 1207/1317/1032 1209/1319/1034 1234/1349/1060
f 1239/1352/1063 1238/1353/1064 1236/1351/1062 1237/1350/1061
f 1238/1353/1064 1205/1316/1031 1207/1317/1032 1236/1351/1062
f 881/966/718 884/969/721 1238/1353/1064 1239/1352/1063
f 884/969/721 887/972/724 1205/1316/1031 1238/1353/1064
f 878/963/715 881/966/718 1239/1352/1063 1240/1354/1065
f 1240/1354/1065 1239/1352/1063 1237/1350/1061 1242/1355/1066
f 875/960/712 878/963/715 1240/1354/1065 1241/1356/1067
f 1241/1356/1067 1240/1354/1065 1242/1355/1066 1243/1357/1068
f 1243/1357/1068 1242/1355/1066 1244/1358/1069 1245/1359/1070
f 1242/1355/1066 1237/1350/1061 1235/1348/1059 1244/1358/1069
f 1245/1359/1070 1244/1358/1069 1246/1360/1071 1247/1361/1072
f 1244/1358/1069 1235/1348/1059 1233/1346/1057 1246/1360/1071
f 1247/1361/1072 1246/1360/1071 1248/1362/1073 1249/1363/1074
f 1246/1360/1071 1233/1346/1057 1231/1344/1055 1248/1362/1073
f 1249/1363/1074 1248/1362/1073 1250/1364/1075 1251/1365/1076
f 1248/1362/1073 1231/1344/1055 1229/1342/1053 1250/1364/1075
f 1251/1365/1076 1250/1364/1075 1252/1366/1077 1253/1367/1078
f 1250/1364/1075 1229/1342/1053 1227/1340/1051 1252/1366/1077
f 1253/1367/1078 1252/1366/1077 1254/1368/1079 1255/1369/1080
f 1252/1366/1077 1227/1340/1051 1225/1337/1049 1254/1368/1079
f 1255/1369/1080 1254/1368/1079 1256/1370/1081 1257/1371/1082
f 1254/1368/1079 1225/1337/1049 1223/1338/1050 1256/1370/1081
f 1257/1372/1082 1256/1373/1081 879/964/716 876/961/713
f 1256/1373/1081 1223/1339/1050 882/967/719 879/964/716
f 1260/1374/1083 1255/1369/1080 1257/1371/1082 1258/1375/1084
f 1258/1376/1084 1257/1372/1082 876/961/713 873/958/710
f 1261/1377/1085 1260/1374/1083 1258/1375/1084 1259/1378/1086
f 1259/1379/1086 1258/1376/1084 873/958/710 870/955/707
f 1263/1380/1087 1262/1381/1088 1260/1374/1083 1261/1377/1085
f 1262/1381/1088 1253/1367/1078 1255/1369/1080 1260/1374/1083
f 1265/1382/1089 1264/1383/1090 1262/1381/1088 1263/1380/1087
f 1264/1383/1090 1251/1365/1076 1253/1367/1078 1262/1381/1088
f 1267/1384/1091 1266/1385/1092 1264/1383/1090 1265/1382/1089
f 1266/1385/1092 1249/1363/1074 1251/1365/1076 1264/1383/1090
f 1269/1386/1093 1268/1387/1094 1266/1385/1092 1267/1384/1091
f 1268/1387/1094 1247/1361/1072 1249/1363/1074 1266/1385/1092
f 1271/1388/1095 1270/1389/1096 1268/1387/1094 1269/1386/1093
f 1270/1389/1096 1245/1359/1070 1247/1361/1072 1268/1387/1094
f 1273/1390/1097 1272/1391/1098 1270/1389/1096 1271/1388/1095
f 1272/1391/1098 1243/1357/1068 1245/1359/1070 1270/1389/1096
f 1275/1392/1099 1274/1393/1100 1272/1391/1098 1273/1390/1097
f 1274/1393/1100 1241/1356/1067 1243/1357/1068 1272/1391/1098
f 869/954/706 872/957/709 1274/1393/1100 1275/1392/1099
f 872/957/709 875/960/712 1241/1356/1067 1274/1393/1100
f 866/951/703 869/954/706 1275/1392/1099 1276/1394/1101
f 1276/1394/1101 1275/1392/1099 1273/1390/1097 1278/1395/1102
f 863/948/700 866/951/703 1276/1394/1101 1277/1396/1103
f 1277/1396/1103 1276/1394/1101 1278/1395/1102 1279/1397/1104
f 1279/1397/1104 1278/1395/1102 1280/1398/1105 1281/1399/1106
f 1278/1395/1102 1273/1390/1097 1271/1388/1095 1280/1398/1105
f 1281/1399/1106 1280/1398/1105 1282/1400/1107 1283/1401/1108
f 1280/1398/1105 1271/1388/1095 1269/1386/1093 1282/1400/1107
f 1283/1401/1108 1282/1400/1107 1284/1402/1109 1285/1403/1110
f 1282/1400/1107 1269/1386/1093 1267/1384/1091 1284/1402/1109
f 1285/1403/1110 1284/1402/1109 1286/1404/1111 1287/1405/1112
f 1284/1402/1109 1267/1384/1091 1265/1382/1089 1286/1404/1111
f 1287/1405/1112 1286/1404/1111 1288/1406/1113 1289/1407/1114
f 1286/1404/1111 1265/1382/1089 1263/1380/1087 1288/1406/1113
f 1289/1407/1114 1288/1406/1113 1290/1408/1115 1291/1409/1116
f 1288/1406/1113 1263/1380/1087 1261/1377/1085 1290/1408/1115
f 1291/1409/1116 1290/1408/1115 1292/1410/1117 1293/1411/1118
f 1290/1408/1115 1261/1377/1085 1259/1378/1086 1292/1410/1117
f 1293/1412/1118 1292/1413/1117 867/952/704 864/949/701
f 1292/1413/1117 1259/1379/1086 870/955/707 867/952/704
f 1296/1414/1119 1291/1409/1116 1293/1411/1118 1294/1415/1120
f 1294/1416/1120 1293/1412/1118 864/949/701 861/946/698
f 1297/1417/1121 1296/1414/1119 1294/1415/1120 1295/1418/1122
f 1295/1419/1122 1294/1416/1120 861/946/698 858/943/695
f 1299/1420/1123 1298/1421/1124 1296/1414/1119 1297/1417/1121
f 1298/1421/1124 1289/1407/1114 1291/1409/1116 1296/1414/1119
f 1301/1422/1125 1300/1423/1126 1298/1421/1124 1299/1420/1123
f 1300/1423/1126 1287/1405/1112 1289/1407/1114 1298/1421/1124
f 1303/1424/1127 1302/1425/1128 1300/1423/1126 1301/1422/1125
f 1302/1425/1128 1285/1403/1110 1287/1405/1112 1300/1423/1126
f 1305/1426/1129 1304/1427/1130 1302/1425/1128 1303/1424/1127
f 1304/1427/1130 1283/1401/1108 1285/1403/1110 1302/1425/1128
f 1307/1428/1131 1306/1429/1132 1304/1427/1130 1305/1426/1129
f 1306/1429/1132 1281/1399/1106 1283/1401/1108 1304/1427/1130
f 1309/1430/1133 1308/1431/1134 1306/1429/1132 1307/1428/1131
f 1308/1431/1134 1279/1397/1104 1281/1399/1106 1306/1429/1132
f 1311/1432/1135 1310/1433/1136 1308/1431/1134 1309/1430/1133
f 1310/1433/1136 1277/1396/1103 1279/1397/1104 1308/1431/1134
f 857/942/694 860/945/697 1310/1433/1136 1311/1432/1135
f 860/945/697 863/948/700 1277/1396/1103 1310/1433/1136
f 854/939/691 857/942/694 1311/1432/1135 1312/1434/1137
f 1312/1434/1137 1311/1432/1135 1309/1430/1133 1314/1435/1138
f 851/936/688 854/939/691 1312/1434/1137 1313/1436/1139
f 1313/1436/1139 1312/1434/1137 1314/1435/1138 1315/1437/1140
f 1315/1437/1140 1314/1435/1138 1316/1438/1141 1317/1439/1142
f 1314/1435/1138 1309/1430/1133 1307/1428/1131 1316/1438/1141
f 1317/1439/1142 1316/1438/1141 1318/1440/1143 1319/1441/1144
f 1316/1438/1141 1307/1428/1131 1305/1426/1129 1318/1440/1143
f 1319/1441/1144 1318/1440/1143 1320/1442/1145 1321/1443/1146
f 1318/1440/1143 1305/1426/1129 1303/1424/1127 1320/1442/1145
f 1321/1443/1146 1320/1442/1145 1322/1444/1147 1323/1445/1148
f 1320/1442/1145 1303/1424/1127 1301/1422/1125 1322/1444/1147
f 1323/1445/1148 1322/1444/1147 1324/1446/1149 1325/1447/1150
f 1322/1444/1147 1301/1422/1125 1299/1420/1123 1324/1446/1149
f 1325/1447/1150 1324/1446/1149 1326/1448/1151 1327/1449/1152
f 1324/1446/1149 1299/1420/1123 1297/1417/1121 1326/1448/1151
f 1327/1449/1152 1326/1448/1151 1328/1450/1153 1329/1451/1154
f 1326/1448/1151 1297/1417/1121 1295/1418/1122 1328/1450/1153
f 1329/1452/1154 1328/1453/1153 855/940/692 852/937/689
f 1328/1453/1153 1295/1419/1122 858/943/695 855/940/692
f 1332/1454/1155 1327/1449/1152 1329/1451/1154 1330/1455/1156
f 1330/1456/1156 1329/1452/1154 852/937/689 849/934/686
f 1333/1457/1157 1332/1454/1155 1330/1455/1156 1331/1458/1158
f 1331/1459/1158 1330/1456/1156 849/934/686 846/931/683
f 1335/1460/1159 1334/1461/1160 1332/1454/1155 1333/1457/1157
f 1334/1461/1160 1325/1447/1150 1327/1449/1152 1332/1454/1155
f 1337/1462/1161 1336/1463/1162 1334/1461/1160 1335/1460/1159
f 1336/1463/1162 1323/1445/1148 1325/1447/1150 1334/1461/1160
f 1339/1464/1163 1338/1465/1164 1336/1463/1162 1337/1462/1161
f 1338/1465/1164 1321/1443/1146 1323/1445/1148 1336/1463/1162
f 1341/1466/1165 1340/1467/1166 1338/1465/1164 1339/1464/1163
f 1340/1467/1166 1319/1441/1144 1321/1443/1146 1338/1465/1164
f 1343/1468/1167 1342/1469/1168 1340/1467/1166 1341/1466/1165
f 1342/1469/1168 1317/1439/1142 1319/1441/1144 1340/1467/1166
f 1345/1470/1169 1344/1471/1170 1342/1469/1168 1343/1468/1167
f 1344/1471/1170 1315/1437/1140 1317/1439/1142 1342/1469/1168
f 1347/1472/1171 1346/1473/1172 1344/1471/1170 1345/1470/1169
f 1346/1473/1172 1313/1436/1139 1315/1437/1140 1344/1471/1170
f 845/930/682 848/933/685 1346/1473/1172 1347/1472/1171
f 848/933/685 851/936/688 1313/1436/1139 1346/1473/1172
f 842/927/679 845/930/682 1347/1472/1171 1348/1474/1173
f 1348/1474/1173 1347/1472/1171 1345/1470/1169 1350/1475/1174
f 839/924/676 842/927/679 1348/1474/1173 1349/1476/1175
f 1349/1476/1175 1348/1474/1173 1350/1475/1174 1351/1477/1176
f 1351/1477/1176 1350/1475/1174 1352/1478/1177 1353/1479/1178
f 1350/1475/1174 1345/1470/1169 1343/1468/1167 1352/1478/1177
f 1353/1479/1178 1352/1478/1177 1354/1480/1179 1355/1481/1180
f 1352/1478/1177 1343/1468/1167 1341/1466/1165 1354/1480/1179
f 1355/1481/1180 1354/1480/1179 1356/1482/1181 1357/1483/1182
f 1354/1480/1179 1341/1466/1165 1339/1464/1163 1356/1482/1181
f 1357/1483/1182 1356/1482/1181 1358/1484/1183 1359/1485/1184
f 1356/1482/1181 1339/1464/1163 1337/1462/1161 1358/1484/1183
f 1359/1485/1184 1358/1484/1183 1360/1486/1185 1361/1487/1186
f 1358/1484/1183 1337/1462/1161 1335/1460/1159 1360/1486/1185
f 1361/1487/1186 1360/1486/1185 1362/1488/1187 1363/1489/1188
f 1360/1486/1185 1335/1460/1159 1333/1457/1157 1362/1488/1187
f 1363/1489/1188 1362/1488/1187 1364/1490/1189 1365/1491/1190
f 1362/1488/1187 1333/1457/1157 1331/1458/1158 1364/1490/1189
f 1365/1492/1190 1364/1493/1189 843/928/680 840/925/677
f 1364/1493/1189 1331/1459/1158 846/931/683 843/928/680
f 1368/1494/1191 1363/1489/1188 1365/1491/1190 1366/1495/1192
f 1366/1496/1192 1365/1492/1190 840/925/677 837/922/674
f 1369/1497/1193 1368/1494/1191 1366/1495/1192 1367/1498/1194
f 1367/1499/1194 1366/1496/1192 837/922/674 834/919/671
f 1371/1500/1195 1370/1501/1196 1368/1494/1191 1369/1497/1193
f 1370/1501/1196 1361/1487/1186 1363/1489/1188 1368/1494/1191
f 1373/1502/1197 1372/1503/1198 1370/1501/1196 1371/1500/1195
f 1372/1503/1198 1359/1485/1184 1361/1487/1186 1370/1501/1196
f 1375/1504/1199 1374/1505/1200 1372/1503/1198 1373/1502/1197
f 1374/1505/1200 1357/1483/1182 1359/1485/1184 1372/1503/1198
f 1377/1506/1201 1376/1507/1202 1374/1505/1200 1375/1504/1199
f 1376/1507/1202 1355/1481/1180 1357/1483/1182 1374/1505/1200
f 1379/1508/1203 1378/1509/1204 1376/1507/1202 1377/1506/1201
f 1378/1509/1204 1353/1479/1178 1355/1481/1180 1376/1507/1202
f 1381/1510/1205 1380/1511/1206 1378/1509/1204 1379/1508/1203
f 1380/1511/1206 1351/1477/1176 1353/1479/1178 1378/1509/1204
f 1383/1512/1207 1382/1513/1208 1380/1511/1206 1381/1510/1205
f 1382/1513/1208 1349/1476/1175 1351/1477/1176 1380/1511/1206
f 833/918/670 836/921/673 1382/1513/1208 1383/1512/1207
f 836/921/673 839/924/676 1349/1476/1175 1382/1513/1208
f 830/915/667 833/918/670 1383/1512/1207 1384/1514/1209
f 1384/1514/1209 1383/1512/1207 1381/1510/1205 1385/1515/1210
f 825/911/663 830/915/667 1384/1514/1209 823/909/661
f 823/909/661 1384/1514/1209 1385/1515/1210 821/907/659
f 821/907/659 1385/1515/1210 1386/1516/1211 819/905/657
f 1385/1515/1210 1381/1510/1205 1379/1508/1203 1386/1516/1211
f 819/905/657 1386/1516/1211 1387/1517/1212 817/903/655
f 1386/1516/1211 1379/1508/1203 1377/1506/1201 1387/1517/1212
f 817/903/655 1387/1517/1212 1388/1518/1213 815/901/653
f 1387/1517/1212 1377/1506/1201 1375/1504/1199 1388/1518/1213
f 815/901/653 1388/1518/1213 1389/1519/1214 813/899/651
f 1388/1518/1213 1375/1504/1199 1373/1502/1197 1389/1519/1214
f 813/899/651 1389/1519/1214 1390/1520/1215 811/897/649
f 1389/1519/1214 1373/1502/1197 1371/1500/1195 1390/1520/1215
f 811/897/649 1390/1520/1215 1391/1521/1216 809/893/647
f 1390/1520/1215 1371/1500/1195 1369/1497/1193 1391/1521/1216
f 809/893/647 1391/1521/1216 1392/1522/1217 807/894/643
f 1391/1521/1216 1369/1497/1193 1367/1498/1194 1392/1522/1217
f 807/889/643 1392/1523/1217 831/916/668 828/890/644
f 1392/1523/1217 1367/1499/1194 834/919/671 831/916/668
f 1393/1524/1218 1394/1525/1219 1416/1526/1220 1395/1527/1221
f 1396/1528/1222 1393/1529/1218 1395/1530/1221 1397/1531/1223
f 1398/1532/1224 1396/1528/1222 1397/1531/1223 1399/1533/1225
f 1400/1534/1226 1398/1532/1224 1399/1533/1225 1401/1535/1227
f 1402/1536/1228 1400/1534/1226 1401/1535/1227 1403/1537/1229
f 1404/1538/1230 1402/1536/1228 1403/1537/1229 1405/1539/1231
f 1406/1540/1232 1404/1538/1230 1405/1539/1231 1407/1541/1233
f 1408/1542/1234 1406/1540/1232 1407/1541/1233 1409/1543/1235
f 1410/1544/1236 1408/1542/1234 1409/1543/1235 1411/1545/1237
f 1412/1546/1238 1410/1544/1236 1411/1545/1237 1413/1547/1239
f 1414/1548/1240 1412/1546/1238 1413/1547/1239 1415/1549/1241
f 1394/1525/1219 1414/1548/1240 1415/1549/1241 1416/1526/1220
f 1415/1549/1241 1413/1547/1239 1418/1550/1242 1417/1551/1243
f 1416/1526/1220 1415/1549/1241 1417/1551/1243 1419/1552/1244
f 1417/1551/1243 1418/1550/1242 1421/1553/1245 1420/1554/1246
f 1419/1552/1244 1417/1551/1243 1420/1554/1246 1422/1555/1247
f 1420/1554/1246 1421/1553/1245 1424/1556/1248 1423/1557/1249
f 1422/1555/1247 1420/1554/1246 1423/1557/1249 1425/1558/1250
f 1423/1557/1249 1424/1556/1248 1427/1559/1251 1426/1560/1252
f 1425/1558/1250 1423/1557/1249 1426/1560/1252 1428/1561/1253
f 1426/1560/1252 1427/1559/1251 1430/1562/1254 1429/1563/1255
f 1428/1561/1253 1426/1560/1252 1429/1563/1255 1431/1564/1256
f 1429/1563/1255 1430/1562/1254 1433/1565/1257 1432/1566/1258
f 1431/1564/1256 1429/1563/1255 1432/1566/1258 1434/1567/1259
f 1432/1566/1258 1433/1565/1257 1436/1568/1260 1435/1569/1261
f 1434/1567/1259 1432/1566/1258 1435/1569/1261 1437/1570/1262
f 1435/1569/1261 1436/1568/1260 1439/1571/1263 1438/1572/1264
f 1437/1570/1262 1435/1569/1261 1438/1572/1264 1440/1573/1265
f 1438/1572/1264 1439/1571/1263 1442/1574/1266 1441/1575/1267
f 1440/1573/1265 1438/1572/1264 1441/1575/1267 1443/1576/1268
f 1441/1575/1267 1442/1574/1266 1445/1577/1269 1444/1578/1270
f 1443/1576/1268 1441/1575/1267 1444/1578/1270 1446/1579/1271
f 1444/1578/1270 1445/1577/1269 1448/1580/1272 1447/1581/1273
f 1446/1579/1271 1444/1578/1270 1447/1581/1273 1449/1582/1274
f 1447/1581/1273 1448/1580/1272 1451/1583/1275 1450/1584/1276
f 1449/1582/1274 1447/1581/1273 1450/1584/1276 1452/1585/1277
f 1450/1584/1276 1451/1583/1275 1454/1586/1278 1453/1587/1279
f 1452/1585/1277 1450/1584/1276 1453/1587/1279 1455/1588/1280
f 1453/1587/1279 1454/1586/1278 1457/1589/1281 1456/1590/1282
f 1455/1588/1280 1453/1587/1279 1456/1590/1282 1458/1591/1283
f 1456/1590/1282 1457/1589/1281 1460/1592/1284 1459/1593/1285
f 1458/1591/1283 1456/1590/1282 1459/1593/1285 1461/1594/1286
f 1459/1593/1285 1460/1592/1284 1463/1595/1287 1462/1596/1288
f 1461/1594/1286 1459/1593/1285 1462/1596/1288 1464/1597/1289
f 1462/1596/1288 1463/1595/1287 1466/1598/1290 1465/1599/1291
f 1464/1597/1289 1462/1596/1288 1465/1599/1291 1467/1600/1292
f 1465/1599/1291 1466/1598/1290 1469/1601/1293 1468/1602/1294
f 1467/1600/1292 1465/1599/1291 1468/1602/1294 1470/1603/1295
f 1468/1602/1294 1469/1601/1293 1472/1604/1296 1471/1605/1297
f 1470/1603/1295 1468/1602/1294 1471/1605/1297 1473/1606/1298
f 1471/1605/1297 1472/1604/1296 1475/1607/1299 1474/1608/1300
f 1473/1606/1298 1471/1605/1297 1474/1608/1300 1476/1609/1301
f 1474/1608/1300 1475/1607/1299 1478/1610/1302 1477/1611/1303
f 1476/1609/1301 1474/1608/1300 1477/1611/1303 1479/1612/1304
f 1477/1611/1303 1478/1610/1302 1481/1613/1305 1480/1614/1306
f 1479/1612/1304 1477/1611/1303 1480/1614/1306 1482/1615/1307
f 1480/1614/1306 1481/1613/1305 1484/1616/1308 1483/1617/1309
f 1482/1615/1307 1480/1614/1306 1483/1617/1309 1485/1618/1310
f 1483/1617/1309 1484/1616/1308 1487/1619/1311 1486/1620/1312
f 1485/1618/1310 1483/1617/1309 1486/1620/1312 1488/1621/1313
f 1486/1620/1312 1487/1619/1311 1490/1622/1314 1489/1623/1315
f 1488/1621/1313 1486/1620/1312 1489/1623/1315 1491/1624/1316
f 1489/1623/1315 1490/1622/1314 1493/1625/1317 1492/1626/1318
f 1491/1624/1316 1489/1623/1315 1492/1626/1318 1494/1627/1319
f 1492/1626/1318 1493/1625/1317 1496/1628/1320 1495/1629/1321
f 1494/1627/1319 1492/1626/1318 1495/1629/1321 1497/1630/1322
f 1495/1629/1321 1496/1628/1320 1499/1631/1323 1498/1632/1324
f 1497/1630/1322 1495/1629/1321 1498/1632/1324 1500/1633/1325
f 1498/1632/1324 1499/1631/1323 1502/1634/1326 1501/1635/1327
f 1500/1633/1325 1498/1632/1324 1501/1635/1327 1503/1636/1328
f 1501/1635/1327 1502/1634/1326 1505/1637/1329 1504/1638/1330
f 1503/1636/1328 1501/1635/1327 1504/1638/1330 1506/1639/1331
f 1504/1638/1330 1505/1637/1329 1508/1640/1332 1507/1641/1333
f 1506/1639/1331 1504/1638/1330 1507/1641/1333 1509/1642/1334
f 1507/1641/1333 1508/1640/1332 1511/1643/1335 1510/1644/1336
f 1509/1642/1334 1507/1641/1333 1510/1644/1336 1512/1645/1337
f 1510/1644/1336 1511/1643/1335 1514/1646/1338 1513/1647/1339
f 1512/1645/1337 1510/1644/1336 1513/1647/1339 1515/1648/1340
f 1513/1647/1339 1514/1646/1338 1517/1649/1341 1516/1650/1342
f 1515/1648/1340 1513/1647/1339 1516/1650/1342 1518/1651/1343
f 1516/1650/1342 1517/1649/1341 1520/1652/1344 1519/1653/1345
f 1518/1651/1343 1516/1650/1342 1519/1653/1345 1521/1654/1346
f 1519/1653/1345 1520/1652/1344 1523/1655/1347 1522/1656/1348
f 1521/1654/1346 1519/1653/1345 1522/1656/1348 1524/1657/1349
f 1522/1656/1348 1523/1655/1347 1526/1658/1347 1525/1659/1350
f 1524/1657/1349 1522/1656/1348 1525/1659/1350 1527/1660/1349
f 1525/1659/1350 1526/1658/1347 1529/1661/1351 1528/1662/1352
f 1527/1660/1349 1525/1659/1350 1528/1662/1352 1530/1663/1353
f 1528/1662/1352 1529/1661/1351 1532/1664/1354 1531/1665/1355
f 1530/1663/1353 1528/1662/1352 1531/1665/1355 1533/1666/1356
f 1531/1665/1355 1532/1664/1354 1535/1667/1357 1534/1668/1358
f 1533/1666/1356 1531/1665/1355 1534/1668/1358 1536/1669/1359
f 1534/1668/1358 1535/1667/1357 1538/1670/1360 1537/1671/1361
f 1536/1669/1359 1534/1668/1358 1537/1671/1361 1539/1672/1362
f 1537/1671/1361 1538/1670/1360 1541/1673/1363 1540/1674/1364
f 1539/1672/1362 1537/1671/1361 1540/1674/1364 1542/1675/1365
f 1540/1674/1364 1541/1673/1363 1544/1676/1366 1543/1677/1367
f 1542/1675/1365 1540/1674/1364 1543/1677/1367 1545/1678/1368
f 1543/1677/1367 1544/1676/1366 1547/1679/1369 1546/1680/1370
f 1545/1678/1368 1543/1677/1367 1546/1680/1370 1548/1681/1371
f 1546/1680/1370 1547/1679/1369 1550/1682/1372 1549/1683/1373
f 1548/1681/1371 1546/1680/1370 1549/1683/1373 1551/1684/1374
f 1549/1683/1373 1550/1682/1372 1553/1685/1375 1552/1686/1376
f 1551/1684/1374 1549/1683/1373 1552/1686/1376 1554/1687/1377
f 1552/1686/1376 1553/1685/1375 1556/1688/1378 1555/1689/1379
f 1554/1687/1377 1552/1686/1376 1555/1689/1379 1557/1690/1380
f 1559/1691/1381 1554/1687/1377 1557/1690/1380 1558/1692/1382
f 1561/1693/1383 1559/1694/1381 1558/1695/1382 1560/1696/1384
f 1563/1697/1385 1561/1693/1383 1560/1696/1384 1562/1698/1386
f 1565/1699/1387 1563/1697/1385 1562/1698/1386 1564/1700/1388
f 1567/1701/1389 1565/1699/1387 1564/1700/1388 1566/1702/1390
f 1569/1703/1391 1567/1701/1389 1566/1702/1390 1568/1704/1392
f 1571/1705/1393 1569/1703/1391 1568/1704/1392 1570/1706/1394
f 1573/1707/1395 1571/1705/1393 1570/1706/1394 1572/1708/1396
f 1575/1709/1397 1573/1707/1395 1572/1708/1396 1574/1710/1398
f 1553/1685/1375 1575/1709/1397 1574/1710/1398 1556/1688/1378
f 1550/1682/1372 1576/1711/1399 1575/1709/1397 1553/1685/1375
f 1576/1711/1399 1578/1712/1400 1573/1707/1395 1575/1709/1397
f 1547/1679/1369 1577/1713/1401 1576/1711/1399 1550/1682/1372
f 1577/1713/1401 1579/1714/1402 1578/1712/1400 1576/1711/1399
f 1579/1714/1402 1581/1715/1403 1580/1716/1404 1578/1712/1400
f 1578/1712/1400 1580/1716/1404 1571/1705/1393 1573/1707/1395
f 1581/1715/1403 1583/1717/1405 1582/1718/1406 1580/1716/1404
f 1580/1716/1404 1582/1718/1406 1569/1703/1391 1571/1705/1393
f 1583/1717/1405 1585/1719/1407 1584/1720/1408 1582/1718/1406
f 1582/1718/1406 1584/1720/1408 1567/1701/1389 1569/1703/1391
f 1585/1719/1407 1587/1721/1409 1586/1722/1410 1584/1720/1408
f 1584/1720/1408 1586/1722/1410 1565/1699/1387 1567/1701/1389
f 1587/1721/1409 1589/1723/1411 1588/1724/1412 1586/1722/1410
f 1586/1722/1410 1588/1724/1412 1563/1697/1385 1565/1699/1387
f 1589/1723/1411 1591/1725/1413 1590/1726/1414 1588/1724/1412
f 1588/1724/1412 1590/1726/1414 1561/1693/1383 1563/1697/1385
f 1591/1725/1413 1593/1727/1415 1592/1728/1416 1590/1726/1414
f 1590/1726/1414 1592/1728/1416 1559/1694/1381 1561/1693/1383
f 1593/1729/1415 1548/1681/1371 1551/1684/1374 1592/1730/1416
f 1592/1730/1416 1551/1684/1374 1554/1687/1377 1559/1691/1381
f 1596/1731/1417 1594/1732/1418 1593/1727/1415 1591/1725/1413
f 1594/1733/1418 1545/1678/1368 1548/1681/1371 1593/1729/1415
f 1597/1734/1419 1595/1735/1420 1594/1732/1418 1596/1731/1417
f 1595/1736/1420 1542/1675/1365 1545/1678/1368 1594/1733/1418
f 1599/1737/1421 1597/1734/1419 1596/1731/1417 1598/1738/1422
f 1598/1738/1422 1596/1731/1417 1591/1725/1413 1589/1723/1411
f 1601/1739/1423 1599/1737/1421 1598/1738/1422 1600/1740/1424
f 1600/1740/1424 1598/1738/1422 1589/1723/1411 1587/1721/1409
f 1603/1741/1425 1601/1739/1423 1600/1740/1424 1602/1742/1426
f 1602/1742/1426 1600/1740/1424 1587/1721/1409 1585/1719/1407
f 1605/1743/1427 1603/1741/1425 1602/1742/1426 1604/1744/1428
f 1604/1744/1428 1602/1742/1426 1585/1719/1407 1583/1717/1405
f 1607/1745/1429 1605/1743/1427 1604/1744/1428 1606/1746/1430
f 1606/1746/1430 1604/1744/1428 1583/1717/1405 1581/1715/1403
f 1609/1747/1431 1607/1745/1429 1606/1746/1430 1608/1748/1432
f 1608/1748/1432 1606/1746/1430 1581/1715/1403 1579/1714/1402
f 1611/1749/1433 1609/1747/1431 1608/1748/1432 1610/1750/1434
f 1610/1750/1434 1608/1748/1432 1579/1714/1402 1577/1713/1401
f 1541/1673/1363 1611/1749/1433 1610/1750/1434 1544/1676/1366
f 1544/1676/1366 1610/1750/1434 1577/1713/1401 1547/1679/1369
f 1538/1670/1360 1612/1751/1435 1611/1749/1433 1541/1673/1363
f 1612/1751/1435 1614/1752/1436 1609/1747/1431 1611/1749/1433
f 1535/1667/1357 1613/1753/1437 1612/1751/1435 1538/1670/1360
f 1613/1753/1437 1615/1754/1438 1614/1752/1436 1612/1751/1435
f 1615/1754/1438 1617/1755/1439 1616/1756/1440 1614/1752/1436
f 1614/1752/1436 1616/1756/1440 1607/1745/1429 1609/1747/1431
f 1617/1755/1439 1619/1757/1441 1618/1758/1442 1616/1756/1440
f 1616/1756/1440 1618/1758/1442 1605/1743/1427 1607/1745/1429
f 1619/1757/1441 1621/1759/1443 1620/1760/1444 1618/1758/1442
f 1618/1758/1442 1620/1760/1444 1603/1741/1425 1605/1743/1427
f 1621/1759/1443 1623/1761/1445 1622/1762/1446 1620/1760/1444
f 1620/1760/1444 1622/1762/1446 1601/1739/1423 1603/1741/1425
f 1623/1761/1445 1625/1763/1447 1624/1764/1448 1622/1762/1446
f 1622/1762/1446 1624/1764/1448 1599/1737/1421 1601/1739/1423
f 1625/1763/1447 1627/1765/1449 1626/1766/1450 1624/1764/1448
f 1624/1764/1448 1626/1766/1450 1597/1734/1419 1599/1737/1421
f 1627/1765/1449 1629/1767/1451 1628/1768/1452 1626/1766/1450
f 1626/1766/1450 1628/1768/1452 1595/1735/1420 1597/1734/1419
f 1629/1769/1451 1536/1669/1359 1539/1672/1362 1628/1770/1452
f 1628/1770/1452 1539/1672/1362 1542/1675/1365 1595/1736/1420
f 1632/1771/1453 1630/1772/1454 1629/1767/1451 1627/1765/1449
f 1630/1773/1454 1533/1666/1356 1536/1669/1359 1629/1769/1451
f 1633/1774/1455 1631/1775/1456 1630/1772/1454 1632/1771/1453
f 1631/1776/1456 1530/1663/1353 1533/1666/1356 1630/1773/1454
f 1635/1777/1457 1633/1774/1455 1632/1771/1453 1634/1778/1458
f 1634/1778/1458 1632/1771/1453 1627/1765/1449 1625/1763/1447
f 1637/1779/1459 1635/1777/1457 1634/1778/1458 1636/1780/1460
f 1636/1780/1460 1634/1778/1458 1625/1763/1447 1623/1761/1445
f 1639/1781/1461 1637/1779/1459 1636/1780/1460 1638/1782/1462
f 1638/1782/1462 1636/1780/1460 1623/1761/1445 1621/1759/1443
f 1641/1783/1463 1639/1781/1461 1638/1782/1462 1640/1784/1464
f 1640/1784/1464 1638/1782/1462 1621/1759/1443 1619/1757/1441
f 1643/1785/1465 1641/1783/1463 1640/1784/1464 1642/1786/1466
f 1642/1786/1466 1640/1784/1464 1619/1757/1441 1617/1755/1439
f 1645/1787/1467 1643/1785/1465 1642/1786/1466 1644/1788/1468
f 1644/1788/1468 1642/1786/1466 1617/1755/1439 1615/1754/1438
f 1647/1789/1469 1645/1787/1467 1644/1788/1468 1646/1790/1470
f 1646/1790/1470 1644/1788/1468 1615/1754/1438 1613/1753/1437
f 1529/1661/1351 1647/1789/1469 1646/1790/1470 1532/1664/1354
f 1532/1664/1354 1646/1790/1470 1613/1753/1437 1535/1667/1357
f 1526/1658/1347 1648/1791/1471 1647/1789/1469 1529/1661/1351
f 1648/1791/1471 1650/1792/1472 1645/1787/1467 1647/1789/1469
f 1523/1655/1347 1649/1793/1471 1648/1791/1471 1526/1658/1347
f 1649/1793/1471 1651/1794/1473 1650/1792/1472 1648/1791/1471
f 1651/1794/1473 1653/1795/1474 1652/1796/1474 1650/1792/1472
f 1650/1792/1472 1652/1796/1474 1643/1785/1465 1645/1787/1467
f 1653/1795/1474 1655/1797/1475 1654/1798/1475 1652/1796/1474
f 1652/1796/1474 1654/1798/1475 1641/1783/1463 1643/1785/1465
f 1655/1797/1475 1657/1799/1476 1656/1800/1476 1654/1798/1475
f 1654/1798/1475 1656/1800/1476 1639/1781/1461 1641/1783/1463
f 1657/1799/1476 1659/1801/1477 1658/1802/1477 1656/1800/1476
f 1656/1800/1476 1658/1802/1477 1637/1779/1459 1639/1781/1461
f 1659/1801/1477 1661/1803/1457 1660/1804/1457 1658/1802/1477
f 1658/1802/1477 1660/1804/1457 1635/1777/1457 1637/1779/1459
f 1661/1803/1457 1663/1805/1478 1662/1806/1478 1660/1804/1457
f 1660/1804/1457 1662/1806/1478 1633/1774/1455 1635/1777/1457
f 1663/1805/1478 1665/1807/1479 1664/1808/1479 1662/1806/1478
f 1662/1806/1478 1664/1808/1479 1631/1775/1456 1633/1774/1455
f 1665/1809/1479 1524/1657/1349 1527/1660/1349 1664/1810/1479
f 1664/1810/1479 1527/1660/1349 1530/1663/1353 1631/1776/1456
f 1668/1811/1480 1666/1812/1481 1665/1807/1479 1663/1805/1478
f 1666/1813/1481 1521/1654/1346 1524/1657/1349 1665/1809/1479
f 1669/1814/1482 1667/1815/1483 1666/1812/1481 1668/1811/1480
f 1667/1816/1483 1518/1651/1343 1521/1654/1346 1666/1813/1481
f 1671/1817/1484 1669/1814/1482 1668/1811/1480 1670/1818/1485
f 1670/1818/1485 1668/1811/1480 1663/1805/1478 1661/1803/1457
f 1673/1819/1486 1671/1817/1484 1670/1818/1485 1672/1820/1487
f 1672/1820/1487 1670/1818/1485 1661/1803/1457 1659/1801/1477
f 1675/1821/1488 1673/1819/1486 1672/1820/1487 1674/1822/1489
f 1674/1822/1489 1672/1820/1487 1659/1801/1477 1657/1799/1476
f 1677/1823/1490 1675/1821/1488 1674/1822/1489 1676/1824/1491
f 1676/1824/1491 1674/1822/1489 1657/1799/1476 1655/1797/1475
f 1679/1825/1492 1677/1823/1490 1676/1824/1491 1678/1826/1493
f 1678/1826/1493 1676/1824/1491 1655/1797/1475 1653/1795/1474
f 1681/1827/1494 1679/1825/1492 1678/1826/1493 1680/1828/1495
f 1680/1828/1495 1678/1826/1493 1653/1795/1474 1651/1794/1473
f 1683/1829/1496 1681/1827/1494 1680/1828/1495 1682/1830/1497
f 1682/1830/1497 1680/1828/1495 1651/1794/1473 1649/1793/1471
f 1517/1649/1341 1683/1829/1496 1682/1830/1497 1520/1652/1344
f 1520/1652/1344 1682/1830/1497 1649/1793/1471 1523/1655/1347
f 1514/1646/1338 1684/1831/1498 1683/1829/1496 1517/1649/1341
f 1684/1831/1498 1686/1832/1499 1681/1827/1494 1683/1829/1496
f 1511/1643/1335 1685/1833/1500 1684/1831/1498 1514/1646/1338
f 1685/1833/1500 1687/1834/1501 1686/1832/1499 1684/1831/1498
f 1687/1834/1501 1689/1835/1502 1688/1836/1503 1686/1832/1499
f 1686/1832/1499 1688/1836/1503 1679/1825/1492 1681/1827/1494
f 1689/1835/1502 1691/1837/1504 1690/1838/1505 1688/1836/1503
f 1688/1836/1503 1690/1838/1505 1677/1823/1490 1679/1825/1492
f 1691/1837/1504 1693/1839/1506 1692/1840/1507 1690/1838/1505
f 1690/1838/1505 1692/1840/1507 1675/1821/1488 1677/1823/1490
f 1693/1839/1506 1695/1841/1508 1694/1842/1509 1692/1840/1507
f 1692/1840/1507 1694/1842/1509 1673/1819/1486 1675/1821/1488
f 1695/1841/1508 1697/1843/1510 1696/1844/1511 1694/1842/1509
f 1694/1842/1509 1696/1844/1511 1671/1817/1484 1673/1819/1486
f 1697/1843/1510 1699/1845/1512 1698/1846/1513 1696/1844/1511
f 1696/1844/1511 1698/1846/1513 1669/1814/1482 1671/1817/1484
f 1699/1845/1512 1701/1847/1514 1700/1848/1515 1698/1846/1513
f 1698/1846/1513 1700/1848/1515 1667/1815/1483 1669/1814/1482
f 1701/1849/1514 1512/1645/1337 1515/1648/1340 1700/1850/1515
f 1700/1850/1515 1515/1648/1340 1518/1651/1343 1667/1816/1483
f 1704/1851/1516 1702/1852/1517 1701/1847/1514 1699/1845/1512
f 1702/1853/1517 1509/1642/1334 1512/1645/1337 1701/1849/1514
f 1705/1854/1518 1703/1855/1519 1702/1852/1517 1704/1851/1516
f 1703/1856/1519 1506/1639/1331 1509/1642/1334 1702/1853/1517
f 1707/1857/1520 1705/1854/1518 1704/1851/1516 1706/1858/1521
f 1706/1858/1521 1704/1851/1516 1699/1845/1512 1697/1843/1510
f 1709/1859/1522 1707/1857/1520 1706/1858/1521 1708/1860/1523
f 1708/1860/1523 1706/1858/1521 1697/1843/1510 1695/1841/1508
f 1711/1861/1524 1709/1859/1522 1708/1860/1523 1710/1862/1525
f 1710/1862/1525 1708/1860/1523 1695/1841/1508 1693/1839/1506
f 1713/1863/1526 1711/1861/1524 1710/1862/1525 1712/1864/1527
f 1712/1864/1527 1710/1862/1525 1693/1839/1506 1691/1837/1504
f 1715/1865/1528 1713/1863/1526 1712/1864/1527 1714/1866/1529
f 1714/1866/1529 1712/1864/1527 1691/1837/1504 1689/1835/1502
f 1717/1867/1530 1715/1865/1528 1714/1866/1529 1716/1868/1531
f 1716/1868/1531 1714/1866/1529 1689/1835/1502 1687/1834/1501
f 1719/1869/1532 1717/1867/1530 1716/1868/1531 1718/1870/1533
f 1718/1870/1533 1716/1868/1531 1687/1834/1501 1685/1833/1500
f 1505/1637/1329 1719/1869/1532 1718/1870/1533 1508/1640/1332
f 1508/1640/1332 1718/1870/1533 1685/1833/1500 1511/1643/1335
f 1502/1634/1326 1720/1871/1534 1719/1869/1532 1505/1637/1329
f 1720/1871/1534 1722/1872/1535 1717/1867/1530 1719/1869/1532
f 1499/1631/1323 1721/1873/1536 1720/1871/1534 1502/1634/1326
f 1721/1873/1536 1723/1874/1537 1722/1872/1535 1720/1871/1534
f 1723/1874/1537 1725/1875/1538 1724/1876/1539 1722/1872/1535
f 1722/1872/1535 1724/1876/1539 1715/1865/1528 1717/1867/1530
f 1725/1875/1538 1727/1877/1540 1726/1878/1541 1724/1876/1539
f 1724/1876/1539 1726/1878/1541 1713/1863/1526 1715/1865/1528
f 1727/1877/1540 1729/1879/1542 1728/1880/1543 1726/1878/1541
f 1726/1878/1541 1728/1880/1543 1711/1861/1524 1713/1863/1526
f 1729/1879/1542 1731/1881/1544 1730/1882/1545 1728/1880/1543
f 1728/1880/1543 1730/1882/1545 1709/1859/1522 1711/1861/1524
f 1731/1881/1544 1733/1883/1546 1732/1884/1547 1730/1882/1545
f 1730/1882/1545 1732/1884/1547 1707/1857/1520 1709/1859/1522
f 1733/1883/1546 1735/1885/1548 1734/1886/1549 1732/1884/1547
f 1732/1884/1547 1734/1886/1549 1705/1854/1518 1707/1857/1520
f 1735/1885/1548 1737/1887/1550 1736/1888/1551 1734/1886/1549
f 1734/1886/1549 1736/1888/1551 1703/1855/1519 1705/1854/1518
f 1737/1889/1550 1500/1633/1325 1503/1636/1328 1736/1890/1551
f 1736/1890/1551 1503/1636/1328 1506/1639/1331 1703/1856/1519
f 1740/1891/1552 1738/1892/1553 1737/1887/1550 1735/1885/1548
f 1738/1893/1553 1497/1630/1322 1500/1633/1325 1737/1889/1550
f 1741/1894/1554 1739/1895/1555 1738/1892/1553 1740/1891/1552
f 1739/1896/1555 1494/1627/1319 1497/1630/1322 1738/1893/1553
f 1743/1897/1556 1741/1894/1554 1740/1891/1552 1742/1898/1556
f 1742/1898/1556 1740/1891/1552 1735/1885/1548 1733/1883/1546
f 1745/1899/1557 1743/1897/1556 1742/1898/1556 1744/1900/1558
f 1744/1900/1558 1742/1898/1556 1733/1883/1546 1731/1881/1544
f 1747/1901/1559 1745/1899/1557 1744/1900/1558 1746/1902/1560
f 1746/1902/1560 1744/1900/1558 1731/1881/1544 1729/1879/1542
f 1749/1903/1561 1747/1901/1559 1746/1902/1560 1748/1904/1562
f 1748/1904/1562 1746/1902/1560 1729/1879/1542 1727/1877/1540
f 1751/1905/1563 1749/1903/1561 1748/1904/1562 1750/1906/1564
f 1750/1906/1564 1748/1904/1562 1727/1877/1540 1725/1875/1538
f 1753/1907/1565 1751/1905/1563 1750/1906/1564 1752/1908/1566
f 1752/1908/1566 1750/1906/1564 1725/1875/1538 1723/1874/1537
f 1755/1909/1567 1753/1907/1565 1752/1908/1566 1754/1910/1568
f 1754/1910/1568 1752/1908/1566 1723/1874/1537 1721/1873/1536
f 1493/1625/1317 1755/1909/1567 1754/1910/1568 1496/1628/1320
f 1496/1628/1320 1754/1910/1568 1721/1873/1536 1499/1631/1323
f 1490/1622/1314 1756/1911/1567 1755/1909/1567 1493/1625/1317
f 1756/1911/1567 1758/1912/1569 1753/1907/1565 1755/1909/1567
f 1487/1619/1311 1757/1913/1570 1756/1911/1567 1490/1622/1314
f 1757/1913/1570 1759/1914/1571 1758/1912/1569 1756/1911/1567
f 1759/1914/1571 1761/1915/1572 1760/1916/1573 1758/1912/1569
f 1758/1912/1569 1760/1916/1573 1751/1905/1563 1753/1907/1565
f 1761/1915/1572 1763/1917/1574 1762/1918/1575 1760/1916/1573
f 1760/1916/1573 1762/1918/1575 1749/1903/1561 1751/1905/1563
f 1763/1917/1574 1765/1919/1576 1764/1920/1577 1762/1918/1575
f 1762/1918/1575 1764/1920/1577 1747/1901/1559 1749/1903/1561
f 1765/1919/1576 1767/1921/1578 1766/1922/1579 1764/1920/1577
f 1764/1920/1577 1766/1922/1579 1745/1899/1557 1747/1901/1559
f 1767/1921/1578 1769/1923/1580 1768/1924/1581 1766/1922/1579
f 1766/1922/1579 1768/1924/1581 1743/1897/1556 1745/1899/1557
f 1769/1923/1580 1771/1925/1582 1770/1926/1583 1768/1924/1581
f 1768/1924/1581 1770/1926/1583 1741/1894/1554 1743/1897/1556
f 1771/1925/1582 1773/1927/1584 1772/1928/1585 1770/1926/1583
f 1770/1926/1583 1772/1928/1585 1739/1895/1555 1741/1894/1554
f 1773/1929/1584 1488/1621/1313 1491/1624/1316 1772/1930/1585
f 1772/1930/1585 1491/1624/1316 1494/1627/1319 1739/1896/1555
f 1776/1931/1586 1774/1932/1587 1773/1927/1584 1771/1925/1582
f 1774/1933/1587 1485/1618/1310 1488/1621/1313 1773/1929/1584
f 1777/1934/1588 1775/1935/1589 1774/1932/1587 1776/1931/1586
f 1775/1936/1589 1482/1615/1307 1485/1618/1310 1774/1933/1587
f 1779/1937/1590 1777/1934/1588 1776/1931/1586 1778/1938/1591
f 1778/1938/1591 1776/1931/1586 1771/1925/1582 1769/1923/1580
f 1781/1939/1592 1779/1937/1590 1778/1938/1591 1780/1940/1593
f 1780/1940/1593 1778/1938/1591 1769/1923/1580 1767/1921/1578
f 1783/1941/1594 1781/1939/1592 1780/1940/1593 1782/1942/1595
f 1782/1942/1595 1780/1940/1593 1767/1921/1578 1765/1919/1576
f 1785/1943/1596 1783/1941/1594 1782/1942/1595 1784/1944/1597
f 1784/1944/1597 1782/1942/1595 1765/1919/1576 1763/1917/1574
f 1787/1945/1598 1785/1943/1596 1784/1944/1597 1786/423/1599
f 1786/423/1599 1784/1944/1597 1763/1917/1574 1761/1915/1572
f 1789/1946/1600 1787/1945/1598 1786/423/1599 1788/1947/1601
f 1788/1947/1601 1786/423/1599 1761/1915/1572 1759/1914/1571
f 1791/1948/1602 1789/1946/1600 1788/1947/1601 1790/1949/1603
f 1790/1949/1603 1788/1947/1601 1759/1914/1571 1757/1913/1570
f 1481/1613/1305 1791/1948/1602 1790/1949/1603 1484/1616/1308
f 1484/1616/1308 1790/1949/1603 1757/1913/1570 1487/1619/1311
f 1478/1610/1302 1792/1950/1604 1791/1948/1602 1481/1613/1305
f 1792/1950/1604 1794/1951/1605 1789/1946/1600 1791/1948/1602
f 1475/1607/1299 1793/1952/1606 1792/1950/1604 1478/1610/1302
f 1793/1952/1606 1795/1953/1607 1794/1951/1605 1792/1950/1604
f 1795/1953/1607 1797/1954/1608 1796/1955/1609 1794/1951/1605
f 1794/1951/1605 1796/1955/1609 1787/1945/1598 1789/1946/1600
f 1797/1954/1608 1799/1956/1610 1798/1957/1611 1796/1955/1609
f 1796/1955/1609 1798/1957/1611 1785/1943/1596 1787/1945/1598
f 1799/1956/1610 1801/1958/1612 1800/1959/1613 1798/1957/1611
f 1798/1957/1611 1800/1959/1613 1783/1941/1594 1785/1943/1596
f 1801/1958/1612 1803/1960/1614 1802/1961/1615 1800/1959/1613
f 1800/1959/1613 1802/1961/1615 1781/1939/1592 1783/1941/1594
f 1803/1960/1614 1805/1962/1616 1804/1963/1617 1802/1961/1615
f 1802/1961/1615 1804/1963/1617 1779/1937/1590 1781/1939/1592
f 1805/1962/1616 1807/1964/1618 1806/1965/1619 1804/1963/1617
f 1804/1963/1617 1806/1965/1619 1777/1934/1588 1779/1937/1590
f 1807/1964/1618 1809/1966/1620 1808/1967/1621 1806/1965/1619
f 1806/1965/1619 1808/1967/1621 1775/1935/1589 1777/1934/1588
f 1809/1968/1620 1476/1609/1301 1479/1612/1304 1808/1969/1621
f 1808/1969/1621 1479/1612/1304 1482/1615/1307 1775/1936/1589
f 1812/1970/1622 1810/1971/1623 1809/1966/1620 1807/1964/1618
f 1810/1972/1623 1473/1606/1298 1476/1609/1301 1809/1968/1620
f 1813/1973/1624 1811/1974/1625 1810/1971/1623 1812/1970/1622
f 1811/1975/1625 1470/1603/1295 1473/1606/1298 1810/1972/1623
f 1815/1976/1626 1813/1973/1624 1812/1970/1622 1814/1977/1627
f 1814/1977/1627 1812/1970/1622 1807/1964/1618 1805/1962/1616
f 1817/1978/1628 1815/1976/1626 1814/1977/1627 1816/1979/1629
f 1816/1979/1629 1814/1977/1627 1805/1962/1616 1803/1960/1614
f 1819/1980/1630 1817/1978/1628 1816/1979/1629 1818/1981/1631
f 1818/1981/1631 1816/1979/1629 1803/1960/1614 1801/1958/1612
f 1821/1982/1632 1819/1980/1630 1818/1981/1631 1820/1983/1633
f 1820/1983/1633 1818/1981/1631 1801/1958/1612 1799/1956/1610
f 1823/1984/1634 1821/1982/1632 1820/1983/1633 1822/1985/1635
f 1822/1985/1635 1820/1983/1633 1799/1956/1610 1797/1954/1608
f 1825/1986/1636 1823/1984/1634 1822/1985/1635 1824/1987/1637
f 1824/1987/1637 1822/1985/1635 1797/1954/1608 1795/1953/1607
f 1827/1988/1638 1825/1986/1636 1824/1987/1637 1826/1989/1639
f 1826/1989/1639 1824/1987/1637 1795/1953/1607 1793/1952/1606
f 1469/1601/1293 1827/1988/1638 1826/1989/1639 1472/1604/1296
f 1472/1604/1296 1826/1989/1639 1793/1952/1606 1475/1607/1299
f 1466/1598/1290 1828/1990/1640 1827/1988/1638 1469/1601/1293
f 1828/1990/1640 1830/1991/1641 1825/1986/1636 1827/1988/1638
f 1463/1595/1287 1829/1992/1642 1828/1990/1640 1466/1598/1290
f 1829/1992/1642 1831/1993/1643 1830/1991/1641 1828/1990/1640
f 1831/1993/1643 1833/1994/1644 1832/1995/1645 1830/1991/1641
f 1830/1991/1641 1832/1995/1645 1823/1984/1634 1825/1986/1636
f 1833/1994/1644 1835/1996/1646 1834/1997/1647 1832/1995/1645
f 1832/1995/1645 1834/1997/1647 1821/1982/1632 1823/1984/1634
f 1835/1996/1646 1837/1998/1648 1836/1999/1649 1834/1997/1647
f 1834/1997/1647 1836/1999/1649 1819/1980/1630 1821/1982/1632
f 1837/1998/1648 1839/2000/1650 1838/2001/1651 1836/1999/1649
f 1836/1999/1649 1838/2001/1651 1817/1978/1628 1819/1980/1630
f 1839/2000/1650 1841/2002/1652 1840/2003/1653 1838/2001/1651
f 1838/2001/1651 1840/2003/1653 1815/1976/1626 1817/1978/1628
f 1841/2002/1652 1843/2004/1654 1842/2005/1655 1840/2003/1653
f 1840/2003/1653 1842/2005/1655 1813/1973/1624 1815/1976/1626
f 1843/2004/1654 1845/2006/1656 1844/2007/1657 1842/2005/1655
f 1842/2005/1655 1844/2007/1657 1811/1974/1625 1813/1973/1624
f 1845/2008/1656 1464/1597/1289 1467/1600/1292 1844/2009/1657
f 1844/2009/1657 1467/1600/1292 1470/1603/1295 1811/1975/1625
f 1848/2010/1658 1846/2011/1659 1845/2006/1656 1843/2004/1654
f 1846/2012/1659 1461/1594/1286 1464/1597/1289 1845/2008/1656
f 1849/2013/1660 1847/2014/1661 1846/2011/1659 1848/2010/1658
f 1847/2015/1661 1458/1591/1283 1461/1594/1286 1846/2012/1659
f 1851/2016/1662 1849/2013/1660 1848/2010/1658 1850/2017/1663
f 1850/2017/1663 1848/2010/1658 1843/2004/1654 1841/2002/1652
f 1853/2018/1664 1851/2016/1662 1850/2017/1663 1852/2019/1665
f 1852/2019/1665 1850/2017/1663 1841/2002/1652 1839/2000/1650
f 1855/2020/1666 1853/2018/1664 1852/2019/1665 1854/2021/1667
f 1854/2021/1667 1852/2019/1665 1839/2000/1650 1837/1998/1648
f 1857/2022/1668 1855/2020/1666 1854/2021/1667 1856/2023/1669
f 1856/2023/1669 1854/2021/1667 1837/1998/1648 1835/1996/1646
f 1859/2024/1670 1857/2022/1668 1856/2023/1669 1858/2025/1671
f 1858/2025/1671 1856/2023/1669 1835/1996/1646 1833/1994/1644
f 1861/2026/1672 1859/2024/1670 1858/2025/1671 1860/2027/1673
f 1860/2027/1673 1858/2025/1671 1833/1994/1644 1831/1993/1643
f 1863/2028/1674 1861/2026/1672 1860/2027/1673 1862/2029/1675
f 1862/2029/1675 1860/2027/1673 1831/1993/1643 1829/1992/1642
f 1457/1589/1281 1863/2028/1674 1862/2029/1675 1460/1592/1284
f 1460/1592/1284 1862/2029/1675 1829/1992/1642 1463/1595/1287
f 1454/1586/1278 1864/2030/1676 1863/2028/1674 1457/1589/1281
f 1864/2030/1676 1866/2031/1677 1861/2026/1672 1863/2028/1674
f 1451/1583/1275 1865/2032/1678 1864/2030/1676 1454/1586/1278
f 1865/2032/1678 1867/2033/1679 1866/2031/1677 1864/2030/1676
f 1867/2033/1679 1869/2034/1680 1868/2035/1681 1866/2031/1677
f 1866/2031/1677 1868/2035/1681 1859/2024/1670 1861/2026/1672
f 1869/2034/1680 1871/2036/1682 1870/2037/1683 1868/2035/1681
f 1868/2035/1681 1870/2037/1683 1857/2022/1668 1859/2024/1670
f 1871/2036/1682 1873/2038/1684 1872/2039/1685 1870/2037/1683
f 1870/2037/1683 1872/2039/1685 1855/2020/1666 1857/2022/1668
f 1873/2038/1684 1875/2040/1686 1874/2041/1687 1872/2039/1685
f 1872/2039/1685 1874/2041/1687 1853/2018/1664 1855/2020/1666
f 1875/2040/1686 1877/2042/1688 1876/2043/1689 1874/2041/1687
f 1874/2041/1687 1876/2043/1689 1851/2016/1662 1853/2018/1664
f 1877/2042/1688 1879/2044/1690 1878/2045/1691 1876/2043/1689
f 1876/2043/1689 1878/2045/1691 1849/2013/1660 1851/2016/1662
f 1879/2044/1690 1881/2046/1692 1880/2047/1693 1878/2045/1691
f 1878/2045/1691 1880/2047/1693 1847/2014/1661 1849/2013/1660
f 1881/2048/1692 1452/1585/1277 1455/1588/1280 1880/2049/1693
f 1880/2049/1693 1455/1588/1280 1458/1591/1283 1847/2015/1661
f 1884/2050/1694 1882/2051/1695 1881/2046/1692 1879/2044/1690
f 1882/2052/1695 1449/1582/1274 1452/1585/1277 1881/2048/1692
f 1885/2053/1696 1883/2054/1697 1882/2051/1695 1884/2050/1694
f 1883/2055/1697 1446/1579/1271 1449/1582/1274 1882/2052/1695
f 1887/2056/1698 1885/2053/1696 1884/2050/1694 1886/2057/1699
f 1886/2057/1699 1884/2050/1694 1879/2044/1690 1877/2042/1688
f 1889/2058/1700 1887/2056/1698 1886/2057/1699 1888/2059/1701
f 1888/2059/1701 1886/2057/1699 1877/2042/1688 1875/2040/1686
f 1891/2060/1702 1889/2058/1700 1888/2059/1701 1890/2061/1703
f 1890/2061/1703 1888/2059/1701 1875/2040/1686 1873/2038/1684
f 1893/2062/1704 1891/2060/1702 1890/2061/1703 1892/2063/1705
f 1892/2063/1705 1890/2061/1703 1873/2038/1684 1871/2036/1682
f 1895/2064/1706 1893/2062/1704 1892/2063/1705 1894/2065/1707
f 1894/2065/1707 1892/2063/1705 1871/2036/1682 1869/2034/1680
f 1897/2066/1708 1895/2064/1706 1894/2065/1707 1896/2067/1709
f 1896/2067/1709 1894/2065/1707 1869/2034/1680 1867/2033/1679
f 1899/2068/1710 1897/2066/1708 1896/2067/1709 1898/2069/1711
f 1898/2069/1711 1896/2067/1709 1867/2033/1679 1865/2032/1678
f 1445/1577/1269 1899/2068/1710 1898/2069/1711 1448/1580/1272
f 1448/1580/1272 1898/2069/1711 1865/2032/1678 1451/1583/1275
f 1442/1574/1266 1900/2070/1712 1899/2068/1710 1445/1577/1269
f 1900/2070/1712 1902/2071/1713 1897/2066/1708 1899/2068/1710
f 1439/1571/1263 1901/2072/1714 1900/2070/1712 1442/1574/1266
f 1901/2072/1714 1903/2073/1715 1902/2071/1713 1900/2070/1712
f 1903/2073/1715 1905/2074/1716 1904/2075/1717 1902/2071/1713
f 1902/2071/1713 1904/2075/1717 1895/2064/1706 1897/2066/1708
f 1905/2074/1716 1907/2076/1718 1906/2077/1719 1904/2075/1717
f 1904/2075/1717 1906/2077/1719 1893/2062/1704 1895/2064/1706
f 1907/2076/1718 1909/2078/1720 1908/2079/1721 1906/2077/1719
f 1906/2077/1719 1908/2079/1721 1891/2060/1702 1893/2062/1704
f 1909/2078/1720 1911/2080/1722 1910/2081/1723 1908/2079/1721
f 1908/2079/1721 1910/2081/1723 1889/2058/1700 1891/2060/1702
f 1911/2080/1722 1913/2082/1724 1912/2083/1725 1910/2081/1723
f 1910/2081/1723 1912/2083/1725 1887/2056/1698 1889/2058/1700
f 1913/2082/1724 1915/2084/1726 1914/2085/1727 1912/2083/1725
f 1912/2083/1725 1914/2085/1727 1885/2053/1696 1887/2056/1698
f 1915/2084/1726 1917/2086/1728 1916/2087/1729 1914/2085/1727
f 1914/2085/1727 1916/2087/1729 1883/2054/1697 1885/2053/1696
f 1917/2088/1728 1440/1573/1265 1443/1576/1268 1916/2089/1729
f 1916/2089/1729 1443/1576/1268 1446/1579/1271 1883/2055/1697
f 1920/2090/1730 1918/2091/1731 1917/2086/1728 1915/2084/1726
f 1918/2092/1731 1437/1570/1262 1440/1573/1265 1917/2088/1728
f 1921/2093/1732 1919/2094/1733 1918/2091/1731 1920/2090/1730
f 1919/2095/1733 1434/1567/1259 1437/1570/1262 1918/2092/1731
f 1923/2096/1734 1921/2093/1732 1920/2090/1730 1922/2097/1735
f 1922/2097/1735 1920/2090/1730 1915/2084/1726 1913/2082/1724
f 1925/2098/1736 1923/2096/1734 1922/2097/1735 1924/2099/1737
f 1924/2099/1737 1922/2097/1735 1913/2082/1724 1911/2080/1722
f 1927/2100/1738 1925/2098/1736 1924/2099/1737 1926/2101/1739
f 1926/2101/1739 1924/2099/1737 1911/2080/1722 1909/2078/1720
f 1929/2102/1740 1927/2100/1738 1926/2101/1739 1928/2103/1741
f 1928/2103/1741 1926/2101/1739 1909/2078/1720 1907/2076/1718
f 1931/2104/1742 1929/2102/1740 1928/2103/1741 1930/2105/1743
f 1930/2105/1743 1928/2103/1741 1907/2076/1718 1905/2074/1716
f 1933/2106/1744 1931/2104/1742 1930/2105/1743 1932/2107/1745
f 1932/2107/1745 1930/2105/1743 1905/2074/1716 1903/2073/1715
f 1935/2108/1746 1933/2106/1744 1932/2107/1745 1934/2109/1747
f 1934/2109/1747 1932/2107/1745 1903/2073/1715 1901/2072/1714
f 1433/1565/1257 1935/2108/1746 1934/2109/1747 1436/1568/1260
f 1436/1568/1260 1934/2109/1747 1901/2072/1714 1439/1571/1263
f 1430/1562/1254 1936/2110/1748 1935/2108/1746 1433/1565/1257
f 1936/2110/1748 1938/2111/1749 1933/2106/1744 1935/2108/1746
f 1427/1559/1251 1937/2112/1750 1936/2110/1748 1430/1562/1254
f 1937/2112/1750 1939/2113/1751 1938/2111/1749 1936/2110/1748
f 1939/2113/1751 1941/2114/1752 1940/2115/1753 1938/2111/1749
f 1938/2111/1749 1940/2115/1753 1931/2104/1742 1933/2106/1744
f 1941/2114/1752 1943/2116/1754 1942/2117/1755 1940/2115/1753
f 1940/2115/1753 1942/2117/1755 1929/2102/1740 1931/2104/1742
f 1943/2116/1754 1945/2118/1756 1944/2119/1757 1942/2117/1755
f 1942/2117/1755 1944/2119/1757 1927/2100/1738 1929/2102/1740
f 1945/2118/1756 1947/2120/1758 1946/2121/1759 1944/2119/1757
f 1944/2119/1757 1946/2121/1759 1925/2098/1736 1927/2100/1738
f 1947/2120/1758 1949/2122/1760 1948/2123/1761 1946/2121/1759
f 1946/2121/1759 1948/2123/1761 1923/2096/1734 1925/2098/1736
f 1949/2122/1760 1951/2124/1762 1950/2125/1763 1948/2123/1761
f 1948/2123/1761 1950/2125/1763 1921/2093/1732 1923/2096/1734
f 1951/2124/1762 1953/2126/1764 1952/2127/1765 1950/2125/1763
f 1950/2125/1763 1952/2127/1765 1919/2094/1733 1921/2093/1732
f 1953/2128/1764 1428/1561/1253 1431/1564/1256 1952/2129/1765
f 1952/2129/1765 1431/1564/1256 1434/1567/1259 1919/2095/1733
f 1956/2130/1766 1954/2131/1767 1953/2126/1764 1951/2124/1762
f 1954/2132/1767 1425/1558/1250 1428/1561/1253 1953/2128/1764
f 1957/2133/1768 1955/2134/1769 1954/2131/1767 1956/2130/1766
f 1955/2135/1769 1422/1555/1247 1425/1558/1250 1954/2132/1767
f 1959/2136/1770 1957/2133/1768 1956/2130/1766 1958/2137/1771
f 1958/2137/1771 1956/2130/1766 1951/2124/1762 1949/2122/1760
f 1961/2138/1772 1959/2136/1770 1958/2137/1771 1960/2139/1773
f 1960/2139/1773 1958/2137/1771 1949/2122/1760 1947/2120/1758
f 1963/2140/1774 1961/2138/1772 1960/2139/1773 1962/2141/1775
f 1962/2141/1775 1960/2139/1773 1947/2120/1758 1945/2118/1756
f 1965/2142/1776 1963/2140/1774 1962/2141/1775 1964/2143/1777
f 1964/2143/1777 1962/2141/1775 1945/2118/1756 1943/2116/1754
f 1967/2144/1778 1965/2142/1776 1964/2143/1777 1966/2145/1779
f 1966/2145/1779 1964/2143/1777 1943/2116/1754 1941/2114/1752
f 1969/2146/1780 1967/2144/1778 1966/2145/1779 1968/2147/1781
f 1968/2147/1781 1966/2145/1779 1941/2114/1752 1939/2113/1751
f 1971/2148/1782 1969/2146/1780 1968/2147/1781 1970/2149/1783
f 1970/2149/1783 1968/2147/1781 1939/2113/1751 1937/2112/1750
f 1421/1553/1245 1971/2148/1782 1970/2149/1783 1424/1556/1248
f 1424/1556/1248 1970/2149/1783 1937/2112/1750 1427/1559/1251
f 1418/1550/1242 1972/2150/1784 1971/2148/1782 1421/1553/1245
f 1972/2150/1784 1973/2151/1785 1969/2146/1780 1971/2148/1782
f 1413/1547/1239 1411/1545/1237 1972/2150/1784 1418/1550/1242
f 1411/1545/1237 1409/1543/1235 1973/2151/1785 1972/2150/1784
f 1409/1543/1235 1407/1541/1233 1974/2152/1786 1973/2151/1785
f 1973/2151/1785 1974/2152/1786 1967/2144/1778 1969/2146/1780
f 1407/1541/1233 1405/1539/1231 1975/2153/1787 1974/2152/1786
f 1974/2152/1786 1975/2153/1787 1965/2142/1776 1967/2144/1778
f 1405/1539/1231 1403/1537/1229 1976/2154/1788 1975/2153/1787
f 1975/2153/1787 1976/2154/1788 1963/2140/1774 1965/2142/1776
f 1403/1537/1229 1401/1535/1227 1977/2155/1789 1976/2154/1788
f 1976/2154/1788 1977/2155/1789 1961/2138/1772 1963/2140/1774
f 1401/1535/1227 1399/1533/1225 1978/2156/1790 1977/2155/1789
f 1977/2155/1789 1978/2156/1790 1959/2136/1770 1961/2138/1772
f 1399/1533/1225 1397/1531/1223 1979/2157/1791 1978/2156/1790
f 1978/2156/1790 1979/2157/1791 1957/2133/1768 1959/2136/1770
f 1397/1531/1223 1395/1530/1221 1980/2158/1792 1979/2157/1791
f 1979/2157/1791 1980/2158/1792 1955/2134/1769 1957/2133/1768
f 1395/1527/1221 1416/1526/1220 1419/1552/1244 1980/2159/1792
f 1980/2159/1792 1419/1552/1244 1422/1555/1247 1955/2135/1769
f 1981/2160/1 1982/2161/2 2004/2162/3 1983/2163/4
f 1984/2164/1793 1981/2165/1 1983/2166/4 1985/2167/6
f 1986/2168/7 1984/2164/1793 1985/2167/6 1987/2169/8
f 1988/2170/9 1986/2168/7 1987/2169/8 1989/2171/10
f 1990/2172/11 1988/2170/9 1989/2171/10 1991/2173/12
f 1992/2174/13 1990/2172/11 1991/2173/12 1993/2175/14
f 1994/2176/15 1992/2174/13 1993/2175/14 1995/2177/16
f 1996/2178/17 1994/2176/15 1995/2177/16 1997/2179/18
f 1998/2180/19 1996/2178/17 1997/2179/18 1999/2181/20
f 2000/2182/21 1998/2180/19 1999/2181/20 2001/2183/22
f 2002/2184/23 2000/2182/21 2001/2183/22 2003/2185/24
f 1982/2161/2 2002/2184/23 2003/2185/24 2004/2162/3
f 2003/2185/24 2001/2183/22 2006/2186/25 2005/2187/26
f 2004/2162/3 2003/2185/24 2005/2187/26 2007/2188/27
f 2005/2187/26 2006/2186/25 2009/2189/28 2008/2190/29
f 2007/2188/27 2005/2187/26 2008/2190/29 2010/2191/30
f 2008/2190/29 2009/2189/28 2012/2192/31 2011/2193/32
f 2010/2191/30 2008/2190/29 2011/2193/32 2013/2194/33
f 2011/2193/32 2012/2192/31 2015/2195/34 2014/2196/35
f 2013/2194/33 2011/2193/32 2014/2196/35 2016/2197/36
f 2014/2196/35 2015/2195/34 2018/2198/37 2017/2199/38
f 2016/2197/36 2014/2196/35 2017/2199/38 2019/2200/39
f 2017/2199/38 2018/2198/37 2021/2201/40 2020/2202/41
f 2019/2200/39 2017/2199/38 2020/2202/41 2022/2203/42
f 2020/2202/41 2021/2201/40 2024/2204/43 2023/2205/44
f 2022/2203/42 2020/2202/41 2023/2205/44 2025/2206/45
f 2023/2205/44 2024/2204/43 2027/2207/46 2026/2208/47
f 2025/2206/45 2023/2205/44 2026/2208/47 2028/2209/48
f 2026/2208/47 2027/2207/46 2030/2210/49 2029/2211/50
f 2028/2209/48 2026/2208/47 2029/2211/50 2031/2212/51
f 2029/2211/50 2030/2210/49 2033/2213/52 2032/2214/53
f 2031/2212/51 2029/2211/50 2032/2214/53 2034/2215/54
f 2032/2214/53 2033/2213/52 2036/2216/55 2035/2217/56
f 2034/2215/54 2032/2214/53 2035/2217/56 2037/2218/57
f 2035/2217/56 2036/2216/55 2039/2219/58 2038/2220/1794
f 2037/2218/57 2035/2217/56 2038/2220/1794 2040/2221/60
f 2038/2220/1794 2039/2219/58 2042/2222/61 2041/2223/1795
f 2040/2221/60 2038/2220/1794 2041/2223/1795 2043/2224/63
f 2041/2223/1795 2042/2222/61 2045/2225/64 2044/2226/65
f 2043/2224/63 2041/2223/1795 2044/2226/65 2046/2227/66
f 2044/2226/65 2045/2225/64 2048/2228/67 2047/2229/68
f 2046/2227/66 2044/2226/65 2047/2229/68 2049/2230/69
f 2047/2229/68 2048/2228/67 2051/2231/70 2050/2232/71
f 2049/2230/69 2047/2229/68 2050/2232/71 2052/2233/72
f 2050/2232/71 2051/2231/70 2054/2234/73 2053/2235/74
f 2052/2233/72 2050/2232/71 2053/2235/74 2055/2236/75
f 2053/2235/74 2054/2234/73 2057/2237/76 2056/2238/77
f 2055/2236/75 2053/2235/74 2056/2238/77 2058/2239/78
f 2056/2238/77 2057/2237/76 2060/2240/79 2059/2241/80
f 2058/2239/78 2056/2238/77 2059/2241/80 2061/2242/81
f 2059/2241/80 2060/2240/79 2063/2243/82 2062/2244/83
f 2061/2242/81 2059/2241/80 2062/2244/83 2064/2245/84
f 2062/2244/83 2063/2243/82 2066/2246/85 2065/2247/86
f 2064/2245/84 2062/2244/83 2065/2247/86 2067/2248/87
f 2065/2247/86 2066/2246/85 2069/2249/88 2068/2250/89
f 2067/2248/87 2065/2247/86 2068/2250/89 2070/2251/90
f 2068/2250/89 2069/2249/88 2072/2252/91 2071/2253/92
f 2070/2251/90 2068/2250/89 2071/2253/92 2073/2254/93
f 2071/2253/92 2072/2252/91 2075/2255/94 2074/2256/95
f 2073/2254/93 2071/2253/92 2074/2256/95 2076/2257/96
f 2074/2256/95 2075/2255/94 2078/2258/97 2077/2259/98
f 2076/2257/96 2074/2256/95 2077/2259/98 2079/2260/99
f 2077/2259/98 2078/2258/97 2081/2261/100 2080/2262/101
f 2079/2260/99 2077/2259/98 2080/2262/101 2082/2263/102
f 2080/2262/101 2081/2261/100 2084/2264/103 2083/2265/104
f 2082/2263/102 2080/2262/101 2083/2265/104 2085/2266/105
f 2083/2265/104 2084/2264/103 2087/2267/106 2086/2268/107
f 2085/2266/105 2083/2265/104 2086/2268/107 2088/2269/108
f 2086/2268/107 2087/2267/106 2090/2270/109 2089/2271/110
f 2088/2269/108 2086/2268/107 2089/2271/110 2091/2272/111
f 2089/2271/110 2090/2270/109 2093/2273/112 2092/2274/113
f 2091/2272/111 2089/2271/110 2092/2274/113 2094/2275/114
f 2092/2274/113 2093/2273/112 2096/2276/115 2095/2277/116
f 2094/2275/114 2092/2274/113 2095/2277/116 2097/2278/117
f 2095/2277/116 2096/2276/115 2099/2279/118 2098/2280/119
f 2097/2278/117 2095/2277/116 2098/2280/119 2100/2281/120
f 2098/2280/119 2099/2279/118 2102/2282/121 2101/2283/122
f 2100/2281/120 2098/2280/119 2101/2283/122 2103/2284/123
f 2101/2283/122 2102/2282/121 2105/2285/124 2104/2286/125
f 2103/2284/123 2101/2283/122 2104/2286/125 2106/2287/126
f 2104/2286/125 2105/2285/124 2108/2288/127 2107/2289/128
f 2106/2287/126 2104/2286/125 2107/2289/128 2109/2290/129
f 2107/2289/128 2108/2288/127 2111/2291/130 2110/2292/131
f 2109/2290/129 2107/2289/128 2110/2292/131 2112/2293/132
f 2110/2292/131 2111/2291/130 2114/2294/130 2113/2295/131
f 2112/2293/132 2110/2292/131 2113/2295/131 2115/2296/132
f 2113/2295/131 2114/2294/130 2117/2297/133 2116/2298/134
f 2115/2296/132 2113/2295/131 2116/2298/134 2118/2299/135
f 2116/2298/134 2117/2297/133 2120/2300/136 2119/2301/137
f 2118/2299/135 2116/2298/134 2119/2301/137 2121/2302/138
f 2119/2301/137 2120/2300/136 2123/2303/139 2122/2304/140
f 2121/2302/138 2119/2301/137 2122/2304/140 2124/2305/141
f 2122/2304/140 2123/2303/139 2126/2306/142 2125/2307/143
f 2124/2305/141 2122/2304/140 2125/2307/143 2127/2308/144
f 2125/2307/143 2126/2306/142 2129/2309/145 2128/2310/146
f 2127/2308/144 2125/2307/143 2128/2310/146 2130/2311/147
f 2128/2310/146 2129/2309/145 2132/2312/148 2131/2313/149
f 2130/2311/147 2128/2310/146 2131/2313/149 2133/2314/150
f 2131/2313/149 2132/2312/148 2135/2315/151 2134/2316/152
f 2133/2314/150 2131/2313/149 2134/2316/152 2136/2317/153
f 2134/2316/152 2135/2315/151 2138/2318/154 2137/2319/155
f 2136/2317/153 2134/2316/152 2137/2319/155 2139/2320/156
f 2137/2319/155 2138/2318/154 2141/2321/157 2140/2322/158
f 2139/2320/156 2137/2319/155 2140/2322/158 2142/2323/159
f 2140/2322/158 2141/2321/157 2144/2324/160 2143/2325/161
f 2142/2323/159 2140/2322/158 2143/2325/161 2145/2326/162
f 2147/2327/163 2142/2323/159 2145/2326/162 2146/2328/164
f 2149/2329/165 2147/2330/163 2146/2331/164 2148/2332/166
f 2151/2333/167 2149/2329/165 2148/2332/166 2150/2334/168
f 2153/2335/169 2151/2333/167 2150/2334/168 2152/2336/170
f 2155/2337/171 2153/2335/169 2152/2336/170 2154/2338/172
f 2157/2339/173 2155/2337/171 2154/2338/172 2156/2340/174
f 2159/2341/175 2157/2339/173 2156/2340/174 2158/2342/176
f 2161/2343/177 2159/2341/175 2158/2342/176 2160/2344/178
f 2163/2345/179 2161/2343/177 2160/2344/178 2162/2346/180
f 2141/2321/157 2163/2345/179 2162/2346/180 2144/2324/160
f 2138/2318/154 2164/2347/181 2163/2345/179 2141/2321/157
f 2164/2347/181 2166/2348/182 2161/2343/177 2163/2345/179
f 2135/2315/151 2165/2349/183 2164/2347/181 2138/2318/154
f 2165/2349/183 2167/2350/184 2166/2348/182 2164/2347/181
f 2167/2350/184 2169/2351/185 2168/2352/186 2166/2348/182
f 2166/2348/182 2168/2352/186 2159/2341/175 2161/2343/177
f 2169/2351/185 2171/2353/187 2170/2354/188 2168/2352/186
f 2168/2352/186 2170/2354/188 2157/2339/173 2159/2341/175
f 2171/2353/187 2173/2355/189 2172/2356/190 2170/2354/188
f 2170/2354/188 2172/2356/190 2155/2337/171 2157/2339/173
f 2173/2355/189 2175/2357/191 2174/2358/192 2172/2356/190
f 2172/2356/190 2174/2358/192 2153/2335/169 2155/2337/171
f 2175/2357/191 2177/2359/193 2176/2360/194 2174/2358/192
f 2174/2358/192 2176/2360/194 2151/2333/167 2153/2335/169
f 2177/2359/193 2179/2361/195 2178/2362/196 2176/2360/194
f 2176/2360/194 2178/2362/196 2149/2329/165 2151/2333/167
f 2179/2361/195 2181/2363/197 2180/2364/198 2178/2362/196
f 2178/2362/196 2180/2364/198 2147/2330/163 2149/2329/165
f 2181/2365/197 2136/2317/153 2139/2320/156 2180/2366/198
f 2180/2366/198 2139/2320/156 2142/2323/159 2147/2327/163
f 2184/2367/199 2182/2368/200 2181/2363/197 2179/2361/195
f 2182/2369/200 2133/2314/150 2136/2317/153 2181/2365/197
f 2185/2370/201 2183/2371/202 2182/2368/200 2184/2367/199
f 2183/2372/202 2130/2311/147 2133/2314/150 2182/2369/200
f 2187/2373/203 2185/2370/201 2184/2367/199 2186/2374/204
f 2186/2374/204 2184/2367/199 2179/2361/195 2177/2359/193
f 2189/2375/205 2187/2373/203 2186/2374/204 2188/2376/206
f 2188/2376/206 2186/2374/204 2177/2359/193 2175/2357/191
f 2191/2377/207 2189/2375/205 2188/2376/206 2190/2378/208
f 2190/2378/208 2188/2376/206 2175/2357/191 2173/2355/189
f 2193/2379/209 2191/2377/207 2190/2378/208 2192/2380/210
f 2192/2380/210 2190/2378/208 2173/2355/189 2171/2353/187
f 2195/2381/211 2193/2379/209 2192/2380/210 2194/2382/212
f 2194/2382/212 2192/2380/210 2171/2353/187 2169/2351/185
f 2197/2383/213 2195/2381/211 2194/2382/212 2196/2384/214
f 2196/2384/214 2194/2382/212 2169/2351/185 2167/2350/184
f 2199/2385/215 2197/2383/213 2196/2384/214 2198/2386/216
f 2198/2386/216 2196/2384/214 2167/2350/184 2165/2349/183
f 2129/2309/145 2199/2385/215 2198/2386/216 2132/2312/148
f 2132/2312/148 2198/2386/216 2165/2349/183 2135/2315/151
f 2126/2306/142 2200/2387/217 2199/2385/215 2129/2309/145
f 2200/2387/217 2202/2388/218 2197/2383/213 2199/2385/215
f 2123/2303/139 2201/2389/219 2200/2387/217 2126/2306/142
f 2201/2389/219 2203/2390/220 2202/2388/218 2200/2387/217
f 2203/2390/220 2205/2391/221 2204/2392/222 2202/2388/218
f 2202/2388/218 2204/2392/222 2195/2381/211 2197/2383/213
f 2205/2391/221 2207/2393/223 2206/2394/224 2204/2392/222
f 2204/2392/222 2206/2394/224 2193/2379/209 2195/2381/211
f 2207/2393/223 2209/2395/225 2208/2396/226 2206/2394/224
f 2206/2394/224 2208/2396/226 2191/2377/207 2193/2379/209
f 2209/2395/225 2211/2397/227 2210/2398/228 2208/2396/226
f 2208/2396/226 2210/2398/228 2189/2375/205 2191/2377/207
f 2211/2397/227 2213/2399/229 2212/2400/230 2210/2398/228
f 2210/2398/228 2212/2400/230 2187/2373/203 2189/2375/205
f 2213/2399/229 2215/2401/231 2214/2402/232 2212/2400/230
f 2212/2400/230 2214/2402/232 2185/2370/201 2187/2373/203
f 2215/2401/231 2217/2403/233 2216/2404/234 2214/2402/232
f 2214/2402/232 2216/2404/234 2183/2371/202 2185/2370/201
f 2217/2405/233 2124/2305/141 2127/2308/144 2216/2406/234
f 2216/2406/234 2127/2308/144 2130/2311/147 2183/2372/202
f 2220/2407/235 2218/2408/236 2217/2403/233 2215/2401/231
f 2218/2409/236 2121/2302/138 2124/2305/141 2217/2405/233
f 2221/2410/237 2219/2411/1796 2218/2408/236 2220/2407/235
f 2219/2412/1796 2118/2299/135 2121/2302/138 2218/2409/236
f 2223/2413/239 2221/2410/237 2220/2407/235 2222/2414/240
f 2222/2414/240 2220/2407/235 2215/2401/231 2213/2399/229
f 2225/2415/1797 2223/2413/239 2222/2414/240 2224/2416/242
f 2224/2416/242 2222/2414/240 2213/2399/229 2211/2397/227
f 2227/2417/243 2225/2415/1797 2224/2416/242 2226/2418/244
f 2226/2418/244 2224/2416/242 2211/2397/227 2209/2395/225
f 2229/2419/1798 2227/2417/243 2226/2418/244 2228/2420/246
f 2228/2420/246 2226/2418/244 2209/2395/225 2207/2393/223
f 2231/2421/247 2229/2419/1798 2228/2420/246 2230/2422/248
f 2230/2422/248 2228/2420/246 2207/2393/223 2205/2391/221
f 2233/2423/249 2231/2421/247 2230/2422/248 2232/2424/250
f 2232/2424/250 2230/2422/248 2205/2391/221 2203/2390/220
f 2235/2425/251 2233/2423/249 2232/2424/250 2234/2426/252
f 2234/2426/252 2232/2424/250 2203/2390/220 2201/2389/219
f 2117/2297/133 2235/2425/251 2234/2426/252 2120/2300/136
f 2120/2300/136 2234/2426/252 2201/2389/219 2123/2303/139
f 2114/2294/130 2236/2427/253 2235/2425/251 2117/2297/133
f 2236/2427/253 2238/2428/254 2233/2423/249 2235/2425/251
f 2111/2291/130 2237/2429/253 2236/2427/253 2114/2294/130
f 2237/2429/253 2239/2430/255 2238/2428/254 2236/2427/253
f 2239/2430/255 2241/2431/256 2240/2432/256 2238/2428/254
f 2238/2428/254 2240/2432/256 2231/2421/247 2233/2423/249
f 2241/2431/256 2243/2433/257 2242/2434/257 2240/2432/256
f 2240/2432/256 2242/2434/257 2229/2419/1798 2231/2421/247
f 2243/2433/257 2245/2435/258 2244/2436/259 2242/2434/257
f 2242/2434/257 2244/2436/259 2227/2417/243 2229/2419/1798
f 2245/2435/258 2247/2437/260 2246/2438/260 2244/2436/259
f 2244/2436/259 2246/2438/260 2225/2415/1797 2227/2417/243
f 2247/2437/260 2249/2439/239 2248/2440/239 2246/2438/260
f 2246/2438/260 2248/2440/239 2223/2413/239 2225/2415/1797
f 2249/2439/239 2251/2441/261 2250/2442/261 2248/2440/239
f 2248/2440/239 2250/2442/261 2221/2410/237 2223/2413/239
f 2251/2441/261 2253/2443/262 2252/2444/262 2250/2442/261
f 2250/2442/261 2252/2444/262 2219/2411/1796 2221/2410/237
f 2253/2445/262 2112/2293/132 2115/2296/132 2252/2446/262
f 2252/2446/262 2115/2296/132 2118/2299/135 2219/2412/1796
f 2256/2447/263 2254/2448/264 2253/2443/262 2251/2441/261
f 2254/2449/264 2109/2290/129 2112/2293/132 2253/2445/262
f 2257/2450/265 2255/2451/266 2254/2448/264 2256/2447/263
f 2255/2452/266 2106/2287/126 2109/2290/129 2254/2449/264
f 2259/2453/267 2257/2450/265 2256/2447/263 2258/2454/268
f 2258/2454/268 2256/2447/263 2251/2441/261 2249/2439/239
f 2261/2455/269 2259/2453/267 2258/2454/268 2260/2456/270
f 2260/2456/270 2258/2454/268 2249/2439/239 2247/2437/260
f 2263/2457/271 2261/2455/269 2260/2456/270 2262/2458/272
f 2262/2458/272 2260/2456/270 2247/2437/260 2245/2435/258
f 2265/2459/273 2263/2457/271 2262/2458/272 2264/2460/274
f 2264/2460/274 2262/2458/272 2245/2435/258 2243/2433/257
f 2267/2461/275 2265/2459/273 2264/2460/274 2266/2462/276
f 2266/2462/276 2264/2460/274 2243/2433/257 2241/2431/256
f 2269/2463/277 2267/2461/275 2266/2462/276 2268/2464/278
f 2268/2464/278 2266/2462/276 2241/2431/256 2239/2430/255
f 2271/2465/279 2269/2463/277 2268/2464/278 2270/2466/280
f 2270/2466/280 2268/2464/278 2239/2430/255 2237/2429/253
f 2105/2285/124 2271/2465/279 2270/2466/280 2108/2288/127
f 2108/2288/127 2270/2466/280 2237/2429/253 2111/2291/130
f 2102/2282/121 2272/2467/281 2271/2465/279 2105/2285/124
f 2272/2467/281 2274/2468/282 2269/2463/277 2271/2465/279
f 2099/2279/118 2273/2469/283 2272/2467/281 2102/2282/121
f 2273/2469/283 2275/2470/284 2274/2468/282 2272/2467/281
f 2275/2470/284 2277/2471/285 2276/2472/286 2274/2468/282
f 2274/2468/282 2276/2472/286 2267/2461/275 2269/2463/277
f 2277/2471/285 2279/2473/287 2278/2474/288 2276/2472/286
f 2276/2472/286 2278/2474/288 2265/2459/273 2267/2461/275
f 2279/2473/287 2281/2475/289 2280/2476/290 2278/2474/288
f 2278/2474/288 2280/2476/290 2263/2457/271 2265/2459/273
f 2281/2475/289 2283/2477/291 2282/2478/292 2280/2476/290
f 2280/2476/290 2282/2478/292 2261/2455/269 2263/2457/271
f 2283/2477/291 2285/2479/293 2284/2480/294 2282/2478/292
f 2282/2478/292 2284/2480/294 2259/2453/267 2261/2455/269
f 2285/2479/293 2287/2481/295 2286/2482/296 2284/2480/294
f 2284/2480/294 2286/2482/296 2257/2450/265 2259/2453/267
f 2287/2481/295 2289/2483/297 2288/2484/298 2286/2482/296
f 2286/2482/296 2288/2484/298 2255/2451/266 2257/2450/265
f 2289/2485/297 2100/2281/120 2103/2284/123 2288/2486/298
f 2288/2486/298 2103/2284/123 2106/2287/126 2255/2452/266
f 2292/2487/299 2290/2488/300 2289/2483/297 2287/2481/295
f 2290/2489/300 2097/2278/117 2100/2281/120 2289/2485/297
f 2293/2490/301 2291/2491/302 2290/2488/300 2292/2487/299
f 2291/2492/302 2094/2275/114 2097/2278/117 2290/2489/300
f 2295/2493/303 2293/2490/301 2292/2487/299 2294/2494/304
f 2294/2494/304 2292/2487/299 2287/2481/295 2285/2479/293
f 2297/2495/305 2295/2493/303 2294/2494/304 2296/2496/306
f 2296/2496/306 2294/2494/304 2285/2479/293 2283/2477/291
f 2299/2497/307 2297/2495/305 2296/2496/306 2298/2498/308
f 2298/2498/308 2296/2496/306 2283/2477/291 2281/2475/289
f 2301/2499/309 2299/2497/307 2298/2498/308 2300/2500/310
f 2300/2500/310 2298/2498/308 2281/2475/289 2279/2473/287
f 2303/2501/311 2301/2499/309 2300/2500/310 2302/2502/312
f 2302/2502/312 2300/2500/310 2279/2473/287 2277/2471/285
f 2305/2503/313 2303/2501/311 2302/2502/312 2304/2504/314
f 2304/2504/314 2302/2502/312 2277/2471/285 2275/2470/284
f 2307/2505/315 2305/2503/313 2304/2504/314 2306/2506/316
f 2306/2506/316 2304/2504/314 2275/2470/284 2273/2469/283
f 2093/2273/112 2307/2505/315 2306/2506/316 2096/2276/115
f 2096/2276/115 2306/2506/316 2273/2469/283 2099/2279/118
f 2090/2270/109 2308/2507/317 2307/2505/315 2093/2273/112
f 2308/2507/317 2310/2508/318 2305/2503/313 2307/2505/315
f 2087/2267/106 2309/2509/319 2308/2507/317 2090/2270/109
f 2309/2509/319 2311/2510/320 2310/2508/318 2308/2507/317
f 2311/2510/320 2313/2511/321 2312/2512/1799 2310/2508/318
f 2310/2508/318 2312/2512/1799 2303/2501/311 2305/2503/313
f 2313/2511/321 2315/2513/323 2314/2514/324 2312/2512/1799
f 2312/2512/1799 2314/2514/324 2301/2499/309 2303/2501/311
f 2315/2513/323 2317/2515/325 2316/2516/326 2314/2514/324
f 2314/2514/324 2316/2516/326 2299/2497/307 2301/2499/309
f 2317/2515/325 2319/2517/327 2318/2518/328 2316/2516/326
f 2316/2516/326 2318/2518/328 2297/2495/305 2299/2497/307
f 2319/2517/327 2321/2519/329 2320/2520/330 2318/2518/328
f 2318/2518/328 2320/2520/330 2295/2493/303 2297/2495/305
f 2321/2519/329 2323/2521/331 2322/2522/332 2320/2520/330
f 2320/2520/330 2322/2522/332 2293/2490/301 2295/2493/303
f 2323/2521/331 2325/2523/333 2324/2524/334 2322/2522/332
f 2322/2522/332 2324/2524/334 2291/2491/302 2293/2490/301
f 2325/2525/333 2088/2269/108 2091/2272/111 2324/2526/334
f 2324/2526/334 2091/2272/111 2094/2275/114 2291/2492/302
f 2328/2527/335 2326/2528/336 2325/2523/333 2323/2521/331
f 2326/2529/336 2085/2266/105 2088/2269/108 2325/2525/333
f 2329/2530/337 2327/2531/338 2326/2528/336 2328/2527/335
f 2327/2532/338 2082/2263/102 2085/2266/105 2326/2529/336
f 2331/2533/339 2329/2530/337 2328/2527/335 2330/2534/339
f 2330/2534/339 2328/2527/335 2323/2521/331 2321/2519/329
f 2333/2535/340 2331/2533/339 2330/2534/339 2332/2536/341
f 2332/2536/341 2330/2534/339 2321/2519/329 2319/2517/327
f 2335/2537/342 2333/2535/340 2332/2536/341 2334/2538/343
f 2334/2538/343 2332/2536/341 2319/2517/327 2317/2515/325
f 2337/2539/344 2335/2537/342 2334/2538/343 2336/2540/345
f 2336/2540/345 2334/2538/343 2317/2515/325 2315/2513/323
f 2339/2541/346 2337/2539/344 2336/2540/345 2338/2542/347
f 2338/2542/347 2336/2540/345 2315/2513/323 2313/2511/321
f 2341/2543/348 2339/2541/346 2338/2542/347 2340/2544/349
f 2340/2544/349 2338/2542/347 2313/2511/321 2311/2510/320
f 2343/2545/351 2341/2543/348 2340/2544/349 2342/2546/351
f 2342/2546/351 2340/2544/349 2311/2510/320 2309/2509/319
f 2081/2261/100 2343/2545/351 2342/2546/351 2084/2264/103
f 2084/2264/103 2342/2546/351 2309/2509/319 2087/2267/106
f 2078/2258/97 2344/2547/350 2343/2545/351 2081/2261/100
f 2344/2547/350 2346/2548/352 2341/2543/348 2343/2545/351
f 2075/2255/94 2345/2549/353 2344/2547/350 2078/2258/97
f 2345/2549/353 2347/2550/354 2346/2548/352 2344/2547/350
f 2347/2550/354 2349/2551/355 2348/2552/356 2346/2548/352
f 2346/2548/352 2348/2552/356 2339/2541/346 2341/2543/348
f 2349/2551/355 2351/2553/357 2350/2554/358 2348/2552/356
f 2348/2552/356 2350/2554/358 2337/2539/344 2339/2541/346
f 2351/2553/357 2353/2555/359 2352/2556/360 2350/2554/358
f 2350/2554/358 2352/2556/360 2335/2537/342 2337/2539/344
f 2353/2555/359 2355/2557/361 2354/2558/362 2352/2556/360
f 2352/2556/360 2354/2558/362 2333/2535/340 2335/2537/342
f 2355/2557/361 2357/2559/363 2356/2560/364 2354/2558/362
f 2354/2558/362 2356/2560/364 2331/2533/339 2333/2535/340
f 2357/2559/363 2359/2561/365 2358/2562/366 2356/2560/364
f 2356/2560/364 2358/2562/366 2329/2530/337 2331/2533/339
f 2359/2561/365 2361/2563/367 2360/2564/368 2358/2562/366
f 2358/2562/366 2360/2564/368 2327/2531/338 2329/2530/337
f 2361/2565/367 2076/2257/96 2079/2260/99 2360/2566/368
f 2360/2566/368 2079/2260/99 2082/2263/102 2327/2532/338
f 2364/2567/369 2362/2568/370 2361/2563/367 2359/2561/365
f 2362/2569/370 2073/2254/93 2076/2257/96 2361/2565/367
f 2365/2570/371 2363/2571/372 2362/2568/370 2364/2567/369
f 2363/2572/372 2070/2251/90 2073/2254/93 2362/2569/370
f 2367/2573/373 2365/2570/371 2364/2567/369 2366/2574/374
f 2366/2574/374 2364/2567/369 2359/2561/365 2357/2559/363
f 2369/2575/375 2367/2573/373 2366/2574/374 2368/2576/376
f 2368/2576/376 2366/2574/374 2357/2559/363 2355/2557/361
f 2371/2577/377 2369/2575/375 2368/2576/376 2370/2578/378
f 2370/2578/378 2368/2576/376 2355/2557/361 2353/2555/359
f 2373/2579/379 2371/2577/377 2370/2578/378 2372/2580/380
f 2372/2580/380 2370/2578/378 2353/2555/359 2351/2553/357
f 2375/2581/381 2373/2579/379 2372/2580/380 2374/423/382
f 2374/423/382 2372/2580/380 2351/2553/357 2349/2551/355
f 2377/2582/383 2375/2581/381 2374/423/382 2376/2583/384
f 2376/2583/384 2374/423/382 2349/2551/355 2347/2550/354
f 2379/2584/385 2377/2582/383 2376/2583/384 2378/2585/386
f 2378/2585/386 2376/2583/384 2347/2550/354 2345/2549/353
f 2069/2249/88 2379/2584/385 2378/2585/386 2072/2252/91
f 2072/2252/91 2378/2585/386 2345/2549/353 2075/2255/94
f 2066/2246/85 2380/2586/387 2379/2584/385 2069/2249/88
f 2380/2586/387 2382/2587/388 2377/2582/383 2379/2584/385
f 2063/2243/82 2381/2588/389 2380/2586/387 2066/2246/85
f 2381/2588/389 2383/2589/1800 2382/2587/388 2380/2586/387
f 2383/2589/1800 2385/2590/391 2384/2591/392 2382/2587/388
f 2382/2587/388 2384/2591/392 2375/2581/381 2377/2582/383
f 2385/2590/391 2387/2592/393 2386/2593/394 2384/2591/392
f 2384/2591/392 2386/2593/394 2373/2579/379 2375/2581/381
f 2387/2592/393 2389/2594/1801 2388/2595/396 2386/2593/394
f 2386/2593/394 2388/2595/396 2371/2577/377 2373/2579/379
f 2389/2594/1801 2391/2596/397 2390/2597/398 2388/2595/396
f 2388/2595/396 2390/2597/398 2369/2575/375 2371/2577/377
f 2391/2596/397 2393/2598/399 2392/2599/400 2390/2597/398
f 2390/2597/398 2392/2599/400 2367/2573/373 2369/2575/375
f 2393/2598/399 2395/2600/401 2394/2601/402 2392/2599/400
f 2392/2599/400 2394/2601/402 2365/2570/371 2367/2573/373
f 2395/2600/401 2397/2602/403 2396/2603/404 2394/2601/402
f 2394/2601/402 2396/2603/404 2363/2571/372 2365/2570/371
f 2397/2604/403 2064/2245/84 2067/2248/87 2396/2605/404
f 2396/2605/404 2067/2248/87 2070/2251/90 2363/2572/372
f 2400/2606/405 2398/2607/406 2397/2602/403 2395/2600/401
f 2398/2608/406 2061/2242/81 2064/2245/84 2397/2604/403
f 2401/2609/407 2399/2610/408 2398/2607/406 2400/2606/405
f 2399/2611/408 2058/2239/78 2061/2242/81 2398/2608/406
f 2403/2612/409 2401/2609/407 2400/2606/405 2402/2613/410
f 2402/2613/410 2400/2606/405 2395/2600/401 2393/2598/399
f 2405/2614/411 2403/2612/409 2402/2613/410 2404/2615/412
f 2404/2615/412 2402/2613/410 2393/2598/399 2391/2596/397
f 2407/2616/413 2405/2614/411 2404/2615/412 2406/2617/414
f 2406/2617/414 2404/2615/412 2391/2596/397 2389/2594/1801
f 2409/2618/415 2407/2616/413 2406/2617/414 2408/2619/416
f 2408/2619/416 2406/2617/414 2389/2594/1801 2387/2592/393
f 2411/2620/417 2409/2618/415 2408/2619/416 2410/2621/418
f 2410/2621/418 2408/2619/416 2387/2592/393 2385/2590/391
f 2413/2622/419 2411/2620/417 2410/2621/418 2412/2623/420
f 2412/2623/420 2410/2621/418 2385/2590/391 2383/2589/1800
f 2415/2624/421 2413/2622/419 2412/2623/420 2414/2625/422
f 2414/2625/422 2412/2623/420 2383/2589/1800 2381/2588/389
f 2057/2237/76 2415/2624/421 2414/2625/422 2060/2240/79
f 2060/2240/79 2414/2625/422 2381/2588/389 2063/2243/82
f 2054/2234/73 2416/2626/423 2415/2624/421 2057/2237/76
f 2416/2626/423 2418/2627/424 2413/2622/419 2415/2624/421
f 2051/2231/70 2417/2628/425 2416/2626/423 2054/2234/73
f 2417/2628/425 2419/2629/426 2418/2627/424 2416/2626/423
f 2419/2629/426 2421/2630/427 2420/2631/428 2418/2627/424
f 2418/2627/424 2420/2631/428 2411/2620/417 2413/2622/419
f 2421/2630/427 2423/2632/429 2422/2633/430 2420/2631/428
f 2420/2631/428 2422/2633/430 2409/2618/415 2411/2620/417
f 2423/2632/429 2425/2634/431 2424/2635/432 2422/2633/430
f 2422/2633/430 2424/2635/432 2407/2616/413 2409/2618/415
f 2425/2634/431 2427/2636/433 2426/2637/434 2424/2635/432
f 2424/2635/432 2426/2637/434 2405/2614/411 2407/2616/413
f 2427/2636/433 2429/2638/435 2428/2639/436 2426/2637/434
f 2426/2637/434 2428/2639/436 2403/2612/409 2405/2614/411
f 2429/2638/435 2431/2640/437 2430/2641/438 2428/2639/436
f 2428/2639/436 2430/2641/438 2401/2609/407 2403/2612/409
f 2431/2640/437 2433/2642/439 2432/2643/440 2430/2641/438
f 2430/2641/438 2432/2643/440 2399/2610/408 2401/2609/407
f 2433/2644/439 2052/2233/72 2055/2236/75 2432/2645/440
f 2432/2645/440 2055/2236/75 2058/2239/78 2399/2611/408
f 2436/2646/441 2434/2647/442 2433/2642/439 2431/2640/437
f 2434/2648/442 2049/2230/69 2052/2233/72 2433/2644/439
f 2437/2649/443 2435/2650/444 2434/2647/442 2436/2646/441
f 2435/2651/444 2046/2227/66 2049/2230/69 2434/2648/442
f 2439/2652/445 2437/2649/443 2436/2646/441 2438/2653/446
f 2438/2653/446 2436/2646/441 2431/2640/437 2429/2638/435
f 2441/2654/447 2439/2652/445 2438/2653/446 2440/2655/448
f 2440/2655/448 2438/2653/446 2429/2638/435 2427/2636/433
f 2443/2656/449 2441/2654/447 2440/2655/448 2442/2657/450
f 2442/2657/450 2440/2655/448 2427/2636/433 2425/2634/431
f 2445/2658/451 2443/2656/449 2442/2657/450 2444/2659/452
f 2444/2659/452 2442/2657/450 2425/2634/431 2423/2632/429
f 2447/2660/453 2445/2658/451 2444/2659/452 2446/2661/454
f 2446/2661/454 2444/2659/452 2423/2632/429 2421/2630/427
f 2449/2662/455 2447/2660/453 2446/2661/454 2448/2663/456
f 2448/2663/456 2446/2661/454 2421/2630/427 2419/2629/426
f 2451/2664/457 2449/2662/455 2448/2663/456 2450/2665/458
f 2450/2665/458 2448/2663/456 2419/2629/426 2417/2628/425
f 2045/2225/64 2451/2664/457 2450/2665/458 2048/2228/67
f 2048/2228/67 2450/2665/458 2417/2628/425 2051/2231/70
f 2042/2222/61 2452/2666/459 2451/2664/457 2045/2225/64
f 2452/2666/459 2454/2667/460 2449/2662/455 2451/2664/457
f 2039/2219/58 2453/2668/461 2452/2666/459 2042/2222/61
f 2453/2668/461 2455/2669/462 2454/2667/460 2452/2666/459
f 2455/2669/462 2457/2670/463 2456/2671/464 2454/2667/460
f 2454/2667/460 2456/2671/464 2447/2660/453 2449/2662/455
f 2457/2670/463 2459/2672/465 2458/2673/466 2456/2671/464
f 2456/2671/464 2458/2673/466 2445/2658/451 2447/2660/453
f 2459/2672/465 2461/2674/467 2460/2675/468 2458/2673/466
f 2458/2673/466 2460/2675/468 2443/2656/449 2445/2658/451
f 2461/2674/467 2463/2676/469 2462/2677/470 2460/2675/468
f 2460/2675/468 2462/2677/470 2441/2654/447 2443/2656/449
f 2463/2676/469 2465/2678/471 2464/2679/472 2462/2677/470
f 2462/2677/470 2464/2679/472 2439/2652/445 2441/2654/447
f 2465/2678/471 2467/2680/473 2466/2681/474 2464/2679/472
f 2464/2679/472 2466/2681/474 2437/2649/443 2439/2652/445
f 2467/2680/473 2469/2682/475 2468/2683/476 2466/2681/474
f 2466/2681/474 2468/2683/476 2435/2650/444 2437/2649/443
f 2469/2684/475 2040/2221/60 2043/2224/63 2468/2685/476
f 2468/2685/476 2043/2224/63 2046/2227/66 2435/2651/444
f 2472/2686/477 2470/2687/478 2469/2682/475 2467/2680/473
f 2470/2688/478 2037/2218/57 2040/2221/60 2469/2684/475
f 2473/2689/479 2471/2690/480 2470/2687/478 2472/2686/477
f 2471/2691/480 2034/2215/54 2037/2218/57 2470/2688/478
f 2475/2692/481 2473/2689/479 2472/2686/477 2474/2693/482
f 2474/2693/482 2472/2686/477 2467/2680/473 2465/2678/471
f 2477/2694/483 2475/2692/481 2474/2693/482 2476/2695/484
f 2476/2695/484 2474/2693/482 2465/2678/471 2463/2676/469
f 2479/2696/485 2477/2694/483 2476/2695/484 2478/2697/486
f 2478/2697/486 2476/2695/484 2463/2676/469 2461/2674/467
f 2481/2698/487 2479/2696/485 2478/2697/486 2480/2699/488
f 2480/2699/488 2478/2697/486 2461/2674/467 2459/2672/465
f 2483/2700/489 2481/2698/487 2480/2699/488 2482/2701/490
f 2482/2701/490 2480/2699/488 2459/2672/465 2457/2670/463
f 2485/2702/491 2483/2700/489 2482/2701/490 2484/2703/492
f 2484/2703/492 2482/2701/490 2457/2670/463 2455/2669/462
f 2487/2704/493 2485/2702/491 2484/2703/492 2486/2705/494
f 2486/2705/494 2484/2703/492 2455/2669/462 2453/2668/461
f 2033/2213/52 2487/2704/493 2486/2705/494 2036/2216/55
f 2036/2216/55 2486/2705/494 2453/2668/461 2039/2219/58
f 2030/2210/49 2488/2706/495 2487/2704/493 2033/2213/52
f 2488/2706/495 2490/2707/496 2485/2702/491 2487/2704/493
f 2027/2207/46 2489/2708/497 2488/2706/495 2030/2210/49
f 2489/2708/497 2491/2709/498 2490/2707/496 2488/2706/495
f 2491/2709/498 2493/2710/499 2492/2711/500 2490/2707/496
f 2490/2707/496 2492/2711/500 2483/2700/489 2485/2702/491
f 2493/2710/499 2495/2712/501 2494/2713/502 2492/2711/500
f 2492/2711/500 2494/2713/502 2481/2698/487 2483/2700/489
f 2495/2712/501 2497/2714/503 2496/2715/504 2494/2713/502
f 2494/2713/502 2496/2715/504 2479/2696/485 2481/2698/487
f 2497/2714/503 2499/2716/505 2498/2717/506 2496/2715/504
f 2496/2715/504 2498/2717/506 2477/2694/483 2479/2696/485
f 2499/2716/505 2501/2718/507 2500/2719/508 2498/2717/506
f 2498/2717/506 2500/2719/508 2475/2692/481 2477/2694/483
f 2501/2718/507 2503/2720/509 2502/2721/510 2500/2719/508
f 2500/2719/508 2502/2721/510 2473/2689/479 2475/2692/481
f 2503/2720/509 2505/2722/511 2504/2723/512 2502/2721/510
f 2502/2721/510 2504/2723/512 2471/2690/480 2473/2689/479
f 2505/2724/511 2028/2209/48 2031/2212/51 2504/2725/512
f 2504/2725/512 2031/2212/51 2034/2215/54 2471/2691/480
f 2508/2726/513 2506/2727/514 2505/2722/511 2503/2720/509
f 2506/2728/514 2025/2206/45 2028/2209/48 2505/2724/511
f 2509/2729/515 2507/2730/516 2506/2727/514 2508/2726/513
f 2507/2731/516 2022/2203/42 2025/2206/45 2506/2728/514
f 2511/2732/517 2509/2729/515 2508/2726/513 2510/2733/518
f 2510/2733/518 2508/2726/513 2503/2720/509 2501/2718/507
f 2513/2734/519 2511/2732/517 2510/2733/518 2512/2735/520
f 2512/2735/520 2510/2733/518 2501/2718/507 2499/2716/505
f 2515/2736/1802 2513/2734/519 2512/2735/520 2514/2737/522
f 2514/2737/522 2512/2735/520 2499/2716/505 2497/2714/503
f 2517/2738/523 2515/2736/1802 2514/2737/522 2516/2739/524
f 2516/2739/524 2514/2737/522 2497/2714/503 2495/2712/501
f 2519/2740/525 2517/2738/523 2516/2739/524 2518/2741/526
f 2518/2741/526 2516/2739/524 2495/2712/501 2493/2710/499
f 2521/2742/527 2519/2740/525 2518/2741/526 2520/2743/528
f 2520/2743/528 2518/2741/526 2493/2710/499 2491/2709/498
f 2523/2744/529 2521/2742/527 2520/2743/528 2522/2745/530
f 2522/2745/530 2520/2743/528 2491/2709/498 2489/2708/497
f 2021/2201/40 2523/2744/529 2522/2745/530 2024/2204/43
f 2024/2204/43 2522/2745/530 2489/2708/497 2027/2207/46
f 2018/2198/37 2524/2746/531 2523/2744/529 2021/2201/40
f 2524/2746/531 2526/2747/532 2521/2742/527 2523/2744/529
f 2015/2195/34 2525/2748/533 2524/2746/531 2018/2198/37
f 2525/2748/533 2527/2749/534 2526/2747/532 2524/2746/531
f 2527/2749/534 2529/2750/535 2528/2751/536 2526/2747/532
f 2526/2747/532 2528/2751/536 2519/2740/525 2521/2742/527
f 2529/2750/535 2531/2752/537 2530/2753/538 2528/2751/536
f 2528/2751/536 2530/2753/538 2517/2738/523 2519/2740/525
f 2531/2752/537 2533/2754/539 2532/2755/540 2530/2753/538
f 2530/2753/538 2532/2755/540 2515/2736/1802 2517/2738/523
f 2533/2754/539 2535/2756/541 2534/2757/542 2532/2755/540
f 2532/2755/540 2534/2757/542 2513/2734/519 2515/2736/1802
f 2535/2756/541 2537/2758/543 2536/2759/544 2534/2757/542
f 2534/2757/542 2536/2759/544 2511/2732/517 2513/2734/519
f 2537/2758/543 2539/2760/545 2538/2761/546 2536/2759/544
f 2536/2759/544 2538/2761/546 2509/2729/515 2511/2732/517
f 2539/2760/545 2541/2762/547 2540/2763/548 2538/2761/546
f 2538/2761/546 2540/2763/548 2507/2730/516 2509/2729/515
f 2541/2764/547 2016/2197/36 2019/2200/39 2540/2765/548
f 2540/2765/548 2019/2200/39 2022/2203/42 2507/2731/516
f 2544/2766/549 2542/2767/550 2541/2762/547 2539/2760/545
f 2542/2768/550 2013/2194/33 2016/2197/36 2541/2764/547
f 2545/2769/551 2543/2770/552 2542/2767/550 2544/2766/549
f 2543/2771/552 2010/2191/30 2013/2194/33 2542/2768/550
f 2547/2772/553 2545/2769/551 2544/2766/549 2546/2773/554
f 2546/2773/554 2544/2766/549 2539/2760/545 2537/2758/543
f 2549/2774/555 2547/2772/553 2546/2773/554 2548/2775/556
f 2548/2775/556 2546/2773/554 2537/2758/543 2535/2756/541
f 2551/2776/557 2549/2774/555 2548/2775/556 2550/2777/558
f 2550/2777/558 2548/2775/556 2535/2756/541 2533/2754/539
f 2553/2778/559 2551/2776/557 2550/2777/558 2552/2779/560
f 2552/2779/560 2550/2777/558 2533/2754/539 2531/2752/537
f 2555/2780/561 2553/2778/559 2552/2779/560 2554/2781/562
f 2554/2781/562 2552/2779/560 2531/2752/537 2529/2750/535
f 2557/2782/563 2555/2780/561 2554/2781/562 2556/2783/564
f 2556/2783/564 2554/2781/562 2529/2750/535 2527/2749/534
f 2559/2784/1803 2557/2782/563 2556/2783/564 2558/2785/566
f 2558/2785/566 2556/2783/564 2527/2749/534 2525/2748/533
f 2009/2189/28 2559/2784/1803 2558/2785/566 2012/2192/31
f 2012/2192/31 2558/2785/566 2525/2748/533 2015/2195/34
f 2006/2186/25 2560/2786/567 2559/2784/1803 2009/2189/28
f 2560/2786/567 2561/2787/568 2557/2782/563 2559/2784/1803
f 2001/2183/22 1999/2181/20 2560/2786/567 2006/2186/25
f 1999/2181/20 1997/2179/18 2561/2787/568 2560/2786/567
f 1997/2179/18 1995/2177/16 2562/2788/569 2561/2787/568
f 2561/2787/568 2562/2788/569 2555/2780/561 2557/2782/563
f 1995/2177/16 1993/2175/14 2563/2789/570 2562/2788/569
f 2562/2788/569 2563/2789/570 2553/2778/559 2555/2780/561
f 1993/2175/14 1991/2173/12 2564/2790/571 2563/2789/570
f 2563/2789/570 2564/2790/571 2551/2776/557 2553/2778/559
f 1991/2173/12 1989/2171/10 2565/2791/572 2564/2790/571
f 2564/2790/571 2565/2791/572 2549/2774/555 2551/2776/557
f 1989/2171/10 1987/2169/8 2566/2792/573 2565/2791/572
f 2565/2791/572 2566/2792/573 2547/2772/553 2549/2774/555
f 1987/2169/8 1985/2167/6 2567/2793/574 2566/2792/573
f 2566/2792/573 2567/2793/574 2545/2769/551 2547/2772/553
f 1985/2167/6 1983/2166/4 2568/2794/575 2567/2793/574
f 2567/2793/574 2568/2794/575 2543/2770/552 2545/2769/551
f 1983/2163/4 2004/2162/3 2007/2188/27 2568/2795/575
f 2568/2795/575 2007/2188/27 2010/2191/30 2543/2771/552
f 2569/2796/1804 2571/2797/1805 2592/2798/1806 2570/2799/1807
f 2572/2800/1808 2573/2801/1809 2571/2802/1805 2569/2803/1804
f 2574/2804/1810 2575/2805/1811 2573/2801/1809 2572/2800/1808
f 2576/2806/1812 2577/2807/1813 2575/2805/1811 2574/2804/1810
f 2578/2808/1814 2579/2809/1815 2577/2807/1813 2576/2806/1812
f 2580/2810/1816 2581/2811/1817 2579/2809/1815 2578/2808/1814
f 2582/2812/1818 2583/2813/1819 2581/2811/1817 2580/2810/1816
f 2584/2814/1820 2585/2815/1821 2583/2813/1819 2582/2812/1818
f 2586/2816/1822 2587/2817/1823 2585/2815/1821 2584/2814/1820
f 2588/2818/1824 2589/2819/1825 2587/2817/1823 2586/2816/1822
f 2590/2820/1826 2591/2821/1827 2589/2819/1825 2588/2818/1824
f 2570/2799/1807 2592/2798/1806 2591/2821/1827 2590/2820/1826
f 2591/2821/1827 2593/2822/1828 2594/2823/1829 2589/2819/1825
f 2592/2798/1806 2595/2824/1830 2593/2822/1828 2591/2821/1827
f 2593/2822/1828 2596/2825/1831 2597/2826/1832 2594/2823/1829
f 2595/2824/1830 2598/2827/1833 2596/2825/1831 2593/2822/1828
f 2596/2825/1831 2599/2828/1834 2600/2829/1835 2597/2826/1832
f 2598/2827/1833 2601/2830/1836 2599/2828/1834 2596/2825/1831
f 2599/2828/1834 2602/2831/1837 2603/2832/1838 2600/2829/1835
f 2601/2830/1836 2604/2833/1839 2602/2831/1837 2599/2828/1834
f 2602/2831/1837 2605/2834/1840 2606/2835/1841 2603/2832/1838
f 2604/2833/1839 2607/2836/1842 2605/2834/1840 2602/2831/1837
f 2605/2834/1840 2608/2837/1843 2609/2838/1844 2606/2835/1841
f 2607/2836/1842 2610/2839/1845 2608/2837/1843 2605/2834/1840
f 2608/2837/1843 2611/2840/1846 2612/2841/1847 2609/2838/1844
f 2610/2839/1845 2613/2842/1848 2611/2840/1846 2608/2837/1843
f 2611/2840/1846 2614/2843/1849 2615/2844/1850 2612/2841/1847
f 2613/2842/1848 2616/2845/1851 2614/2843/1849 2611/2840/1846
f 2614/2843/1849 2617/2846/1852 2618/2847/1853 2615/2844/1850
f 2616/2845/1851 2619/2848/1854 2617/2846/1852 2614/2843/1849
f 2617/2846/1852 2620/2849/1855 2621/2850/1856 2618/2847/1853
f 2619/2848/1854 2622/2851/1857 2620/2849/1855 2617/2846/1852
f 2620/2849/1855 2623/2852/1858 2624/2853/1859 2621/2850/1856
f 2622/2851/1857 2625/2854/1860 2623/2852/1858 2620/2849/1855
f 2623/2852/1858 2626/2855/1861 2627/2856/1862 2624/2853/1859
f 2625/2854/1860 2628/2857/1863 2626/2855/1861 2623/2852/1858
f 2626/2855/1861 2629/2858/1864 2630/2859/1865 2627/2856/1862
f 2628/2857/1863 2631/2860/1866 2629/2858/1864 2626/2855/1861
f 2629/2858/1864 2632/2861/1867 2633/2862/1868 2630/2859/1865
f 2631/2860/1866 2634/2863/1869 2632/2861/1867 2629/2858/1864
f 2632/2861/1867 2635/2864/1870 2636/2865/1871 2633/2862/1868
f 2634/2863/1869 2637/2866/1872 2635/2864/1870 2632/2861/1867
f 2635/2864/1870 2638/2867/1873 2639/2868/1874 2636/2865/1871
f 2637/2866/1872 2640/2869/1875 2638/2867/1873 2635/2864/1870
f 2638/2867/1873 2641/2870/1876 2642/2871/1877 2639/2868/1874
f 2640/2869/1875 2643/2872/1878 2641/2870/1876 2638/2867/1873
f 2641/2870/1876 2644/2873/1879 2645/2874/1880 2642/2871/1877
f 2643/2872/1878 2646/2875/1881 2644/2873/1879 2641/2870/1876
f 2644/2873/1879 2647/2876/1882 2648/2877/1883 2645/2874/1880
f 2646/2875/1881 2649/2878/1884 2647/2876/1882 2644/2873/1879
f 2647/2876/1882 2650/2879/1885 2651/2880/1886 2648/2877/1883
f 2649/2878/1884 2652/2881/1887 2650/2879/1885 2647/2876/1882
f 2650/2879/1885 2653/2882/1888 2654/2883/1889 2651/2880/1886
f 2652/2881/1887 2655/2884/1890 2653/2882/1888 2650/2879/1885
f 2653/2882/1888 2656/2885/1891 2657/2886/1892 2654/2883/1889
f 2655/2884/1890 2658/2887/1893 2656/2885/1891 2653/2882/1888
f 2656/2885/1891 2659/2888/1894 2660/2889/1895 2657/2886/1892
f 2658/2887/1893 2661/2890/1896 2659/2888/1894 2656/2885/1891
f 2659/2888/1894 2662/2891/1897 2663/2892/1898 2660/2889/1895
f 2661/2890/1896 2664/2893/1899 2662/2891/1897 2659/2888/1894
f 2662/2891/1897 2665/2894/1900 2666/2895/1901 2663/2892/1898
f 2664/2893/1899 2667/2896/1902 2665/2894/1900 2662/2891/1897
f 2665/2894/1900 2668/2897/1903 2669/2898/1904 2666/2895/1901
f 2667/2896/1902 2670/2899/1905 2668/2897/1903 2665/2894/1900
f 2668/2897/1903 2671/2900/1906 2672/2901/1907 2669/2898/1904
f 2670/2899/1905 2673/2902/1908 2671/2900/1906 2668/2897/1903
f 2671/2900/1906 2674/2903/1909 2675/2904/1910 2672/2901/1907
f 2673/2902/1908 2676/2905/1911 2674/2903/1909 2671/2900/1906
f 2674/2903/1909 2677/2906/1912 2678/2907/1913 2675/2904/1910
f 2676/2905/1911 2679/2908/1914 2677/2906/1912 2674/2903/1909
f 2677/2906/1912 2680/2909/1915 2681/2910/1916 2678/2907/1913
f 2679/2908/1914 2682/2911/1917 2680/2909/1915 2677/2906/1912
f 2680/2909/1915 2683/2912/1918 2684/2913/1919 2681/2910/1916
f 2682/2911/1917 2685/2914/1920 2683/2912/1918 2680/2909/1915
f 2683/2912/1918 2686/2915/1921 2687/2916/1922 2684/2913/1919
f 2685/2914/1920 2688/2917/1923 2686/2915/1921 2683/2912/1918
f 2686/2915/1921 2689/2918/1924 2690/2919/1925 2687/2916/1922
f 2688/2917/1923 2691/2920/1926 2689/2918/1924 2686/2915/1921
f 2689/2918/1924 2692/2921/1927 2693/2922/1928 2690/2919/1925
f 2691/2920/1926 2694/2923/1929 2692/2921/1927 2689/2918/1924
f 2692/2921/1927 2695/2924/1930 2696/2925/1931 2693/2922/1928
f 2694/2923/1929 2697/2926/1932 2695/2924/1930 2692/2921/1927
f 2695/2924/1930 2698/2927/1933 2699/2928/1934 2696/2925/1931
f 2697/2926/1932 2700/2929/1935 2698/2927/1933 2695/2924/1930
f 2698/2927/1933 2701/2930/1933 2702/2931/1934 2699/2928/1934
f 2700/2929/1935 2703/2932/1935 2701/2930/1933 2698/2927/1933
f 2701/2930/1933 2704/2933/1936 2705/2934/1937 2702/2931/1934
f 2703/2932/1935 2706/2935/1938 2704/2933/1936 2701/2930/1933
f 2704/2933/1936 2707/2936/1939 2708/2937/1940 2705/2934/1937
f 2706/2935/1938 2709/2938/1941 2707/2936/1939 2704/2933/1936
f 2707/2936/1939 2710/2939/1942 2711/2940/1943 2708/2937/1940
f 2709/2938/1941 2712/2941/1944 2710/2939/1942 2707/2936/1939
f 2710/2939/1942 2713/2942/1945 2714/2943/1946 2711/2940/1943
f 2712/2941/1944 2715/2944/1947 2713/2942/1945 2710/2939/1942
f 2713/2942/1945 2716/2945/1948 2717/2946/1949 2714/2943/1946
f 2715/2944/1947 2718/2947/1950 2716/2945/1948 2713/2942/1945
f 2716/2945/1948 2719/2948/1951 2720/2949/1952 2717/2946/1949
f 2718/2947/1950 2721/2950/1953 2719/2948/1951 2716/2945/1948
f 2719/2948/1951 2722/2951/1954 2723/2952/1955 2720/2949/1952
f 2721/2950/1953 2724/2953/1956 2722/2951/1954 2719/2948/1951
f 2722/2951/1954 2725/2954/1957 2726/2955/1958 2723/2952/1955
f 2724/2953/1956 2727/2956/1959 2725/2954/1957 2722/2951/1954
f 2725/2954/1957 2728/2957/1960 2729/2958/1961 2726/2955/1958
f 2727/2956/1959 2730/2959/1962 2728/2957/1960 2725/2954/1957
f 2728/2957/1960 2731/2960/1963 2732/2961/1964 2729/2958/1961
f 2730/2959/1962 2733/2962/1965 2731/2960/1963 2728/2957/1960
f 2735/2963/1966 2734/2964/1967 2733/2962/1965 2730/2959/1962
f 2737/2965/1968 2736/2966/1969 2734/2967/1967 2735/2968/1966
f 2739/2969/1970 2738/2970/1971 2736/2966/1969 2737/2965/1968
f 2741/2971/1972 2740/2972/1973 2738/2970/1971 2739/2969/1970
f 2743/2973/1974 2742/2974/1975 2740/2972/1973 2741/2971/1972
f 2745/2975/1976 2744/2976/1977 2742/2974/1975 2743/2973/1974
f 2747/2977/1978 2746/2978/1979 2744/2976/1977 2745/2975/1976
f 2749/2979/1980 2748/2980/1981 2746/2978/1979 2747/2977/1978
f 2751/2981/1982 2750/2982/1983 2748/2980/1981 2749/2979/1980
f 2729/2958/1961 2732/2961/1964 2750/2982/1983 2751/2981/1982
f 2726/2955/1958 2729/2958/1961 2751/2981/1982 2752/2983/1984
f 2752/2983/1984 2751/2981/1982 2749/2979/1980 2754/2984/1985
f 2723/2952/1955 2726/2955/1958 2752/2983/1984 2753/2985/1986
f 2753/2985/1986 2752/2983/1984 2754/2984/1985 2755/2986/1987
f 2755/2986/1987 2754/2984/1985 2756/2987/1988 2757/2988/1989
f 2754/2984/1985 2749/2979/1980 2747/2977/1978 2756/2987/1988
f 2757/2988/1989 2756/2987/1988 2758/2989/1990 2759/2990/1991
f 2756/2987/1988 2747/2977/1978 2745/2975/1976 2758/2989/1990
f 2759/2990/1991 2758/2989/1990 2760/2991/1992 2761/2992/1993
f 2758/2989/1990 2745/2975/1976 2743/2973/1974 2760/2991/1992
f 2761/2992/1993 2760/2991/1992 2762/2993/1994 2763/2994/1995
f 2760/2991/1992 2743/2973/1974 2741/2971/1972 2762/2993/1994
f 2763/2994/1995 2762/2993/1994 2764/2995/1996 2765/2996/1997
f 2762/2993/1994 2741/2971/1972 2739/2969/1970 2764/2995/1996
f 2765/2996/1997 2764/2995/1996 2766/2997/1998 2767/2998/1999
f 2764/2995/1996 2739/2969/1970 2737/2965/1968 2766/2997/1998
f 2767/2998/1999 2766/2997/1998 2768/2999/2000 2769/3000/2001
f 2766/2997/1998 2737/2965/1968 2735/2968/1966 2768/2999/2000
f 2769/3001/2001 2768/3002/2000 2727/2956/1959 2724/2953/1956
f 2768/3002/2000 2735/2963/1966 2730/2959/1962 2727/2956/1959
f 2772/3003/2002 2767/2998/1999 2769/3000/2001 2770/3004/2003
f 2770/3005/2003 2769/3001/2001 2724/2953/1956 2721/2950/1953
f 2773/3006/2004 2772/3003/2002 2770/3004/2003 2771/3007/2005
f 2771/3008/2005 2770/3005/2003 2721/2950/1953 2718/2947/1950
f 2775/3009/2006 2774/3010/2007 2772/3003/2002 2773/3006/2004
f 2774/3010/2007 2765/2996/1997 2767/2998/1999 2772/3003/2002
f 2777/3011/2008 2776/3012/2009 2774/3010/2007 2775/3009/2006
f 2776/3012/2009 2763/2994/1995 2765/2996/1997 2774/3010/2007
f 2779/3013/2010 2778/3014/2011 2776/3012/2009 2777/3011/2008
f 2778/3014/2011 2761/2992/1993 2763/2994/1995 2776/3012/2009
f 2781/3015/2012 2780/3016/2013 2778/3014/2011 2779/3013/2010
f 2780/3016/2013 2759/2990/1991 2761/2992/1993 2778/3014/2011
f 2783/3017/2014 2782/3018/2015 2780/3016/2013 2781/3015/2012
f 2782/3018/2015 2757/2988/1989 2759/2990/1991 2780/3016/2013
f 2785/3019/2016 2784/3020/2017 2782/3018/2015 2783/3017/2014
f 2784/3020/2017 2755/2986/1987 2757/2988/1989 2782/3018/2015
f 2787/3021/2018 2786/3022/2019 2784/3020/2017 2785/3019/2016
f 2786/3022/2019 2753/2985/1986 2755/2986/1987 2784/3020/2017
f 2717/2946/1949 2720/2949/1952 2786/3022/2019 2787/3021/2018
f 2720/2949/1952 2723/2952/1955 2753/2985/1986 2786/3022/2019
f 2714/2943/1946 2717/2946/1949 2787/3021/2018 2788/3023/2020
f 2788/3023/2020 2787/3021/2018 2785/3019/2016 2790/3024/2021
f 2711/2940/1943 2714/2943/1946 2788/3023/2020 2789/3025/2022
f 2789/3025/2022 2788/3023/2020 2790/3024/2021 2791/3026/2023
f 2791/3026/2023 2790/3024/2021 2792/3027/2024 2793/3028/2025
f 2790/3024/2021 2785/3019/2016 2783/3017/2014 2792/3027/2024
f 2793/3028/2025 2792/3027/2024 2794/3029/2026 2795/3030/2027
f 2792/3027/2024 2783/3017/2014 2781/3015/2012 2794/3029/2026
f 2795/3030/2027 2794/3029/2026 2796/3031/2028 2797/3032/2029
f 2794/3029/2026 2781/3015/2012 2779/3013/2010 2796/3031/2028
f 2797/3032/2029 2796/3031/2028 2798/3033/2030 2799/3034/2031
f 2796/3031/2028 2779/3013/2010 2777/3011/2008 2798/3033/2030
f 2799/3034/2031 2798/3033/2030 2800/3035/2032 2801/3036/2033
f 2798/3033/2030 2777/3011/2008 2775/3009/2006 2800/3035/2032
f 2801/3036/2033 2800/3035/2032 2802/3037/2034 2803/3038/2035
f 2800/3035/2032 2775/3009/2006 2773/3006/2004 2802/3037/2034
f 2803/3038/2035 2802/3037/2034 2804/3039/2036 2805/3040/2037
f 2802/3037/2034 2773/3006/2004 2771/3007/2005 2804/3039/2036
f 2805/3041/2037 2804/3042/2036 2715/2944/1947 2712/2941/1944
f 2804/3042/2036 2771/3008/2005 2718/2947/1950 2715/2944/1947
f 2808/3043/2038 2803/3038/2035 2805/3040/2037 2806/3044/2039
f 2806/3045/2039 2805/3041/2037 2712/2941/1944 2709/2938/1941
f 2809/3046/2040 2808/3043/2038 2806/3044/2039 2807/3047/2041
f 2807/3048/2041 2806/3045/2039 2709/2938/1941 2706/2935/1938
f 2811/3049/2042 2810/3050/2043 2808/3043/2038 2809/3046/2040
f 2810/3050/2043 2801/3036/2033 2803/3038/2035 2808/3043/2038
f 2813/3051/2044 2812/3052/2045 2810/3050/2043 2811/3049/2042
f 2812/3052/2045 2799/3034/2031 2801/3036/2033 2810/3050/2043
f 2815/3053/2046 2814/3054/2047 2812/3052/2045 2813/3051/2044
f 2814/3054/2047 2797/3032/2029 2799/3034/2031 2812/3052/2045
f 2817/3055/2048 2816/3056/2049 2814/3054/2047 2815/3053/2046
f 2816/3056/2049 2795/3030/2027 2797/3032/2029 2814/3054/2047
f 2819/3057/2050 2818/3058/2051 2816/3056/2049 2817/3055/2048
f 2818/3058/2051 2793/3028/2025 2795/3030/2027 2816/3056/2049
f 2821/3059/2052 2820/3060/2053 2818/3058/2051 2819/3057/2050
f 2820/3060/2053 2791/3026/2023 2793/3028/2025 2818/3058/2051
f 2823/3061/2054 2822/3062/2055 2820/3060/2053 2821/3059/2052
f 2822/3062/2055 2789/3025/2022 2791/3026/2023 2820/3060/2053
f 2705/2934/1937 2708/2937/1940 2822/3062/2055 2823/3061/2054
f 2708/2937/1940 2711/2940/1943 2789/3025/2022 2822/3062/2055
f 2702/2931/1934 2705/2934/1937 2823/3061/2054 2824/3063/2056
f 2824/3063/2056 2823/3061/2054 2821/3059/2052 2826/3064/2057
f 2699/2928/1934 2702/2931/1934 2824/3063/2056 2825/3065/2056
f 2825/3065/2056 2824/3063/2056 2826/3064/2057 2827/3066/2058
f 2827/3066/2058 2826/3064/2057 2828/3067/2059 2829/3068/2059
f 2826/3064/2057 2821/3059/2052 2819/3057/2050 2828/3067/2059
f 2829/3068/2059 2828/3067/2059 2830/3069/2060 2831/3070/2060
f 2828/3067/2059 2819/3057/2050 2817/3055/2048 2830/3069/2060
f 2831/3070/2060 2830/3069/2060 2832/3071/2061 2833/3072/2061
f 2830/3069/2060 2817/3055/2048 2815/3053/2046 2832/3071/2061
f 2833/3072/2061 2832/3071/2061 2834/3073/2062 2835/3074/2062
f 2832/3071/2061 2815/3053/2046 2813/3051/2044 2834/3073/2062
f 2835/3074/2062 2834/3073/2062 2836/3075/2042 2837/3076/2042
f 2834/3073/2062 2813/3051/2044 2811/3049/2042 2836/3075/2042
f 2837/3076/2042 2836/3075/2042 2838/3077/2063 2839/3078/2063
f 2836/3075/2042 2811/3049/2042 2809/3046/2040 2838/3077/2063
f 2839/3078/2063 2838/3077/2063 2840/3079/2064 2841/3080/2064
f 2838/3077/2063 2809/3046/2040 2807/3047/2041 2840/3079/2064
f 2841/3081/2064 2840/3082/2064 2703/2932/1935 2700/2929/1935
f 2840/3082/2064 2807/3048/2041 2706/2935/1938 2703/2932/1935
f 2844/3083/2065 2839/3078/2063 2841/3080/2064 2842/3084/2066
f 2842/3085/2066 2841/3081/2064 2700/2929/1935 2697/2926/1932
f 2845/3086/2067 2844/3083/2065 2842/3084/2066 2843/3087/2068
f 2843/3088/2068 2842/3085/2066 2697/2926/1932 2694/2923/1929
f 2847/3089/2069 2846/3090/2070 2844/3083/2065 2845/3086/2067
f 2846/3090/2070 2837/3076/2042 2839/3078/2063 2844/3083/2065
f 2849/3091/2071 2848/3092/2072 2846/3090/2070 2847/3089/2069
f 2848/3092/2072 2835/3074/2062 2837/3076/2042 2846/3090/2070
f 2851/3093/2073 2850/3094/2074 2848/3092/2072 2849/3091/2071
f 2850/3094/2074 2833/3072/2061 2835/3074/2062 2848/3092/2072
f 2853/3095/2075 2852/3096/2076 2850/3094/2074 2851/3093/2073
f 2852/3096/2076 2831/3070/2060 2833/3072/2061 2850/3094/2074
f 2855/3097/2077 2854/3098/2078 2852/3096/2076 2853/3095/2075
f 2854/3098/2078 2829/3068/2059 2831/3070/2060 2852/3096/2076
f 2857/3099/2079 2856/3100/2080 2854/3098/2078 2855/3097/2077
f 2856/3100/2080 2827/3066/2058 2829/3068/2059 2854/3098/2078
f 2859/3101/2081 2858/3102/2082 2856/3100/2080 2857/3099/2079
f 2858/3102/2082 2825/3065/2056 2827/3066/2058 2856/3100/2080
f 2693/2922/1928 2696/2925/1931 2858/3102/2082 2859/3101/2081
f 2696/2925/1931 2699/2928/1934 2825/3065/2056 2858/3102/2082
f 2690/2919/1925 2693/2922/1928 2859/3101/2081 2860/3103/2083
f 2860/3103/2083 2859/3101/2081 2857/3099/2079 2862/3104/2084
f 2687/2916/1922 2690/2919/1925 2860/3103/2083 2861/3105/2085
f 2861/3105/2085 2860/3103/2083 2862/3104/2084 2863/3106/2086
f 2863/3106/2086 2862/3104/2084 2864/3107/2087 2865/3108/2088
f 2862/3104/2084 2857/3099/2079 2855/3097/2077 2864/3107/2087
f 2865/3108/2088 2864/3107/2087 2866/3109/2089 2867/3110/2090
f 2864/3107/2087 2855/3097/2077 2853/3095/2075 2866/3109/2089
f 2867/3110/2090 2866/3109/2089 2868/3111/2091 2869/3112/2092
f 2866/3109/2089 2853/3095/2075 2851/3093/2073 2868/3111/2091
f 2869/3112/2092 2868/3111/2091 2870/3113/2093 2871/3114/2094
f 2868/3111/2091 2851/3093/2073 2849/3091/2071 2870/3113/2093
f 2871/3114/2094 2870/3113/2093 2872/3115/2095 2873/3116/2096
f 2870/3113/2093 2849/3091/2071 2847/3089/2069 2872/3115/2095
f 2873/3116/2096 2872/3115/2095 2874/3117/2097 2875/3118/2098
f 2872/3115/2095 2847/3089/2069 2845/3086/2067 2874/3117/2097
f 2875/3118/2098 2874/3117/2097 2876/3119/2099 2877/3120/2100
f 2874/3117/2097 2845/3086/2067 2843/3087/2068 2876/3119/2099
f 2877/3121/2100 2876/3122/2099 2691/2920/1926 2688/2917/1923
f 2876/3122/2099 2843/3088/2068 2694/2923/1929 2691/2920/1926
f 2880/3123/2101 2875/3118/2098 2877/3120/2100 2878/3124/2102
f 2878/3125/2102 2877/3121/2100 2688/2917/1923 2685/2914/1920
f 2881/3126/2103 2880/3123/2101 2878/3124/2102 2879/3127/2104
f 2879/3128/2104 2878/3125/2102 2685/2914/1920 2682/2911/1917
f 2883/3129/2105 2882/3130/2106 2880/3123/2101 2881/3126/2103
f 2882/3130/2106 2873/3116/2096 2875/3118/2098 2880/3123/2101
f 2885/3131/2107 2884/3132/2108 2882/3130/2106 2883/3129/2105
f 2884/3132/2108 2871/3114/2094 2873/3116/2096 2882/3130/2106
f 2887/3133/2109 2886/3134/2110 2884/3132/2108 2885/3131/2107
f 2886/3134/2110 2869/3112/2092 2871/3114/2094 2884/3132/2108
f 2889/3135/2111 2888/3136/2112 2886/3134/2110 2887/3133/2109
f 2888/3136/2112 2867/3110/2090 2869/3112/2092 2886/3134/2110
f 2891/3137/2113 2890/3138/2114 2888/3136/2112 2889/3135/2111
f 2890/3138/2114 2865/3108/2088 2867/3110/2090 2888/3136/2112
f 2893/3139/2115 2892/3140/2116 2890/3138/2114 2891/3137/2113
f 2892/3140/2116 2863/3106/2086 2865/3108/2088 2890/3138/2114
f 2895/3141/2117 2894/3142/2118 2892/3140/2116 2893/3139/2115
f 2894/3142/2118 2861/3105/2085 2863/3106/2086 2892/3140/2116
f 2681/2910/1916 2684/2913/1919 2894/3142/2118 2895/3141/2117
f 2684/2913/1919 2687/2916/1922 2861/3105/2085 2894/3142/2118
f 2678/2907/1913 2681/2910/1916 2895/3141/2117 2896/3143/2119
f 2896/3143/2119 2895/3141/2117 2893/3139/2115 2898/3144/2120
f 2675/2904/1910 2678/2907/1913 2896/3143/2119 2897/3145/2121
f 2897/3145/2121 2896/3143/2119 2898/3144/2120 2899/3146/2122
f 2899/3146/2122 2898/3144/2120 2900/3147/2123 2901/3148/2124
f 2898/3144/2120 2893/3139/2115 2891/3137/2113 2900/3147/2123
f 2901/3148/2124 2900/3147/2123 2902/3149/2125 2903/3150/2126
f 2900/3147/2123 2891/3137/2113 2889/3135/2111 2902/3149/2125
f 2903/3150/2126 2902/3149/2125 2904/3151/2127 2905/3152/2128
f 2902/3149/2125 2889/3135/2111 2887/3133/2109 2904/3151/2127
f 2905/3152/2128 2904/3151/2127 2906/3153/2129 2907/3154/2130
f 2904/3151/2127 2887/3133/2109 2885/3131/2107 2906/3153/2129
f 2907/3154/2130 2906/3153/2129 2908/3155/2131 2909/3156/2132
f 2906/3153/2129 2885/3131/2107 2883/3129/2105 2908/3155/2131
f 2909/3156/2132 2908/3155/2131 2910/3157/2133 2911/3158/2134
f 2908/3155/2131 2883/3129/2105 2881/3126/2103 2910/3157/2133
f 2911/3158/2134 2910/3157/2133 2912/3159/2135 2913/3160/2136
f 2910/3157/2133 2881/3126/2103 2879/3127/2104 2912/3159/2135
f 2913/3161/2136 2912/3162/2135 2679/2908/1914 2676/2905/1911
f 2912/3162/2135 2879/3128/2104 2682/2911/1917 2679/2908/1914
f 2916/3163/2137 2911/3158/2134 2913/3160/2136 2914/3164/2138
f 2914/3165/2138 2913/3161/2136 2676/2905/1911 2673/2902/1908
f 2917/3166/2139 2916/3163/2137 2914/3164/2138 2915/3167/2140
f 2915/3168/2140 2914/3165/2138 2673/2902/1908 2670/2899/1905
f 2919/3169/2141 2918/3170/2141 2916/3163/2137 2917/3166/2139
f 2918/3170/2141 2909/3156/2132 2911/3158/2134 2916/3163/2137
f 2921/3171/2142 2920/3172/2143 2918/3170/2141 2919/3169/2141
f 2920/3172/2143 2907/3154/2130 2909/3156/2132 2918/3170/2141
f 2923/3173/2144 2922/3174/2145 2920/3172/2143 2921/3171/2142
f 2922/3174/2145 2905/3152/2128 2907/3154/2130 2920/3172/2143
f 2925/3175/2146 2924/3176/2147 2922/3174/2145 2923/3173/2144
f 2924/3176/2147 2903/3150/2126 2905/3152/2128 2922/3174/2145
f 2927/3177/2148 2926/3178/2149 2924/3176/2147 2925/3175/2146
f 2926/3178/2149 2901/3148/2124 2903/3150/2126 2924/3176/2147
f 2929/3179/2150 2928/3180/2151 2926/3178/2149 2927/3177/2148
f 2928/3180/2151 2899/3146/2122 2901/3148/2124 2926/3178/2149
f 2931/3181/2152 2930/3182/2152 2928/3180/2151 2929/3179/2150
f 2930/3182/2152 2897/3145/2121 2899/3146/2122 2928/3180/2151
f 2669/2898/1904 2672/2901/1907 2930/3182/2152 2931/3181/2152
f 2672/2901/1907 2675/2904/1910 2897/3145/2121 2930/3182/2152
f 2666/2895/1901 2669/2898/1904 2931/3181/2152 2932/3183/2153
f 2932/3183/2153 2931/3181/2152 2929/3179/2150 2934/3184/2154
f 2663/2892/1898 2666/2895/1901 2932/3183/2153 2933/3185/2155
f 2933/3185/2155 2932/3183/2153 2934/3184/2154 2935/3186/2156
f 2935/3186/2156 2934/3184/2154 2936/3187/2157 2937/3188/2158
f 2934/3184/2154 2929/3179/2150 2927/3177/2148 2936/3187/2157
f 2937/3188/2158 2936/3187/2157 2938/3189/2159 2939/3190/2160
f 2936/3187/2157 2927/3177/2148 2925/3175/2146 2938/3189/2159
f 2939/3190/2160 2938/3189/2159 2940/3191/2161 2941/3192/2162
f 2938/3189/2159 2925/3175/2146 2923/3173/2144 2940/3191/2161
f 2941/3192/2162 2940/3191/2161 2942/3193/2163 2943/3194/2164
f 2940/3191/2161 2923/3173/2144 2921/3171/2142 2942/3193/2163
f 2943/3194/2164 2942/3193/2163 2944/3195/2165 2945/3196/2166
f 2942/3193/2163 2921/3171/2142 2919/3169/2141 2944/3195/2165
f 2945/3196/2166 2944/3195/2165 2946/3197/2167 2947/3198/2168
f 2944/3195/2165 2919/3169/2141 2917/3166/2139 2946/3197/2167
f 2947/3198/2168 2946/3197/2167 2948/3199/2169 2949/3200/2170
f 2946/3197/2167 2917/3166/2139 2915/3167/2140 2948/3199/2169
f 2949/3201/2170 2948/3202/2169 2667/2896/1902 2664/2893/1899
f 2948/3202/2169 2915/3168/2140 2670/2899/1905 2667/2896/1902
f 2952/3203/2171 2947/3198/2168 2949/3200/2170 2950/3204/2172
f 2950/3205/2172 2949/3201/2170 2664/2893/1899 2661/2890/1896
f 2953/3206/2173 2952/3203/2171 2950/3204/2172 2951/3207/2174
f 2951/3208/2174 2950/3205/2172 2661/2890/1896 2658/2887/1893
f 2955/3209/2175 2954/3210/2176 2952/3203/2171 2953/3206/2173
f 2954/3210/2176 2945/3196/2166 2947/3198/2168 2952/3203/2171
f 2957/3211/2177 2956/3212/2178 2954/3210/2176 2955/3209/2175
f 2956/3212/2178 2943/3194/2164 2945/3196/2166 2954/3210/2176
f 2959/3213/2179 2958/3214/2180 2956/3212/2178 2957/3211/2177
f 2958/3214/2180 2941/3192/2162 2943/3194/2164 2956/3212/2178
f 2961/3215/2181 2960/3216/2182 2958/3214/2180 2959/3213/2179
f 2960/3216/2182 2939/3190/2160 2941/3192/2162 2958/3214/2180
f 2963/3217/2183 2962/423/2184 2960/3216/2182 2961/3215/2181
f 2962/423/2184 2937/3188/2158 2939/3190/2160 2960/3216/2182
f 2965/3218/2185 2964/3219/2186 2962/423/2184 2963/3217/2183
f 2964/3219/2186 2935/3186/2156 2937/3188/2158 2962/423/2184
f 2967/3220/2187 2966/3221/2188 2964/3219/2186 2965/3218/2185
f 2966/3221/2188 2933/3185/2155 2935/3186/2156 2964/3219/2186
f 2657/2886/1892 2660/2889/1895 2966/3221/2188 2967/3220/2187
f 2660/2889/1895 2663/2892/1898 2933/3185/2155 2966/3221/2188
f 2654/2883/1889 2657/2886/1892 2967/3220/2187 2968/3222/2189
f 2968/3222/2189 2967/3220/2187 2965/3218/2185 2970/3223/2190
f 2651/2880/1886 2654/2883/1889 2968/3222/2189 2969/3224/2191
f 2969/3224/2191 2968/3222/2189 2970/3223/2190 2971/3225/2192
f 2971/3225/2192 2970/3223/2190 2972/3226/2193 2973/3227/2194
f 2970/3223/2190 2965/3218/2185 2963/3217/2183 2972/3226/2193
f 2973/3227/2194 2972/3226/2193 2974/3228/2195 2975/3229/2196
f 2972/3226/2193 2963/3217/2183 2961/3215/2181 2974/3228/2195
f 2975/3229/2196 2974/3228/2195 2976/3230/2197 2977/3231/2198
f 2974/3228/2195 2961/3215/2181 2959/3213/2179 2976/3230/2197
f 2977/3231/2198 2976/3230/2197 2978/3232/2199 2979/3233/2200
f 2976/3230/2197 2959/3213/2179 2957/3211/2177 2978/3232/2199
f 2979/3233/2200 2978/3232/2199 2980/3234/2201 2981/3235/2202
f 2978/3232/2199 2957/3211/2177 2955/3209/2175 2980/3234/2201
f 2981/3235/2202 2980/3234/2201 2982/3236/2203 2983/3237/2204
f 2980/3234/2201 2955/3209/2175 2953/3206/2173 2982/3236/2203
f 2983/3237/2204 2982/3236/2203 2984/3238/2205 2985/3239/2206
f 2982/3236/2203 2953/3206/2173 2951/3207/2174 2984/3238/2205
f 2985/3240/2206 2984/3241/2205 2655/2884/1890 2652/2881/1887
f 2984/3241/2205 2951/3208/2174 2658/2887/1893 2655/2884/1890
f 2988/3242/2207 2983/3237/2204 2985/3239/2206 2986/3243/2208
f 2986/3244/2208 2985/3240/2206 2652/2881/1887 2649/2878/1884
f 2989/3245/2209 2988/3242/2207 2986/3243/2208 2987/3246/2210
f 2987/3247/2210 2986/3244/2208 2649/2878/1884 2646/2875/1881
f 2991/3248/2211 2990/3249/2212 2988/3242/2207 2989/3245/2209
f 2990/3249/2212 2981/3235/2202 2983/3237/2204 2988/3242/2207
f 2993/3250/2213 2992/3251/2214 2990/3249/2212 2991/3248/2211
f 2992/3251/2214 2979/3233/2200 2981/3235/2202 2990/3249/2212
f 2995/3252/2215 2994/3253/2216 2992/3251/2214 2993/3250/2213
f 2994/3253/2216 2977/3231/2198 2979/3233/2200 2992/3251/2214
f 2997/3254/2217 2996/3255/2218 2994/3253/2216 2995/3252/2215
f 2996/3255/2218 2975/3229/2196 2977/3231/2198 2994/3253/2216
f 2999/3256/2219 2998/3257/2220 2996/3255/2218 2997/3254/2217
f 2998/3257/2220 2973/3227/2194 2975/3229/2196 2996/3255/2218
f 3001/3258/2221 3000/3259/2222 2998/3257/2220 2999/3256/2219
f 3000/3259/2222 2971/3225/2192 2973/3227/2194 2998/3257/2220
f 3003/3260/2223 3002/3261/2224 3000/3259/2222 3001/3258/2221
f 3002/3261/2224 2969/3224/2191 2971/3225/2192 3000/3259/2222
f 2645/2874/1880 2648/2877/1883 3002/3261/2224 3003/3260/2223
f 2648/2877/1883 2651/2880/1886 2969/3224/2191 3002/3261/2224
f 2642/2871/1877 2645/2874/1880 3003/3260/2223 3004/3262/2225
f 3004/3262/2225 3003/3260/2223 3001/3258/2221 3006/3263/2226
f 2639/2868/1874 2642/2871/1877 3004/3262/2225 3005/3264/2227
f 3005/3264/2227 3004/3262/2225 3006/3263/2226 3007/3265/2228
f 3007/3265/2228 3006/3263/2226 3008/3266/2229 3009/3267/2230
f 3006/3263/2226 3001/3258/2221 2999/3256/2219 3008/3266/2229
f 3009/3267/2230 3008/3266/2229 3010/3268/2231 3011/3269/2232
f 3008/3266/2229 2999/3256/2219 2997/3254/2217 3010/3268/2231
f 3011/3269/2232 3010/3268/2231 3012/3270/2233 3013/3271/2234
f 3010/3268/2231 2997/3254/2217 2995/3252/2215 3012/3270/2233
f 3013/3271/2234 3012/3270/2233 3014/3272/2235 3015/3273/2236
f 3012/3270/2233 2995/3252/2215 2993/3250/2213 3014/3272/2235
f 3015/3273/2236 3014/3272/2235 3016/3274/2237 3017/3275/2238
f 3014/3272/2235 2993/3250/2213 2991/3248/2211 3016/3274/2237
f 3017/3275/2238 3016/3274/2237 3018/3276/2239 3019/3277/2240
f 3016/3274/2237 2991/3248/2211 2989/3245/2209 3018/3276/2239
f 3019/3277/2240 3018/3276/2239 3020/3278/2241 3021/3279/2242
f 3018/3276/2239 2989/3245/2209 2987/3246/2210 3020/3278/2241
f 3021/3280/2242 3020/3281/2241 2643/2872/1878 2640/2869/1875
f 3020/3281/2241 2987/3247/2210 2646/2875/1881 2643/2872/1878
f 3024/3282/2243 3019/3277/2240 3021/3279/2242 3022/3283/2244
f 3022/3284/2244 3021/3280/2242 2640/2869/1875 2637/2866/1872
f 3025/3285/2245 3024/3282/2243 3022/3283/2244 3023/3286/2246
f 3023/3287/2246 3022/3284/2244 2637/2866/1872 2634/2863/1869
f 3027/3288/2247 3026/3289/2248 3024/3282/2243 3025/3285/2245
f 3026/3289/2248 3017/3275/2238 3019/3277/2240 3024/3282/2243
f 3029/3290/2249 3028/3291/2250 3026/3289/2248 3027/3288/2247
f 3028/3291/2250 3015/3273/2236 3017/3275/2238 3026/3289/2248
f 3031/3292/2251 3030/3293/2252 3028/3291/2250 3029/3290/2249
f 3030/3293/2252 3013/3271/2234 3015/3273/2236 3028/3291/2250
f 3033/3294/2253 3032/3295/2254 3030/3293/2252 3031/3292/2251
f 3032/3295/2254 3011/3269/2232 3013/3271/2234 3030/3293/2252
f 3035/3296/2255 3034/3297/2256 3032/3295/2254 3033/3294/2253
f 3034/3297/2256 3009/3267/2230 3011/3269/2232 3032/3295/2254
f 3037/3298/2257 3036/3299/2258 3034/3297/2256 3035/3296/2255
f 3036/3299/2258 3007/3265/2228 3009/3267/2230 3034/3297/2256
f 3039/3300/2259 3038/3301/2260 3036/3299/2258 3037/3298/2257
f 3038/3301/2260 3005/3264/2227 3007/3265/2228 3036/3299/2258
f 2633/2862/1868 2636/2865/1871 3038/3301/2260 3039/3300/2259
f 2636/2865/1871 2639/2868/1874 3005/3264/2227 3038/3301/2260
f 2630/2859/1865 2633/2862/1868 3039/3300/2259 3040/3302/2261
f 3040/3302/2261 3039/3300/2259 3037/3298/2257 3042/3303/2262
f 2627/2856/1862 2630/2859/1865 3040/3302/2261 3041/3304/2263
f 3041/3304/2263 3040/3302/2261 3042/3303/2262 3043/3305/2264
f 3043/3305/2264 3042/3303/2262 3044/3306/2265 3045/3307/2266
f 3042/3303/2262 3037/3298/2257 3035/3296/2255 3044/3306/2265
f 3045/3307/2266 3044/3306/2265 3046/3308/2267 3047/3309/2268
f 3044/3306/2265 3035/3296/2255 3033/3294/2253 3046/3308/2267
f 3047/3309/2268 3046/3308/2267 3048/3310/2269 3049/3311/2270
f 3046/3308/2267 3033/3294/2253 3031/3292/2251 3048/3310/2269
f 3049/3311/2270 3048/3310/2269 3050/3312/2271 3051/3313/2272
f 3048/3310/2269 3031/3292/2251 3029/3290/2249 3050/3312/2271
f 3051/3313/2272 3050/3312/2271 3052/3314/2273 3053/3315/2274
f 3050/3312/2271 3029/3290/2249 3027/3288/2247 3052/3314/2273
f 3053/3315/2274 3052/3314/2273 3054/3316/2275 3055/3317/2276
f 3052/3314/2273 3027/3288/2247 3025/3285/2245 3054/3316/2275
f 3055/3317/2276 3054/3316/2275 3056/3318/2277 3057/3319/2278
f 3054/3316/2275 3025/3285/2245 3023/3286/2246 3056/3318/2277
f 3057/3320/2278 3056/3321/2277 2631/2860/1866 2628/2857/1863
f 3056/3321/2277 3023/3287/2246 2634/2863/1869 2631/2860/1866
f 3060/3322/2279 3055/3317/2276 3057/3319/2278 3058/3323/2280
f 3058/3324/2280 3057/3320/2278 2628/2857/1863 2625/2854/1860
f 3061/3325/2281 3060/3322/2279 3058/3323/2280 3059/3326/2282
f 3059/3327/2282 3058/3324/2280 2625/2854/1860 2622/2851/1857
f 3063/3328/2283 3062/3329/2284 3060/3322/2279 3061/3325/2281
f 3062/3329/2284 3053/3315/2274 3055/3317/2276 3060/3322/2279
f 3065/3330/2285 3064/3331/2286 3062/3329/2284 3063/3328/2283
f 3064/3331/2286 3051/3313/2272 3053/3315/2274 3062/3329/2284
f 3067/3332/2287 3066/3333/2288 3064/3331/2286 3065/3330/2285
f 3066/3333/2288 3049/3311/2270 3051/3313/2272 3064/3331/2286
f 3069/3334/2289 3068/3335/2290 3066/3333/2288 3067/3332/2287
f 3068/3335/2290 3047/3309/2268 3049/3311/2270 3066/3333/2288
f 3071/3336/2291 3070/3337/2292 3068/3335/2290 3069/3334/2289
f 3070/3337/2292 3045/3307/2266 3047/3309/2268 3068/3335/2290
f 3073/3338/2293 3072/3339/2294 3070/3337/2292 3071/3336/2291
f 3072/3339/2294 3043/3305/2264 3045/3307/2266 3070/3337/2292
f 3075/3340/2295 3074/3341/2296 3072/3339/2294 3073/3338/2293
f 3074/3341/2296 3041/3304/2263 3043/3305/2264 3072/3339/2294
f 2621/2850/1856 2624/2853/1859 3074/3341/2296 3075/3340/2295
f 2624/2853/1859 2627/2856/1862 3041/3304/2263 3074/3341/2296
f 2618/2847/1853 2621/2850/1856 3075/3340/2295 3076/3342/2297
f 3076/3342/2297 3075/3340/2295 3073/3338/2293 3078/3343/2298
f 2615/2844/1850 2618/2847/1853 3076/3342/2297 3077/3344/2299
f 3077/3344/2299 3076/3342/2297 3078/3343/2298 3079/3345/2300
f 3079/3345/2300 3078/3343/2298 3080/3346/2301 3081/3347/2302
f 3078/3343/2298 3073/3338/2293 3071/3336/2291 3080/3346/2301
f 3081/3347/2302 3080/3346/2301 3082/3348/2303 3083/3349/2304
f 3080/3346/2301 3071/3336/2291 3069/3334/2289 3082/3348/2303
f 3083/3349/2304 3082/3348/2303 3084/3350/2305 3085/3351/2306
f 3082/3348/2303 3069/3334/2289 3067/3332/2287 3084/3350/2305
f 3085/3351/2306 3084/3350/2305 3086/3352/2307 3087/3353/2308
f 3084/3350/2305 3067/3332/2287 3065/3330/2285 3086/3352/2307
f 3087/3353/2308 3086/3352/2307 3088/3354/2309 3089/3355/2310
f 3086/3352/2307 3065/3330/2285 3063/3328/2283 3088/3354/2309
f 3089/3355/2310 3088/3354/2309 3090/3356/2311 3091/3357/2312
f 3088/3354/2309 3063/3328/2283 3061/3325/2281 3090/3356/2311
f 3091/3357/2312 3090/3356/2311 3092/3358/2313 3093/3359/2314
f 3090/3356/2311 3061/3325/2281 3059/3326/2282 3092/3358/2313
f 3093/3360/2314 3092/3361/2313 2619/2848/1854 2616/2845/1851
f 3092/3361/2313 3059/3327/2282 2622/2851/1857 2619/2848/1854
f 3096/3362/2315 3091/3357/2312 3093/3359/2314 3094/3363/2316
f 3094/3364/2316 3093/3360/2314 2616/2845/1851 2613/2842/1848
f 3097/3365/2317 3096/3362/2315 3094/3363/2316 3095/3366/2318
f 3095/3367/2318 3094/3364/2316 2613/2842/1848 2610/2839/1845
f 3099/3368/2319 3098/3369/2320 3096/3362/2315 3097/3365/2317
f 3098/3369/2320 3089/3355/2310 3091/3357/2312 3096/3362/2315
f 3101/3370/2321 3100/3371/2322 3098/3369/2320 3099/3368/2319
f 3100/3371/2322 3087/3353/2308 3089/3355/2310 3098/3369/2320
f 3103/3372/2323 3102/3373/2324 3100/3371/2322 3101/3370/2321
f 3102/3373/2324 3085/3351/2306 3087/3353/2308 3100/3371/2322
f 3105/3374/2325 3104/3375/2326 3102/3373/2324 3103/3372/2323
f 3104/3375/2326 3083/3349/2304 3085/3351/2306 3102/3373/2324
f 3107/3376/2327 3106/3377/2328 3104/3375/2326 3105/3374/2325
f 3106/3377/2328 3081/3347/2302 3083/3349/2304 3104/3375/2326
f 3109/3378/2329 3108/3379/2330 3106/3377/2328 3107/3376/2327
f 3108/3379/2330 3079/3345/2300 3081/3347/2302 3106/3377/2328
f 3111/3380/2331 3110/3381/2332 3108/3379/2330 3109/3378/2329
f 3110/3381/2332 3077/3344/2299 3079/3345/2300 3108/3379/2330
f 2609/2838/1844 2612/2841/1847 3110/3381/2332 3111/3380/2331
f 2612/2841/1847 2615/2844/1850 3077/3344/2299 3110/3381/2332
f 2606/2835/1841 2609/2838/1844 3111/3380/2331 3112/3382/2333
f 3112/3382/2333 3111/3380/2331 3109/3378/2329 3114/3383/2334
f 2603/2832/1838 2606/2835/1841 3112/3382/2333 3113/3384/2335
f 3113/3384/2335 3112/3382/2333 3114/3383/2334 3115/3385/2336
f 3115/3385/2336 3114/3383/2334 3116/3386/2337 3117/3387/2338
f 3114/3383/2334 3109/3378/2329 3107/3376/2327 3116/3386/2337
f 3117/3387/2338 3116/3386/2337 3118/3388/2339 3119/3389/2340
f 3116/3386/2337 3107/3376/2327 3105/3374/2325 3118/3388/2339
f 3119/3389/2340 3118/3388/2339 3120/3390/2341 3121/3391/2342
f 3118/3388/2339 3105/3374/2325 3103/3372/2323 3120/3390/2341
f 3121/3391/2342 3120/3390/2341 3122/3392/2343 3123/3393/2344
f 3120/3390/2341 3103/3372/2323 3101/3370/2321 3122/3392/2343
f 3123/3393/2344 3122/3392/2343 3124/3394/2345 3125/3395/2346
f 3122/3392/2343 3101/3370/2321 3099/3368/2319 3124/3394/2345
f 3125/3395/2346 3124/3394/2345 3126/3396/2347 3127/3397/2348
f 3124/3394/2345 3099/3368/2319 3097/3365/2317 3126/3396/2347
f 3127/3397/2348 3126/3396/2347 3128/3398/2349 3129/3399/2350
f 3126/3396/2347 3097/3365/2317 3095/3366/2318 3128/3398/2349
f 3129/3400/2350 3128/3401/2349 2607/2836/1842 2604/2833/1839
f 3128/3401/2349 3095/3367/2318 2610/2839/1845 2607/2836/1842
f 3132/3402/2351 3127/3397/2348 3129/3399/2350 3130/3403/2352
f 3130/3404/2352 3129/3400/2350 2604/2833/1839 2601/2830/1836
f 3133/3405/2353 3132/3402/2351 3130/3403/2352 3131/3406/2354
f 3131/3407/2354 3130/3404/2352 2601/2830/1836 2598/2827/1833
f 3135/3408/2355 3134/3409/2356 3132/3402/2351 3133/3405/2353
f 3134/3409/2356 3125/3395/2346 3127/3397/2348 3132/3402/2351
f 3137/3410/2357 3136/3411/2358 3134/3409/2356 3135/3408/2355
f 3136/3411/2358 3123/3393/2344 3125/3395/2346 3134/3409/2356
f 3139/3412/2359 3138/3413/2360 3136/3411/2358 3137/3410/2357
f 3138/3413/2360 3121/3391/2342 3123/3393/2344 3136/3411/2358
f 3141/3414/2361 3140/3415/2362 3138/3413/2360 3139/3412/2359
f 3140/3415/2362 3119/3389/2340 3121/3391/2342 3138/3413/2360
f 3143/3416/2363 3142/3417/2364 3140/3415/2362 3141/3414/2361
f 3142/3417/2364 3117/3387/2338 3119/3389/2340 3140/3415/2362
f 3145/3418/2365 3144/3419/2366 3142/3417/2364 3143/3416/2363
f 3144/3419/2366 3115/3385/2336 3117/3387/2338 3142/3417/2364
f 3147/3420/2367 3146/3421/2368 3144/3419/2366 3145/3418/2365
f 3146/3421/2368 3113/3384/2335 3115/3385/2336 3144/3419/2366
f 2597/2826/1832 2600/2829/1835 3146/3421/2368 3147/3420/2367
f 2600/2829/1835 2603/2832/1838 3113/3384/2335 3146/3421/2368
f 2594/2823/1829 2597/2826/1832 3147/3420/2367 3148/3422/2369
f 3148/3422/2369 3147/3420/2367 3145/3418/2365 3149/3423/2370
f 2589/2819/1825 2594/2823/1829 3148/3422/2369 2587/2817/1823
f 2587/2817/1823 3148/3422/2369 3149/3423/2370 2585/2815/1821
f 2585/2815/1821 3149/3423/2370 3150/3424/2371 2583/2813/1819
f 3149/3423/2370 3145/3418/2365 3143/3416/2363 3150/3424/2371
f 2583/2813/1819 3150/3424/2371 3151/3425/2372 2581/2811/1817
f 3150/3424/2371 3143/3416/2363 3141/3414/2361 3151/3425/2372
f 2581/2811/1817 3151/3425/2372 3152/3426/2373 2579/2809/1815
f 3151/3425/2372 3141/3414/2361 3139/3412/2359 3152/3426/2373
f 2579/2809/1815 3152/3426/2373 3153/3427/2374 2577/2807/1813
f 3152/3426/2373 3139/3412/2359 3137/3410/2357 3153/3427/2374
f 2577/2807/1813 3153/3427/2374 3154/3428/2375 2575/2805/1811
f 3153/3427/2374 3137/3410/2357 3135/3408/2355 3154/3428/2375
f 2575/2805/1811 3154/3428/2375 3155/3429/2376 2573/2801/1809
f 3154/3428/2375 3135/3408/2355 3133/3405/2353 3155/3429/2376
f 2573/2801/1809 3155/3429/2376 3156/3430/2377 2571/2802/1805
f 3155/3429/2376 3133/3405/2353 3131/3406/2354 3156/3430/2377
f 2571/2797/1805 3156/3431/2377 2595/2824/1830 2592/2798/1806
f 3156/3431/2377 3131/3407/2354 2598/2827/1833 2595/2824/1830
f 3157/3432/642 3159/3433/643 3180/3434/644 3158/3435/645
f 3160/3436/646 3161/3437/647 3159/3438/643 3157/3439/642
f 3162/3440/648 3163/3441/649 3161/3437/647 3160/3436/646
f 3164/3442/650 3165/3443/651 3163/3441/649 3162/3440/648
f 3166/3444/652 3167/3445/653 3165/3443/651 3164/3442/650
f 3168/3446/654 3169/3447/2378 3167/3445/653 3166/3444/652
f 3170/3448/656 3171/3449/657 3169/3447/2378 3168/3446/654
f 3172/3450/658 3173/3451/659 3171/3449/657 3170/3448/656
f 3174/3452/660 3175/3453/661 3173/3451/659 3172/3450/658
f 3176/3454/662 3177/3455/663 3175/3453/661 3174/3452/660
f 3178/3456/2379 3179/3457/665 3177/3455/663 3176/3454/662
f 3158/3435/645 3180/3434/644 3179/3457/665 3178/3456/2379
f 3179/3457/665 3181/3458/666 3182/3459/667 3177/3455/663
f 3180/3434/644 3183/3460/668 3181/3458/666 3179/3457/665
f 3181/3458/666 3184/3461/669 3185/3462/670 3182/3459/667
f 3183/3460/668 3186/3463/671 3184/3461/669 3181/3458/666
f 3184/3461/669 3187/3464/672 3188/3465/673 3185/3462/670
f 3186/3463/671 3189/3466/674 3187/3464/672 3184/3461/669
f 3187/3464/672 3190/3467/675 3191/3468/676 3188/3465/673
f 3189/3466/674 3192/3469/677 3190/3467/675 3187/3464/672
f 3190/3467/675 3193/3470/678 3194/3471/679 3191/3468/676
f 3192/3469/677 3195/3472/680 3193/3470/678 3190/3467/675
f 3193/3470/678 3196/3473/681 3197/3474/682 3194/3471/679
f 3195/3472/680 3198/3475/683 3196/3473/681 3193/3470/678
f 3196/3473/681 3199/3476/684 3200/3477/685 3197/3474/682
f 3198/3475/683 3201/3478/686 3199/3476/684 3196/3473/681
f 3199/3476/684 3202/3479/687 3203/3480/688 3200/3477/685
f 3201/3478/686 3204/3481/689 3202/3479/687 3199/3476/684
f 3202/3479/687 3205/3482/690 3206/3483/691 3203/3480/688
f 3204/3481/689 3207/3484/692 3205/3482/690 3202/3479/687
f 3205/3482/690 3208/3485/693 3209/3486/694 3206/3483/691
f 3207/3484/692 3210/3487/695 3208/3485/693 3205/3482/690
f 3208/3485/693 3211/3488/696 3212/3489/697 3209/3486/694
f 3210/3487/695 3213/3490/698 3211/3488/696 3208/3485/693
f 3211/3488/696 3214/3491/699 3215/3492/700 3212/3489/697
f 3213/3490/698 3216/3493/701 3214/3491/699 3211/3488/696
f 3214/3491/699 3217/3494/702 3218/3495/703 3215/3492/700
f 3216/3493/701 3219/3496/704 3217/3494/702 3214/3491/699
f 3217/3494/702 3220/3497/705 3221/3498/706 3218/3495/703
f 3219/3496/704 3222/3499/707 3220/3497/705 3217/3494/702
f 3220/3497/705 3223/3500/708 3224/3501/709 3221/3498/706
f 3222/3499/707 3225/3502/710 3223/3500/708 3220/3497/705
f 3223/3500/708 3226/3503/711 3227/3504/712 3224/3501/709
f 3225/3502/710 3228/3505/713 3226/3503/711 3223/3500/708
f 3226/3503/711 3229/3506/714 3230/3507/715 3227/3504/712
f 3228/3505/713 3231/3508/716 3229/3506/714 3226/3503/711
f 3229/3506/714 3232/3509/717 3233/3510/718 3230/3507/715
f 3231/3508/716 3234/3511/719 3232/3509/717 3229/3506/714
f 3232/3509/717 3235/3512/720 3236/3513/721 3233/3510/718
f 3234/3511/719 3237/3514/722 3235/3512/720 3232/3509/717
f 3235/3512/720 3238/3515/723 3239/3516/724 3236/3513/721
f 3237/3514/722 3240/3517/725 3238/3515/723 3235/3512/720
f 3238/3515/723 3241/3518/726 3242/3519/727 3239/3516/724
f 3240/3517/725 3243/3520/728 3241/3518/726 3238/3515/723
f 3241/3518/726 3244/3521/729 3245/3522/730 3242/3519/727
f 3243/3520/728 3246/3523/731 3244/3521/729 3241/3518/726
f 3244/3521/729 3247/3524/732 3248/3525/733 3245/3522/730
f 3246/3523/731 3249/3526/734 3247/3524/732 3244/3521/729
f 3247/3524/732 3250/3527/735 3251/3528/736 3248/3525/733
f 3249/3526/734 3252/3529/737 3250/3527/735 3247/3524/732
f 3250/3527/735 3253/3530/738 3254/3531/739 3251/3528/736
f 3252/3529/737 3255/3532/740 3253/3530/738 3250/3527/735
f 3253/3530/738 3256/3533/741 3257/3534/742 3254/3531/739
f 3255/3532/740 3258/3535/743 3256/3533/741 3253/3530/738
f 3256/3533/741 3259/3536/744 3260/3537/745 3257/3534/742
f 3258/3535/743 3261/3538/746 3259/3536/744 3256/3533/741
f 3259/3536/744 3262/3539/747 3263/3540/748 3260/3537/745
f 3261/3538/746 3264/3541/749 3262/3539/747 3259/3536/744
f 3262/3539/747 3265/3542/750 3266/3543/751 3263/3540/748
f 3264/3541/749 3267/3544/752 3265/3542/750 3262/3539/747
f 3265/3542/750 3268/3545/753 3269/3546/754 3266/3543/751
f 3267/3544/752 3270/3547/755 3268/3545/753 3265/3542/750
f 3268/3545/753 3271/3548/756 3272/3549/757 3269/3546/754
f 3270/3547/755 3273/3550/758 3271/3548/756 3268/3545/753
f 3271/3548/756 3274/3551/759 3275/3552/760 3272/3549/757
f 3273/3550/758 3276/3553/761 3274/3551/759 3271/3548/756
f 3274/3551/759 3277/3554/762 3278/3555/763 3275/3552/760
f 3276/3553/761 3279/3556/764 3277/3554/762 3274/3551/759
f 3277/3554/762 3280/3557/765 3281/3558/766 3278/3555/763
f 3279/3556/764 3282/3559/767 3280/3557/765 3277/3554/762
f 3280/3557/765 3283/3560/768 3284/3561/769 3281/3558/766
f 3282/3559/767 3285/3562/770 3283/3560/768 3280/3557/765
f 3283/3560/768 3286/3563/771 3287/3564/772 3284/3561/769
f 3285/3562/770 3288/3565/773 3286/3563/771 3283/3560/768
f 3286/3563/771 3289/3566/771 3290/3567/772 3287/3564/772
f 3288/3565/773 3291/3568/773 3289/3566/771 3286/3563/771
f 3289/3566/771 3292/3569/775 3293/3570/776 3290/3567/772
f 3291/3568/773 3294/3571/777 3292/3569/775 3289/3566/771
f 3292/3569/775 3295/3572/778 3296/3573/779 3293/3570/776
f 3294/3571/777 3297/3574/780 3295/3572/778 3292/3569/775
f 3295/3572/778 3298/3575/781 3299/3576/782 3296/3573/779
f 3297/3574/780 3300/3577/783 3298/3575/781 3295/3572/778
f 3298/3575/781 3301/3578/784 3302/3579/785 3299/3576/782
f 3300/3577/783 3303/3580/786 3301/3578/784 3298/3575/781
f 3301/3578/784 3304/3581/787 3305/3582/788 3302/3579/785
f 3303/3580/786 3306/3583/789 3304/3581/787 3301/3578/784
f 3304/3581/787 3307/3584/790 3308/3585/791 3305/3582/788
f 3306/3583/789 3309/3586/792 3307/3584/790 3304/3581/787
f 3307/3584/790 3310/3587/793 3311/3588/794 3308/3585/791
f 3309/3586/792 3312/3589/795 3310/3587/793 3307/3584/790
f 3310/3587/793 3313/3590/796 3314/3591/797 3311/3588/794
f 3312/3589/795 3315/3592/798 3313/3590/796 3310/3587/793
f 3313/3590/796 3316/3593/799 3317/3594/800 3314/3591/797
f 3315/3592/798 3318/3595/801 3316/3593/799 3313/3590/796
f 3316/3593/799 3319/3596/802 3320/3597/803 3317/3594/800
f 3318/3595/801 3321/3598/804 3319/3596/802 3316/3593/799
f 3323/3599/805 3322/3600/806 3321/3598/804 3318/3595/801
f 3325/3601/807 3324/3602/808 3322/3603/806 3323/3604/805
f 3327/3605/809 3326/3606/810 3324/3602/808 3325/3601/807
f 3329/3607/811 3328/3608/812 3326/3606/810 3327/3605/809
f 3331/3609/813 3330/3610/814 3328/3608/812 3329/3607/811
f 3333/3611/815 3332/3612/816 3330/3610/814 3331/3609/813
f 3335/3613/817 3334/3614/818 3332/3612/816 3333/3611/815
f 3337/3615/819 3336/3616/820 3334/3614/818 3335/3613/817
f 3339/3617/821 3338/3618/822 3336/3616/820 3337/3615/819
f 3317/3594/800 3320/3597/803 3338/3618/822 3339/3617/821
f 3314/3591/797 3317/3594/800 3339/3617/821 3340/3619/823
f 3340/3619/823 3339/3617/821 3337/3615/819 3342/3620/824
f 3311/3588/794 3314/3591/797 3340/3619/823 3341/3621/825
f 3341/3621/825 3340/3619/823 3342/3620/824 3343/3622/826
f 3343/3622/826 3342/3620/824 3344/3623/827 3345/3624/828
f 3342/3620/824 3337/3615/819 3335/3613/817 3344/3623/827
f 3345/3624/828 3344/3623/827 3346/3625/829 3347/3626/830
f 3344/3623/827 3335/3613/817 3333/3611/815 3346/3625/829
f 3347/3626/830 3346/3625/829 3348/3627/831 3349/3628/832
f 3346/3625/829 3333/3611/815 3331/3609/813 3348/3627/831
f 3349/3628/832 3348/3627/831 3350/3629/833 3351/3630/834
f 3348/3627/831 3331/3609/813 3329/3607/811 3350/3629/833
f 3351/3630/834 3350/3629/833 3352/3631/835 3353/3632/836
f 3350/3629/833 3329/3607/811 3327/3605/809 3352/3631/835
f 3353/3632/836 3352/3631/835 3354/3633/837 3355/3634/838
f 3352/3631/835 3327/3605/809 3325/3601/807 3354/3633/837
f 3355/3634/838 3354/3633/837 3356/3635/839 3357/3636/840
f 3354/3633/837 3325/3601/807 3323/3604/805 3356/3635/839
f 3357/3637/840 3356/3638/839 3315/3592/798 3312/3589/795
f 3356/3638/839 3323/3599/805 3318/3595/801 3315/3592/798
f 3360/3639/841 3355/3634/838 3357/3636/840 3358/3640/842
f 3358/3641/842 3357/3637/840 3312/3589/795 3309/3586/792
f 3361/3642/843 3360/3639/841 3358/3640/842 3359/3643/844
f 3359/3644/844 3358/3641/842 3309/3586/792 3306/3583/789
f 3363/3645/845 3362/3646/846 3360/3639/841 3361/3642/843
f 3362/3646/846 3353/3632/836 3355/3634/838 3360/3639/841
f 3365/3647/847 3364/3648/848 3362/3646/846 3363/3645/845
f 3364/3648/848 3351/3630/834 3353/3632/836 3362/3646/846
f 3367/3649/849 3366/3650/850 3364/3648/848 3365/3647/847
f 3366/3650/850 3349/3628/832 3351/3630/834 3364/3648/848
f 3369/3651/851 3368/3652/852 3366/3650/850 3367/3649/849
f 3368/3652/852 3347/3626/830 3349/3628/832 3366/3650/850
f 3371/3653/853 3370/3654/854 3368/3652/852 3369/3651/851
f 3370/3654/854 3345/3624/828 3347/3626/830 3368/3652/852
f 3373/3655/855 3372/3656/856 3370/3654/854 3371/3653/853
f 3372/3656/856 3343/3622/826 3345/3624/828 3370/3654/854
f 3375/3657/857 3374/3658/858 3372/3656/856 3373/3655/855
f 3374/3658/858 3341/3621/825 3343/3622/826 3372/3656/856
f 3305/3582/788 3308/3585/791 3374/3658/858 3375/3657/857
f 3308/3585/791 3311/3588/794 3341/3621/825 3374/3658/858
f 3302/3579/785 3305/3582/788 3375/3657/857 3376/3659/859
f 3376/3659/859 3375/3657/857 3373/3655/855 3378/3660/860
f 3299/3576/782 3302/3579/785 3376/3659/859 3377/3661/861
f 3377/3661/861 3376/3659/859 3378/3660/860 3379/3662/862
f 3379/3662/862 3378/3660/860 3380/3663/863 3381/3664/864
f 3378/3660/860 3373/3655/855 3371/3653/853 3380/3663/863
f 3381/3664/864 3380/3663/863 3382/3665/865 3383/3666/866
f 3380/3663/863 3371/3653/853 3369/3651/851 3382/3665/865
f 3383/3666/866 3382/3665/865 3384/3667/867 3385/3668/2380
f 3382/3665/865 3369/3651/851 3367/3649/849 3384/3667/867
f 3385/3668/2380 3384/3667/867 3386/3669/869 3387/3670/870
f 3384/3667/867 3367/3649/849 3365/3647/847 3386/3669/869
f 3387/3670/870 3386/3669/869 3388/3671/871 3389/3672/872
f 3386/3669/869 3365/3647/847 3363/3645/845 3388/3671/871
f 3389/3672/872 3388/3671/871 3390/3673/873 3391/3674/874
f 3388/3671/871 3363/3645/845 3361/3642/843 3390/3673/873
f 3391/3674/874 3390/3673/873 3392/3675/875 3393/3676/876
f 3390/3673/873 3361/3642/843 3359/3643/844 3392/3675/875
f 3393/3677/876 3392/3678/875 3303/3580/786 3300/3577/783
f 3392/3678/875 3359/3644/844 3306/3583/789 3303/3580/786
f 3396/3679/877 3391/3674/874 3393/3676/876 3394/3680/878
f 3394/3681/878 3393/3677/876 3300/3577/783 3297/3574/780
f 3397/3682/879 3396/3679/877 3394/3680/878 3395/3683/880
f 3395/3684/880 3394/3681/878 3297/3574/780 3294/3571/777
f 3399/3685/881 3398/3686/882 3396/3679/877 3397/3682/879
f 3398/3686/882 3389/3672/872 3391/3674/874 3396/3679/877
f 3401/3687/883 3400/3688/884 3398/3686/882 3399/3685/881
f 3400/3688/884 3387/3670/870 3389/3672/872 3398/3686/882
f 3403/3689/885 3402/3690/886 3400/3688/884 3401/3687/883
f 3402/3690/886 3385/3668/2380 3387/3670/870 3400/3688/884
f 3405/3691/887 3404/3692/888 3402/3690/886 3403/3689/885
f 3404/3692/888 3383/3666/866 3385/3668/2380 3402/3690/886
f 3407/3693/889 3406/3694/890 3404/3692/888 3405/3691/887
f 3406/3694/890 3381/3664/864 3383/3666/866 3404/3692/888
f 3409/3695/891 3408/3696/892 3406/3694/890 3407/3693/889
f 3408/3696/892 3379/3662/862 3381/3664/864 3406/3694/890
f 3411/3697/893 3410/3698/894 3408/3696/892 3409/3695/891
f 3410/3698/894 3377/3661/861 3379/3662/862 3408/3696/892
f 3293/3570/776 3296/3573/779 3410/3698/894 3411/3697/893
f 3296/3573/779 3299/3576/782 3377/3661/861 3410/3698/894
f 3290/3567/772 3293/3570/776 3411/3697/893 3412/3699/895
f 3412/3699/895 3411/3697/893 3409/3695/891 3414/3700/896
f 3287/3564/772 3290/3567/772 3412/3699/895 3413/3701/895
f 3413/3701/895 3412/3699/895 3414/3700/896 3415/3702/897
f 3415/3702/897 3414/3700/896 3416/3703/898 3417/3704/898
f 3414/3700/896 3409/3695/891 3407/3693/889 3416/3703/898
f 3417/3704/898 3416/3703/898 3418/3705/899 3419/3706/899
f 3416/3703/898 3407/3693/889 3405/3691/887 3418/3705/899
f 3419/3706/899 3418/3705/899 3420/3707/900 3421/3708/901
f 3418/3705/899 3405/3691/887 3403/3689/885 3420/3707/900
f 3421/3708/901 3420/3707/900 3422/3709/902 3423/3710/902
f 3420/3707/900 3403/3689/885 3401/3687/883 3422/3709/902
f 3423/3710/902 3422/3709/902 3424/3711/881 3425/3712/881
f 3422/3709/902 3401/3687/883 3399/3685/881 3424/3711/881
f 3425/3712/881 3424/3711/881 3426/3713/903 3427/3714/903
f 3424/3711/881 3399/3685/881 3397/3682/879 3426/3713/903
f 3427/3714/903 3426/3713/903 3428/3715/904 3429/3716/904
f 3426/3713/903 3397/3682/879 3395/3683/880 3428/3715/904
f 3429/3717/904 3428/3718/904 3291/3568/773 3288/3565/773
f 3428/3718/904 3395/3684/880 3294/3571/777 3291/3568/773
f 3432/3719/905 3427/3714/903 3429/3716/904 3430/3720/906
f 3430/3721/906 3429/3717/904 3288/3565/773 3285/3562/770
f 3433/3722/907 3432/3719/905 3430/3720/906 3431/3723/908
f 3431/3724/908 3430/3721/906 3285/3562/770 3282/3559/767
f 3435/3725/909 3434/3726/910 3432/3719/905 3433/3722/907
f 3434/3726/910 3425/3712/881 3427/3714/903 3432/3719/905
f 3437/3727/911 3436/3728/912 3434/3726/910 3435/3725/909
f 3436/3728/912 3423/3710/902 3425/3712/881 3434/3726/910
f 3439/3729/913 3438/3730/914 3436/3728/912 3437/3727/911
f 3438/3730/914 3421/3708/901 3423/3710/902 3436/3728/912
f 3441/3731/915 3440/3732/916 3438/3730/914 3439/3729/913
f 3440/3732/916 3419/3706/899 3421/3708/901 3438/3730/914
f 3443/3733/917 3442/3734/918 3440/3732/916 3441/3731/915
f 3442/3734/918 3417/3704/898 3419/3706/899 3440/3732/916
f 3445/3735/919 3444/3736/920 3442/3734/918 3443/3733/917
f 3444/3736/920 3415/3702/897 3417/3704/898 3442/3734/918
f 3447/3737/921 3446/3738/922 3444/3736/920 3445/3735/919
f 3446/3738/922 3413/3701/895 3415/3702/897 3444/3736/920
f 3281/3558/766 3284/3561/769 3446/3738/922 3447/3737/921
f 3284/3561/769 3287/3564/772 3413/3701/895 3446/3738/922
f 3278/3555/763 3281/3558/766 3447/3737/921 3448/3739/923
f 3448/3739/923 3447/3737/921 3445/3735/919 3450/3740/924
f 3275/3552/760 3278/3555/763 3448/3739/923 3449/3741/925
f 3449/3741/925 3448/3739/923 3450/3740/924 3451/3742/926
f 3451/3742/926 3450/3740/924 3452/3743/927 3453/3744/928
f 3450/3740/924 3445/3735/919 3443/3733/917 3452/3743/927
f 3453/3744/928 3452/3743/927 3454/3745/929 3455/3746/930
f 3452/3743/927 3443/3733/917 3441/3731/915 3454/3745/929
f 3455/3746/930 3454/3745/929 3456/3747/931 3457/3748/932
f 3454/3745/929 3441/3731/915 3439/3729/913 3456/3747/931
f 3457/3748/932 3456/3747/931 3458/3749/933 3459/3750/934
f 3456/3747/931 3439/3729/913 3437/3727/911 3458/3749/933
f 3459/3750/934 3458/3749/933 3460/3751/935 3461/3752/936
f 3458/3749/933 3437/3727/911 3435/3725/909 3460/3751/935
f 3461/3752/936 3460/3751/935 3462/3753/937 3463/3754/938
f 3460/3751/935 3435/3725/909 3433/3722/907 3462/3753/937
f 3463/3754/938 3462/3753/937 3464/3755/939 3465/3756/940
f 3462/3753/937 3433/3722/907 3431/3723/908 3464/3755/939
f 3465/3757/940 3464/3758/939 3279/3556/764 3276/3553/761
f 3464/3758/939 3431/3724/908 3282/3559/767 3279/3556/764
f 3468/3759/941 3463/3754/938 3465/3756/940 3466/3760/942
f 3466/3761/942 3465/3757/940 3276/3553/761 3273/3550/758
f 3469/3762/943 3468/3759/941 3466/3760/942 3467/3763/944
f 3467/3764/944 3466/3761/942 3273/3550/758 3270/3547/755
f 3471/3765/945 3470/3766/946 3468/3759/941 3469/3762/943
f 3470/3766/946 3461/3752/936 3463/3754/938 3468/3759/941
f 3473/3767/947 3472/3768/948 3470/3766/946 3471/3765/945
f 3472/3768/948 3459/3750/934 3461/3752/936 3470/3766/946
f 3475/3769/949 3474/3770/950 3472/3768/948 3473/3767/947
f 3474/3770/950 3457/3748/932 3459/3750/934 3472/3768/948
f 3477/3771/951 3476/3772/952 3474/3770/950 3475/3769/949
f 3476/3772/952 3455/3746/930 3457/3748/932 3474/3770/950
f 3479/3773/953 3478/3774/954 3476/3772/952 3477/3771/951
f 3478/3774/954 3453/3744/928 3455/3746/930 3476/3772/952
f 3481/3775/955 3480/3776/956 3478/3774/954 3479/3773/953
f 3480/3776/956 3451/3742/926 3453/3744/928 3478/3774/954
f 3483/3777/957 3482/3778/958 3480/3776/956 3481/3775/955
f 3482/3778/958 3449/3741/925 3451/3742/926 3480/3776/956
f 3269/3546/754 3272/3549/757 3482/3778/958 3483/3777/957
f 3272/3549/757 3275/3552/760 3449/3741/925 3482/3778/958
f 3266/3543/751 3269/3546/754 3483/3777/957 3484/3779/959
f 3484/3779/959 3483/3777/957 3481/3775/955 3486/3780/960
f 3263/3540/748 3266/3543/751 3484/3779/959 3485/3781/961
f 3485/3781/961 3484/3779/959 3486/3780/960 3487/3782/962
f 3487/3782/962 3486/3780/960 3488/3783/963 3489/3784/964
f 3486/3780/960 3481/3775/955 3479/3773/953 3488/3783/963
f 3489/3784/964 3488/3783/963 3490/3785/965 3491/3786/966
f 3488/3783/963 3479/3773/953 3477/3771/951 3490/3785/965
f 3491/3786/966 3490/3785/965 3492/3787/967 3493/3788/968
f 3490/3785/965 3477/3771/951 3475/3769/949 3492/3787/967
f 3493/3788/968 3492/3787/967 3494/3789/969 3495/3790/970
f 3492/3787/967 3475/3769/949 3473/3767/947 3494/3789/969
f 3495/3790/970 3494/3789/969 3496/3791/971 3497/3792/972
f 3494/3789/969 3473/3767/947 3471/3765/945 3496/3791/971
f 3497/3792/972 3496/3791/971 3498/3793/973 3499/3794/974
f 3496/3791/971 3471/3765/945 3469/3762/943 3498/3793/973
f 3499/3794/974 3498/3793/973 3500/3795/975 3501/3796/976
f 3498/3793/973 3469/3762/943 3467/3763/944 3500/3795/975
f 3501/3797/976 3500/3798/975 3267/3544/752 3264/3541/749
f 3500/3798/975 3467/3764/944 3270/3547/755 3267/3544/752
f 3504/3799/977 3499/3794/974 3501/3796/976 3502/3800/978
f 3502/3801/978 3501/3797/976 3264/3541/749 3261/3538/746
f 3505/3802/979 3504/3799/977 3502/3800/978 3503/3803/980
f 3503/3804/980 3502/3801/978 3261/3538/746 3258/3535/743
f 3507/3805/981 3506/3806/981 3504/3799/977 3505/3802/979
f 3506/3806/981 3497/3792/972 3499/3794/974 3504/3799/977
f 3509/3807/982 3508/3808/983 3506/3806/981 3507/3805/981
f 3508/3808/983 3495/3790/970 3497/3792/972 3506/3806/981
f 3511/3809/984 3510/3810/985 3508/3808/983 3509/3807/982
f 3510/3810/985 3493/3788/968 3495/3790/970 3508/3808/983
f 3513/3811/986 3512/3812/987 3510/3810/985 3511/3809/984
f 3512/3812/987 3491/3786/966 3493/3788/968 3510/3810/985
f 3515/3813/988 3514/3814/989 3512/3812/987 3513/3811/986
f 3514/3814/989 3489/3784/964 3491/3786/966 3512/3812/987
f 3517/3815/990 3516/3816/991 3514/3814/989 3515/3813/988
f 3516/3816/991 3487/3782/962 3489/3784/964 3514/3814/989
f 3519/3817/992 3518/3818/993 3516/3816/991 3517/3815/990
f 3518/3818/993 3485/3781/961 3487/3782/962 3516/3816/991
f 3257/3534/742 3260/3537/745 3518/3818/993 3519/3817/992
f 3260/3537/745 3263/3540/748 3485/3781/961 3518/3818/993
f 3254/3531/739 3257/3534/742 3519/3817/992 3520/3819/992
f 3520/3819/992 3519/3817/992 3517/3815/990 3522/3820/994
f 3251/3528/736 3254/3531/739 3520/3819/992 3521/3821/995
f 3521/3821/995 3520/3819/992 3522/3820/994 3523/3822/996
f 3523/3822/996 3522/3820/994 3524/3823/997 3525/3824/998
f 3522/3820/994 3517/3815/990 3515/3813/988 3524/3823/997
f 3525/3824/998 3524/3823/997 3526/3825/999 3527/3826/1000
f 3524/3823/997 3515/3813/988 3513/3811/986 3526/3825/999
f 3527/3826/1000 3526/3825/999 3528/3827/1001 3529/3828/1002
f 3526/3825/999 3513/3811/986 3511/3809/984 3528/3827/1001
f 3529/3828/1002 3528/3827/1001 3530/3829/1003 3531/3830/1004
f 3528/3827/1001 3511/3809/984 3509/3807/982 3530/3829/1003
f 3531/3830/1004 3530/3829/1003 3532/3831/1005 3533/3832/1006
f 3530/3829/1003 3509/3807/982 3507/3805/981 3532/3831/1005
f 3533/3832/1006 3532/3831/1005 3534/3833/1007 3535/3834/1008
f 3532/3831/1005 3507/3805/981 3505/3802/979 3534/3833/1007
f 3535/3834/1008 3534/3833/1007 3536/3835/1009 3537/3836/1010
f 3534/3833/1007 3505/3802/979 3503/3803/980 3536/3835/1009
f 3537/3837/1010 3536/3838/1009 3255/3532/740 3252/3529/737
f 3536/3838/1009 3503/3804/980 3258/3535/743 3255/3532/740
f 3540/3839/1011 3535/3834/1008 3537/3836/1010 3538/3840/1012
f 3538/3841/1012 3537/3837/1010 3252/3529/737 3249/3526/734
f 3541/3842/1013 3540/3839/1011 3538/3840/1012 3539/3843/1014
f 3539/3844/1014 3538/3841/1012 3249/3526/734 3246/3523/731
f 3543/3845/1015 3542/3846/1016 3540/3839/1011 3541/3842/1013
f 3542/3846/1016 3533/3832/1006 3535/3834/1008 3540/3839/1011
f 3545/3847/1017 3544/3848/1018 3542/3846/1016 3543/3845/1015
f 3544/3848/1018 3531/3830/1004 3533/3832/1006 3542/3846/1016
f 3547/3849/1019 3546/3850/1020 3544/3848/1018 3545/3847/1017
f 3546/3850/1020 3529/3828/1002 3531/3830/1004 3544/3848/1018
f 3549/3851/1021 3548/3852/1022 3546/3850/1020 3547/3849/1019
f 3548/3852/1022 3527/3826/1000 3529/3828/1002 3546/3850/1020
f 3551/3853/1023 3550/423/1024 3548/3852/1022 3549/3851/1021
f 3550/423/1024 3525/3824/998 3527/3826/1000 3548/3852/1022
f 3553/3854/1025 3552/3855/1026 3550/423/1024 3551/3853/1023
f 3552/3855/1026 3523/3822/996 3525/3824/998 3550/423/1024
f 3555/3856/1027 3554/3857/1028 3552/3855/1026 3553/3854/1025
f 3554/3857/1028 3521/3821/995 3523/3822/996 3552/3855/1026
f 3245/3522/730 3248/3525/733 3554/3857/1028 3555/3856/1027
f 3248/3525/733 3251/3528/736 3521/3821/995 3554/3857/1028
f 3242/3519/727 3245/3522/730 3555/3856/1027 3556/3858/1029
f 3556/3858/1029 3555/3856/1027 3553/3854/1025 3558/3859/1030
f 3239/3516/724 3242/3519/727 3556/3858/1029 3557/3860/1031
f 3557/3860/1031 3556/3858/1029 3558/3859/1030 3559/3861/1032
f 3559/3861/1032 3558/3859/1030 3560/3862/1033 3561/3863/1034
f 3558/3859/1030 3553/3854/1025 3551/3853/1023 3560/3862/1033
f 3561/3863/1034 3560/3862/1033 3562/3864/1035 3563/3865/1036
f 3560/3862/1033 3551/3853/1023 3549/3851/1021 3562/3864/1035
f 3563/3865/1036 3562/3864/1035 3564/3866/1037 3565/3867/1038
f 3562/3864/1035 3549/3851/1021 3547/3849/1019 3564/3866/1037
f 3565/3867/1038 3564/3866/1037 3566/3868/1039 3567/3869/1040
f 3564/3866/1037 3547/3849/1019 3545/3847/1017 3566/3868/1039
f 3567/3869/1040 3566/3868/1039 3568/3870/1041 3569/3871/1042
f 3566/3868/1039 3545/3847/1017 3543/3845/1015 3568/3870/1041
f 3569/3871/1042 3568/3870/1041 3570/3872/1043 3571/3873/1044
f 3568/3870/1041 3543/3845/1015 3541/3842/1013 3570/3872/1043
f 3571/3873/1044 3570/3872/1043 3572/3874/1045 3573/3875/1046
f 3570/3872/1043 3541/3842/1013 3539/3843/1014 3572/3874/1045
f 3573/3876/1046 3572/3877/1045 3243/3520/728 3240/3517/725
f 3572/3877/1045 3539/3844/1014 3246/3523/731 3243/3520/728
f 3576/3878/1047 3571/3873/1044 3573/3875/1046 3574/3879/1048
f 3574/3880/1048 3573/3876/1046 3240/3517/725 3237/3514/722
f 3577/3881/1049 3576/3878/1047 3574/3879/1048 3575/3882/1050
f 3575/3883/1050 3574/3880/1048 3237/3514/722 3234/3511/719
f 3579/3884/1051 3578/3885/1052 3576/3878/1047 3577/3881/1049
f 3578/3885/1052 3569/3871/1042 3571/3873/1044 3576/3878/1047
f 3581/3886/1053 3580/3887/1054 3578/3885/1052 3579/3884/1051
f 3580/3887/1054 3567/3869/1040 3569/3871/1042 3578/3885/1052
f 3583/3888/1055 3582/3889/1056 3580/3887/1054 3581/3886/1053
f 3582/3889/1056 3565/3867/1038 3567/3869/1040 3580/3887/1054
f 3585/3890/1057 3584/3891/1058 3582/3889/1056 3583/3888/1055
f 3584/3891/1058 3563/3865/1036 3565/3867/1038 3582/3889/1056
f 3587/3892/1059 3586/3893/1060 3584/3891/1058 3585/3890/1057
f 3586/3893/1060 3561/3863/1034 3563/3865/1036 3584/3891/1058
f 3589/3894/1061 3588/3895/1062 3586/3893/1060 3587/3892/1059
f 3588/3895/1062 3559/3861/1032 3561/3863/1034 3586/3893/1060
f 3591/3896/1063 3590/3897/1064 3588/3895/1062 3589/3894/1061
f 3590/3897/1064 3557/3860/1031 3559/3861/1032 3588/3895/1062
f 3233/3510/718 3236/3513/721 3590/3897/1064 3591/3896/1063
f 3236/3513/721 3239/3516/724 3557/3860/1031 3590/3897/1064
f 3230/3507/715 3233/3510/718 3591/3896/1063 3592/3898/1065
f 3592/3898/1065 3591/3896/1063 3589/3894/1061 3594/3899/1066
f 3227/3504/712 3230/3507/715 3592/3898/1065 3593/3900/1067
f 3593/3900/1067 3592/3898/1065 3594/3899/1066 3595/3901/1068
f 3595/3901/1068 3594/3899/1066 3596/3902/1069 3597/3903/1070
f 3594/3899/1066 3589/3894/1061 3587/3892/1059 3596/3902/1069
f 3597/3903/1070 3596/3902/1069 3598/3904/1071 3599/3905/1072
f 3596/3902/1069 3587/3892/1059 3585/3890/1057 3598/3904/1071
f 3599/3905/1072 3598/3904/1071 3600/3906/1073 3601/3907/1074
f 3598/3904/1071 3585/3890/1057 3583/3888/1055 3600/3906/1073
f 3601/3907/1074 3600/3906/1073 3602/3908/1075 3603/3909/1076
f 3600/3906/1073 3583/3888/1055 3581/3886/1053 3602/3908/1075
f 3603/3909/1076 3602/3908/1075 3604/3910/1077 3605/3911/1078
f 3602/3908/1075 3581/3886/1053 3579/3884/1051 3604/3910/1077
f 3605/3911/1078 3604/3910/1077 3606/3912/1079 3607/3913/1080
f 3604/3910/1077 3579/3884/1051 3577/3881/1049 3606/3912/1079
f 3607/3913/1080 3606/3912/1079 3608/3914/1081 3609/3915/1082
f 3606/3912/1079 3577/3881/1049 3575/3882/1050 3608/3914/1081
f 3609/3916/1082 3608/3917/1081 3231/3508/716 3228/3505/713
f 3608/3917/1081 3575/3883/1050 3234/3511/719 3231/3508/716
f 3612/3918/1083 3607/3913/1080 3609/3915/1082 3610/3919/1084
f 3610/3920/1084 3609/3916/1082 3228/3505/713 3225/3502/710
f 3613/3921/1085 3612/3918/1083 3610/3919/1084 3611/3922/1086
f 3611/3923/1086 3610/3920/1084 3225/3502/710 3222/3499/707
f 3615/3924/1087 3614/3925/1088 3612/3918/1083 3613/3921/1085
f 3614/3925/1088 3605/3911/1078 3607/3913/1080 3612/3918/1083
f 3617/3926/1089 3616/3927/1090 3614/3925/1088 3615/3924/1087
f 3616/3927/1090 3603/3909/1076 3605/3911/1078 3614/3925/1088
f 3619/3928/1091 3618/3929/1092 3616/3927/1090 3617/3926/1089
f 3618/3929/1092 3601/3907/1074 3603/3909/1076 3616/3927/1090
f 3621/3930/1093 3620/3931/1094 3618/3929/1092 3619/3928/1091
f 3620/3931/1094 3599/3905/1072 3601/3907/1074 3618/3929/1092
f 3623/3932/1095 3622/3933/1096 3620/3931/1094 3621/3930/1093
f 3622/3933/1096 3597/3903/1070 3599/3905/1072 3620/3931/1094
f 3625/3934/1097 3624/3935/1098 3622/3933/1096 3623/3932/1095
f 3624/3935/1098 3595/3901/1068 3597/3903/1070 3622/3933/1096
f 3627/3936/1099 3626/3937/1100 3624/3935/1098 3625/3934/1097
f 3626/3937/1100 3593/3900/1067 3595/3901/1068 3624/3935/1098
f 3221/3498/706 3224/3501/709 3626/3937/1100 3627/3936/1099
f 3224/3501/709 3227/3504/712 3593/3900/1067 3626/3937/1100
f 3218/3495/703 3221/3498/706 3627/3936/1099 3628/3938/1101
f 3628/3938/1101 3627/3936/1099 3625/3934/1097 3630/3939/1102
f 3215/3492/700 3218/3495/703 3628/3938/1101 3629/3940/1103
f 3629/3940/1103 3628/3938/1101 3630/3939/1102 3631/3941/1104
f 3631/3941/1104 3630/3939/1102 3632/3942/1105 3633/3943/1106
f 3630/3939/1102 3625/3934/1097 3623/3932/1095 3632/3942/1105
f 3633/3943/1106 3632/3942/1105 3634/3944/2381 3635/3945/1108
f 3632/3942/1105 3623/3932/1095 3621/3930/1093 3634/3944/2381
f 3635/3945/1108 3634/3944/2381 3636/3946/1109 3637/3947/1110
f 3634/3944/2381 3621/3930/1093 3619/3928/1091 3636/3946/1109
f 3637/3947/1110 3636/3946/1109 3638/3948/1111 3639/3949/1112
f 3636/3946/1109 3619/3928/1091 3617/3926/1089 3638/3948/1111
f 3639/3949/1112 3638/3948/1111 3640/3950/1113 3641/3951/1114
f 3638/3948/1111 3617/3926/1089 3615/3924/1087 3640/3950/1113
f 3641/3951/1114 3640/3950/1113 3642/3952/1115 3643/3953/1116
f 3640/3950/1113 3615/3924/1087 3613/3921/1085 3642/3952/1115
f 3643/3953/1116 3642/3952/1115 3644/3954/1117 3645/3955/1118
f 3642/3952/1115 3613/3921/1085 3611/3922/1086 3644/3954/1117
f 3645/3956/1118 3644/3957/1117 3219/3496/704 3216/3493/701
f 3644/3957/1117 3611/3923/1086 3222/3499/707 3219/3496/704
f 3648/3958/1119 3643/3953/1116 3645/3955/1118 3646/3959/1120
f 3646/3960/1120 3645/3956/1118 3216/3493/701 3213/3490/698
f 3649/3961/1121 3648/3958/1119 3646/3959/1120 3647/3962/1122
f 3647/3963/1122 3646/3960/1120 3213/3490/698 3210/3487/695
f 3651/3964/1123 3650/3965/1124 3648/3958/1119 3649/3961/1121
f 3650/3965/1124 3641/3951/1114 3643/3953/1116 3648/3958/1119
f 3653/3966/1125 3652/3967/1126 3650/3965/1124 3651/3964/1123
f 3652/3967/1126 3639/3949/1112 3641/3951/1114 3650/3965/1124
f 3655/3968/1127 3654/3969/1128 3652/3967/1126 3653/3966/1125
f 3654/3969/1128 3637/3947/1110 3639/3949/1112 3652/3967/1126
f 3657/3970/1129 3656/3971/1130 3654/3969/1128 3655/3968/1127
f 3656/3971/1130 3635/3945/1108 3637/3947/1110 3654/3969/1128
f 3659/3972/1131 3658/3973/1132 3656/3971/1130 3657/3970/1129
f 3658/3973/1132 3633/3943/1106 3635/3945/1108 3656/3971/1130
f 3661/3974/1133 3660/3975/1134 3658/3973/1132 3659/3972/1131
f 3660/3975/1134 3631/3941/1104 3633/3943/1106 3658/3973/1132
f 3663/3976/1135 3662/3977/1136 3660/3975/1134 3661/3974/1133
f 3662/3977/1136 3629/3940/1103 3631/3941/1104 3660/3975/1134
f 3209/3486/694 3212/3489/697 3662/3977/1136 3663/3976/1135
f 3212/3489/697 3215/3492/700 3629/3940/1103 3662/3977/1136
f 3206/3483/691 3209/3486/694 3663/3976/1135 3664/3978/1137
f 3664/3978/1137 3663/3976/1135 3661/3974/1133 3666/3979/1138
f 3203/3480/688 3206/3483/691 3664/3978/1137 3665/3980/1139
f 3665/3980/1139 3664/3978/1137 3666/3979/1138 3667/3981/1140
f 3667/3981/1140 3666/3979/1138 3668/3982/1141 3669/3983/1142
f 3666/3979/1138 3661/3974/1133 3659/3972/1131 3668/3982/1141
f 3669/3983/1142 3668/3982/1141 3670/3984/1143 3671/3985/1144
f 3668/3982/1141 3659/3972/1131 3657/3970/1129 3670/3984/1143
f 3671/3985/1144 3670/3984/1143 3672/3986/1145 3673/3987/1146
f 3670/3984/1143 3657/3970/1129 3655/3968/1127 3672/3986/1145
f 3673/3987/1146 3672/3986/1145 3674/3988/1147 3675/3989/1148
f 3672/3986/1145 3655/3968/1127 3653/3966/1125 3674/3988/1147
f 3675/3989/1148 3674/3988/1147 3676/3990/1149 3677/3991/1150
f 3674/3988/1147 3653/3966/1125 3651/3964/1123 3676/3990/1149
f 3677/3991/1150 3676/3990/1149 3678/3992/1151 3679/3993/1152
f 3676/3990/1149 3651/3964/1123 3649/3961/1121 3678/3992/1151
f 3679/3993/1152 3678/3992/1151 3680/3994/1153 3681/3995/1154
f 3678/3992/1151 3649/3961/1121 3647/3962/1122 3680/3994/1153
f 3681/3996/1154 3680/3997/1153 3207/3484/692 3204/3481/689
f 3680/3997/1153 3647/3963/1122 3210/3487/695 3207/3484/692
f 3684/3998/1155 3679/3993/1152 3681/3995/1154 3682/3999/1156
f 3682/4000/1156 3681/3996/1154 3204/3481/689 3201/3478/686
f 3685/4001/1157 3684/3998/1155 3682/3999/1156 3683/4002/1158
f 3683/4003/1158 3682/4000/1156 3201/3478/686 3198/3475/683
f 3687/4004/1159 3686/4005/1160 3684/3998/1155 3685/4001/1157
f 3686/4005/1160 3677/3991/1150 3679/3993/1152 3684/3998/1155
f 3689/4006/1161 3688/4007/1162 3686/4005/1160 3687/4004/1159
f 3688/4007/1162 3675/3989/1148 3677/3991/1150 3686/4005/1160
f 3691/4008/1163 3690/4009/1164 3688/4007/1162 3689/4006/1161
f 3690/4009/1164 3673/3987/1146 3675/3989/1148 3688/4007/1162
f 3693/4010/1165 3692/4011/1166 3690/4009/1164 3691/4008/1163
f 3692/4011/1166 3671/3985/1144 3673/3987/1146 3690/4009/1164
f 3695/4012/1167 3694/4013/1168 3692/4011/1166 3693/4010/1165
f 3694/4013/1168 3669/3983/1142 3671/3985/1144 3692/4011/1166
f 3697/4014/1169 3696/4015/1170 3694/4013/1168 3695/4012/1167
f 3696/4015/1170 3667/3981/1140 3669/3983/1142 3694/4013/1168
f 3699/4016/1171 3698/4017/1172 3696/4015/1170 3697/4014/1169
f 3698/4017/1172 3665/3980/1139 3667/3981/1140 3696/4015/1170
f 3197/3474/682 3200/3477/685 3698/4017/1172 3699/4016/1171
f 3200/3477/685 3203/3480/688 3665/3980/1139 3698/4017/1172
f 3194/3471/679 3197/3474/682 3699/4016/1171 3700/4018/1173
f 3700/4018/1173 3699/4016/1171 3697/4014/1169 3702/4019/1174
f 3191/3468/676 3194/3471/679 3700/4018/1173 3701/4020/1175
f 3701/4020/1175 3700/4018/1173 3702/4019/1174 3703/4021/1176
f 3703/4021/1176 3702/4019/1174 3704/4022/1177 3705/4023/1178
f 3702/4019/1174 3697/4014/1169 3695/4012/1167 3704/4022/1177
f 3705/4023/1178 3704/4022/1177 3706/4024/1179 3707/4025/1180
f 3704/4022/1177 3695/4012/1167 3693/4010/1165 3706/4024/1179
f 3707/4025/1180 3706/4024/1179 3708/4026/1181 3709/4027/1182
f 3706/4024/1179 3693/4010/1165 3691/4008/1163 3708/4026/1181
f 3709/4027/1182 3708/4026/1181 3710/4028/1183 3711/4029/1184
f 3708/4026/1181 3691/4008/1163 3689/4006/1161 3710/4028/1183
f 3711/4029/1184 3710/4028/1183 3712/4030/1185 3713/4031/1186
f 3710/4028/1183 3689/4006/1161 3687/4004/1159 3712/4030/1185
f 3713/4031/1186 3712/4030/1185 3714/4032/1187 3715/4033/1188
f 3712/4030/1185 3687/4004/1159 3685/4001/1157 3714/4032/1187
f 3715/4033/1188 3714/4032/1187 3716/4034/1189 3717/4035/1190
f 3714/4032/1187 3685/4001/1157 3683/4002/1158 3716/4034/1189
f 3717/4036/1190 3716/4037/1189 3195/3472/680 3192/3469/677
f 3716/4037/1189 3683/4003/1158 3198/3475/683 3195/3472/680
f 3720/4038/1191 3715/4033/1188 3717/4035/1190 3718/4039/1192
f 3718/4040/1192 3717/4036/1190 3192/3469/677 3189/3466/674
f 3721/4041/1193 3720/4038/1191 3718/4039/1192 3719/4042/1194
f 3719/4043/1194 3718/4040/1192 3189/3466/674 3186/3463/671
f 3723/4044/1195 3722/4045/1196 3720/4038/1191 3721/4041/1193
f 3722/4045/1196 3713/4031/1186 3715/4033/1188 3720/4038/1191
f 3725/4046/1197 3724/4047/1198 3722/4045/1196 3723/4044/1195
f 3724/4047/1198 3711/4029/1184 3713/4031/1186 3722/4045/1196
f 3727/4048/1199 3726/4049/1200 3724/4047/1198 3725/4046/1197
f 3726/4049/1200 3709/4027/1182 3711/4029/1184 3724/4047/1198
f 3729/4050/1201 3728/4051/1202 3726/4049/1200 3727/4048/1199
f 3728/4051/1202 3707/4025/1180 3709/4027/1182 3726/4049/1200
f 3731/4052/1203 3730/4053/1204 3728/4051/1202 3729/4050/1201
f 3730/4053/1204 3705/4023/1178 3707/4025/1180 3728/4051/1202
f 3733/4054/1205 3732/4055/1206 3730/4053/1204 3731/4052/1203
f 3732/4055/1206 3703/4021/1176 3705/4023/1178 3730/4053/1204
f 3735/4056/1207 3734/4057/1208 3732/4055/1206 3733/4054/1205
f 3734/4057/1208 3701/4020/1175 3703/4021/1176 3732/4055/1206
f 3185/3462/670 3188/3465/673 3734/4057/1208 3735/4056/1207
f 3188/3465/673 3191/3468/676 3701/4020/1175 3734/4057/1208
f 3182/3459/667 3185/3462/670 3735/4056/1207 3736/4058/1209
f 3736/4058/1209 3735/4056/1207 3733/4054/1205 3737/4059/1210
f 3177/3455/663 3182/3459/667 3736/4058/1209 3175/3453/661
f 3175/3453/661 3736/4058/1209 3737/4059/1210 3173/3451/659
f 3173/3451/659 3737/4059/1210 3738/4060/1211 3171/3449/657
f 3737/4059/1210 3733/4054/1205 3731/4052/1203 3738/4060/1211
f 3171/3449/657 3738/4060/1211 3739/4061/1212 3169/3447/2378
f 3738/4060/1211 3731/4052/1203 3729/4050/1201 3739/4061/1212
f 3169/3447/2378 3739/4061/1212 3740/4062/1213 3167/3445/653
f 3739/4061/1212 3729/4050/1201 3727/4048/1199 3740/4062/1213
f 3167/3445/653 3740/4062/1213 3741/4063/1214 3165/3443/651
f 3740/4062/1213 3727/4048/1199 3725/4046/1197 3741/4063/1214
f 3165/3443/651 3741/4063/1214 3742/4064/1215 3163/3441/649
f 3741/4063/1214 3725/4046/1197 3723/4044/1195 3742/4064/1215
f 3163/3441/649 3742/4064/1215 3743/4065/1216 3161/3437/647
f 3742/4064/1215 3723/4044/1195 3721/4041/1193 3743/4065/1216
f 3161/3437/647 3743/4065/1216 3744/4066/1217 3159/3438/643
f 3743/4065/1216 3721/4041/1193 3719/4042/1194 3744/4066/1217
f 3159/3433/643 3744/4067/1217 3183/3460/668 3180/3434/644
f 3744/4067/1217 3719/4043/1194 3186/3463/671 3183/3460/668
f 3745/4068/1218 3746/4069/1219 3768/4070/1220 3747/4071/1221
f 3748/4072/1222 3745/4073/1218 3747/4074/1221 3749/4075/1223
f 3750/4076/1224 3748/4072/1222 3749/4075/1223 3751/4077/1225
f 3752/4078/1226 3750/4076/1224 3751/4077/1225 3753/4079/1227
f 3754/4080/1228 3752/4078/1226 3753/4079/1227 3755/4081/1229
f 3756/4082/1230 3754/4080/1228 3755/4081/1229 3757/4083/1231
f 3758/4084/1232 3756/4082/1230 3757/4083/1231 3759/4085/1233
f 3760/4086/1234 3758/4084/1232 3759/4085/1233 3761/4087/1235
f 3762/4088/1236 3760/4086/1234 3761/4087/1235 3763/4089/1237
f 3764/4090/1238 3762/4088/1236 3763/4089/1237 3765/4091/1239
f 3766/4092/1240 3764/4090/1238 3765/4091/1239 3767/4093/1241
f 3746/4069/1219 3766/4092/1240 3767/4093/1241 3768/4070/1220
f 3767/4093/1241 3765/4091/1239 3770/4094/1242 3769/4095/1243
f 3768/4070/1220 3767/4093/1241 3769/4095/1243 3771/4096/2382
f 3769/4095/1243 3770/4094/1242 3773/4097/1245 3772/4098/1246
f 3771/4096/2382 3769/4095/1243 3772/4098/1246 3774/4099/1247
f 3772/4098/1246 3773/4097/1245 3776/4100/1248 3775/4101/1249
f 3774/4099/1247 3772/4098/1246 3775/4101/1249 3777/4102/1250
f 3775/4101/1249 3776/4100/1248 3779/4103/1251 3778/4104/1252
f 3777/4102/1250 3775/4101/1249 3778/4104/1252 3780/4105/1253
f 3778/4104/1252 3779/4103/1251 3782/4106/1254 3781/4107/1255
f 3780/4105/1253 3778/4104/1252 3781/4107/1255 3783/4108/1256
f 3781/4107/1255 3782/4106/1254 3785/4109/1257 3784/4110/1258
f 3783/4108/1256 3781/4107/1255 3784/4110/1258 3786/4111/1259
f 3784/4110/1258 3785/4109/1257 3788/4112/1260 3787/4113/1261
f 3786/4111/1259 3784/4110/1258 3787/4113/1261 3789/4114/1262
f 3787/4113/1261 3788/4112/1260 3791/4115/1263 3790/4116/1264
f 3789/4114/1262 3787/4113/1261 3790/4116/1264 3792/4117/1265
f 3790/4116/1264 3791/4115/1263 3794/4118/1266 3793/4119/1267
f 3792/4117/1265 3790/4116/1264 3793/4119/1267 3795/4120/1268
f 3793/4119/1267 3794/4118/1266 3797/4121/1269 3796/4122/1270
f 3795/4120/1268 3793/4119/1267 3796/4122/1270 3798/4123/1271
f 3796/4122/1270 3797/4121/1269 3800/4124/1272 3799/4125/1273
f 3798/4123/1271 3796/4122/1270 3799/4125/1273 3801/4126/1274
f 3799/4125/1273 3800/4124/1272 3803/4127/1275 3802/4128/1276
f 3801/4126/1274 3799/4125/1273 3802/4128/1276 3804/4129/1277
f 3802/4128/1276 3803/4127/1275 3806/4130/1278 3805/4131/2383
f 3804/4129/1277 3802/4128/1276 3805/4131/2383 3807/4132/1280
f 3805/4131/2383 3806/4130/1278 3809/4133/1281 3808/4134/1282
f 3807/4132/1280 3805/4131/2383 3808/4134/1282 3810/4135/1283
f 3808/4134/1282 3809/4133/1281 3812/4136/1284 3811/4137/1285
f 3810/4135/1283 3808/4134/1282 3811/4137/1285 3813/4138/1286
f 3811/4137/1285 3812/4136/1284 3815/4139/1287 3814/4140/1288
f 3813/4138/1286 3811/4137/1285 3814/4140/1288 3816/4141/1289
f 3814/4140/1288 3815/4139/1287 3818/4142/1290 3817/4143/1291
f 3816/4141/1289 3814/4140/1288 3817/4143/1291 3819/4144/1292
f 3817/4143/1291 3818/4142/1290 3821/4145/1293 3820/4146/1294
f 3819/4144/1292 3817/4143/1291 3820/4146/1294 3822/4147/1295
f 3820/4146/1294 3821/4145/1293 3824/4148/1296 3823/4149/1297
f 3822/4147/1295 3820/4146/1294 3823/4149/1297 3825/4150/1298
f 3823/4149/1297 3824/4148/1296 3827/4151/1299 3826/4152/1300
f 3825/4150/1298 3823/4149/1297 3826/4152/1300 3828/4153/1301
f 3826/4152/1300 3827/4151/1299 3830/4154/1302 3829/4155/1303
f 3828/4153/1301 3826/4152/1300 3829/4155/1303 3831/4156/1304
f 3829/4155/1303 3830/4154/1302 3833/4157/1305 3832/4158/1306
f 3831/4156/1304 3829/4155/1303 3832/4158/1306 3834/4159/1307
f 3832/4158/1306 3833/4157/1305 3836/4160/1308 3835/4161/1309
f 3834/4159/1307 3832/4158/1306 3835/4161/1309 3837/4162/1310
f 3835/4161/1309 3836/4160/1308 3839/4163/1311 3838/4164/1312
f 3837/4162/1310 3835/4161/1309 3838/4164/1312 3840/4165/1313
f 3838/4164/1312 3839/4163/1311 3842/4166/1314 3841/4167/1315
f 3840/4165/1313 3838/4164/1312 3841/4167/1315 3843/4168/1316
f 3841/4167/1315 3842/4166/1314 3845/4169/1317 3844/4170/1318
f 3843/4168/1316 3841/4167/1315 3844/4170/1318 3846/4171/1319
f 3844/4170/1318 3845/4169/1317 3848/4172/1320 3847/4173/1321
f 3846/4171/1319 3844/4170/1318 3847/4173/1321 3849/4174/1322
f 3847/4173/1321 3848/4172/1320 3851/4175/1323 3850/4176/1324
f 3849/4174/1322 3847/4173/1321 3850/4176/1324 3852/4177/1325
f 3850/4176/1324 3851/4175/1323 3854/4178/1326 3853/4179/1327
f 3852/4177/1325 3850/4176/1324 3853/4179/1327 3855/4180/1328
f 3853/4179/1327 3854/4178/1326 3857/4181/1329 3856/4182/1330
f 3855/4180/1328 3853/4179/1327 3856/4182/1330 3858/4183/1331
f 3856/4182/1330 3857/4181/1329 3860/4184/1332 3859/4185/1333
f 3858/4183/1331 3856/4182/1330 3859/4185/1333 3861/4186/1334
f 3859/4185/1333 3860/4184/1332 3863/4187/1335 3862/4188/1336
f 3861/4186/1334 3859/4185/1333 3862/4188/1336 3864/4189/1337
f 3862/4188/1336 3863/4187/1335 3866/4190/1338 3865/4191/1339
f 3864/4189/1337 3862/4188/1336 3865/4191/1339 3867/4192/1340
f 3865/4191/1339 3866/4190/1338 3869/4193/1341 3868/4194/1342
f 3867/4192/1340 3865/4191/1339 3868/4194/1342 3870/4195/1343
f 3868/4194/1342 3869/4193/1341 3872/4196/1344 3871/4197/1345
f 3870/4195/1343 3868/4194/1342 3871/4197/1345 3873/4198/1346
f 3871/4197/1345 3872/4196/1344 3875/4199/1347 3874/4200/1348
f 3873/4198/1346 3871/4197/1345 3874/4200/1348 3876/4201/1349
f 3874/4200/1348 3875/4199/1347 3878/4202/1347 3877/4203/1348
f 3876/4201/1349 3874/4200/1348 3877/4203/1348 3879/4204/1349
f 3877/4203/1348 3878/4202/1347 3881/4205/1351 3880/4206/1352
f 3879/4204/1349 3877/4203/1348 3880/4206/1352 3882/4207/1353
f 3880/4206/1352 3881/4205/1351 3884/4208/1354 3883/4209/1355
f 3882/4207/1353 3880/4206/1352 3883/4209/1355 3885/4210/1356
f 3883/4209/1355 3884/4208/1354 3887/4211/1357 3886/4212/1358
f 3885/4210/1356 3883/4209/1355 3886/4212/1358 3888/4213/1359
f 3886/4212/1358 3887/4211/1357 3890/4214/1360 3889/4215/1361
f 3888/4213/1359 3886/4212/1358 3889/4215/1361 3891/4216/1362
f 3889/4215/1361 3890/4214/1360 3893/4217/1363 3892/4218/1364
f 3891/4216/1362 3889/4215/1361 3892/4218/1364 3894/4219/1365
f 3892/4218/1364 3893/4217/1363 3896/4220/1366 3895/4221/1367
f 3894/4219/1365 3892/4218/1364 3895/4221/1367 3897/4222/1368
f 3895/4221/1367 3896/4220/1366 3899/4223/1369 3898/4224/1370
f 3897/4222/1368 3895/4221/1367 3898/4224/1370 3900/4225/1371
f 3898/4224/1370 3899/4223/1369 3902/4226/1372 3901/4227/1373
f 3900/4225/1371 3898/4224/1370 3901/4227/1373 3903/4228/1374
f 3901/4227/1373 3902/4226/1372 3905/4229/1375 3904/4230/1376
f 3903/4228/1374 3901/4227/1373 3904/4230/1376 3906/4231/1377
f 3904/4230/1376 3905/4229/1375 3908/4232/1378 3907/4233/1379
f 3906/4231/1377 3904/4230/1376 3907/4233/1379 3909/4234/1380
f 3911/4235/1381 3906/4231/1377 3909/4234/1380 3910/4236/1382
f 3913/4237/1383 3911/4238/1381 3910/4239/1382 3912/4240/1384
f 3915/4241/1385 3913/4237/1383 3912/4240/1384 3914/4242/1386
f 3917/4243/1387 3915/4241/1385 3914/4242/1386 3916/4244/1388
f 3919/4245/1389 3917/4243/1387 3916/4244/1388 3918/4246/1390
f 3921/4247/1391 3919/4245/1389 3918/4246/1390 3920/4248/1392
f 3923/4249/1393 3921/4247/1391 3920/4248/1392 3922/4250/1394
f 3925/4251/1395 3923/4249/1393 3922/4250/1394 3924/4252/1396
f 3927/4253/1397 3925/4251/1395 3924/4252/1396 3926/4254/1398
f 3905/4229/1375 3927/4253/1397 3926/4254/1398 3908/4232/1378
f 3902/4226/1372 3928/4255/1399 3927/4253/1397 3905/4229/1375
f 3928/4255/1399 3930/4256/1400 3925/4251/1395 3927/4253/1397
f 3899/4223/1369 3929/4257/1401 3928/4255/1399 3902/4226/1372
f 3929/4257/1401 3931/4258/1402 3930/4256/1400 3928/4255/1399
f 3931/4258/1402 3933/4259/1403 3932/4260/1404 3930/4256/1400
f 3930/4256/1400 3932/4260/1404 3923/4249/1393 3925/4251/1395
f 3933/4259/1403 3935/4261/1405 3934/4262/1406 3932/4260/1404
f 3932/4260/1404 3934/4262/1406 3921/4247/1391 3923/4249/1393
f 3935/4261/1405 3937/4263/1407 3936/4264/1408 3934/4262/1406
f 3934/4262/1406 3936/4264/1408 3919/4245/1389 3921/4247/1391
f 3937/4263/1407 3939/4265/1409 3938/4266/1410 3936/4264/1408
f 3936/4264/1408 3938/4266/1410 3917/4243/1387 3919/4245/1389
f 3939/4265/1409 3941/4267/1411 3940/4268/1412 3938/4266/1410
f 3938/4266/1410 3940/4268/1412 3915/4241/1385 3917/4243/1387
f 3941/4267/1411 3943/4269/1413 3942/4270/1414 3940/4268/1412
f 3940/4268/1412 3942/4270/1414 3913/4237/1383 3915/4241/1385
f 3943/4269/1413 3945/4271/1415 3944/4272/1416 3942/4270/1414
f 3942/4270/1414 3944/4272/1416 3911/4238/1381 3913/4237/1383
f 3945/4273/1415 3900/4225/1371 3903/4228/1374 3944/4274/1416
f 3944/4274/1416 3903/4228/1374 3906/4231/1377 3911/4235/1381
f 3948/4275/1417 3946/4276/1418 3945/4271/1415 3943/4269/1413
f 3946/4277/1418 3897/4222/1368 3900/4225/1371 3945/4273/1415
f 3949/4278/1419 3947/4279/1420 3946/4276/1418 3948/4275/1417
f 3947/4280/1420 3894/4219/1365 3897/4222/1368 3946/4277/1418
f 3951/4281/1421 3949/4278/1419 3948/4275/1417 3950/4282/1422
f 3950/4282/1422 3948/4275/1417 3943/4269/1413 3941/4267/1411
f 3953/4283/1423 3951/4281/1421 3950/4282/1422 3952/4284/1424
f 3952/4284/1424 3950/4282/1422 3941/4267/1411 3939/4265/1409
f 3955/4285/1425 3953/4283/1423 3952/4284/1424 3954/4286/1426
f 3954/4286/1426 3952/4284/1424 3939/4265/1409 3937/4263/1407
f 3957/4287/1427 3955/4285/1425 3954/4286/1426 3956/4288/1428
f 3956/4288/1428 3954/4286/1426 3937/4263/1407 3935/4261/1405
f 3959/4289/1429 3957/4287/1427 3956/4288/1428 3958/4290/1430
f 3958/4290/1430 3956/4288/1428 3935/4261/1405 3933/4259/1403
f 3961/4291/1431 3959/4289/1429 3958/4290/1430 3960/4292/1432
f 3960/4292/1432 3958/4290/1430 3933/4259/1403 3931/4258/1402
f 3963/4293/1433 3961/4291/1431 3960/4292/1432 3962/4294/1434
f 3962/4294/1434 3960/4292/1432 3931/4258/1402 3929/4257/1401
f 3893/4217/1363 3963/4293/1433 3962/4294/1434 3896/4220/1366
f 3896/4220/1366 3962/4294/1434 3929/4257/1401 3899/4223/1369
f 3890/4214/1360 3964/4295/1435 3963/4293/1433 3893/4217/1363
f 3964/4295/1435 3966/4296/1436 3961/4291/1431 3963/4293/1433
f 3887/4211/1357 3965/4297/1437 3964/4295/1435 3890/4214/1360
f 3965/4297/1437 3967/4298/1438 3966/4296/1436 3964/4295/1435
f 3967/4298/1438 3969/4299/1439 3968/4300/1440 3966/4296/1436
f 3966/4296/1436 3968/4300/1440 3959/4289/1429 3961/4291/1431
f 3969/4299/1439 3971/4301/1441 3970/4302/1442 3968/4300/1440
f 3968/4300/1440 3970/4302/1442 3957/4287/1427 3959/4289/1429
f 3971/4301/1441 3973/4303/1443 3972/4304/1444 3970/4302/1442
f 3970/4302/1442 3972/4304/1444 3955/4285/1425 3957/4287/1427
f 3973/4303/1443 3975/4305/1445 3974/4306/1446 3972/4304/1444
f 3972/4304/1444 3974/4306/1446 3953/4283/1423 3955/4285/1425
f 3975/4305/1445 3977/4307/1447 3976/4308/1448 3974/4306/1446
f 3974/4306/1446 3976/4308/1448 3951/4281/1421 3953/4283/1423
f 3977/4307/1447 3979/4309/1449 3978/4310/1450 3976/4308/1448
f 3976/4308/1448 3978/4310/1450 3949/4278/1419 3951/4281/1421
f 3979/4309/1449 3981/4311/1451 3980/4312/1452 3978/4310/1450
f 3978/4310/1450 3980/4312/1452 3947/4279/1420 3949/4278/1419
f 3981/4313/1451 3888/4213/1359 3891/4216/1362 3980/4314/1452
f 3980/4314/1452 3891/4216/1362 3894/4219/1365 3947/4280/1420
f 3984/4315/1453 3982/4316/1454 3981/4311/1451 3979/4309/1449
f 3982/4317/1454 3885/4210/1356 3888/4213/1359 3981/4313/1451
f 3985/4318/1455 3983/4319/1456 3982/4316/1454 3984/4315/1453
f 3983/4320/1456 3882/4207/1353 3885/4210/1356 3982/4317/1454
f 3987/4321/1457 3985/4318/1455 3984/4315/1453 3986/4322/1458
f 3986/4322/1458 3984/4315/1453 3979/4309/1449 3977/4307/1447
f 3989/4323/1459 3987/4321/1457 3986/4322/1458 3988/4324/1460
f 3988/4324/1460 3986/4322/1458 3977/4307/1447 3975/4305/1445
f 3991/4325/1461 3989/4323/1459 3988/4324/1460 3990/4326/1462
f 3990/4326/1462 3988/4324/1460 3975/4305/1445 3973/4303/1443
f 3993/4327/1463 3991/4325/1461 3990/4326/1462 3992/4328/1464
f 3992/4328/1464 3990/4326/1462 3973/4303/1443 3971/4301/1441
f 3995/4329/1465 3993/4327/1463 3992/4328/1464 3994/4330/1466
f 3994/4330/1466 3992/4328/1464 3971/4301/1441 3969/4299/1439
f 3997/4331/1467 3995/4329/1465 3994/4330/1466 3996/4332/1468
f 3996/4332/1468 3994/4330/1466 3969/4299/1439 3967/4298/1438
f 3999/4333/1469 3997/4331/1467 3996/4332/1468 3998/4334/1470
f 3998/4334/1470 3996/4332/1468 3967/4298/1438 3965/4297/1437
f 3881/4205/1351 3999/4333/1469 3998/4334/1470 3884/4208/1354
f 3884/4208/1354 3998/4334/1470 3965/4297/1437 3887/4211/1357
f 3878/4202/1347 4000/4335/1471 3999/4333/1469 3881/4205/1351
f 4000/4335/1471 4002/4336/1472 3997/4331/1467 3999/4333/1469
f 3875/4199/1347 4001/4337/1471 4000/4335/1471 3878/4202/1347
f 4001/4337/1471 4003/4338/1473 4002/4336/1472 4000/4335/1471
f 4003/4338/1473 4005/4339/1474 4004/4340/1474 4002/4336/1472
f 4002/4336/1472 4004/4340/1474 3995/4329/1465 3997/4331/1467
f 4005/4339/1474 4007/4341/1475 4006/4342/1475 4004/4340/1474
f 4004/4340/1474 4006/4342/1475 3993/4327/1463 3995/4329/1465
f 4007/4341/1475 4009/4343/2384 4008/4344/1476 4006/4342/1475
f 4006/4342/1475 4008/4344/1476 3991/4325/1461 3993/4327/1463
f 4009/4343/2384 4011/4345/1477 4010/4346/1477 4008/4344/1476
f 4008/4344/1476 4010/4346/1477 3989/4323/1459 3991/4325/1461
f 4011/4345/1477 4013/4347/1457 4012/4348/1457 4010/4346/1477
f 4010/4346/1477 4012/4348/1457 3987/4321/1457 3989/4323/1459
f 4013/4347/1457 4015/4349/1478 4014/4350/1478 4012/4348/1457
f 4012/4348/1457 4014/4350/1478 3985/4318/1455 3987/4321/1457
f 4015/4349/1478 4017/4351/1479 4016/4352/1479 4014/4350/1478
f 4014/4350/1478 4016/4352/1479 3983/4319/1456 3985/4318/1455
f 4017/4353/1479 3876/4201/1349 3879/4204/1349 4016/4354/1479
f 4016/4354/1479 3879/4204/1349 3882/4207/1353 3983/4320/1456
f 4020/4355/1480 4018/4356/1481 4017/4351/1479 4015/4349/1478
f 4018/4357/1481 3873/4198/1346 3876/4201/1349 4017/4353/1479
f 4021/4358/1482 4019/4359/1483 4018/4356/1481 4020/4355/1480
f 4019/4360/1483 3870/4195/1343 3873/4198/1346 4018/4357/1481
f 4023/4361/1484 4021/4358/1482 4020/4355/1480 4022/4362/1485
f 4022/4362/1485 4020/4355/1480 4015/4349/1478 4013/4347/1457
f 4025/4363/1486 4023/4361/1484 4022/4362/1485 4024/4364/1487
f 4024/4364/1487 4022/4362/1485 4013/4347/1457 4011/4345/1477
f 4027/4365/1488 4025/4363/1486 4024/4364/1487 4026/4366/1489
f 4026/4366/1489 4024/4364/1487 4011/4345/1477 4009/4343/2384
f 4029/4367/1490 4027/4365/1488 4026/4366/1489 4028/4368/1491
f 4028/4368/1491 4026/4366/1489 4009/4343/2384 4007/4341/1475
f 4031/4369/1492 4029/4367/1490 4028/4368/1491 4030/4370/1493
f 4030/4370/1493 4028/4368/1491 4007/4341/1475 4005/4339/1474
f 4033/4371/1494 4031/4369/1492 4030/4370/1493 4032/4372/1495
f 4032/4372/1495 4030/4370/1493 4005/4339/1474 4003/4338/1473
f 4035/4373/1496 4033/4371/1494 4032/4372/1495 4034/4374/1497
f 4034/4374/1497 4032/4372/1495 4003/4338/1473 4001/4337/1471
f 3869/4193/1341 4035/4373/1496 4034/4374/1497 3872/4196/1344
f 3872/4196/1344 4034/4374/1497 4001/4337/1471 3875/4199/1347
f 3866/4190/1338 4036/4375/1498 4035/4373/1496 3869/4193/1341
f 4036/4375/1498 4038/4376/1499 4033/4371/1494 4035/4373/1496
f 3863/4187/1335 4037/4377/1500 4036/4375/1498 3866/4190/1338
f 4037/4377/1500 4039/4378/1501 4038/4376/1499 4036/4375/1498
f 4039/4378/1501 4041/4379/1502 4040/4380/1503 4038/4376/1499
f 4038/4376/1499 4040/4380/1503 4031/4369/1492 4033/4371/1494
f 4041/4379/1502 4043/4381/1504 4042/4382/1505 4040/4380/1503
f 4040/4380/1503 4042/4382/1505 4029/4367/1490 4031/4369/1492
f 4043/4381/1504 4045/4383/1506 4044/4384/1507 4042/4382/1505
f 4042/4382/1505 4044/4384/1507 4027/4365/1488 4029/4367/1490
f 4045/4383/1506 4047/4385/1508 4046/4386/1509 4044/4384/1507
f 4044/4384/1507 4046/4386/1509 4025/4363/1486 4027/4365/1488
f 4047/4385/1508 4049/4387/1510 4048/4388/1511 4046/4386/1509
f 4046/4386/1509 4048/4388/1511 4023/4361/1484 4025/4363/1486
f 4049/4387/1510 4051/4389/1512 4050/4390/1513 4048/4388/1511
f 4048/4388/1511 4050/4390/1513 4021/4358/1482 4023/4361/1484
f 4051/4389/1512 4053/4391/1514 4052/4392/1515 4050/4390/1513
f 4050/4390/1513 4052/4392/1515 4019/4359/1483 4021/4358/1482
f 4053/4393/1514 3864/4189/1337 3867/4192/1340 4052/4394/1515
f 4052/4394/1515 3867/4192/1340 3870/4195/1343 4019/4360/1483
f 4056/4395/1516 4054/4396/1517 4053/4391/1514 4051/4389/1512
f 4054/4397/1517 3861/4186/1334 3864/4189/1337 4053/4393/1514
f 4057/4398/1518 4055/4399/1519 4054/4396/1517 4056/4395/1516
f 4055/4400/1519 3858/4183/1331 3861/4186/1334 4054/4397/1517
f 4059/4401/1520 4057/4398/1518 4056/4395/1516 4058/4402/1521
f 4058/4402/1521 4056/4395/1516 4051/4389/1512 4049/4387/1510
f 4061/4403/1522 4059/4401/1520 4058/4402/1521 4060/4404/1523
f 4060/4404/1523 4058/4402/1521 4049/4387/1510 4047/4385/1508
f 4063/4405/2385 4061/4403/1522 4060/4404/1523 4062/4406/1525
f 4062/4406/1525 4060/4404/1523 4047/4385/1508 4045/4383/1506
f 4065/4407/1526 4063/4405/2385 4062/4406/1525 4064/4408/1527
f 4064/4408/1527 4062/4406/1525 4045/4383/1506 4043/4381/1504
f 4067/4409/1528 4065/4407/1526 4064/4408/1527 4066/4410/1529
f 4066/4410/1529 4064/4408/1527 4043/4381/1504 4041/4379/1502
f 4069/4411/1530 4067/4409/1528 4066/4410/1529 4068/4412/1531
f 4068/4412/1531 4066/4410/1529 4041/4379/1502 4039/4378/1501
f 4071/4413/1532 4069/4411/1530 4068/4412/1531 4070/4414/1533
f 4070/4414/1533 4068/4412/1531 4039/4378/1501 4037/4377/1500
f 3857/4181/1329 4071/4413/1532 4070/4414/1533 3860/4184/1332
f 3860/4184/1332 4070/4414/1533 4037/4377/1500 3863/4187/1335
f 3854/4178/1326 4072/4415/1534 4071/4413/1532 3857/4181/1329
f 4072/4415/1534 4074/4416/1535 4069/4411/1530 4071/4413/1532
f 3851/4175/1323 4073/4417/1536 4072/4415/1534 3854/4178/1326
f 4073/4417/1536 4075/4418/1537 4074/4416/1535 4072/4415/1534
f 4075/4418/1537 4077/4419/1538 4076/4420/1539 4074/4416/1535
f 4074/4416/1535 4076/4420/1539 4067/4409/1528 4069/4411/1530
f 4077/4419/1538 4079/4421/1540 4078/4422/1541 4076/4420/1539
f 4076/4420/1539 4078/4422/1541 4065/4407/1526 4067/4409/1528
f 4079/4421/1540 4081/4423/1542 4080/4424/1543 4078/4422/1541
f 4078/4422/1541 4080/4424/1543 4063/4405/2385 4065/4407/1526
f 4081/4423/1542 4083/4425/1544 4082/4426/1545 4080/4424/1543
f 4080/4424/1543 4082/4426/1545 4061/4403/1522 4063/4405/2385
f 4083/4425/1544 4085/4427/1546 4084/4428/1547 4082/4426/1545
f 4082/4426/1545 4084/4428/1547 4059/4401/1520 4061/4403/1522
f 4085/4427/1546 4087/4429/1548 4086/4430/1549 4084/4428/1547
f 4084/4428/1547 4086/4430/1549 4057/4398/1518 4059/4401/1520
f 4087/4429/1548 4089/4431/1550 4088/4432/1551 4086/4430/1549
f 4086/4430/1549 4088/4432/1551 4055/4399/1519 4057/4398/1518
f 4089/4433/1550 3852/4177/1325 3855/4180/1328 4088/4434/1551
f 4088/4434/1551 3855/4180/1328 3858/4183/1331 4055/4400/1519
f 4092/4435/1552 4090/4436/1553 4089/4431/1550 4087/4429/1548
f 4090/4437/1553 3849/4174/1322 3852/4177/1325 4089/4433/1550
f 4093/4438/1554 4091/4439/1555 4090/4436/1553 4092/4435/1552
f 4091/4440/1555 3846/4171/1319 3849/4174/1322 4090/4437/1553
f 4095/4441/1556 4093/4438/1554 4092/4435/1552 4094/4442/1556
f 4094/4442/1556 4092/4435/1552 4087/4429/1548 4085/4427/1546
f 4097/4443/1557 4095/4441/1556 4094/4442/1556 4096/4444/1558
f 4096/4444/1558 4094/4442/1556 4085/4427/1546 4083/4425/1544
f 4099/4445/1559 4097/4443/1557 4096/4444/1558 4098/4446/1560
f 4098/4446/1560 4096/4444/1558 4083/4425/1544 4081/4423/1542
f 4101/4447/1561 4099/4445/1559 4098/4446/1560 4100/4448/1562
f 4100/4448/1562 4098/4446/1560 4081/4423/1542 4079/4421/1540
f 4103/4449/1563 4101/4447/1561 4100/4448/1562 4102/4450/1564
f 4102/4450/1564 4100/4448/1562 4079/4421/1540 4077/4419/1538
f 4105/4451/1565 4103/4449/1563 4102/4450/1564 4104/4452/1566
f 4104/4452/1566 4102/4450/1564 4077/4419/1538 4075/4418/1537
f 4107/4453/1567 4105/4451/1565 4104/4452/1566 4106/4454/1568
f 4106/4454/1568 4104/4452/1566 4075/4418/1537 4073/4417/1536
f 3845/4169/1317 4107/4453/1567 4106/4454/1568 3848/4172/1320
f 3848/4172/1320 4106/4454/1568 4073/4417/1536 3851/4175/1323
f 3842/4166/1314 4108/4455/1567 4107/4453/1567 3845/4169/1317
f 4108/4455/1567 4110/4456/1569 4105/4451/1565 4107/4453/1567
f 3839/4163/1311 4109/4457/1570 4108/4455/1567 3842/4166/1314
f 4109/4457/1570 4111/4458/1571 4110/4456/1569 4108/4455/1567
f 4111/4458/1571 4113/4459/1572 4112/4460/1573 4110/4456/1569
f 4110/4456/1569 4112/4460/1573 4103/4449/1563 4105/4451/1565
f 4113/4459/1572 4115/4461/1574 4114/4462/1575 4112/4460/1573
f 4112/4460/1573 4114/4462/1575 4101/4447/1561 4103/4449/1563
f 4115/4461/1574 4117/4463/1576 4116/4464/1577 4114/4462/1575
f 4114/4462/1575 4116/4464/1577 4099/4445/1559 4101/4447/1561
f 4117/4463/1576 4119/4465/1578 4118/4466/1579 4116/4464/1577
f 4116/4464/1577 4118/4466/1579 4097/4443/1557 4099/4445/1559
f 4119/4465/1578 4121/4467/1580 4120/4468/1581 4118/4466/1579
f 4118/4466/1579 4120/4468/1581 4095/4441/1556 4097/4443/1557
f 4121/4467/1580 4123/4469/1582 4122/4470/1583 4120/4468/1581
f 4120/4468/1581 4122/4470/1583 4093/4438/1554 4095/4441/1556
f 4123/4469/1582 4125/4471/1584 4124/4472/1585 4122/4470/1583
f 4122/4470/1583 4124/4472/1585 4091/4439/1555 4093/4438/1554
f 4125/4473/1584 3840/4165/1313 3843/4168/1316 4124/4474/1585
f 4124/4474/1585 3843/4168/1316 3846/4171/1319 4091/4440/1555
f 4128/4475/1586 4126/4476/1587 4125/4471/1584 4123/4469/1582
f 4126/4477/1587 3837/4162/1310 3840/4165/1313 4125/4473/1584
f 4129/4478/1588 4127/4479/1589 4126/4476/1587 4128/4475/1586
f 4127/4480/1589 3834/4159/1307 3837/4162/1310 4126/4477/1587
f 4131/4481/1590 4129/4478/1588 4128/4475/1586 4130/4482/1591
f 4130/4482/1591 4128/4475/1586 4123/4469/1582 4121/4467/1580
f 4133/4483/1592 4131/4481/1590 4130/4482/1591 4132/4484/1593
f 4132/4484/1593 4130/4482/1591 4121/4467/1580 4119/4465/1578
f 4135/4485/1594 4133/4483/1592 4132/4484/1593 4134/4486/1595
f 4134/4486/1595 4132/4484/1593 4119/4465/1578 4117/4463/1576
f 4137/4487/1596 4135/4485/1594 4134/4486/1595 4136/4488/1597
f 4136/4488/1597 4134/4486/1595 4117/4463/1576 4115/4461/1574
f 4139/4489/1598 4137/4487/1596 4136/4488/1597 4138/423/1599
f 4138/423/1599 4136/4488/1597 4115/4461/1574 4113/4459/1572
f 4141/4490/1600 4139/4489/1598 4138/423/1599 4140/4491/1601
f 4140/4491/1601 4138/423/1599 4113/4459/1572 4111/4458/1571
f 4143/4492/1602 4141/4490/1600 4140/4491/1601 4142/4493/1603
f 4142/4493/1603 4140/4491/1601 4111/4458/1571 4109/4457/1570
f 3833/4157/1305 4143/4492/1602 4142/4493/1603 3836/4160/1308
f 3836/4160/1308 4142/4493/1603 4109/4457/1570 3839/4163/1311
f 3830/4154/1302 4144/4494/1604 4143/4492/1602 3833/4157/1305
f 4144/4494/1604 4146/4495/1605 4141/4490/1600 4143/4492/1602
f 3827/4151/1299 4145/4496/1606 4144/4494/1604 3830/4154/1302
f 4145/4496/1606 4147/4497/1607 4146/4495/1605 4144/4494/1604
f 4147/4497/1607 4149/4498/1608 4148/4499/1609 4146/4495/1605
f 4146/4495/1605 4148/4499/1609 4139/4489/1598 4141/4490/1600
f 4149/4498/1608 4151/4500/1610 4150/4501/1611 4148/4499/1609
f 4148/4499/1609 4150/4501/1611 4137/4487/1596 4139/4489/1598
f 4151/4500/1610 4153/4502/1612 4152/4503/1613 4150/4501/1611
f 4150/4501/1611 4152/4503/1613 4135/4485/1594 4137/4487/1596
f 4153/4502/1612 4155/4504/1614 4154/4505/1615 4152/4503/1613
f 4152/4503/1613 4154/4505/1615 4133/4483/1592 4135/4485/1594
f 4155/4504/1614 4157/4506/1616 4156/4507/1617 4154/4505/1615
f 4154/4505/1615 4156/4507/1617 4131/4481/1590 4133/4483/1592
f 4157/4506/1616 4159/4508/1618 4158/4509/1619 4156/4507/1617
f 4156/4507/1617 4158/4509/1619 4129/4478/1588 4131/4481/1590
f 4159/4508/1618 4161/4510/1620 4160/4511/1621 4158/4509/1619
f 4158/4509/1619 4160/4511/1621 4127/4479/1589 4129/4478/1588
f 4161/4512/1620 3828/4153/1301 3831/4156/1304 4160/4513/1621
f 4160/4513/1621 3831/4156/1304 3834/4159/1307 4127/4480/1589
f 4164/4514/1622 4162/4515/1623 4161/4510/1620 4159/4508/1618
f 4162/4516/1623 3825/4150/1298 3828/4153/1301 4161/4512/1620
f 4165/4517/1624 4163/4518/1625 4162/4515/1623 4164/4514/1622
f 4163/4519/1625 3822/4147/1295 3825/4150/1298 4162/4516/1623
f 4167/4520/1626 4165/4517/1624 4164/4514/1622 4166/4521/1627
f 4166/4521/1627 4164/4514/1622 4159/4508/1618 4157/4506/1616
f 4169/4522/1628 4167/4520/1626 4166/4521/1627 4168/4523/1629
f 4168/4523/1629 4166/4521/1627 4157/4506/1616 4155/4504/1614
f 4171/4524/1630 4169/4522/1628 4168/4523/1629 4170/4525/1631
f 4170/4525/1631 4168/4523/1629 4155/4504/1614 4153/4502/1612
f 4173/4526/1632 4171/4524/1630 4170/4525/1631 4172/4527/1633
f 4172/4527/1633 4170/4525/1631 4153/4502/1612 4151/4500/1610
f 4175/4528/1634 4173/4526/1632 4172/4527/1633 4174/4529/1635
f 4174/4529/1635 4172/4527/1633 4151/4500/1610 4149/4498/1608
f 4177/4530/1636 4175/4528/1634 4174/4529/1635 4176/4531/1637
f 4176/4531/1637 4174/4529/1635 4149/4498/1608 4147/4497/1607
f 4179/4532/1638 4177/4530/1636 4176/4531/1637 4178/4533/1639
f 4178/4533/1639 4176/4531/1637 4147/4497/1607 4145/4496/1606
f 3821/4145/1293 4179/4532/1638 4178/4533/1639 3824/4148/1296
f 3824/4148/1296 4178/4533/1639 4145/4496/1606 3827/4151/1299
f 3818/4142/1290 4180/4534/1640 4179/4532/1638 3821/4145/1293
f 4180/4534/1640 4182/4535/1641 4177/4530/1636 4179/4532/1638
f 3815/4139/1287 4181/4536/1642 4180/4534/1640 3818/4142/1290
f 4181/4536/1642 4183/4537/1643 4182/4535/1641 4180/4534/1640
f 4183/4537/1643 4185/4538/1644 4184/4539/1645 4182/4535/1641
f 4182/4535/1641 4184/4539/1645 4175/4528/1634 4177/4530/1636
f 4185/4538/1644 4187/4540/1646 4186/4541/1647 4184/4539/1645
f 4184/4539/1645 4186/4541/1647 4173/4526/1632 4175/4528/1634
f 4187/4540/1646 4189/4542/1648 4188/4543/1649 4186/4541/1647
f 4186/4541/1647 4188/4543/1649 4171/4524/1630 4173/4526/1632
f 4189/4542/1648 4191/4544/1650 4190/4545/1651 4188/4543/1649
f 4188/4543/1649 4190/4545/1651 4169/4522/1628 4171/4524/1630
f 4191/4544/1650 4193/4546/1652 4192/4547/1653 4190/4545/1651
f 4190/4545/1651 4192/4547/1653 4167/4520/1626 4169/4522/1628
f 4193/4546/1652 4195/4548/1654 4194/4549/1655 4192/4547/1653
f 4192/4547/1653 4194/4549/1655 4165/4517/1624 4167/4520/1626
f 4195/4548/1654 4197/4550/1656 4196/4551/1657 4194/4549/1655
f 4194/4549/1655 4196/4551/1657 4163/4518/1625 4165/4517/1624
f 4197/4552/1656 3816/4141/1289 3819/4144/1292 4196/4553/1657
f 4196/4553/1657 3819/4144/1292 3822/4147/1295 4163/4519/1625
f 4200/4554/1658 4198/4555/1659 4197/4550/1656 4195/4548/1654
f 4198/4556/1659 3813/4138/1286 3816/4141/1289 4197/4552/1656
f 4201/4557/1660 4199/4558/1661 4198/4555/1659 4200/4554/1658
f 4199/4559/1661 3810/4135/1283 3813/4138/1286 4198/4556/1659
f 4203/4560/1662 4201/4557/1660 4200/4554/1658 4202/4561/1663
f 4202/4561/1663 4200/4554/1658 4195/4548/1654 4193/4546/1652
f 4205/4562/1664 4203/4560/1662 4202/4561/1663 4204/4563/1665
f 4204/4563/1665 4202/4561/1663 4193/4546/1652 4191/4544/1650
f 4207/4564/1666 4205/4562/1664 4204/4563/1665 4206/4565/1667
f 4206/4565/1667 4204/4563/1665 4191/4544/1650 4189/4542/1648
f 4209/4566/1668 4207/4564/1666 4206/4565/1667 4208/4567/1669
f 4208/4567/1669 4206/4565/1667 4189/4542/1648 4187/4540/1646
f 4211/4568/1670 4209/4566/1668 4208/4567/1669 4210/4569/1671
f 4210/4569/1671 4208/4567/1669 4187/4540/1646 4185/4538/1644
f 4213/4570/1672 4211/4568/1670 4210/4569/1671 4212/4571/1673
f 4212/4571/1673 4210/4569/1671 4185/4538/1644 4183/4537/1643
f 4215/4572/1674 4213/4570/1672 4212/4571/1673 4214/4573/1675
f 4214/4573/1675 4212/4571/1673 4183/4537/1643 4181/4536/1642
f 3809/4133/1281 4215/4572/1674 4214/4573/1675 3812/4136/1284
f 3812/4136/1284 4214/4573/1675 4181/4536/1642 3815/4139/1287
f 3806/4130/1278 4216/4574/1676 4215/4572/1674 3809/4133/1281
f 4216/4574/1676 4218/4575/1677 4213/4570/1672 4215/4572/1674
f 3803/4127/1275 4217/4576/1678 4216/4574/1676 3806/4130/1278
f 4217/4576/1678 4219/4577/1679 4218/4575/1677 4216/4574/1676
f 4219/4577/1679 4221/4578/1680 4220/4579/1681 4218/4575/1677
f 4218/4575/1677 4220/4579/1681 4211/4568/1670 4213/4570/1672
f 4221/4578/1680 4223/4580/1682 4222/4581/1683 4220/4579/1681
f 4220/4579/1681 4222/4581/1683 4209/4566/1668 4211/4568/1670
f 4223/4580/1682 4225/4582/1684 4224/4583/1685 4222/4581/1683
f 4222/4581/1683 4224/4583/1685 4207/4564/1666 4209/4566/1668
f 4225/4582/1684 4227/4584/1686 4226/4585/1687 4224/4583/1685
f 4224/4583/1685 4226/4585/1687 4205/4562/1664 4207/4564/1666
f 4227/4584/1686 4229/4586/1688 4228/4587/1689 4226/4585/1687
f 4226/4585/1687 4228/4587/1689 4203/4560/1662 4205/4562/1664
f 4229/4586/1688 4231/4588/1690 4230/4589/1691 4228/4587/1689
f 4228/4587/1689 4230/4589/1691 4201/4557/1660 4203/4560/1662
f 4231/4588/1690 4233/4590/1692 4232/4591/1693 4230/4589/1691
f 4230/4589/1691 4232/4591/1693 4199/4558/1661 4201/4557/1660
f 4233/4592/1692 3804/4129/1277 3807/4132/1280 4232/4593/1693
f 4232/4593/1693 3807/4132/1280 3810/4135/1283 4199/4559/1661
f 4236/4594/1694 4234/4595/1695 4233/4590/1692 4231/4588/1690
f 4234/4596/1695 3801/4126/1274 3804/4129/1277 4233/4592/1692
f 4237/4597/1696 4235/4598/1697 4234/4595/1695 4236/4594/1694
f 4235/4599/1697 3798/4123/1271 3801/4126/1274 4234/4596/1695
f 4239/4600/1698 4237/4597/1696 4236/4594/1694 4238/4601/1699
f 4238/4601/1699 4236/4594/1694 4231/4588/1690 4229/4586/1688
f 4241/4602/1700 4239/4600/1698 4238/4601/1699 4240/4603/1701
f 4240/4603/1701 4238/4601/1699 4229/4586/1688 4227/4584/1686
f 4243/4604/1702 4241/4602/1700 4240/4603/1701 4242/4605/1703
f 4242/4605/1703 4240/4603/1701 4227/4584/1686 4225/4582/1684
f 4245/4606/1704 4243/4604/1702 4242/4605/1703 4244/4607/1705
f 4244/4607/1705 4242/4605/1703 4225/4582/1684 4223/4580/1682
f 4247/4608/1706 4245/4606/1704 4244/4607/1705 4246/4609/1707
f 4246/4609/1707 4244/4607/1705 4223/4580/1682 4221/4578/1680
f 4249/4610/1708 4247/4608/1706 4246/4609/1707 4248/4611/1709
f 4248/4611/1709 4246/4609/1707 4221/4578/1680 4219/4577/1679
f 4251/4612/1710 4249/4610/1708 4248/4611/1709 4250/4613/1711
f 4250/4613/1711 4248/4611/1709 4219/4577/1679 4217/4576/1678
f 3797/4121/1269 4251/4612/1710 4250/4613/1711 3800/4124/1272
f 3800/4124/1272 4250/4613/1711 4217/4576/1678 3803/4127/1275
f 3794/4118/1266 4252/4614/1712 4251/4612/1710 3797/4121/1269
f 4252/4614/1712 4254/4615/1713 4249/4610/1708 4251/4612/1710
f 3791/4115/1263 4253/4616/1714 4252/4614/1712 3794/4118/1266
f 4253/4616/1714 4255/4617/1715 4254/4615/1713 4252/4614/1712
f 4255/4617/1715 4257/4618/1716 4256/4619/1717 4254/4615/1713
f 4254/4615/1713 4256/4619/1717 4247/4608/1706 4249/4610/1708
f 4257/4618/1716 4259/4620/1718 4258/4621/1719 4256/4619/1717
f 4256/4619/1717 4258/4621/1719 4245/4606/1704 4247/4608/1706
f 4259/4620/1718 4261/4622/1720 4260/4623/1721 4258/4621/1719
f 4258/4621/1719 4260/4623/1721 4243/4604/1702 4245/4606/1704
f 4261/4622/1720 4263/4624/1722 4262/4625/1723 4260/4623/1721
f 4260/4623/1721 4262/4625/1723 4241/4602/1700 4243/4604/1702
f 4263/4624/1722 4265/4626/1724 4264/4627/1725 4262/4625/1723
f 4262/4625/1723 4264/4627/1725 4239/4600/1698 4241/4602/1700
f 4265/4626/1724 4267/4628/1726 4266/4629/1727 4264/4627/1725
f 4264/4627/1725 4266/4629/1727 4237/4597/1696 4239/4600/1698
f 4267/4628/1726 4269/4630/1728 4268/4631/1729 4266/4629/1727
f 4266/4629/1727 4268/4631/1729 4235/4598/1697 4237/4597/1696
f 4269/4632/1728 3792/4117/1265 3795/4120/1268 4268/4633/1729
f 4268/4633/1729 3795/4120/1268 3798/4123/1271 4235/4599/1697
f 4272/4634/1730 4270/4635/1731 4269/4630/1728 4267/4628/1726
f 4270/4636/1731 3789/4114/1262 3792/4117/1265 4269/4632/1728
f 4273/4637/1732 4271/4638/1733 4270/4635/1731 4272/4634/1730
f 4271/4639/1733 3786/4111/1259 3789/4114/1262 4270/4636/1731
f 4275/4640/1734 4273/4637/1732 4272/4634/1730 4274/4641/1735
f 4274/4641/1735 4272/4634/1730 4267/4628/1726 4265/4626/1724
f 4277/4642/1736 4275/4640/1734 4274/4641/1735 4276/4643/1737
f 4276/4643/1737 4274/4641/1735 4265/4626/1724 4263/4624/1722
f 4279/4644/1738 4277/4642/1736 4276/4643/1737 4278/4645/1739
f 4278/4645/1739 4276/4643/1737 4263/4624/1722 4261/4622/1720
f 4281/4646/1740 4279/4644/1738 4278/4645/1739 4280/4647/1741
f 4280/4647/1741 4278/4645/1739 4261/4622/1720 4259/4620/1718
f 4283/4648/1742 4281/4646/1740 4280/4647/1741 4282/4649/1743
f 4282/4649/1743 4280/4647/1741 4259/4620/1718 4257/4618/1716
f 4285/4650/1744 4283/4648/1742 4282/4649/1743 4284/4651/1745
f 4284/4651/1745 4282/4649/1743 4257/4618/1716 4255/4617/1715
f 4287/4652/1746 4285/4650/1744 4284/4651/1745 4286/4653/1747
f 4286/4653/1747 4284/4651/1745 4255/4617/1715 4253/4616/1714
f 3785/4109/1257 4287/4652/1746 4286/4653/1747 3788/4112/1260
f 3788/4112/1260 4286/4653/1747 4253/4616/1714 3791/4115/1263
f 3782/4106/1254 4288/4654/1748 4287/4652/1746 3785/4109/1257
f 4288/4654/1748 4290/4655/1749 4285/4650/1744 4287/4652/1746
f 3779/4103/1251 4289/4656/1750 4288/4654/1748 3782/4106/1254
f 4289/4656/1750 4291/4657/1751 4290/4655/1749 4288/4654/1748
f 4291/4657/1751 4293/4658/1752 4292/4659/1753 4290/4655/1749
f 4290/4655/1749 4292/4659/1753 4283/4648/1742 4285/4650/1744
f 4293/4658/1752 4295/4660/1754 4294/4661/1755 4292/4659/1753
f 4292/4659/1753 4294/4661/1755 4281/4646/1740 4283/4648/1742
f 4295/4660/1754 4297/4662/1756 4296/4663/1757 4294/4661/1755
f 4294/4661/1755 4296/4663/1757 4279/4644/1738 4281/4646/1740
f 4297/4662/1756 4299/4664/1758 4298/4665/1759 4296/4663/1757
f 4296/4663/1757 4298/4665/1759 4277/4642/1736 4279/4644/1738
f 4299/4664/1758 4301/4666/1760 4300/4667/1761 4298/4665/1759
f 4298/4665/1759 4300/4667/1761 4275/4640/1734 4277/4642/1736
f 4301/4666/1760 4303/4668/1762 4302/4669/1763 4300/4667/1761
f 4300/4667/1761 4302/4669/1763 4273/4637/1732 4275/4640/1734
f 4303/4668/1762 4305/4670/1764 4304/4671/1765 4302/4669/1763
f 4302/4669/1763 4304/4671/1765 4271/4638/1733 4273/4637/1732
f 4305/4672/1764 3780/4105/1253 3783/4108/1256 4304/4673/1765
f 4304/4673/1765 3783/4108/1256 3786/4111/1259 4271/4639/1733
f 4308/4674/1766 4306/4675/1767 4305/4670/1764 4303/4668/1762
f 4306/4676/1767 3777/4102/1250 3780/4105/1253 4305/4672/1764
f 4309/4677/1768 4307/4678/1769 4306/4675/1767 4308/4674/1766
f 4307/4679/1769 3774/4099/1247 3777/4102/1250 4306/4676/1767
f 4311/4680/1770 4309/4677/1768 4308/4674/1766 4310/4681/1771
f 4310/4681/1771 4308/4674/1766 4303/4668/1762 4301/4666/1760
f 4313/4682/1772 4311/4680/1770 4310/4681/1771 4312/4683/1773
f 4312/4683/1773 4310/4681/1771 4301/4666/1760 4299/4664/1758
f 4315/4684/1774 4313/4682/1772 4312/4683/1773 4314/4685/1775
f 4314/4685/1775 4312/4683/1773 4299/4664/1758 4297/4662/1756
f 4317/4686/1776 4315/4684/1774 4314/4685/1775 4316/4687/1777
f 4316/4687/1777 4314/4685/1775 4297/4662/1756 4295/4660/1754
f 4319/4688/1778 4317/4686/1776 4316/4687/1777 4318/4689/1779
f 4318/4689/1779 4316/4687/1777 4295/4660/1754 4293/4658/1752
f 4321/4690/1780 4319/4688/1778 4318/4689/1779 4320/4691/1781
f 4320/4691/1781 4318/4689/1779 4293/4658/1752 4291/4657/1751
f 4323/4692/1782 4321/4690/1780 4320/4691/1781 4322/4693/1783
f 4322/4693/1783 4320/4691/1781 4291/4657/1751 4289/4656/1750
f 3773/4097/1245 4323/4692/1782 4322/4693/1783 3776/4100/1248
f 3776/4100/1248 4322/4693/1783 4289/4656/1750 3779/4103/1251
f 3770/4094/1242 4324/4694/1784 4323/4692/1782 3773/4097/1245
f 4324/4694/1784 4325/4695/1785 4321/4690/1780 4323/4692/1782
f 3765/4091/1239 3763/4089/1237 4324/4694/1784 3770/4094/1242
f 3763/4089/1237 3761/4087/1235 4325/4695/1785 4324/4694/1784
f 3761/4087/1235 3759/4085/1233 4326/4696/1786 4325/4695/1785
f 4325/4695/1785 4326/4696/1786 4319/4688/1778 4321/4690/1780
f 3759/4085/1233 3757/4083/1231 4327/4697/1787 4326/4696/1786
f 4326/4696/1786 4327/4697/1787 4317/4686/1776 4319/4688/1778
f 3757/4083/1231 3755/4081/1229 4328/4698/1788 4327/4697/1787
f 4327/4697/1787 4328/4698/1788 4315/4684/1774 4317/4686/1776
f 3755/4081/1229 3753/4079/1227 4329/4699/1789 4328/4698/1788
f 4328/4698/1788 4329/4699/1789 4313/4682/1772 4315/4684/1774
f 3753/4079/1227 3751/4077/1225 4330/4700/1790 4329/4699/1789
f 4329/4699/1789 4330/4700/1790 4311/4680/1770 4313/4682/1772
f 3751/4077/1225 3749/4075/1223 4331/4701/1791 4330/4700/1790
f 4330/4700/1790 4331/4701/1791 4309/4677/1768 4311/4680/1770
f 3749/4075/1223 3747/4074/1221 4332/4702/1792 4331/4701/1791
f 4331/4701/1791 4332/4702/1792 4307/4678/1769 4309/4677/1768
f 3747/4071/1221 3768/4070/1220 3771/4096/2382 4332/4703/1792
f 4332/4703/1792 3771/4096/2382 3774/4099/1247 4307/4679/1769
f 4333/4704/1804 4335/4705/1805 4356/4706/1806 4334/4707/1807
f 4336/4708/1808 4337/4709/1809 4335/4710/1805 4333/4711/1804
f 4338/4712/1810 4339/4713/1811 4337/4709/1809 4336/4708/1808
f 4340/4714/1812 4341/4715/1813 4339/4713/1811 4338/4712/1810
f 4342/4716/1814 4343/4717/1815 4341/4715/1813 4340/4714/1812
f 4344/4718/1816 4345/4719/1817 4343/4717/1815 4342/4716/1814
f 4346/4720/1818 4347/4721/2386 4345/4719/1817 4344/4718/1816
f 4348/4722/1820 4349/4723/1821 4347/4721/2386 4346/4720/1818
f 4350/4724/1822 4351/4725/1823 4349/4723/1821 4348/4722/1820
f 4352/4726/1824 4353/4727/1825 4351/4725/1823 4350/4724/1822
f 4354/4728/1826 4355/4729/1827 4353/4727/1825 4352/4726/1824
f 4334/4707/1807 4356/4706/1806 4355/4729/1827 4354/4728/1826
f 4355/4729/1827 4357/4730/1828 4358/4731/1829 4353/4727/1825
f 4356/4706/1806 4359/4732/1830 4357/4730/1828 4355/4729/1827
f 4357/4730/1828 4360/4733/1831 4361/4734/1832 4358/4731/1829
f 4359/4732/1830 4362/4735/2387 4360/4733/1831 4357/4730/1828
f 4360/4733/1831 4363/4736/1834 4364/4737/1835 4361/4734/1832
f 4362/4735/2387 4365/4738/1836 4363/4736/1834 4360/4733/1831
f 4363/4736/1834 4366/4739/1837 4367/4740/2388 4364/4737/1835
f 4365/4738/1836 4368/4741/1839 4366/4739/1837 4363/4736/1834
f 4366/4739/1837 4369/4742/1840 4370/4743/1841 4367/4740/2388
f 4368/4741/1839 4371/4744/1842 4369/4742/1840 4366/4739/1837
f 4369/4742/1840 4372/4745/1843 4373/4746/1844 4370/4743/1841
f 4371/4744/1842 4374/4747/1845 4372/4745/1843 4369/4742/1840
f 4372/4745/1843 4375/4748/1846 4376/4749/1847 4373/4746/1844
f 4374/4747/1845 4377/4750/1848 4375/4748/1846 4372/4745/1843
f 4375/4748/1846 4378/4751/1849 4379/4752/1850 4376/4749/1847
f 4377/4750/1848 4380/4753/1851 4378/4751/1849 4375/4748/1846
f 4378/4751/1849 4381/4754/1852 4382/4755/1853 4379/4752/1850
f 4380/4753/1851 4383/4756/1854 4381/4754/1852 4378/4751/1849
f 4381/4754/1852 4384/4757/1855 4385/4758/1856 4382/4755/1853
f 4383/4756/1854 4386/4759/1857 4384/4757/1855 4381/4754/1852
f 4384/4757/1855 4387/4760/1858 4388/4761/1859 4385/4758/1856
f 4386/4759/1857 4389/4762/1860 4387/4760/1858 4384/4757/1855
f 4387/4760/1858 4390/4763/1861 4391/4764/1862 4388/4761/1859
f 4389/4762/1860 4392/4765/1863 4390/4763/1861 4387/4760/1858
f 4390/4763/1861 4393/4766/1864 4394/4767/1865 4391/4764/1862
f 4392/4765/1863 4395/4768/1866 4393/4766/1864 4390/4763/1861
f 4393/4766/1864 4396/4769/1867 4397/4770/1868 4394/4767/1865
f 4395/4768/1866 4398/4771/1869 4396/4769/1867 4393/4766/1864
f 4396/4769/1867 4399/4772/1870 4400/4773/1871 4397/4770/1868
f 4398/4771/1869 4401/4774/1872 4399/4772/1870 4396/4769/1867
f 4399/4772/1870 4402/4775/1873 4403/4776/1874 4400/4773/1871
f 4401/4774/1872 4404/4777/1875 4402/4775/1873 4399/4772/1870
f 4402/4775/1873 4405/4778/1876 4406/4779/1877 4403/4776/1874
f 4404/4777/1875 4407/4780/1878 4405/4778/1876 4402/4775/1873
f 4405/4778/1876 4408/4781/1879 4409/4782/1880 4406/4779/1877
f 4407/4780/1878 4410/4783/1881 4408/4781/1879 4405/4778/1876
f 4408/4781/1879 4411/4784/1882 4412/4785/1883 4409/4782/1880
f 4410/4783/1881 4413/4786/1884 4411/4784/1882 4408/4781/1879
f 4411/4784/1882 4414/4787/1885 4415/4788/1886 4412/4785/1883
f 4413/4786/1884 4416/4789/1887 4414/4787/1885 4411/4784/1882
f 4414/4787/1885 4417/4790/1888 4418/4791/1889 4415/4788/1886
f 4416/4789/1887 4419/4792/1890 4417/4790/1888 4414/4787/1885
f 4417/4790/1888 4420/4793/1891 4421/4794/1892 4418/4791/1889
f 4419/4792/1890 4422/4795/1893 4420/4793/1891 4417/4790/1888
f 4420/4793/1891 4423/4796/1894 4424/4797/1895 4421/4794/1892
f 4422/4795/1893 4425/4798/1896 4423/4796/1894 4420/4793/1891
f 4423/4796/1894 4426/4799/1897 4427/4800/1898 4424/4797/1895
f 4425/4798/1896 4428/4801/1899 4426/4799/1897 4423/4796/1894
f 4426/4799/1897 4429/4802/1900 4430/4803/1901 4427/4800/1898
f 4428/4801/1899 4431/4804/1902 4429/4802/1900 4426/4799/1897
f 4429/4802/1900 4432/4805/1903 4433/4806/1904 4430/4803/1901
f 4431/4804/1902 4434/4807/1905 4432/4805/1903 4429/4802/1900
f 4432/4805/1903 4435/4808/1906 4436/4809/1907 4433/4806/1904
f 4434/4807/1905 4437/4810/1908 4435/4808/1906 4432/4805/1903
f 4435/4808/1906 4438/4811/1909 4439/4812/1910 4436/4809/1907
f 4437/4810/1908 4440/4813/1911 4438/4811/1909 4435/4808/1906
f 4438/4811/1909 4441/4814/1912 4442/4815/1913 4439/4812/1910
f 4440/4813/1911 4443/4816/1914 4441/4814/1912 4438/4811/1909
f 4441/4814/1912 4444/4817/1915 4445/4818/1916 4442/4815/1913
f 4443/4816/1914 4446/4819/1917 4444/4817/1915 4441/4814/1912
f 4444/4817/1915 4447/4820/1918 4448/4821/1919 4445/4818/1916
f 4446/4819/1917 4449/4822/1920 4447/4820/1918 4444/4817/1915
f 4447/4820/1918 4450/4823/1921 4451/4824/1922 4448/4821/1919
f 4449/4822/1920 4452/4825/1923 4450/4823/1921 4447/4820/1918
f 4450/4823/1921 4453/4826/1924 4454/4827/1925 4451/4824/1922
f 4452/4825/1923 4455/4828/1926 4453/4826/1924 4450/4823/1921
f 4453/4826/1924 4456/4829/1927 4457/4830/1928 4454/4827/1925
f 4455/4828/1926 4458/4831/1929 4456/4829/1927 4453/4826/1924
f 4456/4829/1927 4459/4832/1930 4460/4833/1931 4457/4830/1928
f 4458/4831/1929 4461/4834/1932 4459/4832/1930 4456/4829/1927
f 4459/4832/1930 4462/4835/1933 4463/4836/1934 4460/4833/1931
f 4461/4834/1932 4464/4837/1935 4462/4835/1933 4459/4832/1930
f 4462/4835/1933 4465/4838/1933 4466/4839/1934 4463/4836/1934
f 4464/4837/1935 4467/4840/1935 4465/4838/1933 4462/4835/1933
f 4465/4838/1933 4468/4841/1936 4469/4842/1937 4466/4839/1934
f 4467/4840/1935 4470/4843/1938 4468/4841/1936 4465/4838/1933
f 4468/4841/1936 4471/4844/1939 4472/4845/1940 4469/4842/1937
f 4470/4843/1938 4473/4846/1941 4471/4844/1939 4468/4841/1936
f 4471/4844/1939 4474/4847/1942 4475/4848/1943 4472/4845/1940
f 4473/4846/1941 4476/4849/1944 4474/4847/1942 4471/4844/1939
f 4474/4847/1942 4477/4850/1945 4478/4851/1946 4475/4848/1943
f 4476/4849/1944 4479/4852/1947 4477/4850/1945 4474/4847/1942
f 4477/4850/1945 4480/4853/1948 4481/4854/1949 4478/4851/1946
f 4479/4852/1947 4482/4855/1950 4480/4853/1948 4477/4850/1945
f 4480/4853/1948 4483/4856/1951 4484/4857/1952 4481/4854/1949
f 4482/4855/1950 4485/4858/1953 4483/4856/1951 4480/4853/1948
f 4483/4856/1951 4486/4859/1954 4487/4860/1955 4484/4857/1952
f 4485/4858/1953 4488/4861/1956 4486/4859/1954 4483/4856/1951
f 4486/4859/1954 4489/4862/1957 4490/4863/1958 4487/4860/1955
f 4488/4861/1956 4491/4864/1959 4489/4862/1957 4486/4859/1954
f 4489/4862/1957 4492/4865/1960 4493/4866/1961 4490/4863/1958
f 4491/4864/1959 4494/4867/1962 4492/4865/1960 4489/4862/1957
f 4492/4865/1960 4495/4868/1963 4496/4869/1964 4493/4866/1961
f 4494/4867/1962 4497/4870/1965 4495/4868/1963 4492/4865/1960
f 4499/4871/1966 4498/4872/1967 4497/4870/1965 4494/4867/1962
f 4501/4873/1968 4500/4874/1969 4498/4875/1967 4499/4876/1966
f 4503/4877/1970 4502/4878/1971 4500/4874/1969 4501/4873/1968
f 4505/4879/1972 4504/4880/1973 4502/4878/1971 4503/4877/1970
f 4507/4881/1974 4506/4882/1975 4504/4880/1973 4505/4879/1972
f 4509/4883/1976 4508/4884/1977 4506/4882/1975 4507/4881/1974
f 4511/4885/1978 4510/4886/1979 4508/4884/1977 4509/4883/1976
f 4513/4887/1980 4512/4888/1981 4510/4886/1979 4511/4885/1978
f 4515/4889/1982 4514/4890/1983 4512/4888/1981 4513/4887/1980
f 4493/4866/1961 4496/4869/1964 4514/4890/1983 4515/4889/1982
f 4490/4863/1958 4493/4866/1961 4515/4889/1982 4516/4891/1984
f 4516/4891/1984 4515/4889/1982 4513/4887/1980 4518/4892/1985
f 4487/4860/1955 4490/4863/1958 4516/4891/1984 4517/4893/1986
f 4517/4893/1986 4516/4891/1984 4518/4892/1985 4519/4894/1987
f 4519/4894/1987 4518/4892/1985 4520/4895/1988 4521/4896/1989
f 4518/4892/1985 4513/4887/1980 4511/4885/1978 4520/4895/1988
f 4521/4896/1989 4520/4895/1988 4522/4897/1990 4523/4898/1991
f 4520/4895/1988 4511/4885/1978 4509/4883/1976 4522/4897/1990
f 4523/4898/1991 4522/4897/1990 4524/4899/1992 4525/4900/1993
f 4522/4897/1990 4509/4883/1976 4507/4881/1974 4524/4899/1992
f 4525/4900/1993 4524/4899/1992 4526/4901/1994 4527/4902/1995
f 4524/4899/1992 4507/4881/1974 4505/4879/1972 4526/4901/1994
f 4527/4902/1995 4526/4901/1994 4528/4903/1996 4529/4904/1997
f 4526/4901/1994 4505/4879/1972 4503/4877/1970 4528/4903/1996
f 4529/4904/1997 4528/4903/1996 4530/4905/1998 4531/4906/1999
f 4528/4903/1996 4503/4877/1970 4501/4873/1968 4530/4905/1998
f 4531/4906/1999 4530/4905/1998 4532/4907/2000 4533/4908/2001
f 4530/4905/1998 4501/4873/1968 4499/4876/1966 4532/4907/2000
f 4533/4909/2001 4532/4910/2000 4491/4864/1959 4488/4861/1956
f 4532/4910/2000 4499/4871/1966 4494/4867/1962 4491/4864/1959
f 4536/4911/2002 4531/4906/1999 4533/4908/2001 4534/4912/2003
f 4534/4913/2003 4533/4909/2001 4488/4861/1956 4485/4858/1953
f 4537/4914/2004 4536/4911/2002 4534/4912/2003 4535/4915/2005
f 4535/4916/2005 4534/4913/2003 4485/4858/1953 4482/4855/1950
f 4539/4917/2006 4538/4918/2007 4536/4911/2002 4537/4914/2004
f 4538/4918/2007 4529/4904/1997 4531/4906/1999 4536/4911/2002
f 4541/4919/2008 4540/4920/2009 4538/4918/2007 4539/4917/2006
f 4540/4920/2009 4527/4902/1995 4529/4904/1997 4538/4918/2007
f 4543/4921/2010 4542/4922/2011 4540/4920/2009 4541/4919/2008
f 4542/4922/2011 4525/4900/1993 4527/4902/1995 4540/4920/2009
f 4545/4923/2012 4544/4924/2013 4542/4922/2011 4543/4921/2010
f 4544/4924/2013 4523/4898/1991 4525/4900/1993 4542/4922/2011
f 4547/4925/2014 4546/4926/2015 4544/4924/2013 4545/4923/2012
f 4546/4926/2015 4521/4896/1989 4523/4898/1991 4544/4924/2013
f 4549/4927/2016 4548/4928/2017 4546/4926/2015 4547/4925/2014
f 4548/4928/2017 4519/4894/1987 4521/4896/1989 4546/4926/2015
f 4551/4929/2018 4550/4930/2019 4548/4928/2017 4549/4927/2016
f 4550/4930/2019 4517/4893/1986 4519/4894/1987 4548/4928/2017
f 4481/4854/1949 4484/4857/1952 4550/4930/2019 4551/4929/2018
f 4484/4857/1952 4487/4860/1955 4517/4893/1986 4550/4930/2019
f 4478/4851/1946 4481/4854/1949 4551/4929/2018 4552/4931/2020
f 4552/4931/2020 4551/4929/2018 4549/4927/2016 4554/4932/2021
f 4475/4848/1943 4478/4851/1946 4552/4931/2020 4553/4933/2022
f 4553/4933/2022 4552/4931/2020 4554/4932/2021 4555/4934/2023
f 4555/4934/2023 4554/4932/2021 4556/4935/2024 4557/4936/2025
f 4554/4932/2021 4549/4927/2016 4547/4925/2014 4556/4935/2024
f 4557/4936/2025 4556/4935/2024 4558/4937/2026 4559/4938/2027
f 4556/4935/2024 4547/4925/2014 4545/4923/2012 4558/4937/2026
f 4559/4938/2027 4558/4937/2026 4560/4939/2028 4561/4940/2389
f 4558/4937/2026 4545/4923/2012 4543/4921/2010 4560/4939/2028
f 4561/4940/2389 4560/4939/2028 4562/4941/2030 4563/4942/2031
f 4560/4939/2028 4543/4921/2010 4541/4919/2008 4562/4941/2030
f 4563/4942/2031 4562/4941/2030 4564/4943/2032 4565/4944/2033
f 4562/4941/2030 4541/4919/2008 4539/4917/2006 4564/4943/2032
f 4565/4944/2033 4564/4943/2032 4566/4945/2034 4567/4946/2035
f 4564/4943/2032 4539/4917/2006 4537/4914/2004 4566/4945/2034
f 4567/4946/2035 4566/4945/2034 4568/4947/2036 4569/4948/2037
f 4566/4945/2034 4537/4914/2004 4535/4915/2005 4568/4947/2036
f 4569/4949/2037 4568/4950/2036 4479/4852/1947 4476/4849/1944
f 4568/4950/2036 4535/4916/2005 4482/4855/1950 4479/4852/1947
f 4572/4951/2038 4567/4946/2035 4569/4948/2037 4570/4952/2039
f 4570/4953/2039 4569/4949/2037 4476/4849/1944 4473/4846/1941
f 4573/4954/2040 4572/4951/2038 4570/4952/2039 4571/4955/2041
f 4571/4956/2041 4570/4953/2039 4473/4846/1941 4470/4843/1938
f 4575/4957/2042 4574/4958/2043 4572/4951/2038 4573/4954/2040
f 4574/4958/2043 4565/4944/2033 4567/4946/2035 4572/4951/2038
f 4577/4959/2044 4576/4960/2045 4574/4958/2043 4575/4957/2042
f 4576/4960/2045 4563/4942/2031 4565/4944/2033 4574/4958/2043
f 4579/4961/2046 4578/4962/2047 4576/4960/2045 4577/4959/2044
f 4578/4962/2047 4561/4940/2389 4563/4942/2031 4576/4960/2045
f 4581/4963/2048 4580/4964/2049 4578/4962/2047 4579/4961/2046
f 4580/4964/2049 4559/4938/2027 4561/4940/2389 4578/4962/2047
f 4583/4965/2050 4582/4966/2051 4580/4964/2049 4581/4963/2048
f 4582/4966/2051 4557/4936/2025 4559/4938/2027 4580/4964/2049
f 4585/4967/2052 4584/4968/2053 4582/4966/2051 4583/4965/2050
f 4584/4968/2053 4555/4934/2023 4557/4936/2025 4582/4966/2051
f 4587/4969/2054 4586/4970/2055 4584/4968/2053 4585/4967/2052
f 4586/4970/2055 4553/4933/2022 4555/4934/2023 4584/4968/2053
f 4469/4842/1937 4472/4845/1940 4586/4970/2055 4587/4969/2054
f 4472/4845/1940 4475/4848/1943 4553/4933/2022 4586/4970/2055
f 4466/4839/1934 4469/4842/1937 4587/4969/2054 4588/4971/2056
f 4588/4971/2056 4587/4969/2054 4585/4967/2052 4590/4972/2057
f 4463/4836/1934 4466/4839/1934 4588/4971/2056 4589/4973/2056
f 4589/4973/2056 4588/4971/2056 4590/4972/2057 4591/4974/2057
f 4591/4974/2057 4590/4972/2057 4592/4975/2059 4593/4976/2059
f 4590/4972/2057 4585/4967/2052 4583/4965/2050 4592/4975/2059
f 4593/4976/2059 4592/4975/2059 4594/4977/2060 4595/4978/2060
f 4592/4975/2059 4583/4965/2050 4581/4963/2048 4594/4977/2060
f 4595/4978/2060 4594/4977/2060 4596/4979/2061 4597/4980/2061
f 4594/4977/2060 4581/4963/2048 4579/4961/2046 4596/4979/2061
f 4597/4980/2061 4596/4979/2061 4598/4981/2062 4599/4982/2062
f 4596/4979/2061 4579/4961/2046 4577/4959/2044 4598/4981/2062
f 4599/4982/2062 4598/4981/2062 4600/4983/2042 4601/4984/2042
f 4598/4981/2062 4577/4959/2044 4575/4957/2042 4600/4983/2042
f 4601/4984/2042 4600/4983/2042 4602/4985/2063 4603/4986/2063
f 4600/4983/2042 4575/4957/2042 4573/4954/2040 4602/4985/2063
f 4603/4986/2063 4602/4985/2063 4604/4987/2064 4605/4988/2064
f 4602/4985/2063 4573/4954/2040 4571/4955/2041 4604/4987/2064
f 4605/4989/2064 4604/4990/2064 4467/4840/1935 4464/4837/1935
f 4604/4990/2064 4571/4956/2041 4470/4843/1938 4467/4840/1935
f 4608/4991/2065 4603/4986/2063 4605/4988/2064 4606/4992/2066
f 4606/4993/2066 4605/4989/2064 4464/4837/1935 4461/4834/1932
f 4609/4994/2067 4608/4991/2065 4606/4992/2066 4607/4995/2068
f 4607/4996/2068 4606/4993/2066 4461/4834/1932 4458/4831/1929
f 4611/4997/2069 4610/4998/2070 4608/4991/2065 4609/4994/2067
f 4610/4998/2070 4601/4984/2042 4603/4986/2063 4608/4991/2065
f 4613/4999/2071 4612/5000/2072 4610/4998/2070 4611/4997/2069
f 4612/5000/2072 4599/4982/2062 4601/4984/2042 4610/4998/2070
f 4615/5001/2073 4614/5002/2074 4612/5000/2072 4613/4999/2071
f 4614/5002/2074 4597/4980/2061 4599/4982/2062 4612/5000/2072
f 4617/5003/2075 4616/5004/2076 4614/5002/2074 4615/5001/2073
f 4616/5004/2076 4595/4978/2060 4597/4980/2061 4614/5002/2074
f 4619/5005/2077 4618/5006/2078 4616/5004/2076 4617/5003/2075
f 4618/5006/2078 4593/4976/2059 4595/4978/2060 4616/5004/2076
f 4621/5007/2079 4620/5008/2080 4618/5006/2078 4619/5005/2077
f 4620/5008/2080 4591/4974/2057 4593/4976/2059 4618/5006/2078
f 4623/5009/2081 4622/5010/2082 4620/5008/2080 4621/5007/2079
f 4622/5010/2082 4589/4973/2056 4591/4974/2057 4620/5008/2080
f 4457/4830/1928 4460/4833/1931 4622/5010/2082 4623/5009/2081
f 4460/4833/1931 4463/4836/1934 4589/4973/2056 4622/5010/2082
f 4454/4827/1925 4457/4830/1928 4623/5009/2081 4624/5011/2083
f 4624/5011/2083 4623/5009/2081 4621/5007/2079 4626/5012/2084
f 4451/4824/1922 4454/4827/1925 4624/5011/2083 4625/5013/2085
f 4625/5013/2085 4624/5011/2083 4626/5012/2084 4627/5014/2086
f 4627/5014/2086 4626/5012/2084 4628/5015/2087 4629/5016/2088
f 4626/5012/2084 4621/5007/2079 4619/5005/2077 4628/5015/2087
f 4629/5016/2088 4628/5015/2087 4630/5017/2089 4631/5018/2090
f 4628/5015/2087 4619/5005/2077 4617/5003/2075 4630/5017/2089
f 4631/5018/2090 4630/5017/2089 4632/5019/2091 4633/5020/2092
f 4630/5017/2089 4617/5003/2075 4615/5001/2073 4632/5019/2091
f 4633/5020/2092 4632/5019/2091 4634/5021/2093 4635/5022/2094
f 4632/5019/2091 4615/5001/2073 4613/4999/2071 4634/5021/2093
f 4635/5022/2094 4634/5021/2093 4636/5023/2095 4637/5024/2096
f 4634/5021/2093 4613/4999/2071 4611/4997/2069 4636/5023/2095
f 4637/5024/2096 4636/5023/2095 4638/5025/2097 4639/5026/2098
f 4636/5023/2095 4611/4997/2069 4609/4994/2067 4638/5025/2097
f 4639/5026/2098 4638/5025/2097 4640/5027/2099 4641/5028/2100
f 4638/5025/2097 4609/4994/2067 4607/4995/2068 4640/5027/2099
f 4641/5029/2100 4640/5030/2099 4455/4828/1926 4452/4825/1923
f 4640/5030/2099 4607/4996/2068 4458/4831/1929 4455/4828/1926
f 4644/5031/2101 4639/5026/2098 4641/5028/2100 4642/5032/2102
f 4642/5033/2102 4641/5029/2100 4452/4825/1923 4449/4822/1920
f 4645/5034/2103 4644/5031/2101 4642/5032/2102 4643/5035/2104
f 4643/5036/2104 4642/5033/2102 4449/4822/1920 4446/4819/1917
f 4647/5037/2105 4646/5038/2106 4644/5031/2101 4645/5034/2103
f 4646/5038/2106 4637/5024/2096 4639/5026/2098 4644/5031/2101
f 4649/5039/2107 4648/5040/2108 4646/5038/2106 4647/5037/2105
f 4648/5040/2108 4635/5022/2094 4637/5024/2096 4646/5038/2106
f 4651/5041/2109 4650/5042/2110 4648/5040/2108 4649/5039/2107
f 4650/5042/2110 4633/5020/2092 4635/5022/2094 4648/5040/2108
f 4653/5043/2111 4652/5044/2112 4650/5042/2110 4651/5041/2109
f 4652/5044/2112 4631/5018/2090 4633/5020/2092 4650/5042/2110
f 4655/5045/2113 4654/5046/2114 4652/5044/2112 4653/5043/2111
f 4654/5046/2114 4629/5016/2088 4631/5018/2090 4652/5044/2112
f 4657/5047/2115 4656/5048/2116 4654/5046/2114 4655/5045/2113
f 4656/5048/2116 4627/5014/2086 4629/5016/2088 4654/5046/2114
f 4659/5049/2117 4658/5050/2118 4656/5048/2116 4657/5047/2115
f 4658/5050/2118 4625/5013/2085 4627/5014/2086 4656/5048/2116
f 4445/4818/1916 4448/4821/1919 4658/5050/2118 4659/5049/2117
f 4448/4821/1919 4451/4824/1922 4625/5013/2085 4658/5050/2118
f 4442/4815/1913 4445/4818/1916 4659/5049/2117 4660/5051/2119
f 4660/5051/2119 4659/5049/2117 4657/5047/2115 4662/5052/2120
f 4439/4812/1910 4442/4815/1913 4660/5051/2119 4661/5053/2121
f 4661/5053/2121 4660/5051/2119 4662/5052/2120 4663/5054/2122
f 4663/5054/2122 4662/5052/2120 4664/5055/2123 4665/5056/2124
f 4662/5052/2120 4657/5047/2115 4655/5045/2113 4664/5055/2123
f 4665/5056/2124 4664/5055/2123 4666/5057/2125 4667/5058/2126
f 4664/5055/2123 4655/5045/2113 4653/5043/2111 4666/5057/2125
f 4667/5058/2126 4666/5057/2125 4668/5059/2127 4669/5060/2128
f 4666/5057/2125 4653/5043/2111 4651/5041/2109 4668/5059/2127
f 4669/5060/2128 4668/5059/2127 4670/5061/2129 4671/5062/2130
f 4668/5059/2127 4651/5041/2109 4649/5039/2107 4670/5061/2129
f 4671/5062/2130 4670/5061/2129 4672/5063/2131 4673/5064/2132
f 4670/5061/2129 4649/5039/2107 4647/5037/2105 4672/5063/2131
f 4673/5064/2132 4672/5063/2131 4674/5065/2133 4675/5066/2134
f 4672/5063/2131 4647/5037/2105 4645/5034/2103 4674/5065/2133
f 4675/5066/2134 4674/5065/2133 4676/5067/2135 4677/5068/2136
f 4674/5065/2133 4645/5034/2103 4643/5035/2104 4676/5067/2135
f 4677/5069/2136 4676/5070/2135 4443/4816/1914 4440/4813/1911
f 4676/5070/2135 4643/5036/2104 4446/4819/1917 4443/4816/1914
f 4680/5071/2137 4675/5066/2134 4677/5068/2136 4678/5072/2138
f 4678/5073/2138 4677/5069/2136 4440/4813/1911 4437/4810/1908
f 4681/5074/2139 4680/5071/2137 4678/5072/2138 4679/5075/2140
f 4679/5076/2140 4678/5073/2138 4437/4810/1908 4434/4807/1905
f 4683/5077/2141 4682/5078/2141 4680/5071/2137 4681/5074/2139
f 4682/5078/2141 4673/5064/2132 4675/5066/2134 4680/5071/2137
f 4685/5079/2142 4684/5080/2143 4682/5078/2141 4683/5077/2141
f 4684/5080/2143 4671/5062/2130 4673/5064/2132 4682/5078/2141
f 4687/5081/2144 4686/5082/2145 4684/5080/2143 4685/5079/2142
f 4686/5082/2145 4669/5060/2128 4671/5062/2130 4684/5080/2143
f 4689/5083/2146 4688/5084/2147 4686/5082/2145 4687/5081/2144
f 4688/5084/2147 4667/5058/2126 4669/5060/2128 4686/5082/2145
f 4691/5085/2148 4690/5086/2149 4688/5084/2147 4689/5083/2146
f 4690/5086/2149 4665/5056/2124 4667/5058/2126 4688/5084/2147
f 4693/5087/2150 4692/5088/2151 4690/5086/2149 4691/5085/2148
f 4692/5088/2151 4663/5054/2122 4665/5056/2124 4690/5086/2149
f 4695/5089/2153 4694/5090/2152 4692/5088/2151 4693/5087/2150
f 4694/5090/2152 4661/5053/2121 4663/5054/2122 4692/5088/2151
f 4433/4806/1904 4436/4809/1907 4694/5090/2152 4695/5089/2153
f 4436/4809/1907 4439/4812/1910 4661/5053/2121 4694/5090/2152
f 4430/4803/1901 4433/4806/1904 4695/5089/2153 4696/5091/2153
f 4696/5091/2153 4695/5089/2153 4693/5087/2150 4698/5092/2154
f 4427/4800/1898 4430/4803/1901 4696/5091/2153 4697/5093/2155
f 4697/5093/2155 4696/5091/2153 4698/5092/2154 4699/5094/2156
f 4699/5094/2156 4698/5092/2154 4700/5095/2157 4701/5096/2158
f 4698/5092/2154 4693/5087/2150 4691/5085/2148 4700/5095/2157
f 4701/5096/2158 4700/5095/2157 4702/5097/2159 4703/5098/2160
f 4700/5095/2157 4691/5085/2148 4689/5083/2146 4702/5097/2159
f 4703/5098/2160 4702/5097/2159 4704/5099/2161 4705/5100/2162
f 4702/5097/2159 4689/5083/2146 4687/5081/2144 4704/5099/2161
f 4705/5100/2162 4704/5099/2161 4706/5101/2163 4707/5102/2164
f 4704/5099/2161 4687/5081/2144 4685/5079/2142 4706/5101/2163
f 4707/5102/2164 4706/5101/2163 4708/5103/2165 4709/5104/2166
f 4706/5101/2163 4685/5079/2142 4683/5077/2141 4708/5103/2165
f 4709/5104/2166 4708/5103/2165 4710/5105/2167 4711/5106/2168
f 4708/5103/2165 4683/5077/2141 4681/5074/2139 4710/5105/2167
f 4711/5106/2168 4710/5105/2167 4712/5107/2169 4713/5108/2170
f 4710/5105/2167 4681/5074/2139 4679/5075/2140 4712/5107/2169
f 4713/5109/2170 4712/5110/2169 4431/4804/1902 4428/4801/1899
f 4712/5110/2169 4679/5076/2140 4434/4807/1905 4431/4804/1902
f 4716/5111/2171 4711/5106/2168 4713/5108/2170 4714/5112/2172
f 4714/5113/2172 4713/5109/2170 4428/4801/1899 4425/4798/1896
f 4717/5114/2173 4716/5111/2171 4714/5112/2172 4715/5115/2174
f 4715/5116/2174 4714/5113/2172 4425/4798/1896 4422/4795/1893
f 4719/5117/2175 4718/5118/2176 4716/5111/2171 4717/5114/2173
f 4718/5118/2176 4709/5104/2166 4711/5106/2168 4716/5111/2171
f 4721/5119/2177 4720/5120/2178 4718/5118/2176 4719/5117/2175
f 4720/5120/2178 4707/5102/2164 4709/5104/2166 4718/5118/2176
f 4723/5121/2179 4722/5122/2180 4720/5120/2178 4721/5119/2177
f 4722/5122/2180 4705/5100/2162 4707/5102/2164 4720/5120/2178
f 4725/5123/2181 4724/5124/2390 4722/5122/2180 4723/5121/2179
f 4724/5124/2390 4703/5098/2160 4705/5100/2162 4722/5122/2180
f 4727/5125/2183 4726/423/2184 4724/5124/2390 4725/5123/2181
f 4726/423/2184 4701/5096/2158 4703/5098/2160 4724/5124/2390
f 4729/5126/2185 4728/5127/2186 4726/423/2184 4727/5125/2183
f 4728/5127/2186 4699/5094/2156 4701/5096/2158 4726/423/2184
f 4731/5128/2187 4730/5129/2188 4728/5127/2186 4729/5126/2185
f 4730/5129/2188 4697/5093/2155 4699/5094/2156 4728/5127/2186
f 4421/4794/1892 4424/4797/1895 4730/5129/2188 4731/5128/2187
f 4424/4797/1895 4427/4800/1898 4697/5093/2155 4730/5129/2188
f 4418/4791/1889 4421/4794/1892 4731/5128/2187 4732/5130/2189
f 4732/5130/2189 4731/5128/2187 4729/5126/2185 4734/5131/2190
f 4415/4788/1886 4418/4791/1889 4732/5130/2189 4733/5132/2191
f 4733/5132/2191 4732/5130/2189 4734/5131/2190 4735/5133/2192
f 4735/5133/2192 4734/5131/2190 4736/5134/2193 4737/5135/2194
f 4734/5131/2190 4729/5126/2185 4727/5125/2183 4736/5134/2193
f 4737/5135/2194 4736/5134/2193 4738/5136/2195 4739/5137/2196
f 4736/5134/2193 4727/5125/2183 4725/5123/2181 4738/5136/2195
f 4739/5137/2196 4738/5136/2195 4740/5138/2197 4741/5139/2198
f 4738/5136/2195 4725/5123/2181 4723/5121/2179 4740/5138/2197
f 4741/5139/2198 4740/5138/2197 4742/5140/2199 4743/5141/2200
f 4740/5138/2197 4723/5121/2179 4721/5119/2177 4742/5140/2199
f 4743/5141/2200 4742/5140/2199 4744/5142/2201 4745/5143/2202
f 4742/5140/2199 4721/5119/2177 4719/5117/2175 4744/5142/2201
f 4745/5143/2202 4744/5142/2201 4746/5144/2203 4747/5145/2204
f 4744/5142/2201 4719/5117/2175 4717/5114/2173 4746/5144/2203
f 4747/5145/2204 4746/5144/2203 4748/5146/2205 4749/5147/2206
f 4746/5144/2203 4717/5114/2173 4715/5115/2174 4748/5146/2205
f 4749/5148/2206 4748/5149/2205 4419/4792/1890 4416/4789/1887
f 4748/5149/2205 4715/5116/2174 4422/4795/1893 4419/4792/1890
f 4752/5150/2207 4747/5145/2204 4749/5147/2206 4750/5151/2208
f 4750/5152/2208 4749/5148/2206 4416/4789/1887 4413/4786/1884
f 4753/5153/2209 4752/5150/2207 4750/5151/2208 4751/5154/2210
f 4751/5155/2210 4750/5152/2208 4413/4786/1884 4410/4783/1881
f 4755/5156/2211 4754/5157/2212 4752/5150/2207 4753/5153/2209
f 4754/5157/2212 4745/5143/2202 4747/5145/2204 4752/5150/2207
f 4757/5158/2213 4756/5159/2214 4754/5157/2212 4755/5156/2211
f 4756/5159/2214 4743/5141/2200 4745/5143/2202 4754/5157/2212
f 4759/5160/2215 4758/5161/2216 4756/5159/2214 4757/5158/2213
f 4758/5161/2216 4741/5139/2198 4743/5141/2200 4756/5159/2214
f 4761/5162/2217 4760/5163/2218 4758/5161/2216 4759/5160/2215
f 4760/5163/2218 4739/5137/2196 4741/5139/2198 4758/5161/2216
f 4763/5164/2219 4762/5165/2220 4760/5163/2218 4761/5162/2217
f 4762/5165/2220 4737/5135/2194 4739/5137/2196 4760/5163/2218
f 4765/5166/2221 4764/5167/2222 4762/5165/2220 4763/5164/2219
f 4764/5167/2222 4735/5133/2192 4737/5135/2194 4762/5165/2220
f 4767/5168/2223 4766/5169/2224 4764/5167/2222 4765/5166/2221
f 4766/5169/2224 4733/5132/2191 4735/5133/2192 4764/5167/2222
f 4409/4782/1880 4412/4785/1883 4766/5169/2224 4767/5168/2223
f 4412/4785/1883 4415/4788/1886 4733/5132/2191 4766/5169/2224
f 4406/4779/1877 4409/4782/1880 4767/5168/2223 4768/5170/2225
f 4768/5170/2225 4767/5168/2223 4765/5166/2221 4770/5171/2226
f 4403/4776/1874 4406/4779/1877 4768/5170/2225 4769/5172/2227
f 4769/5172/2227 4768/5170/2225 4770/5171/2226 4771/5173/2228
f 4771/5173/2228 4770/5171/2226 4772/5174/2229 4773/5175/2230
f 4770/5171/2226 4765/5166/2221 4763/5164/2219 4772/5174/2229
f 4773/5175/2230 4772/5174/2229 4774/5176/2231 4775/5177/2232
f 4772/5174/2229 4763/5164/2219 4761/5162/2217 4774/5176/2231
f 4775/5177/2232 4774/5176/2231 4776/5178/2233 4777/5179/2234
f 4774/5176/2231 4761/5162/2217 4759/5160/2215 4776/5178/2233
f 4777/5179/2234 4776/5178/2233 4778/5180/2235 4779/5181/2236
f 4776/5178/2233 4759/5160/2215 4757/5158/2213 4778/5180/2235
f 4779/5181/2236 4778/5180/2235 4780/5182/2237 4781/5183/2238
f 4778/5180/2235 4757/5158/2213 4755/5156/2211 4780/5182/2237
f 4781/5183/2238 4780/5182/2237 4782/5184/2239 4783/5185/2240
f 4780/5182/2237 4755/5156/2211 4753/5153/2209 4782/5184/2239
f 4783/5185/2240 4782/5184/2239 4784/5186/2241 4785/5187/2242
f 4782/5184/2239 4753/5153/2209 4751/5154/2210 4784/5186/2241
f 4785/5188/2242 4784/5189/2241 4407/4780/1878 4404/4777/1875
f 4784/5189/2241 4751/5155/2210 4410/4783/1881 4407/4780/1878
f 4788/5190/2243 4783/5185/2240 4785/5187/2242 4786/5191/2244
f 4786/5192/2244 4785/5188/2242 4404/4777/1875 4401/4774/1872
f 4789/5193/2245 4788/5190/2243 4786/5191/2244 4787/5194/2246
f 4787/5195/2246 4786/5192/2244 4401/4774/1872 4398/4771/1869
f 4791/5196/2247 4790/5197/2248 4788/5190/2243 4789/5193/2245
f 4790/5197/2248 4781/5183/2238 4783/5185/2240 4788/5190/2243
f 4793/5198/2249 4792/5199/2250 4790/5197/2248 4791/5196/2247
f 4792/5199/2250 4779/5181/2236 4781/5183/2238 4790/5197/2248
f 4795/5200/2251 4794/5201/2252 4792/5199/2250 4793/5198/2249
f 4794/5201/2252 4777/5179/2234 4779/5181/2236 4792/5199/2250
f 4797/5202/2253 4796/5203/2254 4794/5201/2252 4795/5200/2251
f 4796/5203/2254 4775/5177/2232 4777/5179/2234 4794/5201/2252
f 4799/5204/2255 4798/5205/2256 4796/5203/2254 4797/5202/2253
f 4798/5205/2256 4773/5175/2230 4775/5177/2232 4796/5203/2254
f 4801/5206/2257 4800/5207/2258 4798/5205/2256 4799/5204/2255
f 4800/5207/2258 4771/5173/2228 4773/5175/2230 4798/5205/2256
f 4803/5208/2259 4802/5209/2260 4800/5207/2258 4801/5206/2257
f 4802/5209/2260 4769/5172/2227 4771/5173/2228 4800/5207/2258
f 4397/4770/1868 4400/4773/1871 4802/5209/2260 4803/5208/2259
f 4400/4773/1871 4403/4776/1874 4769/5172/2227 4802/5209/2260
f 4394/4767/1865 4397/4770/1868 4803/5208/2259 4804/5210/2261
f 4804/5210/2261 4803/5208/2259 4801/5206/2257 4806/5211/2262
f 4391/4764/1862 4394/4767/1865 4804/5210/2261 4805/5212/2263
f 4805/5212/2263 4804/5210/2261 4806/5211/2262 4807/5213/2264
f 4807/5213/2264 4806/5211/2262 4808/5214/2265 4809/5215/2266
f 4806/5211/2262 4801/5206/2257 4799/5204/2255 4808/5214/2265
f 4809/5215/2266 4808/5214/2265 4810/5216/2267 4811/5217/2268
f 4808/5214/2265 4799/5204/2255 4797/5202/2253 4810/5216/2267
f 4811/5217/2268 4810/5216/2267 4812/5218/2269 4813/5219/2270
f 4810/5216/2267 4797/5202/2253 4795/5200/2251 4812/5218/2269
f 4813/5219/2270 4812/5218/2269 4814/5220/2271 4815/5221/2272
f 4812/5218/2269 4795/5200/2251 4793/5198/2249 4814/5220/2271
f 4815/5221/2272 4814/5220/2271 4816/5222/2273 4817/5223/2274
f 4814/5220/2271 4793/5198/2249 4791/5196/2247 4816/5222/2273
f 4817/5223/2274 4816/5222/2273 4818/5224/2275 4819/5225/2276
f 4816/5222/2273 4791/5196/2247 4789/5193/2245 4818/5224/2275
f 4819/5225/2276 4818/5224/2275 4820/5226/2277 4821/5227/2278
f 4818/5224/2275 4789/5193/2245 4787/5194/2246 4820/5226/2277
f 4821/5228/2278 4820/5229/2277 4395/4768/1866 4392/4765/1863
f 4820/5229/2277 4787/5195/2246 4398/4771/1869 4395/4768/1866
f 4824/5230/2279 4819/5225/2276 4821/5227/2278 4822/5231/2280
f 4822/5232/2280 4821/5228/2278 4392/4765/1863 4389/4762/1860
f 4825/5233/2281 4824/5230/2279 4822/5231/2280 4823/5234/2282
f 4823/5235/2282 4822/5232/2280 4389/4762/1860 4386/4759/1857
f 4827/5236/2283 4826/5237/2284 4824/5230/2279 4825/5233/2281
f 4826/5237/2284 4817/5223/2274 4819/5225/2276 4824/5230/2279
f 4829/5238/2285 4828/5239/2286 4826/5237/2284 4827/5236/2283
f 4828/5239/2286 4815/5221/2272 4817/5223/2274 4826/5237/2284
f 4831/5240/2287 4830/5241/2288 4828/5239/2286 4829/5238/2285
f 4830/5241/2288 4813/5219/2270 4815/5221/2272 4828/5239/2286
f 4833/5242/2289 4832/5243/2290 4830/5241/2288 4831/5240/2287
f 4832/5243/2290 4811/5217/2268 4813/5219/2270 4830/5241/2288
f 4835/5244/2291 4834/5245/2292 4832/5243/2290 4833/5242/2289
f 4834/5245/2292 4809/5215/2266 4811/5217/2268 4832/5243/2290
f 4837/5246/2293 4836/5247/2294 4834/5245/2292 4835/5244/2291
f 4836/5247/2294 4807/5213/2264 4809/5215/2266 4834/5245/2292
f 4839/5248/2295 4838/5249/2391 4836/5247/2294 4837/5246/2293
f 4838/5249/2391 4805/5212/2263 4807/5213/2264 4836/5247/2294
f 4385/4758/1856 4388/4761/1859 4838/5249/2391 4839/5248/2295
f 4388/4761/1859 4391/4764/1862 4805/5212/2263 4838/5249/2391
f 4382/4755/1853 4385/4758/1856 4839/5248/2295 4840/5250/2297
f 4840/5250/2297 4839/5248/2295 4837/5246/2293 4842/5251/2298
f 4379/4752/1850 4382/4755/1853 4840/5250/2297 4841/5252/2299
f 4841/5252/2299 4840/5250/2297 4842/5251/2298 4843/5253/2300
f 4843/5253/2300 4842/5251/2298 4844/5254/2301 4845/5255/2302
f 4842/5251/2298 4837/5246/2293 4835/5244/2291 4844/5254/2301
f 4845/5255/2302 4844/5254/2301 4846/5256/2303 4847/5257/2304
f 4844/5254/2301 4835/5244/2291 4833/5242/2289 4846/5256/2303
f 4847/5257/2304 4846/5256/2303 4848/5258/2305 4849/5259/2306
f 4846/5256/2303 4833/5242/2289 4831/5240/2287 4848/5258/2305
f 4849/5259/2306 4848/5258/2305 4850/5260/2307 4851/5261/2308
f 4848/5258/2305 4831/5240/2287 4829/5238/2285 4850/5260/2307
f 4851/5261/2308 4850/5260/2307 4852/5262/2309 4853/5263/2310
f 4850/5260/2307 4829/5238/2285 4827/5236/2283 4852/5262/2309
f 4853/5263/2310 4852/5262/2309 4854/5264/2311 4855/5265/2312
f 4852/5262/2309 4827/5236/2283 4825/5233/2281 4854/5264/2311
f 4855/5265/2312 4854/5264/2311 4856/5266/2313 4857/5267/2314
f 4854/5264/2311 4825/5233/2281 4823/5234/2282 4856/5266/2313
f 4857/5268/2314 4856/5269/2313 4383/4756/1854 4380/4753/1851
f 4856/5269/2313 4823/5235/2282 4386/4759/1857 4383/4756/1854
f 4860/5270/2315 4855/5265/2312 4857/5267/2314 4858/5271/2316
f 4858/5272/2316 4857/5268/2314 4380/4753/1851 4377/4750/1848
f 4861/5273/2317 4860/5270/2315 4858/5271/2316 4859/5274/2318
f 4859/5275/2318 4858/5272/2316 4377/4750/1848 4374/4747/1845
f 4863/5276/2319 4862/5277/2320 4860/5270/2315 4861/5273/2317
f 4862/5277/2320 4853/5263/2310 4855/5265/2312 4860/5270/2315
f 4865/5278/2321 4864/5279/2322 4862/5277/2320 4863/5276/2319
f 4864/5279/2322 4851/5261/2308 4853/5263/2310 4862/5277/2320
f 4867/5280/2323 4866/5281/2324 4864/5279/2322 4865/5278/2321
f 4866/5281/2324 4849/5259/2306 4851/5261/2308 4864/5279/2322
f 4869/5282/2325 4868/5283/2326 4866/5281/2324 4867/5280/2323
f 4868/5283/2326 4847/5257/2304 4849/5259/2306 4866/5281/2324
f 4871/5284/2327 4870/5285/2328 4868/5283/2326 4869/5282/2325
f 4870/5285/2328 4845/5255/2302 4847/5257/2304 4868/5283/2326
f 4873/5286/2329 4872/5287/2330 4870/5285/2328 4871/5284/2327
f 4872/5287/2330 4843/5253/2300 4845/5255/2302 4870/5285/2328
f 4875/5288/2331 4874/5289/2332 4872/5287/2330 4873/5286/2329
f 4874/5289/2332 4841/5252/2299 4843/5253/2300 4872/5287/2330
f 4373/4746/1844 4376/4749/1847 4874/5289/2332 4875/5288/2331
f 4376/4749/1847 4379/4752/1850 4841/5252/2299 4874/5289/2332
f 4370/4743/1841 4373/4746/1844 4875/5288/2331 4876/5290/2333
f 4876/5290/2333 4875/5288/2331 4873/5286/2329 4878/5291/2334
f 4367/4740/2388 4370/4743/1841 4876/5290/2333 4877/5292/2335
f 4877/5292/2335 4876/5290/2333 4878/5291/2334 4879/5293/2336
f 4879/5293/2336 4878/5291/2334 4880/5294/2337 4881/5295/2338
f 4878/5291/2334 4873/5286/2329 4871/5284/2327 4880/5294/2337
f 4881/5295/2338 4880/5294/2337 4882/5296/2339 4883/5297/2340
f 4880/5294/2337 4871/5284/2327 4869/5282/2325 4882/5296/2339
f 4883/5297/2340 4882/5296/2339 4884/5298/2341 4885/5299/2342
f 4882/5296/2339 4869/5282/2325 4867/5280/2323 4884/5298/2341
f 4885/5299/2342 4884/5298/2341 4886/5300/2343 4887/5301/2344
f 4884/5298/2341 4867/5280/2323 4865/5278/2321 4886/5300/2343
f 4887/5301/2344 4886/5300/2343 4888/5302/2345 4889/5303/2346
f 4886/5300/2343 4865/5278/2321 4863/5276/2319 4888/5302/2345
f 4889/5303/2346 4888/5302/2345 4890/5304/2347 4891/5305/2348
f 4888/5302/2345 4863/5276/2319 4861/5273/2317 4890/5304/2347
f 4891/5305/2348 4890/5304/2347 4892/5306/2349 4893/5307/2350
f 4890/5304/2347 4861/5273/2317 4859/5274/2318 4892/5306/2349
f 4893/5308/2350 4892/5309/2349 4371/4744/1842 4368/4741/1839
f 4892/5309/2349 4859/5275/2318 4374/4747/1845 4371/4744/1842
f 4896/5310/2351 4891/5305/2348 4893/5307/2350 4894/5311/2352
f 4894/5312/2352 4893/5308/2350 4368/4741/1839 4365/4738/1836
f 4897/5313/2353 4896/5310/2351 4894/5311/2352 4895/5314/2354
f 4895/5315/2354 4894/5312/2352 4365/4738/1836 4362/4735/2387
f 4899/5316/2355 4898/5317/2356 4896/5310/2351 4897/5313/2353
f 4898/5317/2356 4889/5303/2346 4891/5305/2348 4896/5310/2351
f 4901/5318/2357 4900/5319/2358 4898/5317/2356 4899/5316/2355
f 4900/5319/2358 4887/5301/2344 4889/5303/2346 4898/5317/2356
f 4903/5320/2359 4902/5321/2360 4900/5319/2358 4901/5318/2357
f 4902/5321/2360 4885/5299/2342 4887/5301/2344 4900/5319/2358
f 4905/5322/2361 4904/5323/2362 4902/5321/2360 4903/5320/2359
f 4904/5323/2362 4883/5297/2340 4885/5299/2342 4902/5321/2360
f 4907/5324/2363 4906/5325/2364 4904/5323/2362 4905/5322/2361
f 4906/5325/2364 4881/5295/2338 4883/5297/2340 4904/5323/2362
f 4909/5326/2365 4908/5327/2366 4906/5325/2364 4907/5324/2363
f 4908/5327/2366 4879/5293/2336 4881/5295/2338 4906/5325/2364
f 4911/5328/2367 4910/5329/2368 4908/5327/2366 4909/5326/2365
f 4910/5329/2368 4877/5292/2335 4879/5293/2336 4908/5327/2366
f 4361/4734/1832 4364/4737/1835 4910/5329/2368 4911/5328/2367
f 4364/4737/1835 4367/4740/2388 4877/5292/2335 4910/5329/2368
f 4358/4731/1829 4361/4734/1832 4911/5328/2367 4912/5330/2369
f 4912/5330/2369 4911/5328/2367 4909/5326/2365 4913/5331/2370
f 4353/4727/1825 4358/4731/1829 4912/5330/2369 4351/4725/1823
f 4351/4725/1823 4912/5330/2369 4913/5331/2370 4349/4723/1821
f 4349/4723/1821 4913/5331/2370 4914/5332/2371 4347/4721/2386
f 4913/5331/2370 4909/5326/2365 4907/5324/2363 4914/5332/2371
f 4347/4721/2386 4914/5332/2371 4915/5333/2372 4345/4719/1817
f 4914/5332/2371 4907/5324/2363 4905/5322/2361 4915/5333/2372
f 4345/4719/1817 4915/5333/2372 4916/5334/2392 4343/4717/1815
f 4915/5333/2372 4905/5322/2361 4903/5320/2359 4916/5334/2392
f 4343/4717/1815 4916/5334/2392 4917/5335/2374 4341/4715/1813
f 4916/5334/2392 4903/5320/2359 4901/5318/2357 4917/5335/2374
f 4341/4715/1813 4917/5335/2374 4918/5336/2375 4339/4713/1811
f 4917/5335/2374 4901/5318/2357 4899/5316/2355 4918/5336/2375
f 4339/4713/1811 4918/5336/2375 4919/5337/2376 4337/4709/1809
f 4918/5336/2375 4899/5316/2355 4897/5313/2353 4919/5337/2376
f 4337/4709/1809 4919/5337/2376 4920/5338/2377 4335/4710/1805
f 4919/5337/2376 4897/5313/2353 4895/5314/2354 4920/5338/2377
f 4335/4705/1805 4920/5339/2377 4359/4732/1830 4356/4706/1806
f 4920/5339/2377 4895/5315/2354 4362/4735/2387 4359/4732/1830
