# Blender 5.0.0
# www.blender.org
o Map
v 104.057213 -8.183403 -153.295685
v 104.057213 -8.183403 -283.115479
v -98.345818 0.000000 -218.205582
v -0.478566 8.884299 -200.943970
v -0.478566 8.884299 -234.933594
v -98.345818 0.000000 -206.757019
v 65.555824 -8.183403 -163.808319
v -98.345818 0.000000 -229.654144
v 65.555824 -8.183403 -272.602844
v -21.547817 8.879827 -201.141190
v -21.547817 8.879827 -234.885590
v 84.806503 -8.183403 -153.271149
v 84.806503 -8.183403 -283.140015
v 124.548721 -8.268393 -163.988174
v 124.548721 -8.268393 -274.191772
v 141.480118 -8.268393 -186.573166
v 141.480118 -8.268393 -253.509186
v 141.480118 -8.268393 -220.041183
v 141.480118 -8.268393 -236.775177
v 141.480118 -8.268393 -203.307175
v -59.844437 0.000000 -252.843002
v -79.095131 0.000000 -264.656433
v -120.130386 0.000000 -241.102707
v -98.345818 0.000000 -277.710815
v -141.875992 0.000000 -252.843002
v -141.875992 0.000000 -264.656433
v -141.875992 0.000000 -277.710815
v -120.130386 0.000000 -292.241516
v -97.619446 0.436245 -148.635284
v -59.844437 0.000000 -149.725616
v -154.620636 0.000000 -149.725616
v -155.204681 13.328341 -115.008003
v -125.169914 12.347801 -115.008003
v -79.095131 0.000000 -115.008003
v -124.585869 0.000000 -150.844543
v -124.585869 0.000000 -195.308456
v -155.204681 13.328341 -72.455490
v -125.169914 13.328341 -72.455490
v -98.929863 13.328341 -72.455490
v 104.057213 15.758568 -153.295685
v 104.057213 15.758568 -283.115479
v -98.345818 23.941969 -218.205582
v -0.478566 21.161301 -200.943970
v -0.478566 21.161301 -234.933594
v -98.345818 23.941969 -206.757019
v 65.555824 15.758568 -163.808319
v -98.345818 23.941969 -229.654144
v 65.555824 15.758568 -272.602844
v -21.547817 21.156822 -201.141190
v -21.547817 21.156822 -234.885590
v 84.806503 15.758568 -153.271149
v 84.806503 15.518097 -283.140015
v 124.548721 15.673576 -163.988174
v 124.548721 15.673576 -274.191772
v 141.480118 15.673576 -186.573166
v 141.480118 15.673576 -253.509186
v 141.480118 15.673576 -220.041183
v 141.480118 15.673576 -236.775177
v 141.480118 15.673576 -203.307175
v -59.844437 23.941969 -252.843002
v -79.095131 23.941969 -264.656433
v -120.130386 23.941969 -241.102707
v -98.345818 23.941969 -277.710815
v -141.875992 23.941969 -252.843002
v -141.875992 23.941969 -264.656433
v -141.875992 23.941969 -277.710815
v -59.844437 23.941969 -149.725616
v -154.620636 23.941969 -149.725616
v -155.204681 37.270309 -115.008003
v -79.095131 23.941969 -115.008003
v -124.585869 23.941969 -195.308456
v -155.204681 37.270309 -72.455490
v -125.169914 37.270309 -72.455490
v -98.929863 37.270309 -72.455490
v -73.560493 0.000000 -115.008003
v -59.844437 0.000000 -119.086540
v -71.178726 0.000000 -115.069962
v -68.869324 0.000000 -115.253967
v -66.702469 0.000000 -115.554413
v -64.743980 0.000000 -115.962196
v -63.053383 0.000000 -116.464905
v -61.682041 0.000000 -117.047272
v -60.671616 0.000000 -117.691597
v -60.052814 0.000000 -118.378304
v -59.844437 23.941969 -119.086540
v -73.560493 23.941969 -115.008003
v -60.052814 23.941969 -118.378304
v -60.671616 23.941969 -117.691597
v -61.682041 23.941969 -117.047272
v -63.053383 23.941969 -116.464905
v -64.743980 23.941969 -115.962196
v -66.702469 23.941969 -115.554413
v -68.869324 23.941969 -115.253967
v -71.178726 23.941969 -115.069962
v -59.844437 0.000000 -190.960907
v -52.108471 1.793738 -198.997604
v -60.216442 0.000000 -199.219803
v -59.726913 0.027250 -191.771896
v -59.377903 0.108176 -192.670334
v -58.808018 0.240315 -193.628937
v -58.034557 0.419655 -194.618561
v -57.081051 0.640746 -195.609131
v -55.976448 0.896869 -196.570572
v -54.754326 1.180243 -197.473648
v -53.451805 1.482258 -198.290939
v -52.108467 25.735706 -198.997604
v -59.844437 23.941969 -190.960907
v -53.451801 25.424229 -198.290939
v -54.754322 25.122211 -197.473648
v -55.976444 24.838837 -196.570572
v -57.081047 24.582716 -195.609131
v -58.034557 24.361626 -194.618561
v -58.808010 24.182285 -193.628937
v -59.377892 24.050146 -192.670334
v -59.726902 23.969221 -191.771896
v -98.345818 0.000000 -198.712189
v -109.792526 0.000000 -195.308456
v -98.565773 0.000000 -198.048157
v -99.217155 0.000000 -197.409637
v -100.274948 0.000000 -196.821182
v -101.698486 0.000000 -196.305389
v -103.433075 0.000000 -195.882095
v -105.412064 0.000000 -195.567551
v -107.559380 0.000000 -195.373856
v -109.792526 23.941969 -195.308456
v -98.345818 23.941969 -198.712189
v -107.559380 23.941969 -195.373856
v -105.412064 23.941969 -195.567551
v -103.433075 23.941969 -195.882095
v -101.698486 23.941969 -196.305389
v -100.274948 23.941969 -196.821182
v -99.217155 23.941969 -197.409637
v -98.565773 23.941969 -198.048157
v -146.893814 0.000000 -195.308456
v -154.620636 0.000000 -193.010864
v -148.893661 0.000000 -195.230164
v -150.757233 0.000000 -195.000641
v -152.357498 0.000000 -194.635513
v -153.585434 0.000000 -194.159668
v -154.357346 0.000000 -193.605515
v -154.620636 23.941969 -193.010864
v -146.893814 23.941969 -195.308456
v -154.357346 23.941969 -193.605515
v -153.585434 23.941969 -194.159668
v -152.357498 23.941969 -194.635513
v -150.757233 23.941969 -195.000641
v -148.893661 23.941969 -195.230164
v -85.798965 0.000000 -264.656433
v -98.345818 0.000000 -268.387299
v -87.761734 0.000000 -264.702362
v -89.676170 0.000000 -264.839050
v -91.495132 0.000000 -265.063080
v -93.173828 0.000000 -265.368958
v -94.670952 0.000000 -265.749176
v -95.949593 0.000000 -266.194336
v -96.978310 0.000000 -266.693512
v -97.731743 0.000000 -267.234406
v -98.191360 0.000000 -267.803650
v -98.345818 23.941969 -268.387299
v -85.798965 23.941969 -264.656433
v -98.191360 23.941969 -267.803650
v -97.731743 23.941969 -267.234406
v -96.978310 23.941969 -266.693512
v -95.949593 23.941969 -266.194336
v -94.670952 23.941969 -265.749176
v -93.173828 23.941969 -265.368958
v -91.495132 23.941969 -265.063080
v -89.676170 23.941969 -264.839050
v -87.761734 23.941969 -264.702362
v -59.844437 0.000000 -259.920105
v -75.772621 0.000000 -264.656433
v -60.150490 0.000000 -260.844116
v -61.056892 0.000000 -261.732635
v -62.528816 0.000000 -262.551453
v -64.509689 0.000000 -263.269196
v -66.923386 0.000000 -263.858215
v -69.677162 0.000000 -264.295898
v -72.665176 0.000000 -264.565430
v -75.772621 23.941969 -264.656433
v -59.844437 23.941969 -259.920105
v -72.665176 23.941969 -264.565430
v -69.677162 23.941969 -264.295898
v -66.923386 23.941969 -263.858215
v -64.509689 23.941969 -263.269196
v -62.528816 23.941969 -262.551453
v -61.056892 23.941969 -261.732635
v -60.150490 23.941969 -260.844116
v -120.130386 0.000000 -233.035583
v -108.758652 0.000000 -229.654144
v -119.990387 0.000000 -232.506607
v -119.573822 0.000000 -231.990662
v -118.890938 0.000000 -231.500443
v -117.958580 0.000000 -231.048019
v -116.799675 0.000000 -230.644547
v -115.442787 0.000000 -230.299942
v -113.921303 0.000000 -230.022690
v -112.272705 0.000000 -229.819641
v -110.537575 0.000000 -229.695770
v -108.758652 23.941969 -229.654144
v -120.130386 23.941969 -233.035583
v -110.537575 23.941969 -229.695770
v -112.272705 23.941969 -229.819641
v -113.921303 23.941969 -230.022690
v -115.442787 23.941969 -230.299942
v -116.799675 23.941969 -230.644547
v -117.958580 23.941969 -231.048019
v -118.890938 23.941969 -231.500443
v -119.573822 23.941969 -231.990662
v -119.990387 23.941969 -232.506607
v -135.325424 0.000000 -252.843002
v -120.130386 0.000000 -248.324692
v -133.342087 0.000000 -252.804352
v -131.392654 0.000000 -252.689056
v -129.510544 0.000000 -252.499069
v -127.727913 0.000000 -252.237671
v -126.075264 0.000000 -251.909317
v -124.580910 0.000000 -251.519623
v -123.270393 0.000000 -251.075272
v -122.166130 0.000000 -250.583847
v -121.287041 0.000000 -250.053772
v -120.648140 0.000000 -249.494110
v -120.260391 0.000000 -248.914444
v -120.130386 23.941969 -248.324692
v -135.325424 23.941969 -252.843002
v -120.260391 23.941969 -248.914444
v -120.648140 23.941969 -249.494110
v -121.287041 23.941969 -250.053772
v -122.166130 23.941969 -250.583847
v -123.270393 23.941969 -251.075272
v -124.580910 23.941969 -251.519623
v -126.075264 23.941969 -251.909317
v -127.727913 23.941969 -252.237671
v -129.510544 23.941969 -252.499069
v -131.392654 23.941969 -252.689056
v -133.342087 23.941969 -252.804352
v -51.645844 1.901006 -237.098846
v -59.844437 0.000000 -245.790359
v -59.844437 0.000000 -237.165283
v -53.245308 1.530138 -237.970032
v -54.783306 1.173522 -238.987885
v -56.200733 0.844863 -240.113281
v -57.443127 0.556791 -241.302979
v -58.462719 0.320378 -242.511261
v -59.220352 0.144706 -243.691696
v -59.686905 0.036527 -244.798904
v -59.844437 23.941969 -245.790359
v -51.645844 25.842976 -237.098846
v -59.686905 23.978497 -244.798904
v -59.220352 24.086676 -243.691696
v -58.462719 24.262346 -242.511261
v -57.443127 24.498760 -241.302979
v -56.200733 24.786835 -240.113281
v -54.783306 25.115494 -238.987885
v -53.245308 25.472107 -237.970032
v -98.345818 0.000000 -288.767517
v -109.991112 0.000000 -292.230286
v -98.522728 0.000000 -289.368805
v -99.048119 0.000000 -289.951843
v -99.905991 0.000000 -290.498901
v -101.070290 0.000000 -290.993347
v -102.505653 0.000000 -291.420135
v -104.168457 0.000000 -291.766357
v -106.008186 0.000000 -292.021454
v -107.968918 0.000000 -292.177673
v -109.991112 23.941969 -292.230286
v -98.345818 23.941969 -288.767517
v -107.968918 23.941969 -292.177673
v -106.008186 23.941969 -292.021454
v -104.168457 23.941969 -291.766357
v -102.505653 23.941969 -291.420135
v -101.070290 23.941969 -290.993347
v -99.905991 23.941969 -290.498901
v -99.048119 23.941969 -289.951843
v -98.522728 23.941969 -289.368805
v -120.130386 0.000000 -292.241516
v -141.875992 0.000000 -284.950256
v -124.969231 0.000000 -292.058685
v -129.565445 0.000000 -291.519440
v -133.688538 0.000000 -290.650757
v -137.131775 0.000000 -289.496277
v -139.722488 0.000000 -288.113800
v -141.330780 0.000000 -286.572693
v -141.875992 23.941969 -284.950256
v -120.130386 23.941969 -292.241516
v -141.330780 23.941969 -286.572693
v -139.722488 23.941969 -288.113800
v -137.131775 23.941969 -289.496277
v -133.688538 23.941969 -290.650757
v -129.565445 23.941969 -291.519440
v -124.969231 23.941969 -292.058685
v -98.929863 13.328341 -110.103226
v -82.435165 2.244407 -115.008003
v -98.516312 13.050446 -111.194649
v -97.296371 12.230684 -112.231339
v -95.331245 10.910178 -113.161308
v -92.719452 9.155128 -113.937943
v -89.591957 7.053548 -114.522285
v -86.105591 4.710811 -114.885040
v -82.435165 26.186378 -115.008003
v -98.929863 37.270309 -110.103226
v -86.105591 28.652782 -114.885040
v -89.591957 30.995520 -114.522285
v -92.719452 33.097099 -113.937943
v -95.331245 34.852150 -113.161308
v -97.296371 36.172653 -112.231339
v -98.516312 36.992416 -111.194649
v 40.922649 -6.219758 -197.403687
v 47.890461 -8.183403 -192.714355
v 46.305130 -8.183403 -197.309952
v 42.369755 -6.727985 -196.773010
v 43.826279 -7.201579 -196.008530
v 45.192966 -7.608263 -195.162354
v 46.376675 -7.920322 -194.292114
v 47.296738 -8.116492 -193.457153
v 47.890461 15.758568 -192.714355
v 40.922649 17.722210 -197.403687
v 47.296738 15.825478 -193.457153
v 46.376675 16.021648 -194.292114
v 45.192966 16.333706 -195.162354
v 43.826279 16.740391 -196.008530
v 42.369755 17.213984 -196.773010
v 48.185680 -8.183403 -244.179871
v 40.025043 -5.892290 -238.593826
v 46.670547 -8.183403 -238.592468
v 47.484962 -8.105332 -243.297958
v 46.404026 -7.876451 -242.305161
v 45.016529 -7.512348 -241.269150
v 43.417027 -7.037846 -240.260529
v 41.714520 -6.485272 -239.348022
v 40.025043 18.049679 -238.593826
v 48.185680 15.758568 -244.179871
v 41.714520 17.456697 -239.348022
v 43.417027 16.904123 -240.260529
v 45.016529 16.429623 -241.269150
v 46.404026 16.065521 -242.305161
v 47.484962 15.836637 -243.297958
v -3.749805 8.884299 -200.943970
v -3.749805 8.884299 -234.933594
v -18.276579 8.879827 -201.141190
v -18.276579 8.879827 -234.885590
v -3.749805 21.161301 -200.943970
v -3.749805 21.161301 -234.933594
v -18.276579 21.156822 -201.141190
v -18.276579 21.156822 -234.885590
v -112.049889 37.270309 -72.455490
v -112.049889 13.328341 -72.455490
v -111.465843 0.000000 -150.582581
v -112.049889 12.918941 -112.555611
v -140.187302 12.224046 -115.008003
v -139.603256 0.000000 -150.679688
v -140.187302 13.328341 -72.455490
v -140.187302 37.270309 -72.455490
v -154.912674 6.664170 -132.366806
v -124.877892 6.664170 -132.366806
v -154.912674 30.606138 -132.366806
v -98.637840 5.814491 -129.914429
v -111.757866 6.083259 -131.140610
v -139.895279 7.402045 -132.366806
v -125.169914 13.720866 -93.731750
v -155.204681 13.328341 -93.731750
v -155.204681 37.270309 -93.731750
v -98.929863 13.328341 -91.279358
v -98.929863 37.270309 -91.279358
v -112.049889 12.728959 -92.505554
v -140.187302 12.935715 -93.731750
v -125.169914 12.883572 -83.093628
v -155.204681 13.328341 -83.093628
v -155.204681 37.270309 -83.093628
v -112.049889 13.328341 -82.480530
v -140.187302 13.606087 -83.093628
v -98.929863 13.328341 -81.867432
v -98.929863 37.270309 -81.867432
v -98.929863 13.328341 -100.691284
v -98.929863 37.270309 -100.691284
v -125.169914 13.682303 -104.369873
v -155.204681 13.328341 -104.369873
v -155.204681 37.270309 -104.369873
v -112.049889 13.328341 -102.530579
v -140.187302 12.945619 -104.369873
v -132.678604 11.885303 -115.008003
v -132.094559 0.000000 -149.725616
v -132.678604 13.328341 -72.455490
v -132.678604 37.270309 -72.455490
v -132.386581 6.142654 -132.366806
v -132.678604 13.328341 -93.731750
v -132.678604 13.102863 -83.093628
v -132.678604 13.328341 -104.369873
v -118.609909 13.328341 -72.455490
v -118.609909 37.270309 -72.455490
v -118.025864 0.000000 -149.725616
v -118.609909 13.370855 -113.781815
v -118.317879 6.979568 -131.753708
v -118.609909 13.328341 -93.118652
v -118.609909 13.495808 -82.787079
v -118.609909 13.328341 -103.450226
v -104.905823 0.000000 -149.012772
v -105.489868 13.328341 -72.455490
v -105.489868 37.270309 -72.455490
v -105.489868 12.731439 -111.329414
v -105.197861 5.727047 -130.527512
v -105.489868 12.672523 -91.892456
v -105.489868 13.328341 -82.173981
v -105.489868 12.741855 -101.610931
v -147.695984 12.581389 -115.008003
v -147.111938 0.000000 -149.725616
v -147.695984 13.328341 -72.455490
v -147.695984 37.270309 -72.455490
v -147.403976 6.664170 -132.366806
v -147.695984 13.328341 -93.731750
v -147.695984 13.328341 -83.093628
v -147.695984 13.662762 -104.369873
v -98.783844 8.954656 -120.008820
v -98.491829 1.834740 -139.820007
v -155.058670 9.996256 -123.687401
v -125.023903 10.209334 -123.687401
v -155.058670 33.938225 -123.687401
v -111.903885 9.645019 -121.848106
v -140.041290 9.996256 -123.687401
v -132.532593 9.200564 -123.687401
v -118.463890 10.597145 -122.767761
v -105.343864 9.996256 -120.928459
v -147.549988 9.996256 -123.687401
v -154.766647 3.332085 -141.046204
v -124.731888 2.105470 -141.046204
v -154.766647 27.274055 -141.046204
v -111.611855 1.739345 -140.433105
v -139.749252 2.037045 -141.046204
v -132.240570 2.030902 -141.046204
v -118.171867 1.535820 -140.739655
v -105.051842 1.239964 -140.126556
v -147.257965 2.011981 -141.046204
v -98.431068 5.624920 -130.460129
v -98.473694 8.746234 -120.827393
v -98.388451 1.765266 -140.092865
v -96.838531 4.819301 -131.443451
v -96.084892 7.965849 -122.302391
v -97.592171 1.466524 -140.584534
v -95.532631 4.194856 -131.831772
v -94.126038 6.127269 -122.884850
v -96.939232 1.356376 -140.778687
v -93.968887 3.233393 -132.123947
v -91.780418 4.149434 -123.323112
v -96.157356 1.267007 -140.924774
v -92.225708 1.661036 -132.305328
v -89.165649 2.456153 -123.595177
v -95.285759 1.031294 -141.015472
v -90.390495 0.531091 -132.366806
v -86.412834 0.839554 -123.687401
v -94.368164 0.559121 -141.046204
v -88.033684 0.000000 -133.575226
v -82.849304 0.000000 -125.820831
v -92.273933 0.000000 -141.740906
v -97.821098 5.241070 -130.978470
v -97.558731 8.449477 -121.604897
v -98.083458 1.615665 -140.352051
v -51.877155 1.307442 -218.048233
v -21.547817 8.444624 -218.013397
v -60.162727 0.000000 -218.035538
v -18.276579 8.879827 -218.013397
v -36.828144 5.336782 -200.069397
v -36.828140 23.446264 -200.069397
v -36.596828 5.390416 -235.992218
v -36.596828 23.499899 -235.992218
v -36.712486 4.656518 -218.030807
v -29.187981 7.108304 -200.605286
v -29.187981 22.301544 -200.605286
v -29.072325 7.135121 -235.438904
v -29.130150 6.805742 -218.022095
v -29.072325 22.328362 -235.438904
v -44.121334 24.671436 -236.545532
v -44.468304 3.565260 -199.533493
v -44.468304 24.590984 -199.533493
v -44.121334 3.645711 -236.545532
v -44.294819 3.045981 -218.039520
v -55.976452 0.490353 -199.326813
v -55.745136 0.543987 -236.756958
v -55.860798 0.620204 -218.041885
v -47.883587 25.257206 -236.822189
v -48.288383 2.679499 -199.265549
v -48.288383 25.163345 -199.265549
v -47.883587 2.773358 -236.822189
v -48.085987 1.840754 -218.043869
v -40.648224 4.451021 -199.801453
v -40.648224 24.018623 -199.801453
v -40.359077 4.518064 -236.268875
v -40.503651 3.991568 -218.035156
v -40.359077 24.085667 -236.268875
v -32.834576 22.914131 -235.715561
v -33.008064 6.222543 -200.337341
v -33.008060 22.873905 -200.337341
v -32.834576 6.262769 -235.715561
v -32.921318 5.830617 -218.026459
v -25.367901 7.994065 -200.873245
v -25.367901 21.729183 -200.873245
v -25.310070 8.007474 -235.162247
v -25.338984 7.590051 -218.017746
v -25.310070 21.742592 -235.162247
v -0.478566 8.452774 -217.938782
v 40.473843 -6.800379 -217.998764
v 47.109779 -8.183403 -217.960083
v -3.749805 8.884299 -217.938782
v 20.222040 1.332271 -199.173828
v 20.222040 19.441755 -199.173828
v 19.773239 1.496005 -236.763702
v 19.773237 19.605490 -236.763702
v 19.997639 0.833719 -217.968765
v 9.871737 5.108285 -200.058899
v 9.647336 20.383396 -235.848648
v 9.871737 20.301529 -200.058899
v 9.647337 5.190152 -235.848648
v 9.759537 4.688835 -217.953766
v 30.572346 18.581982 -198.288757
v 29.899141 -2.198142 -237.678772
v 30.235741 -2.898401 -217.983765
v 30.572346 -2.443743 -198.288757
v 29.899137 18.827583 -237.678772
v 4.696585 6.996292 -200.501434
v 4.584385 20.772348 -235.391113
v 4.696586 20.731415 -200.501434
v 4.584385 7.037226 -235.391113
v 4.640485 6.785361 -217.946274
v 15.046890 19.871643 -199.616364
v 14.710288 3.343079 -236.306183
v 14.878588 3.022641 -217.961273
v 15.046889 3.220278 -199.616364
v 14.710286 19.994442 -236.306183
v 25.397192 -0.555736 -198.731293
v 24.836189 19.216537 -237.221237
v 25.397192 19.011868 -198.731293
v 24.836189 -0.351069 -237.221237
v 25.116690 -1.248753 -217.976257
v 35.747498 18.152096 -197.846222
v 34.962093 -4.045216 -238.136292
v 35.354790 -4.661948 -217.991257
v 35.747498 -4.331750 -197.846222
v 34.962090 18.438631 -238.136292
v 43.613892 -7.201580 -197.674362
v 43.165085 -7.037847 -238.284485
v 43.389488 -7.605858 -217.979431
v -51.761497 1.087056 -227.573532
v -21.547817 8.405054 -226.449493
v -59.844437 -0.261479 -226.934845
v -36.654659 4.945446 -227.011520
v -29.101238 6.668329 -226.730499
v -44.208076 3.415573 -227.292526
v -55.802967 0.530578 -227.399414
v -47.984787 2.056044 -227.433029
v -40.431370 4.308457 -227.152023
v -32.877945 6.252712 -226.871017
v -25.324526 7.397192 -226.589996
v -51.992813 0.968757 -208.522919
v -21.547817 8.530363 -209.577286
v -59.120235 0.000000 -208.845779
v -36.770313 4.708612 -209.050110
v -29.159065 6.626526 -209.313690
v -44.381561 3.391459 -208.786514
v -55.918621 0.666058 -208.684341
v -48.187187 1.923634 -208.654709
v -40.575935 3.998335 -208.918304
v -32.964687 5.770251 -209.181900
v -25.353441 7.369366 -209.445496
v -55.947540 0.497057 -204.005585
v -52.050640 1.217167 -203.760254
v -21.547817 8.659452 -205.359238
v -59.844437 0.000000 -204.250900
v -36.799229 5.009398 -204.559753
v -29.173521 6.449381 -204.959488
v -44.424934 3.575316 -204.160004
v -48.237785 2.217629 -203.960129
v -40.612080 4.121144 -204.359879
v -32.986374 5.717505 -204.759613
v -25.360670 7.700768 -205.159363
v -51.934982 1.248776 -213.285568
v -21.547817 8.442709 -213.795349
v -59.844437 0.000000 -213.440659
v -36.741402 4.754957 -213.540451
v -29.144609 6.638031 -213.667892
v -44.338192 3.248113 -213.413010
v -48.136589 2.241094 -213.349289
v -40.539791 4.243988 -213.476730
v -32.943005 5.742785 -213.604172
v -25.346212 7.460030 -213.731613
v -55.889709 0.510466 -213.363113
v -55.831879 0.523874 -222.720642
v -51.819328 0.969894 -222.810883
v -21.547817 8.663011 -222.231445
v -59.577785 0.000000 -222.630417
v -36.683571 4.601217 -222.521164
v -29.115694 6.658241 -222.376297
v -44.251450 2.784799 -222.666016
v -48.035385 1.834266 -222.738449
v -40.467514 4.004998 -222.593597
v -32.899632 5.952896 -222.448730
v -25.331757 7.513373 -222.303879
v -51.703667 1.569485 -232.336197
v -21.547817 8.239852 -230.667542
v -60.496029 0.000000 -231.820175
v -36.625744 5.136588 -231.501877
v -29.086781 6.679294 -231.084702
v -44.164703 3.490818 -231.919037
v -47.934185 2.288024 -232.127609
v -40.395222 4.731849 -231.710449
v -32.856262 5.831267 -231.293289
v -25.317297 7.686541 -230.876129
v -55.774055 0.335300 -232.078186
v -0.478566 8.267115 -209.441376
v 40.698246 -6.872816 -207.701218
v 46.166218 -8.183403 -207.952560
v 20.109840 1.144126 -208.571289
v 9.815636 5.060566 -209.006332
v 30.404043 -3.155874 -208.136261
v 4.668535 6.310983 -209.223846
v 14.962738 2.831423 -208.788818
v 25.256941 -0.780954 -208.353775
v 35.551144 -5.051868 -207.918747
v 43.501690 -7.723082 -207.826889
v -0.478566 7.866837 -226.436188
v 40.249439 -6.210356 -228.296295
v 46.305130 -8.183403 -227.967606
v 19.885439 1.072779 -227.366241
v 9.703437 4.744381 -226.901215
v 30.067440 -2.527980 -227.831268
v 4.612435 6.871346 -226.668701
v 15.497622 2.225742 -227.133728
v 24.976440 -1.083965 -227.598755
v 35.158443 -4.601297 -228.063782
v 43.277287 -7.677788 -228.131958
v -0.478566 8.646384 -230.684875
v 40.137241 -6.282428 -233.445068
v 47.249298 -8.183403 -232.971375
v 19.829338 0.883485 -232.064972
v 9.675387 4.540277 -231.374924
v 29.983290 -2.855417 -232.755020
v 4.629054 6.600460 -231.029907
v 14.752362 2.971026 -231.719955
v 24.906315 -1.086086 -232.409988
v 35.060265 -4.442938 -233.100037
v 43.221188 -7.544458 -233.208221
v 43.333385 -7.585392 -223.055695
v -0.478566 8.490567 -222.187485
v 40.361641 -6.490603 -223.147522
v 46.564831 -8.183403 -222.963852
v 19.941540 1.067966 -222.667496
v 9.731486 4.416559 -222.427490
v 30.151590 -3.070153 -222.907516
v 4.626461 6.518682 -222.307480
v 14.836513 2.677393 -222.547501
v 25.046564 -0.969686 -222.787506
v 35.256618 -4.609208 -223.027527
v -0.478566 8.571672 -213.690079
v 40.586044 -6.408827 -212.849991
v 47.699417 -8.183403 -212.956329
v 20.053740 0.699921 -213.270035
v 9.787587 4.572824 -213.480057
v 30.319893 -3.069285 -213.060013
v 4.654510 6.548012 -213.585068
v 14.920663 2.714381 -213.375046
v 25.186817 -0.783514 -213.165024
v 35.452969 -5.018785 -212.955002
v 43.445591 -7.849600 -212.903152
v 43.557789 -7.667258 -202.750626
v -0.478566 8.574175 -205.192673
v 40.810448 -6.800492 -202.552460
v 47.284927 -8.183403 -202.948807
v 20.165941 1.008659 -203.872559
v 9.843686 4.622822 -204.532608
v 30.488194 -2.623492 -203.212509
v 4.682560 6.541526 -204.862640
v 15.004813 2.631207 -204.202591
v 25.327066 -1.262079 -203.542542
v 35.649319 -5.031643 -202.882477
v -11.110282 6.828885 -218.168137
v -17.891184 8.879945 -220.190430
v -17.709145 8.880001 -222.130188
v -17.415735 8.880092 -223.969604
v -17.019108 8.880214 -225.690933
v -16.527435 8.880365 -227.276367
v -15.948881 8.880544 -228.708084
v -15.291607 8.880746 -229.968369
v -14.563787 8.880969 -231.039383
v -13.773579 8.881213 -231.903351
v -12.929144 8.881474 -232.542480
v -12.038657 8.881746 -232.939026
v -11.110280 8.882033 -233.075150
v -10.181903 8.882318 -232.939026
v -9.291417 8.882592 -232.542480
v -8.446981 8.882854 -231.903336
v -7.656773 8.883097 -231.039368
v -6.928953 8.883321 -229.968369
v -6.271678 8.883523 -228.708084
v -5.693124 8.883701 -227.276352
v -5.201453 8.883853 -225.690933
v -4.804830 8.883974 -223.969620
v -4.511415 8.884065 -222.130188
v -4.329376 8.884121 -220.190414
v -4.266886 8.884140 -218.168121
v -4.329375 8.884121 -216.145828
v -4.511416 8.884065 -214.206070
v -4.804825 8.883974 -212.366638
v -5.201452 8.883853 -210.645325
v -5.693125 8.883700 -209.059906
v -6.271680 8.883523 -207.628174
v -6.928947 8.883321 -206.367889
v -7.656774 8.883097 -205.296875
v -8.446982 8.882854 -204.432922
v -9.291415 8.882593 -203.793777
v -10.181903 8.882318 -203.397263
v -11.110280 8.882033 -203.261124
v -12.038657 8.881747 -203.397263
v -12.929145 8.881473 -203.793777
v -13.773578 8.881213 -204.432922
v -14.563787 8.880970 -205.296890
v -15.291608 8.880746 -206.367889
v -15.948881 8.880544 -207.628174
v -16.527435 8.880365 -209.059906
v -17.019104 8.880214 -210.645325
v -17.415735 8.880092 -212.366653
v -17.709145 8.880001 -214.206070
v -17.891184 8.879945 -216.145844
v -17.953674 8.879926 -218.168137
v -8.118177 -7.830503 -144.158844
v -8.118177 -7.830503 -290.258911
v 143.149719 -7.830503 -144.158844
v 143.149719 -7.830503 -290.258911
v -8.118177 -7.830503 -217.208878
v 143.149719 -7.830503 -217.208878
v 67.515762 -7.830503 -144.158844
v 67.515770 -7.830503 -290.258911
v 67.515770 -7.602588 -217.208878
v 105.332741 -7.830503 -144.158844
v 105.332741 -7.830503 -290.258911
v 105.332741 -8.152863 -217.208878
v 29.698793 -7.830503 -290.258911
v 29.698793 -7.830503 -217.208878
v 29.698793 -7.830503 -144.158844
v 124.241226 -7.830503 -144.158844
v 124.241226 -7.830503 -290.258911
v 124.241226 -8.572644 -217.208878
v 86.424255 -7.830503 -290.258911
v 86.424255 -7.830503 -217.208878
v 86.424255 -7.830503 -144.158844
v 48.607281 -7.830503 -144.158844
v 48.607281 -7.830503 -290.258911
v 48.607281 -7.830503 -217.208878
v 10.790308 -7.830503 -290.258911
v 10.790308 -7.830503 -217.208878
v 10.790308 -7.830503 -144.158844
v 133.695480 -7.830503 -144.158844
v 133.695480 -7.830503 -290.258911
v 133.695480 -7.830503 -217.208878
v 114.786987 -7.830503 -290.258911
v 114.786987 -7.830503 -217.208878
v 114.786987 -7.830503 -144.158844
v 95.878494 -7.830503 -144.158844
v 95.878494 -7.830503 -290.258911
v 95.878494 -7.395614 -217.208878
v 76.970009 -7.830503 -290.258911
v 76.970009 -7.159835 -217.208878
v 76.970009 -7.830503 -144.158844
v 58.061523 -7.830503 -144.158844
v 58.061523 -7.830503 -290.258911
v 58.061523 -7.830503 -217.208878
v 39.153038 -7.830503 -290.258911
v 39.153038 -7.830503 -217.208878
v 39.153038 -7.830503 -144.158844
v 143.149719 -7.830503 -253.733902
v -8.118177 -7.830503 -253.733902
v 67.515770 -8.364338 -253.733902
v 105.332741 -7.830503 -253.733902
v 29.698793 -7.830503 -253.733902
v 124.216339 -7.165555 -253.733902
v 86.424255 -8.361994 -253.733902
v 48.607281 -7.830503 -253.733902
v 10.790308 -7.830503 -253.733902
v 133.695480 -7.830503 -253.733902
v 114.786987 -8.453271 -253.733902
v 95.878494 -7.830503 -253.733902
v 76.970009 -8.210646 -253.733902
v 58.061523 -7.830503 -253.733902
v 39.153038 -7.830503 -253.733902
v -8.118177 -7.830503 -180.683853
v 143.149719 -7.830503 -180.683853
v 67.515770 -7.368255 -180.683853
v 105.332741 -8.381446 -180.683853
v 29.698793 -7.830503 -180.683853
v 124.241226 -7.489930 -180.683853
v 86.424255 -7.343552 -180.683853
v 48.607281 -7.830503 -180.683853
v 10.790308 -7.830503 -180.683853
v 133.695480 -7.830503 -180.683853
v 114.786987 -8.504847 -180.683853
v 95.878494 -8.488113 -180.683853
v 76.970009 -7.830503 -180.683853
v 58.061523 -8.159988 -180.683853
v 39.153038 -7.830503 -180.683853
v 143.149719 -7.830503 -271.996399
v 67.515770 -7.830503 -271.996399
v 105.332741 -8.291505 -271.996399
v 29.698793 -7.830503 -271.996399
v 124.241226 -7.830503 -271.996399
v 86.424255 -7.830503 -271.996399
v 48.607281 -7.830503 -271.996399
v 10.790308 -7.830503 -271.996399
v 133.695480 -7.830503 -271.996399
v 114.786987 -7.830503 -271.996399
v 95.878494 -7.210406 -271.996399
v 76.970009 -7.330582 -271.996399
v 58.061523 -7.830503 -271.996399
v 39.153038 -7.830503 -271.996399
v -8.118177 -7.830503 -271.996399
v -8.118177 -7.830503 -235.471390
v 143.149719 -7.830503 -235.471390
v 67.515770 -7.984126 -235.471390
v 105.332741 -7.147809 -235.471390
v 29.698793 -7.830503 -235.471390
v 124.241226 -8.418138 -235.471390
v 86.424255 -7.555233 -235.471390
v 48.607281 -7.830503 -235.471390
v 10.790308 -7.830503 -235.471390
v 133.695480 -8.242060 -235.471390
v 114.786987 -7.830503 -235.471390
v 95.878494 -8.377671 -235.471390
v 76.970009 -7.991333 -235.471390
v 58.061523 -8.088896 -235.471390
v 39.153038 -7.830503 -235.471390
v 143.149719 -7.830503 -198.946365
v 67.515770 -8.386258 -198.946365
v 105.332741 -7.188169 -198.946365
v 29.698793 -7.830503 -198.946365
v 124.241226 -8.258487 -198.946365
v 86.424255 -8.481041 -198.946365
v 48.607281 -7.830503 -198.946365
v 10.790308 -7.830503 -198.946365
v 133.695480 -7.830503 -198.946365
v 114.786987 -7.830503 -198.946365
v 95.878494 -7.349915 -198.946365
v 76.970009 -7.830503 -198.946365
v 58.061523 -8.211232 -198.946365
v 39.153038 -7.830503 -198.946365
v -8.118177 -7.830503 -198.946365
v -8.118177 -7.830503 -162.421356
v 143.149719 -7.830503 -162.421356
v 67.515770 -7.830503 -162.421356
v 105.332741 -7.830503 -162.421356
v 29.698793 -7.830503 -162.421356
v 124.241226 -7.830503 -162.421356
v 86.424255 -8.576031 -162.421356
v 48.607281 -7.830503 -162.421356
v 10.790308 -7.830503 -162.421356
v 133.695480 -7.830503 -162.421356
v 114.786987 -7.830503 -162.421356
v 95.878494 -8.401443 -162.421356
v 76.970009 -7.830503 -162.421356
v 58.061523 -7.830503 -162.421356
v 39.153038 -7.830503 -162.421356
v 143.149719 -7.830503 -281.127655
v 67.515770 -7.830503 -281.127655
v 105.332741 -7.830503 -281.127655
v 29.698793 -7.830503 -281.127655
v 124.241226 -7.830503 -281.127655
v 86.424255 -7.830503 -281.127655
v 48.607281 -7.830503 -281.127655
v 10.790308 -7.830503 -281.127655
v 133.695480 -7.830503 -281.127655
v 114.786987 -7.830503 -281.127655
v 95.878494 -7.830503 -281.127655
v 76.970009 -7.830503 -281.127655
v 58.061523 -7.830503 -281.127655
v 39.153038 -7.830503 -281.127655
v -8.118177 -7.830503 -281.127655
v -8.118177 -7.830503 -262.865143
v 143.149719 -7.830503 -262.865143
v 67.515770 -8.460509 -262.865143
v 105.332741 -8.360691 -262.865143
v 29.698793 -7.830503 -262.865143
v 124.241226 -7.830503 -262.865143
v 86.424255 -7.346121 -262.865143
v 48.607281 -7.830503 -262.865143
v 10.790308 -7.830503 -262.865143
v 133.695480 -7.830503 -262.865143
v 114.786987 -6.909046 -262.865143
v 95.878494 -7.297864 -262.865143
v 76.970009 -8.304535 -262.865143
v 58.061523 -7.830503 -262.865143
v 39.153038 -7.830503 -262.865143
v 143.149719 -7.830503 -244.602646
v 67.515770 -7.508728 -244.602646
v 105.332741 -7.830503 -244.602646
v 29.698793 -7.830503 -244.602646
v 124.241226 -8.802246 -244.602646
v 86.424255 -7.306279 -244.602646
v 48.607281 -7.830503 -244.602646
v 10.790308 -7.830503 -244.602646
v 133.695480 -7.380698 -244.602646
v 114.786987 -8.323912 -244.602646
v 95.878494 -7.351472 -244.602646
v 76.970009 -8.105542 -244.602646
v 58.061523 -8.263314 -244.602646
v 39.153038 -7.830503 -244.602646
v -8.118177 -7.830503 -244.602646
v -8.118177 -7.830503 -226.340134
v 143.149719 -7.830503 -226.340134
v 67.515770 -7.429835 -226.340134
v 105.332741 -7.491008 -226.340134
v 29.698793 -7.830503 -226.340134
v 124.241226 -8.240945 -226.340134
v 86.424255 -7.830503 -226.340134
v 48.607281 -7.830503 -226.340134
v 10.790308 -7.830503 -226.340134
v 133.695480 -6.830756 -226.340134
v 114.786987 -7.830503 -226.340134
v 95.878494 -8.274158 -226.340134
v 76.970009 -8.174920 -226.340134
v 58.061523 -8.217105 -226.340134
v 39.153038 -7.830503 -226.340134
v 143.149719 -7.830503 -208.077621
v 67.515770 -7.294679 -208.077621
v 105.332741 -7.830503 -208.077621
v 29.698793 -7.830503 -208.077621
v 124.241226 -7.830503 -208.077621
v 86.424255 -7.830503 -208.077621
v 48.607281 -7.830503 -208.077621
v 10.790308 -7.830503 -208.077621
v 133.695480 -7.830503 -208.077621
v 114.786987 -7.830503 -208.077621
v 95.878494 -8.289635 -208.077621
v 76.970009 -8.138707 -208.077621
v 58.061523 -8.483834 -208.077621
v 39.153038 -7.830503 -208.077621
v -8.118177 -7.830503 -208.077621
v -8.118177 -7.830503 -189.614670
v 143.149719 -7.830503 -189.614670
v 67.515770 -8.232324 -189.614670
v 105.332741 -7.830503 -189.614670
v 29.698793 -7.830503 -189.614670
v 124.241226 -8.493864 -189.614670
v 86.424255 -8.859717 -189.614670
v 48.607281 -7.830503 -189.614670
v 10.790308 -7.830503 -189.614670
v 133.695480 -7.177550 -189.614670
v 114.786987 -8.202020 -189.614670
v 95.878494 -8.468213 -189.614670
v 76.970009 -8.425248 -189.614670
v 58.061523 -7.830503 -189.614670
v 39.153038 -7.830503 -189.614670
v 143.149719 -7.830503 -171.552612
v 67.515770 -7.342819 -171.552612
v 105.332741 -8.388054 -171.552612
v 29.698793 -7.830503 -171.552612
v 124.241226 -7.830503 -171.552612
v 86.424255 -7.441874 -171.552612
v 48.607281 -7.830503 -171.552612
v 10.790308 -7.830503 -171.552612
v 133.695480 -7.830503 -171.552612
v 114.786987 -7.069592 -171.552612
v 95.878494 -8.393420 -171.552612
v 76.970009 -7.830503 -171.552612
v 58.061523 -7.830503 -171.552612
v 39.153038 -7.830503 -171.552612
v -8.118177 -7.830503 -171.552612
v -8.118177 -7.830503 -153.290100
v 143.149719 -7.830503 -153.290100
v 67.515770 -7.830503 -153.290100
v 105.332741 -7.830503 -153.290100
v 29.698793 -7.830503 -153.290100
v 124.241226 -7.830503 -153.290100
v 86.424255 -7.830503 -153.290100
v 48.607281 -7.830503 -153.290100
v 10.790308 -7.830503 -153.290100
v 133.695480 -7.830503 -153.290100
v 114.786987 -7.830503 -153.290100
v 95.878494 -7.830503 -153.290100
v 76.970009 -7.830503 -153.290100
v 58.061523 -7.830503 -153.290100
v 39.153038 -7.830503 -153.290100
v -157.854202 0.343272 -82.110184
v -157.854202 0.343272 -204.235886
v -11.198787 0.343272 -82.110184
v -11.198787 0.343272 -204.235886
v -11.198787 0.343272 -326.361572
v -157.854202 0.343272 -326.361572
v -84.526497 0.343272 -82.110184
v -84.526497 -0.087687 -204.235886
v -84.526497 0.343272 -326.361572
v -11.198787 0.343272 -265.298737
v -157.854202 0.343272 -265.298737
v -84.526497 0.343272 -265.298737
v -157.854202 0.343272 -143.173035
v -11.198787 0.343272 -143.173035
v -84.526497 0.343272 -143.173035
v -11.198787 0.343272 -173.704453
v -84.526497 -0.316368 -173.704453
v -157.854202 0.343272 -173.704453
v -157.854202 0.343272 -112.641609
v -11.198787 0.343272 -112.641609
v -84.526497 0.343272 -112.641609
v -157.854202 0.343272 -234.767303
v -11.198787 0.343272 -234.767303
v -84.526497 0.943133 -234.767303
v -11.198787 0.343272 -295.830139
v -84.526497 0.343272 -295.830139
v -157.854202 0.343272 -295.830139
v -47.862644 0.343272 -82.110184
v -47.862644 0.343272 -204.235886
v -47.862644 0.343272 -326.361572
v -47.862644 0.343272 -265.298737
v -47.862644 0.343272 -143.173035
v -47.862644 0.343272 -173.704453
v -47.862644 0.343272 -112.641609
v -47.862644 0.343272 -234.767303
v -47.862644 0.343272 -295.830139
v -121.190353 0.343272 -204.235886
v -121.190353 0.343272 -326.361572
v -121.190353 0.343272 -82.110184
v -121.190353 -0.089845 -265.298737
v -121.190353 0.343272 -143.173035
v -121.190353 0.519574 -173.704453
v -121.190353 0.343272 -112.641609
v -121.190353 0.343272 -234.767303
v -121.190353 0.343272 -295.830139
v -139.522293 0.343272 -204.235886
v -139.522293 0.343272 -326.361572
v -139.522293 0.780007 -265.298737
v -139.522293 0.343272 -143.173035
v -139.522293 0.343272 -173.704453
v -139.522293 0.343272 -112.641609
v -139.522293 0.343272 -234.767303
v -139.522293 0.343272 -295.830139
v -139.522293 0.343272 -82.110184
v -102.858429 0.343272 -82.110184
v -102.858429 0.589106 -204.235886
v -102.858429 0.343272 -326.361572
v -102.858429 0.343272 -265.298737
v -102.858429 0.343272 -143.173035
v -102.858429 0.343272 -173.704453
v -102.858429 0.343272 -112.641609
v -102.858429 0.343272 -234.767303
v -102.858429 0.343272 -295.830139
v -66.194572 0.764650 -204.235886
v -66.194572 0.343272 -326.361572
v -66.194572 0.343272 -265.298737
v -66.194572 0.645409 -143.173035
v -66.194572 0.005896 -173.704453
v -66.194572 0.343272 -112.641609
v -66.194572 0.764305 -234.767303
v -66.194572 0.343272 -295.830139
v -66.194572 0.343272 -82.110184
v -29.530714 0.343272 -82.110184
v -29.530714 0.343272 -204.235886
v -29.530714 0.343272 -326.361572
v -29.530714 0.343272 -265.298737
v -29.530714 0.343272 -143.173035
v -29.530714 0.343272 -173.704453
v -29.530714 0.343272 -112.641609
v -29.530714 0.343272 -234.767303
v -29.530714 0.343272 -295.830139
v -11.198787 0.343272 -311.095856
v -84.526497 0.343272 -311.095856
v -157.854202 0.343272 -311.095856
v -47.862644 0.343272 -311.095856
v -121.190353 0.343272 -311.095856
v -139.522293 0.343272 -311.095856
v -102.858429 0.343272 -311.095856
v -66.194572 0.343272 -311.095856
v -29.530714 0.343272 -311.095856
v -157.854202 0.343272 -280.564453
v -11.198787 0.343272 -280.564453
v -84.526497 0.343272 -280.564453
v -47.862644 0.343272 -280.564453
v -121.190353 0.927073 -280.564453
v -139.522293 -0.057857 -280.564453
v -102.858429 0.343272 -280.564453
v -66.194572 0.343272 -280.564453
v -29.530714 0.343272 -280.564453
v -11.198787 0.343272 -250.033020
v -84.526497 -0.220713 -250.033020
v -157.854202 0.343272 -250.033020
v -47.862644 0.343272 -250.033020
v -121.190353 -0.709291 -250.033020
v -139.522293 0.343272 -250.033020
v -102.858429 -0.911850 -250.033020
v -66.194572 0.490759 -250.033020
v -29.530714 0.343272 -250.033020
v -157.854202 0.343272 -219.501587
v -11.198787 0.343272 -219.501587
v -84.526497 0.893232 -219.501587
v -47.862644 0.343272 -219.501587
v -121.190353 0.343272 -219.501587
v -139.522293 0.343272 -219.501587
v -102.858429 0.343272 -219.501587
v -66.194572 -0.099205 -219.501587
v -29.530714 0.343272 -219.501587
v -11.198787 0.343272 -188.970169
v -84.526497 -0.235449 -188.970169
v -157.854202 0.343272 -188.970169
v -47.862644 0.343272 -188.970169
v -121.190353 0.343272 -188.970169
v -139.522293 -0.064638 -188.970169
v -102.858429 1.020262 -188.970169
v -66.194572 0.550794 -188.970169
v -29.530714 0.343272 -188.970169
v -157.854202 0.343272 -158.438736
v -11.198787 0.343272 -158.438736
v -84.526497 0.403943 -158.438736
v -47.862644 0.343272 -158.438736
v -121.190353 0.343272 -158.438736
v -139.522293 0.343272 -158.438736
v -102.858429 0.343272 -158.438736
v -66.194572 0.343272 -158.438736
v -29.530714 0.343272 -158.438736
v -11.198787 0.343272 -127.907326
v -84.526497 0.343272 -127.907326
v -157.854202 0.343272 -127.907326
v -47.862644 0.343272 -127.907326
v -121.190353 0.343272 -127.907326
v -139.522293 0.343272 -127.907326
v -102.858429 0.343272 -127.907326
v -66.194572 0.148769 -127.907326
v -29.530714 0.343272 -127.907326
v -157.854202 0.343272 -97.375893
v -11.198787 0.343272 -97.375893
v -84.526497 0.343272 -97.375893
v -47.862644 0.343272 -97.375893
v -121.190353 0.343272 -97.375893
v -139.522293 0.343272 -97.375893
v -102.858429 0.343272 -97.375893
v -66.194572 0.343272 -97.375893
v -29.530714 0.343272 -97.375893
v -75.360535 0.011426 -204.235886
v -75.360535 0.343272 -326.361572
v -75.360535 0.343272 -265.298737
v -75.360535 0.058213 -143.173035
v -75.360535 0.620311 -173.704453
v -75.360535 0.343272 -112.641609
v -75.360535 -0.018548 -234.767303
v -75.360535 0.343272 -295.830139
v -75.360535 0.343272 -82.110184
v -75.360535 0.343272 -311.095856
v -75.360535 0.343272 -280.564453
v -75.360535 0.106298 -250.033020
v -75.360535 0.343272 -219.501587
v -75.360535 0.343272 -188.970169
v -75.360535 -0.039369 -158.438736
v -75.360535 0.003943 -127.907326
v -75.360535 0.343272 -97.375893
v -93.688942 0.343272 -82.110184
v -93.688942 0.526974 -204.235886
v -93.688942 0.343272 -326.361572
v -93.688942 0.343272 -265.298737
v -93.688942 0.418698 -143.173035
v -93.688942 0.050873 -173.704453
v -93.688942 0.343272 -112.641609
v -93.688942 1.129610 -234.767303
v -93.688942 0.343272 -295.830139
v -93.688942 0.343272 -311.095856
v -93.688942 0.343272 -280.564453
v -93.688942 -0.441230 -250.033020
v -93.688942 0.075548 -219.501587
v -93.688942 0.343272 -188.970169
v -93.688942 0.622383 -158.438736
v -93.688942 0.343272 -127.907326
v -93.688942 0.343272 -97.375893
v -112.024391 0.343272 -204.235886
v -112.024391 0.343272 -326.361572
v -112.024391 0.807964 -265.298737
v -112.024391 0.343272 -143.173035
v -112.024391 0.062888 -173.704453
v -112.024391 0.343272 -112.641609
v -112.024391 -0.119554 -234.767303
v -112.024391 0.343272 -295.830139
v -112.024391 0.343272 -82.110184
v -112.024391 0.343272 -311.095856
v -112.024391 0.883531 -280.564453
v -112.024391 -0.273984 -250.033020
v -112.024391 0.343272 -219.501587
v -112.024391 0.343272 -188.970169
v -112.024391 0.038125 -158.438736
v -112.024391 0.343272 -127.907326
v -112.024391 0.343272 -97.375893
v -130.356323 0.343272 -82.110184
v -130.356323 0.343272 -204.235886
v -130.356323 0.343272 -326.361572
v -130.356323 0.343272 -265.298737
v -130.356323 0.343272 -143.173035
v -130.356323 0.743824 -173.704453
v -130.356323 0.343272 -112.641609
v -130.356323 0.343272 -234.767303
v -130.356323 0.343272 -295.830139
v -130.356323 0.343272 -311.095856
v -130.356323 -0.289209 -280.564453
v -130.356323 0.343272 -250.033020
v -130.356323 0.343272 -219.501587
v -130.356323 0.343272 -188.970169
v -130.356323 0.013764 -158.438736
v -130.356323 0.343272 -127.907326
v -130.356323 0.343272 -97.375893
v -148.688263 0.343272 -204.235886
v -148.688263 0.343272 -326.361572
v -148.688263 0.561639 -265.298737
v -148.688263 0.343272 -143.173035
v -148.688263 1.059733 -173.704453
v -148.688263 0.343272 -112.641609
v -148.688263 0.343272 -234.767303
v -148.688263 0.343272 -295.830139
v -148.688263 0.343272 -82.110184
v -148.688263 0.343272 -311.095856
v -148.688263 0.142708 -280.564453
v -148.688263 0.343272 -250.033020
v -148.688263 0.343272 -219.501587
v -148.688263 -0.321741 -188.970169
v -148.688263 1.002701 -158.438736
v -148.688263 0.343272 -127.907326
v -148.688263 0.343272 -97.375893
vn -0.2588 0.9642 -0.0584
vn -0.2567 0.9629 -0.0833
vn -0.1482 0.9883 -0.0352
vn -0.1603 0.9865 -0.0340
vn 0.1953 0.9063 -0.3748
vn 0.2077 0.9187 -0.3360
vn 0.0148 0.9383 -0.3455
vn -0.3080 0.8696 -0.3860
vn 0.2522 0.9552 -0.1552
vn 0.1809 0.9781 -0.1030
vn 0.3398 0.9241 -0.1747
vn 0.3812 0.8921 -0.2425
vn 0.3609 0.9299 -0.0708
vn 0.3630 0.9257 -0.1068
vn 0.3286 0.9391 -0.1002
vn 0.3195 0.9453 -0.0666
vn 0.0259 0.9333 -0.3581
vn 0.0319 0.9670 -0.2527
vn 0.0838 0.9528 -0.2919
vn 0.0818 0.9303 -0.3575
vn -0.0027 1.0000 -0.0046
vn -0.0000 1.0000 -0.0000
vn -0.0092 0.9999 0.0065
vn -0.2391 -0.0000 -0.9710
vn 0.2472 -0.0000 -0.9690
vn -0.2385 -0.0000 -0.9711
vn 0.9999 -0.0000 0.0168
vn 1.0000 -0.0000 0.0073
vn 1.0000 -0.0000 0.0093
vn 1.0000 -0.0000 -0.0000
vn -0.2048 -0.0000 0.9788
vn -0.6036 -0.0000 0.7973
vn -0.6032 -0.0000 0.7976
vn -0.2051 -0.0000 0.9787
vn -0.6476 -0.0000 -0.7619
vn -0.6472 -0.0000 -0.7623
vn -0.9418 -0.0000 0.3363
vn -1.0000 -0.0000 -0.0000
vn -0.9487 -0.0000 -0.3161
vn -0.0000 -0.0000 -1.0000
vn 0.6900 -0.0000 -0.7238
vn 0.2472 -0.0000 0.9690
vn 0.2471 -0.0000 0.9690
vn 0.6900 -0.0000 0.7238
vn 0.6907 -0.0000 0.7231
vn -0.0130 -0.0000 -0.9999
vn -0.0527 -0.0000 -0.9986
vn -0.1084 -0.0000 -0.9941
vn -0.1707 -0.0000 -0.9853
vn -0.2446 -0.0000 -0.9696
vn -0.3385 -0.0000 -0.9410
vn -0.4659 -0.0000 -0.8848
vn -0.6461 -0.0000 -0.7632
vn -0.8728 -0.0000 -0.4880
vn -0.9898 -0.0000 -0.1426
vn -0.9975 -0.0000 -0.0711
vn -0.9974 -0.0000 -0.0727
vn -0.9660 -0.0000 -0.2584
vn -0.9682 -0.0000 -0.2502
vn -0.8966 -0.0000 -0.4428
vn -0.9013 -0.0000 -0.4332
vn -0.8224 -0.0000 -0.5688
vn -0.8284 -0.0000 -0.5602
vn -0.7520 -0.0000 -0.6592
vn -0.7584 -0.0000 -0.6518
vn -0.6858 -0.0000 -0.7278
vn -0.6926 -0.0000 -0.7214
vn -0.6224 -0.0000 -0.7827
vn -0.6295 -0.0000 -0.7770
vn -0.5595 -0.0000 -0.8288
vn -0.5671 -0.0000 -0.8237
vn -0.4947 -0.0000 -0.8690
vn -0.5031 -0.0000 -0.8643
vn -0.2697 -0.0000 -0.9629
vn -0.3014 -0.0000 -0.9535
vn 0.2081 0.9728 -0.1016
vn 0.3447 0.9245 -0.1626
vn -0.0700 -0.0000 -0.9975
vn 0.0146 -0.0000 0.9999
vn 0.0596 -0.0000 0.9982
vn 0.1235 -0.0000 0.9923
vn 0.1972 -0.0000 0.9804
vn 0.2893 -0.0000 0.9572
vn 0.4147 -0.0000 0.9099
vn 0.5984 -0.0000 0.8012
vn 0.8485 -0.0000 0.5292
vn 0.9872 -0.0000 0.1593
vn -0.0000 -0.0000 1.0000
vn 0.9784 -0.0000 0.2069
vn 0.7760 -0.0000 0.6307
vn 0.4761 -0.0000 0.8794
vn 0.2927 -0.0000 0.9562
vn 0.1726 -0.0000 0.9850
vn 0.0808 -0.0000 0.9967
vn 0.0196 -0.0000 0.9998
vn -0.0117 -0.0000 0.9999
vn -0.0473 -0.0000 0.9989
vn -0.0968 -0.0000 0.9953
vn -0.1508 -0.0000 0.9886
vn -0.2128 -0.0000 0.9771
vn -0.2877 -0.0000 0.9577
vn -0.3833 -0.0000 0.9236
vn -0.5117 -0.0000 0.8591
vn -0.6868 -0.0000 0.7268
vn -0.8920 -0.0000 0.4520
vn -0.9916 -0.0000 0.1290
vn -0.9872 -0.0000 0.1592
vn -0.8485 -0.0000 0.5292
vn -0.5984 -0.0000 0.8012
vn -0.4147 -0.0000 0.9099
vn -0.2893 -0.0000 0.9572
vn -0.1972 -0.0000 0.9804
vn -0.1235 -0.0000 0.9923
vn -0.0596 -0.0000 0.9982
vn -0.0146 -0.0000 0.9999
vn 0.0117 -0.0000 -0.9999
vn 0.0473 -0.0000 -0.9989
vn 0.0968 -0.0000 -0.9953
vn 0.1508 -0.0000 -0.9886
vn 0.2128 -0.0000 -0.9771
vn 0.2877 -0.0000 -0.9577
vn 0.3833 -0.0000 -0.9236
vn 0.5117 -0.0000 -0.8591
vn 0.6868 -0.0000 -0.7268
vn 0.8920 -0.0000 -0.4520
vn 0.9916 -0.0000 -0.1290
vn 0.0097 -0.0000 -1.0000
vn 0.0393 -0.0000 -0.9992
vn 0.0798 -0.0000 -0.9968
vn 0.1228 -0.0000 -0.9924
vn 0.1700 -0.0000 -0.9854
vn 0.2237 -0.0000 -0.9747
vn 0.2869 -0.0000 -0.9580
vn 0.3642 -0.0000 -0.9313
vn 0.4624 -0.0000 -0.8867
vn 0.5899 -0.0000 -0.8074
vn 0.7515 -0.0000 -0.6598
vn 0.9198 -0.0000 -0.3924
vn 0.9941 -0.0000 -0.1083
vn -0.9968 -0.0000 0.0796
vn -0.9970 -0.0000 0.0778
vn -0.9629 -0.0000 0.2699
vn -0.9602 -0.0000 0.2792
vn -0.8876 -0.0000 0.4607
vn -0.8821 -0.0000 0.4711
vn -0.8080 -0.0000 0.5892
vn -0.8013 -0.0000 0.5983
vn -0.7326 -0.0000 0.6806
vn -0.7253 -0.0000 0.6884
vn -0.6613 -0.0000 0.7501
vn -0.6536 -0.0000 0.7568
vn -0.5915 -0.0000 0.8063
vn -0.5833 -0.0000 0.8123
vn -0.5202 -0.0000 0.8541
vn -0.5110 -0.0000 0.8596
vn -0.3105 -0.0000 0.9506
vn -0.2787 -0.0000 0.9604
vn -0.0733 -0.0000 0.9973
vn -0.0392 -0.0000 0.9992
vn -0.0384 -0.0000 0.9993
vn -0.9898 -0.0000 0.1426
vn -0.8728 -0.0000 0.4880
vn -0.6461 -0.0000 0.7632
vn -0.4659 -0.0000 0.8848
vn -0.3385 -0.0000 0.9410
vn -0.2446 -0.0000 0.9696
vn -0.1707 -0.0000 0.9853
vn -0.1084 -0.0000 0.9941
vn -0.0527 -0.0000 0.9986
vn -0.0136 -0.0000 0.9999
vn -0.0011 -0.0000 1.0000
vn 0.9869 -0.0000 0.1614
vn 0.8443 -0.0000 0.5358
vn 0.5868 -0.0000 0.8097
vn 0.3957 -0.0000 0.9184
vn 0.2625 -0.0000 0.9649
vn 0.1615 -0.0000 0.9869
vn 0.0772 -0.0000 0.9970
vn 0.0378 -0.0000 0.9993
vn -0.9813 -0.0000 -0.1926
vn -0.9862 -0.0000 -0.1656
vn -0.8517 -0.0000 -0.5241
vn -0.7850 -0.0000 -0.6195
vn -0.5786 -0.0000 -0.8156
vn -0.5067 -0.0000 -0.8621
vn -0.3830 -0.0000 -0.9238
vn -0.3321 -0.0000 -0.9433
vn -0.2534 -0.0000 -0.9674
vn -0.2160 -0.0000 -0.9764
vn -0.1587 -0.0000 -0.9873
vn -0.1287 -0.0000 -0.9917
vn -0.0817 -0.0000 -0.9967
vn -0.0554 -0.0000 -0.9985
vn -0.0230 -0.0000 -0.9997
vn -0.0104 -0.0000 -0.9999
vn 0.0427 0.9422 -0.3323
vn 0.0205 0.9836 -0.1792
vn 0.0211 0.9787 -0.2040
vn 0.0148 0.9403 -0.3400
vn 0.0260 0.9996 -0.0127
vn 0.0256 0.9856 -0.1672
vn -0.0629 0.9799 -0.1891
vn -0.0240 0.9985 -0.0499
vn 0.3422 0.9392 -0.0280
vn 0.2786 0.9590 -0.0508
vn 0.3046 0.9515 -0.0428
vn 0.3359 0.9394 -0.0688
vn 0.3223 0.9428 -0.0856
vn 0.2939 0.9516 -0.0899
vn 0.2108 0.9749 -0.0712
vn 0.1940 0.9787 -0.0669
vn 0.8180 -0.0000 -0.5752
vn 0.8196 -0.0000 -0.5729
vn 0.7329 -0.0000 -0.6803
vn 0.7250 -0.0000 -0.6887
vn 0.6377 -0.0000 -0.7703
vn 0.6284 -0.0000 -0.7779
vn 0.5647 -0.0000 -0.8253
vn 0.5551 -0.0000 -0.8318
vn 0.5011 -0.0000 -0.8654
vn 0.4907 -0.0000 -0.8713
vn 0.4386 -0.0000 -0.8987
vn 0.4263 -0.0000 -0.9046
vn 0.2793 -0.0000 -0.9602
vn 0.2240 -0.0000 -0.9746
vn 0.0852 -0.0000 -0.9964
vn 0.0469 -0.0000 -0.9989
vn 0.0415 -0.0000 -0.9991
vn 0.2906 0.9563 0.0325
vn 0.3093 0.9496 0.0510
vn 0.3462 0.9358 0.0670
vn 0.3570 0.9334 0.0370
vn 0.1666 0.9850 0.0452
vn 0.1858 0.9814 0.0484
vn 0.2665 0.9630 0.0408
vn 0.2708 0.9608 0.0600
vn 0.3021 0.9518 0.0519
vn 0.3176 0.9477 0.0314
vn 0.3246 0.9449 0.0424
vn 0.2308 -0.0000 0.9730
vn 0.2862 -0.0000 0.9582
vn 0.4464 -0.0000 0.8948
vn 0.4343 -0.0000 0.9008
vn 0.5084 -0.0000 0.8612
vn 0.4982 -0.0000 0.8671
vn 0.5710 -0.0000 0.8209
vn 0.5616 -0.0000 0.8274
vn 0.6428 -0.0000 0.7661
vn 0.6337 -0.0000 0.7735
vn 0.7358 -0.0000 0.6772
vn 0.7282 -0.0000 0.6853
vn 0.8205 -0.0000 0.5717
vn 0.8189 -0.0000 0.5739
vn 0.0900 -0.0000 0.9959
vn -0.1636 0.9864 -0.0171
vn -0.1405 0.9901 0.0001
vn -0.1677 0.9856 -0.0210
vn -0.1896 0.9589 -0.2112
vn -0.2259 0.9742 -0.0000
vn -0.1647 0.9859 0.0290
vn -0.2210 0.9447 0.2421
vn -0.2491 0.9626 0.1061
vn -0.2104 0.9642 0.1615
vn -0.1964 0.9275 -0.3181
vn -0.2386 0.9615 -0.1363
vn -0.2160 0.9763 0.0158
vn -0.2153 0.9764 0.0141
vn -0.2143 0.9767 0.0128
vn -0.2120 0.9772 0.0114
vn -0.2040 0.9789 0.0100
vn -0.1779 0.9840 0.0081
vn -0.1742 0.9847 0.0078
vn -0.0374 -0.0000 -0.9993
vn -0.0366 -0.0000 -0.9993
vn 0.0068 -0.0000 -1.0000
vn 0.1907 0.9807 0.0434
vn 0.0617 0.9981 -0.0043
vn 0.3377 0.9409 -0.0248
vn 0.0017 -0.0000 1.0000
vn 0.0495 -0.0000 0.9988
vn 0.0439 -0.0000 0.9990
vn 0.2222 0.9737 -0.0500
vn 0.2327 0.9715 -0.0454
vn 0.0379 0.9993 -0.0073
vn -0.0188 0.9975 0.0678
vn -0.0344 0.9975 0.0614
vn 0.0289 0.9996 0.0056
vn -0.0003 0.9981 0.0621
vn -0.0548 0.9965 0.0634
vn -0.0684 0.9960 0.0569
vn -0.0872 0.9947 0.0548
vn -0.0983 0.9940 0.0477
vn -0.1139 0.9926 0.0427
vn -0.1216 0.9920 0.0346
vn -0.1333 0.9907 0.0275
vn -0.1371 0.9904 0.0184
vn -0.1441 0.9895 0.0096
vn -0.1427 0.9898 -0.0000
vn -0.1441 0.9895 -0.0096
vn -0.1371 0.9904 -0.0184
vn -0.1333 0.9907 -0.0275
vn -0.1216 0.9920 -0.0346
vn -0.1139 0.9926 -0.0427
vn -0.0983 0.9940 -0.0477
vn -0.0872 0.9947 -0.0548
vn -0.0684 0.9960 -0.0569
vn -0.0548 0.9965 -0.0634
vn -0.0344 0.9975 -0.0614
vn -0.0188 0.9975 -0.0678
vn -0.0003 0.9981 -0.0621
vn -0.0270 0.9996 -0.0052
vn 0.0181 0.9975 -0.0679
vn 0.0338 0.9975 -0.0614
vn 0.0542 0.9965 -0.0634
vn 0.0678 0.9961 -0.0569
vn 0.0866 0.9947 -0.0548
vn 0.0977 0.9941 -0.0477
vn 0.1133 0.9926 -0.0427
vn 0.1210 0.9920 -0.0346
vn 0.1328 0.9908 -0.0275
vn 0.1365 0.9905 -0.0184
vn 0.1435 0.9896 -0.0096
vn 0.1421 0.9898 -0.0000
vn -0.0776 0.9969 0.0150
vn -0.0580 0.9983 0.0033
vn 0.1435 0.9896 0.0096
vn 0.1365 0.9905 0.0184
vn 0.1328 0.9908 0.0275
vn 0.1210 0.9920 0.0346
vn 0.1133 0.9926 0.0427
vn 0.0977 0.9941 0.0477
vn 0.0866 0.9947 0.0548
vn 0.0678 0.9961 0.0569
vn 0.0542 0.9965 0.0634
vn 0.0338 0.9975 0.0614
vn 0.0181 0.9975 0.0678
vn -0.0196 0.9998 0.0051
vn 0.0308 0.9848 -0.1710
vn 0.0696 0.9839 -0.1645
vn 0.0472 0.9989 0.0058
vn 0.0153 0.9593 -0.2821
vn 0.0017 0.9883 -0.1525
vn 0.0175 0.9867 -0.1616
vn 0.0525 0.9498 -0.3085
vn 0.0110 0.9999 -0.0000
vn 0.0075 0.9999 -0.0092
vn 0.0075 0.9999 0.0078
vn 0.0240 0.9996 -0.0145
vn 0.0078 0.9394 -0.3429
vn -0.0038 0.9760 -0.2177
vn -0.0004 0.9763 -0.2164
vn 0.0074 0.9342 -0.3566
vn 0.0037 0.9533 -0.3021
vn 0.0178 0.9159 -0.4010
vn 0.0289 0.9155 -0.4014
vn 0.0440 0.9554 -0.2920
vn 0.0696 0.9369 -0.3427
vn 0.0538 0.9197 -0.3890
vn 0.0968 0.9077 -0.4084
vn 0.1014 0.9351 -0.3396
vn 0.0634 0.9426 -0.3278
vn 0.0732 0.9028 -0.4239
vn -0.0205 0.9072 -0.4202
vn -0.0624 0.9455 -0.3195
vn 0.0059 0.9481 -0.3179
vn -0.0026 0.9157 -0.4018
vn 0.0395 0.9212 -0.3871
vn 0.0238 0.9401 -0.3400
vn -0.0396 0.9975 -0.0581
vn 0.0227 0.9988 -0.0424
vn 0.0093 0.9999 -0.0089
vn -0.0264 0.9996 0.0069
vn -0.0101 0.9997 -0.0242
vn -0.0234 0.9996 -0.0160
vn 0.0400 0.9992 -0.0090
vn 0.0203 0.9995 -0.0233
vn 0.0022 1.0000 -0.0033
vn 0.0339 0.9994 0.0070
vn -0.0046 0.9998 0.0190
vn -0.0153 0.9998 0.0096
vn 0.0375 0.9990 -0.0257
vn 0.0026 0.9998 -0.0175
vn -0.0111 0.9999 0.0079
vn 0.0148 0.9999 0.0001
vn -0.0169 0.9999 -0.0025
vn -0.0159 0.9996 -0.0224
vn 0.0063 1.0000 0.0041
vn 0.0426 0.9822 -0.1829
vn 0.0374 0.9819 -0.1857
vn -0.0192 0.9809 -0.1938
vn 0.0408 0.9825 -0.1815
vn -0.0697 0.9974 -0.0164
vn -0.0924 0.9957 0.0017
vn -0.0231 0.9996 -0.0166
vn -0.1486 0.9182 -0.3673
vn -0.0204 0.9387 -0.3442
vn -0.0575 0.9822 -0.1787
vn -0.1016 0.9443 -0.3130
vn 0.0387 0.9883 -0.1475
vn 0.3908 0.8571 -0.3357
vn 0.3811 0.8654 -0.3254
vn 0.5069 0.8044 -0.3099
vn 0.5176 0.8187 -0.2487
vn 0.4344 0.8738 -0.2187
vn 0.5189 0.7842 -0.3403
vn 0.5271 0.7927 -0.3062
vn 0.4971 0.8246 -0.2702
vn 0.5304 0.7905 -0.3062
vn 0.3022 0.9280 -0.2178
vn 0.4985 0.7838 -0.3703
vn 0.4131 0.8605 -0.2980
vn 0.2015 0.9537 -0.2232
vn 0.4872 0.7906 -0.3710
vn 0.3013 0.8941 -0.3314
vn 0.2072 0.9505 -0.2314
vn 0.4102 0.8700 -0.2735
vn 0.1953 0.9189 -0.3426
vn 0.2664 0.9363 -0.2287
vn 0.3463 0.9158 -0.2034
vn -0.0128 0.9372 -0.3486
vn 0.2632 0.9384 -0.2238
vn -0.1435 0.9895 -0.0198
vn -0.1542 0.9878 -0.0215
vn -0.1383 0.9904 -0.0015
vn -0.1487 0.9888 -0.0086
vn -0.2365 0.9715 -0.0165
vn -0.2274 0.9738 0.0095
vn -0.1892 0.9817 0.0206
vn -0.1417 0.9896 -0.0254
vn -0.2188 0.9752 0.0328
vn -0.2105 0.9771 -0.0310
vn -0.2275 0.9737 -0.0107
vn -0.2444 0.9691 0.0338
vn -0.1935 0.9799 -0.0475
vn -0.2074 0.9768 -0.0533
vn -0.2199 0.9721 -0.0818
vn -0.2181 0.9741 -0.0603
vn -0.2543 0.9668 0.0257
vn -0.2618 0.9651 0.0066
vn -0.2184 0.9758 0.0077
vn -0.1953 0.9807 -0.0020
vn -0.2137 0.9752 -0.0570
vn -0.2110 0.9713 -0.1102
vn -0.2431 0.9628 -0.1180
vn -0.2362 0.9700 -0.0566
vn -0.2822 0.9570 -0.0667
vn -0.2640 0.9612 -0.0801
vn -0.2381 0.9703 -0.0429
vn -0.2442 0.9688 -0.0429
vn -0.2464 0.9691 0.0120
vn -0.2328 0.9716 -0.0426
vn -0.2689 0.9622 -0.0434
vn -0.2785 0.9600 0.0301
vn -0.1704 0.9853 -0.0098
vn -0.1741 0.9844 -0.0267
vn -0.2195 0.9738 -0.0601
vn 0.2354 0.9719 -0.0080
vn 0.2428 0.9701 0.0066
vn 0.2394 0.9709 0.0035
vn 0.3399 0.9404 0.0055
vn 0.3396 0.9405 0.0093
vn 0.3333 0.9426 0.0186
vn 0.3351 0.9421 0.0110
vn 0.3487 0.9370 0.0203
vn 0.3294 0.9439 -0.0228
vn 0.3415 0.9399 -0.0002
vn 0.3579 0.9337 0.0088
vn 0.3453 0.9385 -0.0035
vn 0.3409 0.9396 -0.0293
vn 0.3412 0.9342 -0.1041
vn 0.3535 0.9300 -0.1005
vn 0.3472 0.9373 -0.0284
vn 0.3413 0.9383 -0.0548
vn 0.3545 0.9305 -0.0922
vn 0.3536 0.9293 -0.1069
vn 0.3463 0.9376 -0.0320
vn 0.3453 0.9384 -0.0114
vn 0.3553 0.9347 -0.0090
vn 0.3474 0.9376 -0.0120
vn 0.3607 0.9326 -0.0110
vn 0.3573 0.9338 0.0176
vn 0.3515 0.9362 -0.0055
vn 0.3377 0.9412 -0.0009
vn 0.3290 0.9442 0.0175
vn 0.3501 0.9359 -0.0389
vn 0.3407 0.9351 -0.0978
vn 0.3489 0.9329 -0.0896
vn 0.3552 0.9327 -0.0625
vn 0.1410 0.9874 -0.0720
vn 0.1139 0.9934 0.0110
vn 0.1383 0.9904 0.0053
vn 0.1943 0.9805 0.0297
vn -0.2156 0.9756 0.0418
vn -0.1854 0.9827 0.0027
vn -0.2263 0.9741 -0.0018
vn -0.2168 0.9743 0.0613
vn -0.1923 0.9809 0.0303
vn -0.2235 0.9737 0.0437
vn -0.2252 0.9743 0.0068
vn -0.2150 0.9763 0.0248
vn -0.2842 0.9582 0.0326
vn -0.2900 0.9549 0.0643
vn -0.2121 0.9747 0.0703
vn -0.2128 0.9767 0.0277
vn -0.2375 0.9696 0.0586
vn -0.1996 0.9792 0.0358
vn -0.2687 0.9617 0.0537
vn -0.2558 0.9648 0.0612
vn -0.1837 0.9826 0.0269
vn -0.1567 0.9876 0.0084
vn -0.1392 0.9898 -0.0285
vn -0.1722 0.9841 0.0428
vn -0.1134 0.9934 0.0145
vn -0.1475 0.9890 -0.0044
vn -0.2180 0.9758 0.0172
vn -0.2213 0.9752 0.0034
vn -0.2488 0.9684 -0.0148
vn -0.2289 0.9733 0.0148
vn -0.2118 0.9773 -0.0029
vn -0.2127 0.9771 -0.0108
vn -0.2289 0.9734 -0.0011
vn -0.2495 0.9684 0.0055
vn -0.2608 0.9651 -0.0228
vn -0.2543 0.9670 -0.0155
vn -0.1813 0.9834 -0.0107
vn -0.1914 0.9814 -0.0123
vn -0.1886 0.9820 0.0127
vn -0.1895 0.9819 -0.0004
vn -0.2892 0.9572 -0.0087
vn -0.2590 0.9659 -0.0077
vn -0.1517 0.9884 0.0098
vn -0.1461 0.9893 0.0009
vn -0.1478 0.9890 0.0067
vn -0.1620 0.9868 0.0001
vn -0.2254 0.9739 -0.0273
vn -0.2033 0.9791 -0.0043
vn -0.2201 0.9706 0.0977
vn -0.1735 0.9823 0.0705
vn -0.2212 0.9752 -0.0030
vn -0.1870 0.9816 0.0373
vn -0.2174 0.9724 0.0851
vn -0.2368 0.9672 0.0918
vn -0.2394 0.9682 0.0728
vn -0.2694 0.9626 0.0287
vn 0.1881 0.9819 -0.0228
vn 0.1312 0.9913 -0.0087
vn 0.2358 0.9718 -0.0027
vn 0.2469 0.9682 -0.0401
vn 0.3659 0.9306 0.0045
vn 0.3725 0.9279 -0.0154
vn 0.3414 0.9399 -0.0071
vn 0.3284 0.9443 0.0190
vn 0.3408 0.9398 -0.0271
vn 0.3332 0.9428 -0.0059
vn 0.3627 0.9319 0.0007
vn 0.3538 0.9349 -0.0299
vn 0.3413 0.9399 -0.0041
vn 0.3344 0.9424 -0.0030
vn 0.3487 0.9372 -0.0076
vn 0.3545 0.9350 -0.0109
vn 0.3289 0.9443 -0.0032
vn 0.3424 0.9393 0.0201
vn 0.3248 0.9458 0.0074
vn 0.1703 0.9853 -0.0110
vn 0.1664 0.9860 0.0064
vn 0.2846 0.9586 0.0060
vn 0.2610 0.9653 0.0035
vn 0.3276 0.9439 0.0408
vn 0.3252 0.9456 0.0056
vn 0.3297 0.9440 0.0111
vn 0.3328 0.9423 0.0349
vn 0.3574 0.9323 0.0559
vn 0.3402 0.9403 -0.0092
vn 0.3462 0.9381 -0.0097
vn 0.3442 0.9377 0.0483
vn 0.3563 0.9331 0.0483
vn 0.3706 0.9287 0.0136
vn 0.3269 0.9450 0.0083
vn 0.3432 0.9371 0.0632
vn 0.2205 0.9744 0.0445
vn 0.4151 0.9078 0.0605
vn 0.3327 0.9430 0.0127
vn 0.3508 0.9353 0.0456
vn 0.3617 0.9323 0.0075
vn 0.3361 0.9385 0.0791
vn 0.3465 0.9328 0.0988
vn 0.3624 0.9254 0.1106
vn 0.3638 0.9270 0.0913
vn 0.3451 0.9324 0.1070
vn 0.3501 0.9281 0.1270
vn 0.3340 0.9361 0.1105
vn 0.2156 0.9756 0.0422
vn -0.0003 1.0000 -0.0000
vn -0.0155 0.9999 -0.0043
vn 0.0264 0.9993 0.0273
vn -0.0250 0.9995 0.0217
vn -0.0097 0.9997 0.0211
vn -0.0229 0.9991 0.0358
vn -0.0228 0.9997 -0.0006
vn -0.0184 0.9998 0.0054
vn -0.0066 1.0000 -0.0068
vn -0.0128 0.9999 -0.0055
vn -0.0000 0.9996 -0.0270
vn -0.0004 1.0000 0.0095
vn 0.0040 1.0000 0.0051
vn 0.0061 0.9999 -0.0107
vn 0.0082 1.0000 0.0041
vn 0.0197 0.9997 -0.0175
vn -0.0000 1.0000 -0.0086
vn -0.0131 0.9999 0.0024
vn 0.0210 0.9998 -0.0010
vn -0.0061 1.0000 0.0063
vn -0.0000 0.9999 -0.0137
vn -0.0016 0.9999 -0.0153
vn 0.0184 0.9991 0.0379
vn 0.0008 0.9997 0.0264
vn 0.0095 1.0000 -0.0003
vn 0.0184 0.9998 -0.0028
vn 0.0223 0.9997 0.0052
vn 0.0137 0.9999 0.0036
vn 0.0149 0.9999 0.0035
vn 0.0006 1.0000 0.0019
vn 0.0182 0.9998 -0.0012
vn 0.0057 1.0000 0.0059
vn -0.0004 1.0000 -0.0098
vn -0.0110 0.9997 -0.0223
vn -0.0175 0.9997 -0.0190
vn 0.0142 0.9996 -0.0228
vn -0.0198 0.9996 -0.0175
vn 0.0015 1.0000 -0.0054
vn 0.0063 1.0000 -0.0063
vn -0.0333 0.9994 -0.0031
vn 0.0267 0.9994 -0.0197
vn 0.0337 0.9994 -0.0092
vn -0.0116 0.9989 0.0447
vn 0.0242 0.9997 0.0055
vn -0.0276 0.9991 0.0312
vn -0.0245 0.9993 0.0284
vn 0.0048 1.0000 0.0009
vn -0.0166 0.9991 0.0396
vn 0.0129 0.9999 0.0113
vn 0.0119 0.9999 -0.0123
vn 0.0044 1.0000 -0.0045
vn -0.0190 0.9998 -0.0027
vn -0.0133 0.9998 -0.0122
vn 0.0087 1.0000 0.0001
vn -0.0043 1.0000 0.0081
vn 0.0121 0.9997 0.0232
vn 0.0089 0.9988 -0.0488
vn -0.0009 0.9995 -0.0330
vn 0.0310 0.9990 0.0325
vn 0.0288 0.9996 0.0069
vn 0.0262 0.9996 -0.0141
vn 0.0253 0.9985 -0.0488
vn -0.0422 0.9988 -0.0255
vn -0.0264 0.9994 -0.0211
vn -0.0221 0.9992 -0.0323
vn -0.0205 0.9998 -0.0007
vn 0.0112 0.9999 0.0001
vn 0.0045 1.0000 0.0047
vn 0.0003 1.0000 0.0089
vn -0.0213 0.9995 -0.0250
vn 0.0172 0.9997 0.0183
vn 0.0237 0.9997 0.0073
vn 0.0083 0.9999 0.0086
vn 0.0110 0.9996 0.0266
vn -0.0295 0.9988 0.0386
vn -0.0147 0.9998 0.0149
vn -0.0069 0.9997 0.0237
vn -0.0332 0.9988 0.0350
vn 0.0258 0.9995 0.0179
vn 0.0255 0.9996 -0.0140
vn -0.0165 0.9998 -0.0141
vn 0.0062 1.0000 0.0044
vn -0.0287 0.9996 0.0015
vn -0.0192 0.9997 -0.0179
vn 0.0112 0.9999 -0.0054
vn 0.0162 0.9998 -0.0098
vn 0.0088 0.9999 -0.0091
vn 0.0122 0.9998 -0.0126
vn -0.0281 0.9996 -0.0091
vn 0.0420 0.9991 -0.0112
vn 0.0165 0.9998 -0.0150
vn -0.0338 0.9992 -0.0226
vn -0.0115 0.9999 -0.0123
vn -0.0113 0.9996 -0.0254
vn -0.0052 1.0000 -0.0018
vn -0.0055 1.0000 -0.0023
vn -0.0100 0.9999 -0.0094
vn -0.0132 0.9998 0.0141
vn -0.0074 1.0000 -0.0034
vn -0.0083 0.9996 0.0277
vn 0.0421 0.9990 0.0159
vn -0.0208 0.9998 -0.0014
vn -0.0147 0.9995 -0.0296
vn 0.0562 0.9981 -0.0258
vn 0.0079 0.9997 -0.0242
vn 0.0108 0.9998 -0.0173
vn 0.0015 0.9996 0.0279
vn -0.0087 0.9999 0.0080
vn 0.0136 0.9999 -0.0035
vn 0.0177 0.9998 -0.0006
vn 0.0094 1.0000 -0.0005
vn 0.0119 0.9998 -0.0151
vn 0.0130 0.9999 -0.0048
vn 0.0187 0.9998 -0.0088
vn 0.0063 0.9996 -0.0291
vn 0.0175 0.9994 -0.0309
vn 0.0178 0.9993 0.0343
vn -0.0068 0.9998 0.0206
vn 0.0035 0.9998 -0.0172
vn -0.0306 0.9991 0.0306
vn -0.0477 0.9987 0.0178
vn -0.0101 0.9994 0.0338
vn -0.0004 0.9984 0.0570
vn 0.0199 0.9995 0.0238
vn 0.0370 0.9991 0.0188
vn 0.0031 1.0000 0.0067
vn -0.0359 0.9993 -0.0121
vn -0.0185 0.9998 -0.0101
vn -0.0201 0.9998 -0.0085
vn -0.0135 0.9998 0.0143
vn 0.0345 0.9994 0.0008
vn 0.0173 0.9997 -0.0175
vn -0.0000 0.9999 0.0133
vn -0.0064 1.0000 0.0067
vn -0.0098 0.9996 -0.0258
vn -0.0075 0.9999 -0.0078
vn -0.0326 0.9994 -0.0125
vn -0.0072 0.9998 -0.0177
vn 0.0100 0.9999 0.0104
vn -0.0074 0.9999 0.0132
vn 0.0098 0.9999 -0.0102
vn 0.0075 0.9996 -0.0282
vn 0.0225 0.9997 0.0029
vn 0.0210 0.9997 0.0120
vn 0.0524 0.9986 0.0117
vn -0.0007 1.0000 0.0027
vn 0.0104 0.9998 0.0163
vn 0.0281 0.9996 -0.0007
vn -0.0270 0.9995 -0.0177
vn 0.0007 0.9999 -0.0132
vn -0.0075 0.9998 0.0176
vn -0.0094 0.9996 0.0277
vn -0.0000 1.0000 0.0012
vn 0.0142 0.9999 -0.0017
vn 0.0235 0.9997 0.0029
vn -0.0008 1.0000 0.0051
vn 0.0073 0.9999 -0.0114
vn 0.0152 0.9998 -0.0092
vn -0.0065 0.9999 -0.0096
vn 0.0343 0.9994 -0.0043
vn 0.0046 1.0000 -0.0028
vn -0.0139 0.9998 0.0163
vn 0.0154 0.9996 0.0216
vn 0.0201 0.9995 -0.0244
vn -0.0332 0.9991 -0.0277
vn -0.0092 1.0000 -0.0003
vn 0.0037 1.0000 0.0048
vn -0.0168 0.9998 0.0077
vn -0.0013 1.0000 -0.0016
vn -0.0033 1.0000 -0.0060
vn -0.0103 0.9999 -0.0059
vn -0.0002 1.0000 -0.0052
vn -0.0032 1.0000 0.0017
vn 0.0055 1.0000 0.0065
vn -0.0125 0.9999 0.0026
vn -0.0006 1.0000 0.0025
vn 0.0028 1.0000 0.0016
vn -0.0204 0.9998 0.0028
vn -0.0163 0.9999 -0.0039
vn 0.0049 1.0000 -0.0034
vn 0.0010 1.0000 -0.0012
vn -0.0042 1.0000 -0.0005
vn -0.0041 1.0000 0.0074
vn 0.0034 1.0000 0.0062
vn 0.0041 1.0000 -0.0053
vn -0.0132 0.9999 -0.0106
vn -0.0149 0.9999 -0.0000
vn -0.0383 0.9993 0.0033
vn -0.0160 0.9998 -0.0088
vn -0.0134 0.9999 0.0089
vn 0.0063 1.0000 -0.0038
vn 0.0210 0.9995 -0.0223
vn 0.0143 0.9999 -0.0086
vn -0.0024 1.0000 0.0080
vn 0.0086 1.0000 0.0039
vn 0.0182 0.9998 0.0052
vn -0.0104 0.9999 0.0021
vn -0.0003 1.0000 -0.0052
vn -0.0000 1.0000 -0.0054
vn 0.0405 0.9992 -0.0000
vn 0.0168 0.9999 0.0005
vn -0.0202 0.9993 0.0311
vn 0.0246 0.9997 -0.0003
vn -0.0135 0.9999 -0.0080
vn 0.0093 0.9999 -0.0039
vn -0.0056 1.0000 0.0033
vn 0.0111 0.9999 -0.0117
vn -0.0138 0.9999 -0.0091
vn -0.0091 0.9999 0.0121
vn 0.0056 0.9999 0.0142
vn -0.0060 1.0000 0.0072
vn 0.0030 1.0000 0.0089
vn 0.0118 0.9998 -0.0134
vn -0.0064 1.0000 -0.0066
vn 0.0135 0.9999 0.0027
vn -0.0000 0.9999 0.0108
vn -0.0000 0.9999 0.0117
vn 0.0312 0.9995 0.0091
vn 0.0130 0.9998 -0.0148
vn 0.0055 0.9997 -0.0250
vn 0.0050 1.0000 -0.0071
vn 0.0148 0.9999 -0.0089
vn 0.0059 0.9999 0.0134
vn 0.0055 1.0000 0.0066
vn 0.0100 0.9999 -0.0041
vn 0.0211 0.9998 -0.0038
vn 0.0074 1.0000 -0.0044
vn 0.0080 0.9999 -0.0136
vn -0.0034 0.9999 -0.0096
vn -0.0122 0.9999 -0.0029
vn -0.0281 0.9992 -0.0298
vn 0.0028 0.9996 -0.0290
vn 0.0024 1.0000 -0.0031
vn -0.0168 0.9998 -0.0053
vn -0.0076 0.9999 0.0113
vn -0.0044 0.9999 0.0105
vn -0.0010 1.0000 0.0006
vn -0.0100 0.9999 -0.0002
vn -0.0000 1.0000 -0.0050
vn -0.0004 0.9999 0.0116
vn -0.0061 1.0000 0.0012
vn 0.0223 0.9991 0.0364
vn -0.0010 0.9991 0.0425
vn -0.0194 0.9998 0.0052
vn -0.0023 0.9999 0.0102
vn -0.0014 0.9999 -0.0133
vn -0.0159 0.9999 -0.0055
vn -0.0374 0.9993 -0.0019
vn -0.0204 0.9998 0.0039
vn -0.0170 0.9999 -0.0024
vn -0.0097 0.9999 0.0073
vn 0.0012 1.0000 -0.0022
vn -0.0048 1.0000 0.0014
vn -0.0069 1.0000 -0.0014
vn -0.0186 0.9998 0.0027
vn 0.0027 1.0000 -0.0071
vn 0.0179 0.9998 0.0080
vn 0.0087 0.9999 -0.0082
vn -0.0180 0.9998 0.0108
vn -0.0554 0.9984 0.0117
vn -0.0389 0.9990 -0.0217
vn 0.0167 0.9998 -0.0117
vn 0.0181 0.9998 0.0109
vn -0.0060 1.0000 0.0036
vn -0.0064 1.0000 -0.0033
vn 0.0050 1.0000 -0.0036
vn 0.0055 1.0000 0.0033
vt 0.351880 0.611302
vt 0.352286 0.579635
vt 0.368974 0.582065
vt 0.368544 0.613229
vt 0.465957 0.815758
vt 0.460413 0.751556
vt 0.464807 0.756680
vt 0.471817 0.822589
vt 0.394714 0.733683
vt 0.411069 0.675439
vt 0.419137 0.676055
vt 0.406816 0.734608
vt 0.692278 0.621638
vt 0.693112 0.589844
vt 0.713953 0.587611
vt 0.713053 0.620113
vt 0.360338 0.903577
vt 0.360925 0.966775
vt 0.330079 0.966775
vt 0.329513 0.903540
vt 0.359195 0.546335
vt 0.328410 0.546157
vt 0.328608 0.485079
vt 0.359401 0.485276
vt 0.704853 0.265097
vt 0.762640 0.265097
vt 0.762640 0.376955
vt 0.704853 0.376955
vt 0.655294 0.264549
vt 0.675610 0.262099
vt 0.675803 0.334897
vt 0.655487 0.348375
vt 0.367747 0.268990
vt 0.415722 0.268847
vt 0.416369 0.369850
vt 0.368394 0.369993
vt 0.202487 0.265097
vt 0.269578 0.265097
vt 0.269578 0.376955
vt 0.202487 0.376955
vt 0.635471 0.265097
vt 0.635471 0.376955
vt 0.349813 0.265097
vt 0.400045 0.265097
vt 0.400045 0.376955
vt 0.349813 0.376955
vt 0.450277 0.265097
vt 0.500508 0.265097
vt 0.500508 0.376955
vt 0.450277 0.376955
vt 0.352696 0.268840
vt 0.402142 0.268784
vt 0.402386 0.369794
vt 0.352940 0.369850
vt 0.550740 0.265097
vt 0.550740 0.376955
vt 0.456783 0.268723
vt 0.457026 0.369733
vt 0.319772 0.269133
vt 0.320420 0.370135
vt 0.451781 0.260969
vt 0.472130 0.266155
vt 0.472381 0.374808
vt 0.452032 0.380091
vt 0.828516 0.265097
vt 0.828516 0.376955
vt 0.372880 0.261190
vt 0.390735 0.266363
vt 0.390986 0.375016
vt 0.373131 0.380312
vt 0.144700 0.265097
vt 0.144700 0.376955
vt 0.554631 0.260681
vt 0.582131 0.265874
vt 0.582382 0.374527
vt 0.554882 0.379803
vt 0.078824 0.265097
vt 0.078824 0.376955
vt 0.569259 0.266922
vt 0.569259 0.374920
vt 0.562339 0.374920
vt 0.562339 0.266922
vt 0.555611 0.374920
vt 0.555611 0.266922
vt 0.549258 0.374920
vt 0.549258 0.266922
vt 0.543448 0.374920
vt 0.543448 0.266922
vt 0.538326 0.374920
vt 0.538326 0.266922
vt 0.533999 0.374920
vt 0.533999 0.266922
vt 0.530518 0.374920
vt 0.530518 0.266922
vt 0.527834 0.374920
vt 0.527834 0.266922
vt 0.525690 0.374920
vt 0.525690 0.266922
vt 0.436707 0.266922
vt 0.436707 0.374920
vt 0.585333 0.266922
vt 0.585333 0.374920
vt 0.604011 0.269550
vt 0.603497 0.371394
vt 0.599917 0.371374
vt 0.600431 0.269530
vt 0.595691 0.371351
vt 0.596205 0.269507
vt 0.590780 0.371323
vt 0.591294 0.269479
vt 0.585227 0.371292
vt 0.585741 0.269448
vt 0.579127 0.371258
vt 0.579642 0.269414
vt 0.572612 0.371222
vt 0.573126 0.269378
vt 0.565834 0.371184
vt 0.566348 0.269340
vt 0.558959 0.371145
vt 0.559473 0.269302
vt 0.552158 0.371107
vt 0.552672 0.269264
vt 0.427424 0.617195
vt 0.431458 0.617503
vt 0.316950 0.266922
vt 0.316950 0.374920
vt 0.528072 0.262414
vt 0.542539 0.265367
vt 0.542101 0.369995
vt 0.527634 0.374669
vt 0.610588 0.374152
vt 0.610502 0.268005
vt 0.617878 0.268001
vt 0.617963 0.374147
vt 0.624996 0.267996
vt 0.625081 0.374142
vt 0.631611 0.267991
vt 0.631696 0.374138
vt 0.637505 0.267988
vt 0.637591 0.374134
vt 0.642504 0.267984
vt 0.642589 0.374130
vt 0.646500 0.267982
vt 0.646585 0.374128
vt 0.649511 0.267980
vt 0.649596 0.374126
vt 0.651820 0.267978
vt 0.651906 0.374124
vt 0.286061 0.269233
vt 0.286708 0.370236
vt 0.561666 0.268038
vt 0.561751 0.374184
vt 0.460250 0.374252
vt 0.460165 0.268105
vt 0.462312 0.268104
vt 0.462397 0.374250
vt 0.465449 0.268102
vt 0.465534 0.374248
vt 0.469796 0.268099
vt 0.469881 0.374245
vt 0.475215 0.268095
vt 0.475300 0.374242
vt 0.481414 0.268091
vt 0.481499 0.374237
vt 0.488021 0.268087
vt 0.488106 0.374233
vt 0.317268 0.268200
vt 0.317353 0.374346
vt 0.489213 0.266045
vt 0.489629 0.372340
vt 0.482605 0.372359
vt 0.482189 0.266064
vt 0.475738 0.372378
vt 0.475322 0.266083
vt 0.469182 0.372396
vt 0.468766 0.266101
vt 0.463077 0.372413
vt 0.462661 0.266118
vt 0.457551 0.372429
vt 0.457135 0.266133
vt 0.452707 0.372442
vt 0.452291 0.266147
vt 0.448617 0.372453
vt 0.448201 0.266158
vt 0.445299 0.372462
vt 0.444882 0.266167
vt 0.442681 0.372470
vt 0.442265 0.266175
vt 0.440521 0.372476
vt 0.440105 0.266181
vt 0.513196 0.265978
vt 0.513612 0.372274
vt 0.406750 0.266273
vt 0.407166 0.372568
vt 0.587388 0.265773
vt 0.587804 0.372068
vt 0.584322 0.372078
vt 0.583906 0.265783
vt 0.579781 0.372091
vt 0.579365 0.265796
vt 0.573755 0.372107
vt 0.573339 0.265812
vt 0.566218 0.372128
vt 0.565802 0.265833
vt 0.557329 0.372153
vt 0.556913 0.265858
vt 0.547354 0.372180
vt 0.546938 0.265885
vt 0.536620 0.372210
vt 0.536204 0.265915
vt 0.525499 0.372241
vt 0.525082 0.265946
vt 0.612707 0.265703
vt 0.613123 0.371998
vt 0.460004 0.369719
vt 0.459356 0.268717
vt 0.466813 0.268695
vt 0.467460 0.369697
vt 0.474102 0.268673
vt 0.474750 0.369676
vt 0.481063 0.268652
vt 0.481710 0.369655
vt 0.487544 0.268633
vt 0.488191 0.369635
vt 0.493410 0.268615
vt 0.494058 0.369618
vt 0.498552 0.268600
vt 0.499200 0.369603
vt 0.502895 0.268587
vt 0.503543 0.369590
vt 0.506418 0.268577
vt 0.507065 0.369579
vt 0.509196 0.268568
vt 0.509844 0.369571
vt 0.511489 0.268561
vt 0.512137 0.369564
vt 0.545295 0.268461
vt 0.545942 0.369463
vt 0.645241 0.268163
vt 0.645888 0.369165
vt 0.637576 0.369190
vt 0.636928 0.268188
vt 0.629392 0.369215
vt 0.628745 0.268212
vt 0.621465 0.369238
vt 0.620818 0.268236
vt 0.613915 0.369261
vt 0.613268 0.268258
vt 0.606855 0.369282
vt 0.606207 0.268279
vt 0.600383 0.369301
vt 0.599736 0.268298
vt 0.594584 0.369318
vt 0.593937 0.268316
vt 0.589520 0.369333
vt 0.588872 0.268331
vt 0.585218 0.369346
vt 0.584570 0.268344
vt 0.581659 0.369357
vt 0.581011 0.268354
vt 0.578736 0.369366
vt 0.578089 0.268363
vt 0.576205 0.369373
vt 0.575558 0.268370
vt 0.672691 0.268081
vt 0.673338 0.369084
vt 0.058413 0.366642
vt 0.058413 0.266327
vt 0.062732 0.266327
vt 0.062732 0.366642
vt 0.067924 0.266327
vt 0.067924 0.366642
vt 0.074015 0.266327
vt 0.074015 0.366642
vt 0.080908 0.266327
vt 0.080908 0.366642
vt 0.088435 0.266327
vt 0.088435 0.366642
vt 0.096378 0.266327
vt 0.096378 0.366642
vt 0.104494 0.266327
vt 0.104494 0.366642
vt 0.112529 0.266327
vt 0.112529 0.366642
vt 0.224124 0.274145
vt 0.239008 0.275915
vt 0.239008 0.373729
vt 0.224124 0.373729
vt 0.637938 0.265634
vt 0.638354 0.371929
vt 0.684087 0.268467
vt 0.684331 0.369477
vt 0.681708 0.369480
vt 0.681464 0.268470
vt 0.678423 0.369484
vt 0.678179 0.268474
vt 0.674164 0.369488
vt 0.673920 0.268479
vt 0.668869 0.369494
vt 0.668626 0.268485
vt 0.662602 0.369501
vt 0.662358 0.268492
vt 0.655493 0.369509
vt 0.655249 0.268500
vt 0.647719 0.369518
vt 0.647475 0.268508
vt 0.639486 0.369527
vt 0.639242 0.268518
vt 0.631019 0.369537
vt 0.630775 0.268527
vt 0.588580 0.369585
vt 0.588336 0.268575
vt 0.367194 0.266382
vt 0.367610 0.372677
vt 0.487328 0.369699
vt 0.487084 0.268689
vt 0.494248 0.268681
vt 0.494492 0.369691
vt 0.503571 0.268670
vt 0.503815 0.369680
vt 0.515862 0.268656
vt 0.516106 0.369666
vt 0.531062 0.268639
vt 0.531306 0.369649
vt 0.548699 0.268620
vt 0.548943 0.369629
vt 0.568069 0.268598
vt 0.568312 0.369608
vt 0.034365 0.019614
vt 0.034351 0.019598
vt 0.045644 0.000072
vt 0.661495 0.294641
vt 0.661495 0.396759
vt 0.657985 0.394239
vt 0.657985 0.292121
vt 0.652614 0.391719
vt 0.652614 0.289601
vt 0.644958 0.389199
vt 0.644958 0.285401
vt 0.635173 0.383320
vt 0.635173 0.279522
vt 0.623647 0.378280
vt 0.623647 0.275322
vt 0.610894 0.374920
vt 0.610894 0.271122
vt 0.597509 0.374920
vt 0.597509 0.266922
vt 0.479752 0.901644
vt 0.480411 0.966662
vt 0.453463 0.966775
vt 0.452812 0.903687
vt 0.478005 0.663889
vt 0.477776 0.723158
vt 0.450861 0.729892
vt 0.451091 0.668885
vt 0.291816 0.261418
vt 0.319316 0.266545
vt 0.319567 0.375199
vt 0.292067 0.380539
vt 0.719815 0.583785
vt 0.735541 0.591614
vt 0.724747 0.589612
vt 0.725709 0.579115
vt 0.731234 0.573918
vt 0.736012 0.568549
vt 0.739717 0.563375
vt 0.742098 0.558746
vt 0.098752 0.368574
vt 0.099266 0.266731
vt 0.103430 0.266754
vt 0.102916 0.368598
vt 0.108939 0.266785
vt 0.108425 0.368628
vt 0.115533 0.266822
vt 0.115019 0.368665
vt 0.122830 0.266862
vt 0.122316 0.368706
vt 0.130380 0.266905
vt 0.129866 0.368748
vt 0.137712 0.266945
vt 0.137197 0.368789
vt 0.930207 0.265097
vt 0.930207 0.376955
vt 0.288596 0.280865
vt 0.307729 0.283653
vt 0.307308 0.375014
vt 0.288175 0.374897
vt 0.720069 0.813968
vt 0.719401 0.846019
vt 0.706752 0.847631
vt 0.707652 0.815129
vt 0.738746 0.883784
vt 0.736089 0.878141
vt 0.732049 0.844406
vt 0.731909 0.871756
vt 0.726488 0.865065
vt 0.720198 0.858524
vt 0.713466 0.852577
vt 0.521254 0.366642
vt 0.521254 0.266327
vt 0.529713 0.266327
vt 0.529713 0.366642
vt 0.538440 0.266327
vt 0.538440 0.366642
vt 0.546890 0.266327
vt 0.546890 0.366642
vt 0.554542 0.266327
vt 0.554542 0.366642
vt 0.560949 0.266327
vt 0.560949 0.366642
vt 0.565807 0.266327
vt 0.565807 0.366642
vt 0.491011 0.262396
vt 0.511640 0.265490
vt 0.511640 0.371487
vt 0.491011 0.376393
vt 0.218163 0.599167
vt 0.201087 0.600520
vt 0.201556 0.566572
vt 0.218514 0.564596
vt -0.021167 0.265097
vt -0.021167 0.376955
vt 0.159963 0.927225
vt 0.159063 0.935542
vt 0.160152 0.856690
vt 0.199793 0.891989
vt 0.197639 0.900114
vt 0.197805 0.838154
vt 0.203229 0.883357
vt 0.207813 0.874551
vt 0.213371 0.865907
vt 0.219688 0.857760
vt 0.226521 0.850422
vt 0.233609 0.844174
vt 0.215707 0.841164
vt 0.229667 0.557241
vt 0.235472 0.562621
vt 0.224051 0.551049
vt 0.218795 0.544233
vt 0.214060 0.536999
vt 0.209989 0.529568
vt 0.204310 0.515016
vt 0.202874 0.508337
vt 0.141579 0.425649
vt 0.139711 0.508164
vt 0.140968 0.417139
vt 0.416747 0.268504
vt 0.416233 0.370348
vt 0.401954 0.370268
vt 0.402468 0.268425
vt 0.492646 0.696643
vt 0.509942 0.721387
vt 0.475269 0.696448
vt 0.246413 0.366642
vt 0.246413 0.266327
vt 0.260478 0.266327
vt 0.260478 0.366642
vt 0.336998 0.266327
vt 0.336998 0.366642
vt 0.322934 0.366642
vt 0.322934 0.266327
vt 0.324262 0.369834
vt 0.324776 0.267990
vt 0.339055 0.268070
vt 0.338541 0.369914
vt 0.440513 0.696058
vt 0.457891 0.696253
vt 0.440432 0.720608
vt 0.443751 0.810431
vt 0.447486 0.807829
vt 0.470271 0.824741
vt 0.439883 0.811255
vt 0.451052 0.803569
vt 0.454415 0.797771
vt 0.457537 0.790555
vt 0.460385 0.782042
vt 0.462922 0.772352
vt 0.465113 0.761605
vt 0.466922 0.749921
vt 0.468313 0.737421
vt 0.469252 0.724225
vt 0.469701 0.710454
vt 0.473469 0.593157
vt 0.471870 0.708949
vt 0.469632 0.696668
vt 0.469059 0.683431
vt 0.468014 0.670866
vt 0.466529 0.659093
vt 0.464636 0.648236
vt 0.462369 0.638416
vt 0.459758 0.629756
vt 0.456837 0.622377
vt 0.453637 0.616402
vt 0.450191 0.611953
vt 0.446531 0.609151
vt 0.442689 0.608120
vt 0.413132 0.592873
vt 0.438821 0.608943
vt 0.435086 0.611545
vt 0.431520 0.615805
vt 0.428158 0.621603
vt 0.425035 0.628819
vt 0.422187 0.637332
vt 0.419650 0.647022
vt 0.417459 0.657769
vt 0.415650 0.669453
vt 0.414259 0.681953
vt 0.413321 0.695149
vt 0.412871 0.708920
vt 0.409957 0.822787
vt 0.411545 0.707830
vt 0.412940 0.722706
vt 0.413513 0.735943
vt 0.414559 0.748508
vt 0.416043 0.760281
vt 0.417936 0.771138
vt 0.420203 0.780958
vt 0.422814 0.789618
vt 0.425735 0.796997
vt 0.428935 0.802972
vt 0.432381 0.807422
vt 0.436041 0.810223
vt 0.531833 0.653897
vt 0.531607 0.709689
vt 0.504692 0.716423
vt 0.504919 0.658893
vt 0.533631 0.897559
vt 0.534306 0.966436
vt 0.507358 0.966549
vt 0.506692 0.899602
vt 0.337171 0.261290
vt 0.355026 0.261240
vt 0.355277 0.380362
vt 0.337422 0.380412
vt 0.411084 0.261083
vt 0.431432 0.261026
vt 0.431683 0.380148
vt 0.411335 0.380205
vt 0.420765 0.546692
vt 0.389980 0.546514
vt 0.390194 0.485472
vt 0.420987 0.485668
vt 0.421988 0.903650
vt 0.422617 0.966775
vt 0.391771 0.966775
vt 0.391163 0.903614
vt 0.420729 0.777401
vt 0.421358 0.840526
vt 0.390554 0.840452
vt 0.389946 0.777291
vt 0.532282 0.759807
vt 0.532956 0.828683
vt 0.506025 0.832655
vt 0.505358 0.765708
vt 0.478435 0.771609
vt 0.479093 0.836627
vt 0.452162 0.840599
vt 0.451511 0.777511
vt 0.614661 0.280717
vt 0.634977 0.272633
vt 0.635170 0.360472
vt 0.614854 0.372570
vt 0.359163 0.777181
vt 0.359751 0.840379
vt 0.328947 0.840306
vt 0.328381 0.777071
vt 0.420321 0.668742
vt 0.389552 0.668598
vt 0.389766 0.607556
vt 0.420543 0.607717
vt 0.532285 0.542314
vt 0.532059 0.598105
vt 0.505146 0.601363
vt 0.505373 0.543833
vt 0.236815 0.261572
vt 0.264316 0.261495
vt 0.264567 0.380617
vt 0.237066 0.380694
vt 0.478462 0.545352
vt 0.478233 0.604621
vt 0.451320 0.607878
vt 0.451550 0.546871
vt 0.499630 0.260835
vt 0.527130 0.260758
vt 0.527381 0.379880
vt 0.499881 0.379957
vt 0.358782 0.668455
vt 0.328013 0.668311
vt 0.328211 0.607234
vt 0.358989 0.607395
vt 0.478690 0.486083
vt 0.451780 0.485864
vt 0.532511 0.486522
vt 0.505601 0.486303
vt 0.358576 0.729514
vt 0.327814 0.729388
vt 0.209315 0.266827
vt 0.209566 0.375480
vt 0.420099 0.729766
vt 0.389338 0.729640
vt 0.558972 0.594848
vt 0.558747 0.648901
vt 0.559421 0.486741
vt 0.559197 0.540794
vt 0.559205 0.753906
vt 0.559888 0.824711
vt 0.531607 0.690931
vt 0.559590 0.683811
vt 0.558522 0.702954
vt 0.389338 0.714130
vt 0.358576 0.713983
vt 0.504692 0.698761
vt 0.477776 0.706592
vt 0.450861 0.714423
vt 0.420099 0.714276
vt 0.327814 0.713837
vt 0.594344 0.291593
vt 0.594537 0.379034
vt 0.560571 0.895517
vt 0.561254 0.966322
vt 0.443779 0.558950
vt 0.456551 0.809300
vt 0.453358 0.746713
vt 0.420101 0.736192
vt 0.427994 0.677112
vt 0.435886 0.618031
vt 0.444027 0.803549
vt 0.443965 0.742399
vt 0.436388 0.678872
vt 0.432693 0.738833
vt 0.440084 0.618911
vt 0.428998 0.798794
vt 0.443903 0.681250
vt 0.443841 0.620100
vt 0.412209 0.795272
vt 0.450165 0.684125
vt 0.446972 0.621538
vt 0.394496 0.793161
vt 0.454868 0.687354
vt 0.449324 0.623152
vt 0.378359 0.791927
vt 0.457798 0.690770
vt 0.450788 0.624860
vt 0.466580 0.761750
vt 0.474180 0.829350
vt 0.458980 0.694150
vt 0.451379 0.626550
vt 0.216760 0.737451
vt 0.199212 0.736311
vt 0.199680 0.702363
vt 0.217110 0.702880
vt 0.350258 0.737972
vt 0.350663 0.706305
vt 0.367252 0.706720
vt 0.366822 0.737884
vt 0.284000 0.738326
vt 0.284307 0.704643
vt 0.300896 0.705059
vt 0.300565 0.738238
vt 0.164587 0.267061
vt 0.179471 0.268832
vt 0.179471 0.373729
vt 0.164587 0.373729
vt 0.470205 0.271879
vt 0.484671 0.269513
vt 0.484234 0.374404
vt 0.469767 0.374315
vt 0.285228 0.603595
vt 0.285535 0.569912
vt 0.302223 0.572343
vt 0.301891 0.605522
vt 0.441271 0.276612
vt 0.455738 0.274246
vt 0.455300 0.374226
vt 0.440833 0.374138
vt 0.317129 0.738149
vt 0.317485 0.705474
vt 0.334074 0.705889
vt 0.333693 0.738061
vt 0.194355 0.270603
vt 0.209239 0.272374
vt 0.209239 0.373729
vt 0.194355 0.373729
vt 0.318554 0.607449
vt 0.318911 0.574774
vt 0.335598 0.577204
vt 0.335217 0.609375
vt 0.251902 0.599742
vt 0.252160 0.565051
vt 0.268848 0.567482
vt 0.268565 0.601668
vt 0.134819 0.263520
vt 0.149703 0.265291
vt 0.149703 0.373729
vt 0.134819 0.373729
vt 0.250872 0.738503
vt 0.251129 0.703813
vt 0.267718 0.704228
vt 0.267436 0.738414
vt 0.499138 0.267147
vt 0.513605 0.264781
vt 0.513167 0.374581
vt 0.498701 0.374492
vt 0.234308 0.738591
vt 0.234541 0.703397
vt 0.235239 0.597815
vt 0.119935 0.266918
vt 0.119935 0.373729
vt 0.426804 0.282633
vt 0.426366 0.369349
vt 0.510024 0.696838
vt 0.722742 0.685765
vt 0.722074 0.717815
vt 0.710352 0.717621
vt 0.711252 0.685119
vt 0.688943 0.748812
vt 0.689777 0.717018
vt 0.709452 0.750124
vt 0.606904 0.743565
vt 0.607473 0.714607
vt 0.628049 0.715210
vt 0.627414 0.744877
vt 0.408497 0.271250
vt 0.429126 0.269036
vt 0.429126 0.376393
vt 0.408497 0.376393
vt 0.212064 0.269711
vt 0.231197 0.272500
vt 0.230776 0.374546
vt 0.211644 0.374428
vt 0.609181 0.627734
vt 0.609750 0.598776
vt 0.630591 0.596543
vt 0.629955 0.626210
vt 0.567632 0.630782
vt 0.568069 0.603243
vt 0.588910 0.601009
vt 0.588407 0.629258
vt 0.367240 0.275676
vt 0.387869 0.273463
vt 0.387869 0.376393
vt 0.367240 0.376393
vt 0.565885 0.740941
vt 0.566322 0.713401
vt 0.586898 0.714004
vt 0.586395 0.742253
vt 0.250330 0.275288
vt 0.269463 0.278076
vt 0.269042 0.374780
vt 0.249909 0.374663
vt 0.173799 0.264134
vt 0.192931 0.266923
vt 0.192511 0.374311
vt 0.173378 0.374194
vt 0.647924 0.746188
vt 0.648625 0.715813
vt 0.669201 0.716415
vt 0.668433 0.747500
vt 0.449754 0.266823
vt 0.470383 0.264610
vt 0.470383 0.376393
vt 0.449754 0.376393
vt 0.650729 0.624686
vt 0.651431 0.594310
vt 0.672272 0.592077
vt 0.671504 0.623162
vt 0.545376 0.739629
vt 0.545746 0.712799
vt 0.346612 0.281640
vt 0.346612 0.371487
vt 0.546858 0.632306
vt 0.547228 0.605476
vt 0.154666 0.261346
vt 0.154245 0.374077
vt 0.734232 0.686411
vt 0.733795 0.718010
vt 0.732486 0.812807
vt 0.332931 0.802403
vt 0.333312 0.770232
vt 0.349852 0.769639
vt 0.349446 0.801307
vt 0.299901 0.804595
vt 0.300233 0.771416
vt 0.316773 0.770824
vt 0.316416 0.803499
vt 0.266872 0.806787
vt 0.267154 0.772601
vt 0.283693 0.772009
vt 0.283386 0.805691
vt 0.233842 0.808980
vt 0.234075 0.773786
vt 0.250614 0.773193
vt 0.250357 0.807884
vt 0.216058 0.806593
vt 0.216409 0.772022
vt 0.366391 0.769047
vt 0.365961 0.800211
vt 0.198274 0.804206
vt 0.198743 0.770259
vt 0.334455 0.673718
vt 0.334836 0.641547
vt 0.351475 0.642970
vt 0.351069 0.674637
vt 0.301228 0.671880
vt 0.301560 0.638701
vt 0.318198 0.640124
vt 0.317842 0.672799
vt 0.268001 0.670041
vt 0.268283 0.635855
vt 0.284921 0.637278
vt 0.284614 0.670961
vt 0.234773 0.668203
vt 0.235006 0.633009
vt 0.251645 0.634432
vt 0.251387 0.669122
vt 0.217461 0.668309
vt 0.217812 0.633738
vt 0.200149 0.668415
vt 0.200618 0.634468
vt 0.368113 0.644392
vt 0.367683 0.675556
vt 0.349040 0.832975
vt 0.365531 0.831375
vt 0.283080 0.839374
vt 0.299570 0.837774
vt 0.316060 0.836174
vt 0.332550 0.834574
vt 0.250099 0.842574
vt 0.266589 0.840974
vt 0.735104 0.623213
vt 0.734668 0.654812
vt 0.723410 0.653714
vt 0.724079 0.621663
vt 0.669968 0.685331
vt 0.670736 0.654246
vt 0.691444 0.653431
vt 0.690610 0.685225
vt 0.628685 0.685543
vt 0.629320 0.655877
vt 0.650028 0.655061
vt 0.649327 0.685437
vt 0.587401 0.685756
vt 0.587904 0.657507
vt 0.608612 0.656692
vt 0.608043 0.685649
vt 0.546117 0.685968
vt 0.546487 0.659137
vt 0.567195 0.658322
vt 0.566759 0.685862
vt 0.712152 0.652616
vt 0.733359 0.749609
vt 0.732922 0.781208
vt 0.720737 0.781917
vt 0.721406 0.749866
vt 0.666898 0.809669
vt 0.667665 0.778585
vt 0.688109 0.780605
vt 0.687275 0.812399
vt 0.626143 0.804210
vt 0.626779 0.774543
vt 0.647222 0.776564
vt 0.646520 0.806939
vt 0.585389 0.798750
vt 0.585892 0.770502
vt 0.606335 0.772522
vt 0.605766 0.801480
vt 0.544634 0.793291
vt 0.545005 0.766460
vt 0.565449 0.768481
vt 0.565012 0.796021
vt 0.708552 0.782626
vt 0.686441 0.844193
vt 0.605197 0.830438
vt 0.625508 0.833877
vt 0.564575 0.823560
vt 0.584886 0.826999
vt 0.645819 0.837315
vt 0.666130 0.840754
vt 0.544264 0.820122
vt 0.527402 0.697033
vt 0.544779 0.697227
vt 0.562157 0.697422
vt 0.579535 0.697617
vt 0.579453 0.722167
vt 0.578532 0.697606
vt 0.561280 0.697412
vt 0.509604 0.672282
vt 0.578614 0.673056
vt 0.544027 0.697219
vt 0.526775 0.697026
vt 0.509523 0.696832
vt 0.492270 0.696639
vt 0.475018 0.696445
vt 0.457766 0.696252
vt 0.440595 0.671508
vt 0.236521 0.116907
vt 0.280290 0.216319
vt 0.259292 0.219423
vt 0.300186 0.211542
vt 0.318789 0.205220
vt 0.335907 0.197480
vt 0.351349 0.188450
vt 0.364923 0.178255
vt 0.376437 0.167024
vt 0.385700 0.154883
vt 0.392519 0.141959
vt 0.396703 0.128379
vt 0.398061 0.114271
vt 0.396469 0.100210
vt 0.392059 0.086771
vt 0.385027 0.074073
vt 0.375564 0.062237
vt 0.363866 0.051385
vt 0.350126 0.041636
vt 0.334538 0.033112
vt 0.317296 0.025933
vt 0.298592 0.020220
vt 0.278622 0.016094
vt 0.257579 0.013676
vt 0.235656 0.013085
vt 0.213750 0.014391
vt 0.192752 0.017496
vt 0.172857 0.022272
vt 0.154254 0.028594
vt 0.137135 0.036334
vt 0.121693 0.045364
vt 0.108119 0.055559
vt 0.096605 0.066790
vt 0.087343 0.078931
vt 0.080523 0.091855
vt 0.076339 0.105435
vt 0.074981 0.119544
vt 0.076574 0.133604
vt 0.080983 0.147044
vt 0.088016 0.159742
vt 0.097478 0.171577
vt 0.109176 0.182430
vt 0.122916 0.192178
vt 0.138504 0.200703
vt 0.155747 0.207881
vt 0.174450 0.213594
vt 0.194420 0.217720
vt 0.215463 0.220139
vt 0.237386 0.220729
vt 0.652950 0.506353
vt 0.652961 0.454882
vt 0.689726 0.454897
vt 0.689715 0.506369
vt 0.358829 0.506230
vt 0.358840 0.454759
vt 0.395605 0.454774
vt 0.395594 0.506245
vt 0.358741 0.918000
vt 0.358752 0.866528
vt 0.395517 0.866544
vt 0.395506 0.918015
vt 0.652862 0.918123
vt 0.652873 0.866651
vt 0.689638 0.866667
vt 0.689627 0.918138
vt 0.358785 0.712115
vt 0.358796 0.660644
vt 0.395561 0.660659
vt 0.395550 0.712130
vt 0.652906 0.712238
vt 0.652917 0.660767
vt 0.689682 0.660782
vt 0.689671 0.712253
vt 0.652807 1.175479
vt 0.652829 1.072536
vt 0.689594 1.072552
vt 0.689572 1.175494
vt 0.358686 1.175356
vt 0.358708 1.072413
vt 0.395473 1.072429
vt 0.395451 1.175371
vt 0.358807 0.609172
vt 0.358818 0.557701
vt 0.395583 0.557716
vt 0.395572 0.609188
vt 0.652928 0.609295
vt 0.652939 0.557824
vt 0.689704 0.557840
vt 0.689693 0.609311
vt 0.652884 0.815180
vt 0.652895 0.763709
vt 0.689660 0.763724
vt 0.689649 0.815196
vt 0.358763 0.815057
vt 0.358774 0.763586
vt 0.395539 0.763601
vt 0.395528 0.815073
vt 0.652840 1.021065
vt 0.652851 0.969594
vt 0.689616 0.969609
vt 0.689605 1.021080
vt 0.358719 1.020942
vt 0.358730 0.969471
vt 0.395495 0.969486
vt 0.395484 1.020957
vt 0.358664 1.278298
vt 0.395429 1.278313
vt 0.652785 1.278421
vt 0.689550 1.278436
vt 0.505768 1.072475
vt 0.505780 1.021004
vt 0.542545 1.021019
vt 0.542534 1.072490
vt 0.505790 0.969532
vt 0.505801 0.918061
vt 0.542567 0.918077
vt 0.542556 0.969548
vt 0.505812 0.866590
vt 0.505823 0.815119
vt 0.542589 0.815134
vt 0.542578 0.866605
vt 0.505834 0.763648
vt 0.505845 0.712176
vt 0.542611 0.712192
vt 0.542600 0.763663
vt 0.505856 0.660705
vt 0.505867 0.609234
vt 0.542633 0.609249
vt 0.542622 0.660721
vt 0.505878 0.557763
vt 0.505889 0.506292
vt 0.542655 0.506307
vt 0.542644 0.557778
vt 0.505724 1.278360
vt 0.505746 1.175417
vt 0.542512 1.175432
vt 0.542490 1.278375
vt 0.505900 0.454820
vt 0.542665 0.454836
vt 0.211647 1.072352
vt 0.211658 1.020880
vt 0.248423 1.020896
vt 0.248412 1.072367
vt 0.211669 0.969409
vt 0.211680 0.917938
vt 0.248445 0.917953
vt 0.248434 0.969425
vt 0.211691 0.866467
vt 0.211702 0.814996
vt 0.248467 0.815011
vt 0.248456 0.866482
vt 0.211713 0.763524
vt 0.211724 0.712053
vt 0.248489 0.712069
vt 0.248478 0.763540
vt 0.211735 0.660582
vt 0.211746 0.609111
vt 0.248511 0.609126
vt 0.248500 0.660597
vt 0.211757 0.557639
vt 0.211768 0.506168
vt 0.248533 0.506184
vt 0.248522 0.557655
vt 0.211603 1.278237
vt 0.211625 1.175294
vt 0.248390 1.175309
vt 0.248368 1.278252
vt 0.211779 0.454697
vt 0.248544 0.454713
vt 0.579299 1.072505
vt 0.579310 1.021034
vt 0.616075 1.021050
vt 0.616064 1.072521
vt 0.579321 0.969563
vt 0.579332 0.918092
vt 0.616097 0.918107
vt 0.616086 0.969579
vt 0.579343 0.866621
vt 0.579354 0.815150
vt 0.616119 0.815165
vt 0.616108 0.866636
vt 0.579365 0.763678
vt 0.579376 0.712207
vt 0.616141 0.712222
vt 0.616130 0.763694
vt 0.579387 0.660736
vt 0.579398 0.609265
vt 0.616163 0.609280
vt 0.616152 0.660751
vt 0.579409 0.557793
vt 0.579420 0.506322
vt 0.616185 0.506338
vt 0.616174 0.557809
vt 0.579255 1.278390
vt 0.579277 1.175448
vt 0.616042 1.175463
vt 0.616020 1.278406
vt 0.579431 0.454851
vt 0.616196 0.454866
vt 0.432359 0.506261
vt 0.432370 0.454789
vt 0.469135 0.454805
vt 0.469124 0.506276
vt 0.432271 0.918030
vt 0.432282 0.866559
vt 0.469047 0.866575
vt 0.469036 0.918046
vt 0.432315 0.712146
vt 0.432326 0.660674
vt 0.469091 0.660690
vt 0.469080 0.712161
vt 0.432216 1.175386
vt 0.432238 1.072444
vt 0.469003 1.072459
vt 0.468981 1.175402
vt 0.432337 0.609203
vt 0.432348 0.557732
vt 0.469113 0.557747
vt 0.469102 0.609218
vt 0.432293 0.815088
vt 0.432304 0.763617
vt 0.469069 0.763632
vt 0.469058 0.815103
vt 0.432249 1.020973
vt 0.432260 0.969502
vt 0.469025 0.969517
vt 0.469014 1.020988
vt 0.432194 1.278329
vt 0.468959 1.278344
vt 0.284371 1.072382
vt 0.284382 1.020911
vt 0.321954 1.020926
vt 0.321943 1.072398
vt 0.284393 0.969440
vt 0.284404 0.917969
vt 0.321976 0.917984
vt 0.321965 0.969455
vt 0.284415 0.866497
vt 0.284426 0.815026
vt 0.321998 0.815042
vt 0.321987 0.866513
vt 0.284437 0.763555
vt 0.284447 0.712084
vt 0.322020 0.712099
vt 0.322009 0.763571
vt 0.284459 0.660612
vt 0.284469 0.609141
vt 0.322042 0.609157
vt 0.322031 0.660628
vt 0.284481 0.557670
vt 0.284491 0.506199
vt 0.322064 0.506214
vt 0.322053 0.557686
vt 0.284327 1.278267
vt 0.284349 1.175324
vt 0.321921 1.175340
vt 0.321899 1.278283
vt 0.284502 0.454728
vt 0.322075 0.454743
vt 0.138238 0.506137
vt 0.138249 0.454666
vt 0.175014 0.454682
vt 0.175003 0.506153
vt 0.138150 0.917907
vt 0.138161 0.866436
vt 0.174926 0.866452
vt 0.174915 0.917923
vt 0.138194 0.712022
vt 0.138205 0.660551
vt 0.174970 0.660567
vt 0.174959 0.712038
vt 0.138095 1.175263
vt 0.138117 1.072321
vt 0.174882 1.072336
vt 0.174860 1.175279
vt 0.138216 0.609080
vt 0.138227 0.557609
vt 0.174992 0.557624
vt 0.174981 0.609095
vt 0.138172 0.814965
vt 0.138183 0.763494
vt 0.174948 0.763509
vt 0.174937 0.814980
vt 0.138128 1.020850
vt 0.138139 0.969378
vt 0.174904 0.969394
vt 0.174893 1.020865
vt 0.138073 1.278206
vt 0.174838 1.278221
vt 0.101352 1.072305
vt 0.101363 1.020834
vt 0.101374 0.969363
vt 0.101385 0.917892
vt 0.101396 0.866421
vt 0.101407 0.814949
vt 0.101418 0.763478
vt 0.101429 0.712007
vt 0.101440 0.660536
vt 0.101451 0.609065
vt 0.101462 0.557593
vt 0.101473 0.506122
vt 0.101308 1.278190
vt 0.101330 1.175248
vt 0.101484 0.454651
vt 0.094051 0.532427
vt 0.012533 0.532218
vt 0.012921 0.436932
vt 0.094432 0.437151
vt 0.579149 1.107251
vt 0.660537 1.107534
vt 0.659995 1.203004
vt 0.578601 1.202731
vt 0.294301 1.106270
vt 0.334986 1.106400
vt 0.334418 1.201913
vt 0.293736 1.201777
vt 0.379392 0.533080
vt 0.338603 0.533052
vt 0.338965 0.437809
vt 0.379757 0.437831
vt 0.296562 0.724239
vt 0.337260 0.724348
vt 0.336691 0.819861
vt 0.295997 0.819747
vt 0.581344 0.725329
vt 0.662705 0.725657
vt 0.662163 0.821126
vt 0.580795 0.820810
vt 0.377933 0.914073
vt 0.337157 0.914024
vt 0.337519 0.818781
vt 0.378298 0.818825
vt 0.092526 0.913530
vt 0.010982 0.913365
vt 0.011370 0.818079
vt 0.092907 0.818254
vt 0.378663 0.723576
vt 0.337880 0.723538
vt 0.338242 0.628295
vt 0.379027 0.628328
vt 0.093288 0.722978
vt 0.011758 0.722792
vt 0.012145 0.627505
vt 0.093669 0.627703
vt 0.091763 1.104081
vt 0.010206 1.103939
vt 0.010594 1.008652
vt 0.092144 1.008806
vt 0.377203 1.104570
vt 0.336434 1.104510
vt 0.336795 1.009267
vt 0.377568 1.009322
vt 0.582441 0.534369
vt 0.663789 0.534718
vt 0.663247 0.630187
vt 0.581892 0.629849
vt 0.297692 0.533224
vt 0.338396 0.533322
vt 0.337828 0.628835
vt 0.297127 0.628731
vt 0.295431 0.915254
vt 0.336123 0.915374
vt 0.335554 1.010887
vt 0.294866 1.010762
vt 0.580247 0.916290
vt 0.661621 0.916595
vt 0.661079 1.012065
vt 0.579698 1.011770
vt 0.417497 0.915679
vt 0.498872 0.915985
vt 0.498317 1.011476
vt 0.416936 1.011182
vt 0.419744 0.533671
vt 0.501093 0.534020
vt 0.500538 0.629511
vt 0.419183 0.629173
vt 0.254877 1.104367
vt 0.173320 1.104224
vt 0.173695 1.008959
vt 0.255245 1.009113
vt 0.256349 0.723351
vt 0.174819 0.723165
vt 0.175194 0.627900
vt 0.256718 0.628097
vt 0.255613 0.913859
vt 0.174069 0.913695
vt 0.174444 0.818430
vt 0.255981 0.818605
vt 0.418621 0.724675
vt 0.499982 0.725002
vt 0.499427 0.820494
vt 0.418059 0.820177
vt 0.416374 1.106684
vt 0.497762 1.106967
vt 0.497206 1.202459
vt 0.415812 1.202186
vt 0.257086 0.532843
vt 0.175568 0.532635
vt 0.175943 0.437370
vt 0.257454 0.437590
vt 0.132588 0.914775
vt 0.173295 0.914895
vt 0.172740 1.010386
vt 0.132036 1.010260
vt 0.134795 0.532831
vt 0.175515 0.532929
vt 0.174960 0.628421
vt 0.134243 0.628317
vt 0.540359 1.104812
vt 0.499574 1.104752
vt 0.499949 1.009487
vt 0.540737 1.009542
vt 0.541871 0.723731
vt 0.501073 0.723692
vt 0.501448 0.628428
vt 0.542249 0.628461
vt 0.541115 0.914272
vt 0.500324 0.914222
vt 0.500698 0.818957
vt 0.541493 0.819001
vt 0.133691 0.723803
vt 0.174405 0.723912
vt 0.173850 0.819403
vt 0.133140 0.819289
vt 0.542627 0.533191
vt 0.501822 0.533163
vt 0.502197 0.437898
vt 0.543005 0.437920
vt 0.131484 1.105746
vt 0.172184 1.105877
vt 0.171629 1.201368
vt 0.130932 1.201232
vt 0.050083 1.105485
vt 0.090783 1.105615
vt 0.090235 1.201096
vt 0.049538 1.200960
vt 0.624237 0.533246
vt 0.583432 0.533218
vt 0.583813 0.437943
vt 0.624621 0.437965
vt 0.052264 0.723585
vt 0.092978 0.723694
vt 0.092429 0.819174
vt 0.051719 0.819060
vt 0.622699 0.914371
vt 0.581907 0.914321
vt 0.582288 0.819046
vt 0.623083 0.819090
vt 0.623468 0.723809
vt 0.582669 0.723770
vt 0.583051 0.628494
vt 0.623852 0.628527
vt 0.621929 1.104933
vt 0.581144 1.104873
vt 0.581526 1.009597
vt 0.622314 1.009652
vt 0.053355 0.532635
vt 0.094075 0.532733
vt 0.093526 0.628214
vt 0.052809 0.628110
vt 0.051174 0.914535
vt 0.091881 0.914655
vt 0.091332 1.010135
vt 0.050628 1.010010
vt 0.214002 0.915014
vt 0.254709 0.915134
vt 0.254147 1.010637
vt 0.213443 1.010511
vt 0.216236 0.533028
vt 0.256956 0.533126
vt 0.256394 0.628628
vt 0.215677 0.628524
vt 0.458789 1.104691
vt 0.418004 1.104631
vt 0.418372 1.009377
vt 0.459161 1.009432
vt 0.460275 0.723654
vt 0.419477 0.723615
vt 0.419845 0.628361
vt 0.460646 0.628394
vt 0.459532 0.914173
vt 0.418740 0.914123
vt 0.419108 0.818869
vt 0.459903 0.818913
vt 0.215119 0.724021
vt 0.255832 0.724130
vt 0.255271 0.819632
vt 0.214560 0.819518
vt 0.461018 0.533135
vt 0.420213 0.533107
vt 0.420581 0.437853
vt 0.461389 0.437876
vt 0.212885 1.106008
vt 0.253585 1.106139
vt 0.253023 1.201641
vt 0.212326 1.201505
vt 0.297844 0.532948
vt 0.298209 0.437699
vt 0.375680 1.106542
vt 0.375115 1.202050
vt 0.377940 0.724512
vt 0.377375 0.820019
vt 0.296385 0.913942
vt 0.296750 0.818693
vt 0.297115 0.723445
vt 0.297480 0.628196
vt 0.295655 1.104438
vt 0.296020 1.009190
vt 0.379070 0.533496
vt 0.378505 0.629004
vt 0.376810 0.915527
vt 0.376245 1.011034
vt 0.501648 0.438529
vt 0.582990 0.438888
vt 0.379635 0.437989
vt 0.420306 0.438169
vt 0.216794 0.437531
vt 0.257518 0.437623
vt 0.053900 0.437160
vt 0.094624 0.437253
vt 0.135347 0.437346
vt 0.176071 0.437438
vt 0.298257 0.437716
vt 0.664331 0.439248
vt 0.172945 1.199489
vt 0.091382 1.199357
vt 0.295291 1.199687
vt 0.254509 1.199621
vt 0.458418 1.199951
vt 0.417636 1.199885
vt 0.621545 1.200215
vt 0.580763 1.200149
vt 0.539981 1.200083
vt 0.499199 1.200017
vt 0.376838 1.199819
vt 0.336072 1.199753
vt 0.009818 1.199225
vt 0.662327 1.200281
vt 0.662714 1.104994
vt 0.663102 1.009707
vt 0.663490 0.914421
vt 0.663878 0.819134
vt 0.664266 0.723847
vt 0.664654 0.628561
vt 0.665042 0.533274
vt 0.013177 0.437068
vt 0.012635 0.532537
vt 0.012093 0.628007
vt 0.011551 0.723476
vt 0.011009 0.818945
vt 0.010467 0.914415
vt 0.009925 1.009884
vt 0.009383 1.105354
vt 0.665430 0.437987
vt 0.008841 1.200823
s 1
f 572/1/1 493/2/2 10/3/3 564/4/4
f 294/5/5 454/6/6 433/7/7 293/8/8
f 451/9/9 450/10/10 447/11/11 448/12/12
f 671/13/13 535/14/14 307/15/15 663/16/16
f 431/17/17 405/18/18 31/19/19 423/20/20
f 410/21/21 367/22/22 37/23/22 406/24/23
f 1/25/24 12/26/25 51/27/25 40/28/26
f 423/29/27 31/30/28 68/31/29 425/32/27
f 3/33/30 8/34/30 47/35/30 42/36/30
f 2/37/31 15/38/32 54/39/33 41/40/34
f 14/41/35 1/25/24 40/28/26 53/42/36
f 17/43/37 19/44/38 58/45/38 56/46/37
f 18/47/38 20/48/38 59/49/38 57/50/38
f 19/44/38 18/47/38 57/50/38 58/45/38
f 25/51/30 26/52/30 65/53/30 64/54/30
f 20/48/38 16/55/39 55/56/39 59/49/38
f 26/52/30 27/57/30 66/58/30 65/53/30
f 6/59/30 3/33/30 42/36/30 45/60/30
f 15/38/32 17/43/37 56/46/37 54/39/33
f 406/61/40 37/62/40 72/63/40 407/64/40
f 16/55/39 14/41/35 53/42/36 55/56/39
f 12/26/25 7/65/41 46/66/41 51/27/25
f 388/67/40 38/68/40 73/69/40 389/70/40
f 13/71/42 2/37/31 41/40/34 52/72/43
f 376/73/30 32/74/29 69/75/28 377/76/30
f 9/77/44 13/71/42 52/72/43 48/78/45
f 75/79/46 86/80/46 94/81/47 77/82/47
f 77/82/47 94/81/47 93/83/48 78/84/48
f 78/84/48 93/83/48 92/85/49 79/86/49
f 79/86/49 92/85/49 91/87/50 80/88/50
f 80/88/50 91/87/50 90/89/51 81/90/51
f 81/90/51 90/89/51 89/91/52 82/92/52
f 82/92/52 89/91/52 88/93/53 83/94/53
f 83/94/53 88/93/53 87/95/54 84/96/54
f 84/96/54 87/95/54 85/97/55 76/98/55
f 30/99/38 76/98/55 85/97/55 67/100/38
f 75/79/46 34/101/40 70/102/40 86/80/46
f 95/103/56 107/104/57 115/105/58 98/106/59
f 98/106/59 115/105/58 114/107/60 99/108/61
f 99/108/61 114/107/60 113/109/62 100/110/63
f 100/110/63 113/109/62 112/111/64 101/112/65
f 101/112/65 112/111/64 111/113/66 102/114/67
f 102/114/67 111/113/66 110/115/68 103/116/69
f 103/116/69 110/115/68 109/117/70 104/118/71
f 104/118/71 109/117/70 108/119/72 105/120/73
f 105/120/73 108/119/72 106/121/74 96/122/75
f 452/123/76 449/124/77 447/11/11 450/10/10
f 95/125/56 30/99/38 67/100/38 107/126/57
f 479/127/78 96/128/75 106/129/74 480/130/78
f 125/131/79 117/132/79 124/133/80 127/134/80
f 127/134/80 124/133/80 123/135/81 128/136/81
f 128/136/81 123/135/81 122/137/82 129/138/82
f 129/138/82 122/137/82 121/139/83 130/140/83
f 130/140/83 121/139/83 120/141/84 131/142/84
f 131/142/84 120/141/84 119/143/85 132/144/85
f 132/144/85 119/143/85 118/145/86 133/146/86
f 133/146/86 118/145/86 116/147/87 126/148/87
f 116/149/87 6/59/30 45/60/30 126/150/87
f 36/151/88 117/132/79 125/131/79 71/152/88
f 141/153/89 135/154/89 140/155/90 143/156/90
f 143/156/90 140/155/90 139/157/91 144/158/91
f 144/158/91 139/157/91 138/159/92 145/160/92
f 145/160/92 138/159/92 137/161/93 146/162/93
f 146/162/93 137/161/93 136/163/94 147/164/94
f 147/164/94 136/163/94 134/165/95 142/166/95
f 134/165/95 36/151/88 71/152/88 142/166/95
f 31/167/28 135/154/89 141/153/89 68/168/29
f 148/169/96 160/170/96 169/171/97 150/172/97
f 150/172/97 169/171/97 168/173/98 151/174/98
f 151/174/98 168/173/98 167/175/99 152/176/99
f 152/176/99 167/175/99 166/177/100 153/178/100
f 153/178/100 166/177/100 165/179/101 154/180/101
f 154/180/101 165/179/101 164/181/102 155/182/102
f 155/182/102 164/181/102 163/183/103 156/184/103
f 156/184/103 163/183/103 162/185/104 157/186/104
f 157/186/104 162/185/104 161/187/105 158/188/105
f 158/188/105 161/187/105 159/189/106 149/190/106
f 148/169/96 22/191/88 61/192/88 160/170/96
f 24/193/38 149/190/106 159/189/106 63/194/38
f 170/195/107 180/196/107 187/197/108 172/198/108
f 172/198/108 187/197/108 186/199/109 173/200/109
f 173/200/109 186/199/109 185/201/110 174/202/110
f 174/202/110 185/201/110 184/203/111 175/204/111
f 175/204/111 184/203/111 183/205/112 176/206/112
f 176/206/112 183/205/112 182/207/113 177/208/113
f 177/208/113 182/207/113 181/209/114 178/210/114
f 178/210/114 181/209/114 179/211/115 171/212/115
f 22/191/88 171/212/115 179/211/115 61/192/88
f 170/195/107 21/213/38 60/214/38 180/196/107
f 199/215/116 189/216/116 198/217/117 201/218/117
f 201/218/117 198/217/117 197/219/118 202/220/118
f 202/220/118 197/219/118 196/221/119 203/222/119
f 203/222/119 196/221/119 195/223/120 204/224/120
f 204/224/120 195/223/120 194/225/121 205/226/121
f 205/226/121 194/225/121 193/227/122 206/228/122
f 206/228/122 193/227/122 192/229/123 207/230/123
f 207/230/123 192/229/123 191/231/124 208/232/124
f 208/232/124 191/231/124 190/233/125 209/234/125
f 209/234/125 190/233/125 188/235/126 200/236/126
f 188/235/126 23/237/30 62/238/30 200/236/126
f 8/34/40 189/216/116 199/215/116 47/35/40
f 210/239/127 224/240/127 235/241/128 212/242/128
f 212/242/128 235/241/128 234/243/129 213/244/129
f 213/244/129 234/243/129 233/245/130 214/246/130
f 214/246/130 233/245/130 232/247/131 215/248/131
f 215/248/131 232/247/131 231/249/132 216/250/132
f 216/250/132 231/249/132 230/251/133 217/252/133
f 217/252/133 230/251/133 229/253/134 218/254/134
f 218/254/134 229/253/134 228/255/135 219/256/135
f 219/256/135 228/255/135 227/257/136 220/258/136
f 220/258/136 227/257/136 226/259/137 221/260/137
f 221/260/137 226/259/137 225/261/138 222/262/138
f 222/262/138 225/261/138 223/263/139 211/264/139
f 23/237/30 211/264/139 223/263/139 62/238/30
f 210/239/127 25/265/40 64/266/40 224/240/127
f 246/267/140 237/268/141 245/269/142 248/270/143
f 248/270/143 245/269/142 244/271/144 249/272/145
f 249/272/145 244/271/144 243/273/146 250/274/147
f 250/274/147 243/273/146 242/275/148 251/276/149
f 251/276/149 242/275/148 241/277/150 252/278/151
f 252/278/151 241/277/150 240/279/152 253/280/153
f 253/280/153 240/279/152 239/281/154 254/282/155
f 254/282/155 239/281/154 236/283/156 247/284/157
f 495/285/158 11/286/159 50/287/160 497/288/158
f 21/213/38 237/289/141 246/290/140 60/214/38
f 255/291/161 266/292/161 274/293/162 257/294/162
f 257/294/162 274/293/162 273/295/163 258/296/163
f 258/296/163 273/295/163 272/297/164 259/298/164
f 259/298/164 272/297/164 271/299/165 260/300/165
f 260/300/165 271/299/165 270/301/166 261/302/166
f 261/302/166 270/301/166 269/303/167 262/304/167
f 262/304/167 269/303/167 268/305/168 263/306/168
f 263/306/168 268/305/168 267/307/169 264/308/169
f 264/308/169 267/307/169 265/309/170 256/310/170
f 284/311/171 275/312/171 256/310/170 265/309/170
f 255/313/161 24/193/38 63/194/38 266/314/161
f 283/315/172 276/316/172 282/317/173 285/318/173
f 285/318/173 282/317/173 281/319/174 286/320/174
f 286/320/174 281/319/174 280/321/175 287/322/175
f 287/322/175 280/321/175 279/323/176 288/324/176
f 288/324/176 279/323/176 278/325/177 289/326/177
f 289/326/177 278/325/177 277/327/178 290/328/178
f 290/328/178 277/327/178 275/312/179 284/311/179
f 275/329/22 28/330/22 284/331/22
f 27/57/30 276/316/172 283/315/172 66/58/30
f 291/332/180 300/333/181 306/334/182 293/335/183
f 293/335/183 306/334/182 305/336/184 294/337/185
f 294/337/185 305/336/184 304/338/186 295/339/187
f 295/339/187 304/338/186 303/340/188 296/341/189
f 296/341/189 303/340/188 302/342/190 297/343/191
f 297/343/191 302/342/190 301/344/192 298/345/193
f 298/345/193 301/344/192 299/346/194 292/347/195
f 429/348/196 390/349/197 35/350/198 424/351/199
f 395/352/200 391/353/201 33/354/202 375/355/203
f 371/356/38 39/357/38 74/358/38 372/359/38
f 34/101/40 292/347/195 299/346/194 70/102/40
f 307/15/15 310/360/204 309/361/205 537/362/206
f 310/360/204 311/363/207 309/361/205
f 311/363/207 312/364/208 309/361/205
f 312/364/208 313/365/209 309/361/205
f 313/365/209 314/366/210 309/361/205
f 314/366/210 308/367/211 309/361/205
f 315/368/212 308/369/213 314/370/214 317/371/215
f 317/371/215 314/370/214 313/372/216 318/373/217
f 318/373/217 313/372/216 312/374/218 319/375/219
f 319/375/219 312/374/218 311/376/220 320/377/221
f 320/377/221 311/376/220 310/378/222 321/379/223
f 321/379/223 310/378/222 307/380/224 316/381/225
f 7/65/41 308/382/213 315/383/212 46/66/41
f 517/384/226 4/385/227 43/386/228 519/387/226
f 638/388/229 538/389/230 323/390/231 629/391/232
f 322/392/233 325/393/234 324/394/235
f 325/393/234 326/395/236 324/394/235
f 326/395/236 327/396/237 324/394/235
f 327/396/237 328/397/238 324/394/235
f 328/397/238 329/398/239 324/394/235
f 329/398/239 323/390/231 538/389/230 324/394/235
f 330/399/240 323/400/241 329/401/242 332/402/243
f 332/402/243 329/401/242 328/403/244 333/404/245
f 333/404/245 328/403/244 327/405/246 334/406/247
f 334/406/247 327/405/246 326/407/248 335/408/249
f 335/408/249 326/407/248 325/409/250 336/410/251
f 336/410/251 325/409/250 322/411/252 331/412/253
f 533/413/254 323/414/241 330/415/240 536/416/254
f 562/417/255 565/418/256 97/419/257 475/420/258
f 322/421/252 9/77/44 48/78/45 331/422/253
f 245/423/259 237/424/259 238/425/260
f 244/426/259 245/427/259 238/428/260
f 243/429/259 244/426/259 238/428/260
f 242/430/259 243/429/259 238/428/260
f 241/431/259 242/430/259 238/428/260
f 240/432/259 241/431/259 238/428/260
f 239/433/261 240/432/259 238/428/260
f 236/434/262 239/433/261 238/428/260 476/435/263
f 105/436/264 96/437/265 475/420/258 97/419/257
f 104/438/266 105/436/264 97/419/257
f 103/439/267 104/438/266 97/419/257
f 102/440/268 103/439/267 97/419/257
f 101/441/269 102/440/268 97/419/257
f 101/441/269 97/419/257 99/442/270
f 98/443/271 99/442/270 97/419/257
f 98/444/271 97/445/257 95/446/272
f 10/447/273 49/448/274 343/449/275 339/450/275
f 650/451/276 501/452/277 606/453/278
f 50/454/160 11/455/159 340/456/279 344/457/279
f 5/458/280 44/459/281 342/460/279 338/461/279
f 43/462/228 4/463/227 337/464/275 341/465/275
f 4/466/282 662/467/283 501/452/277 337/468/284
f 338/461/279 342/460/279 344/457/279 340/456/279
f 341/465/275 337/464/275 339/450/275 343/449/275
f 685/469/285 686/470/286 338/471/287 684/472/288
f 687/473/289 688/474/290 338/471/287 686/470/286
f 689/475/291 690/476/292 338/471/287 688/474/290
f 691/477/293 692/478/294 338/471/287 690/476/292
f 693/479/295 694/480/296 338/471/287 692/478/294
f 695/481/297 696/482/298 338/471/287 694/480/296
f 338/471/287 696/482/298 337/483/284 501/484/277
f 697/485/299 698/486/300 337/483/284 696/482/298
f 699/487/301 700/488/302 337/483/284 698/486/300
f 701/489/303 702/490/304 337/483/284 700/488/302
f 703/491/305 704/492/306 337/483/284 702/490/304
f 705/493/307 706/494/308 337/483/284 704/492/306
f 707/495/309 708/496/310 337/483/284 706/494/308
f 339/497/311 337/483/284 708/496/310
f 709/498/312 710/499/313 339/497/311 708/496/310
f 711/500/314 712/501/315 339/497/311 710/499/313
f 713/502/316 714/503/317 339/497/311 712/501/315
f 715/504/318 716/505/319 339/497/311 714/503/317
f 717/506/320 718/507/321 339/497/311 716/505/319
f 719/508/322 720/509/323 339/497/311 718/507/321
f 340/510/324 459/511/325 339/497/311 720/509/323
f 673/512/326 674/513/327 340/510/324 720/509/323
f 675/514/328 676/515/329 340/510/324 674/513/327
f 677/516/330 678/517/331 340/510/324 676/515/329
f 679/518/332 680/519/333 340/510/324 678/517/331
f 681/520/334 682/521/335 340/510/324 680/519/333
f 683/522/336 684/472/288 340/510/324 682/521/335
f 338/471/287 340/510/324 684/472/288
f 403/523/337 399/524/338 348/525/339 378/526/340
f 430/527/341 396/528/342 347/529/343 426/530/344
f 397/531/40 346/532/40 345/533/40 398/534/40
f 382/535/40 351/536/40 352/537/40 383/538/40
f 386/539/345 370/540/346 351/541/347 382/542/348
f 428/543/349 381/544/350 350/545/351 427/546/352
f 419/547/353 384/548/354 358/549/355 418/550/356
f 421/551/357 400/552/358 357/553/359 417/554/360
f 420/555/361 392/556/362 354/557/363 415/558/364
f 414/559/27 353/560/27 355/561/27 416/562/27
f 422/563/365 408/564/366 353/565/367 414/566/368
f 387/567/369 379/568/370 365/569/371 385/570/372
f 402/571/373 401/572/374 364/573/375 369/574/376
f 373/575/38 362/576/38 363/577/38 374/578/38
f 394/579/377 393/580/378 359/581/379 366/582/380
f 367/583/30 360/584/30 361/585/30 368/586/30
f 411/587/381 376/588/382 360/589/383 409/590/384
f 37/62/30 367/583/30 368/586/30 72/63/30
f 388/591/385 394/579/377 366/582/380 38/592/386
f 397/593/22 402/571/373 369/574/376 346/594/387
f 385/570/372 365/569/371 370/540/346 386/539/345
f 362/576/38 371/356/38 372/359/38 363/577/38
f 409/590/384 360/589/383 367/22/22 410/21/21
f 404/595/388 32/596/389 376/588/382 411/587/381
f 291/597/180 373/575/38 374/578/38 300/598/181
f 380/599/390 349/600/391 379/568/370 387/567/369
f 401/572/374 403/523/337 378/526/340 364/573/375
f 393/580/378 395/352/200 375/355/203 359/581/379
f 360/584/30 376/73/30 377/76/30 361/585/30
f 33/354/202 380/599/390 387/567/369 375/355/203
f 359/581/379 385/570/372 386/539/345 366/582/380
f 375/355/203 387/567/369 385/570/372 359/581/379
f 415/558/364 354/557/363 384/548/354 419/547/353
f 424/351/199 35/350/198 381/544/350 428/543/349
f 366/582/380 386/539/345 382/542/348 38/592/386
f 38/68/40 382/535/40 383/538/40 73/69/40
f 364/573/375 378/526/340 395/352/200 393/580/378
f 346/594/387 369/574/376 394/579/377 388/591/385
f 369/574/376 364/573/375 393/580/378 394/579/377
f 417/554/360 357/553/359 392/556/362 420/555/361
f 378/526/340 348/525/339 391/353/201 395/352/200
f 426/530/344 347/529/343 390/349/197 429/348/196
f 346/532/40 388/67/40 389/70/40 345/533/40
f 362/601/392 373/602/393 403/523/337 401/572/374
f 39/603/22 371/604/394 402/571/373 397/593/22
f 371/604/394 362/601/392 401/572/374 402/571/373
f 400/552/358 421/551/357 412/605/395 356/606/396
f 39/357/40 397/531/40 398/534/40 74/358/40
f 399/607/338 291/608/397 412/605/395 421/551/357
f 373/602/393 291/609/397 399/524/338 403/523/337
f 349/600/391 404/595/388 411/587/381 379/568/370
f 365/569/371 409/590/384 410/21/21 370/540/346
f 379/568/370 411/587/381 409/590/384 365/569/371
f 418/550/356 358/549/355 408/564/366 422/563/365
f 351/536/40 406/61/40 407/64/40 352/537/40
f 370/540/346 410/21/21 406/24/23 351/541/347
f 427/546/352 350/545/351 405/18/18 431/17/17
f 349/610/391 418/550/356 422/563/365 404/611/388
f 348/612/339 417/554/360 420/555/361 391/613/201
f 33/614/202 415/558/364 419/547/353 380/615/390
f 404/611/388 422/563/365 414/566/368 32/616/389
f 32/617/29 414/559/27 416/562/27 69/618/28
f 391/613/201 420/555/361 415/558/364 33/614/202
f 399/607/338 421/551/357 417/554/360 348/612/339
f 380/615/390 419/547/353 418/550/356 349/610/391
f 358/549/355 427/546/352 431/17/17 408/564/366
f 357/553/359 426/530/344 429/348/196 392/556/362
f 354/557/363 424/351/199 428/543/349 384/548/354
f 384/548/354 428/543/349 427/546/352 358/549/355
f 400/552/358 430/527/341 426/530/344 357/553/359
f 392/556/362 429/348/196 424/351/199 354/557/363
f 353/560/27 423/29/27 425/32/27 355/561/27
f 408/564/366 431/17/17 423/20/20 353/565/367
f 356/606/396 413/619/398 430/527/341 400/552/358
f 396/528/342 430/527/341 413/619/398 29/620/399
f 452/123/76 29/621/399 449/124/77
f 294/5/5 295/622/400 436/623/401 454/6/6
f 445/624/402 448/12/12 447/11/11 444/625/403
f 446/626/404 444/625/403 447/11/11 449/124/77
f 449/124/77 29/621/399 446/626/404
f 296/627/405 439/628/406 436/623/401 295/622/400
f 445/624/402 444/625/403 441/629/407 442/630/408
f 446/626/404 443/631/409 441/629/407 444/625/403
f 446/626/404 29/621/399 443/631/409
f 297/632/410 442/630/408 439/628/406 296/627/405
f 442/630/408 441/629/407 438/633/411 439/628/406
f 443/631/409 440/634/412 438/633/411 441/629/407
f 443/631/409 29/621/399 440/634/412
f 298/635/413 445/624/402 442/630/408 297/632/410
f 439/628/406 438/633/411 435/636/414 436/623/401
f 440/634/412 437/637/415 435/636/414 438/633/411
f 440/634/412 29/621/399 437/637/415
f 292/638/416 448/12/12 445/624/402 298/635/413
f 436/623/401 435/636/414 453/639/417 454/6/6
f 455/640/418 453/639/417 435/636/414 437/637/415
f 455/640/418 437/637/415 29/621/399
f 34/641/419 451/9/9 448/12/12 292/638/416
f 454/6/6 453/639/417 432/642/420 433/7/7
f 455/640/418 434/643/421 432/642/420 453/639/417
f 455/640/418 29/621/399 434/643/421
f 293/8/8 433/7/7 412/644/395 291/645/397
f 412/644/395 433/7/7 432/642/420 356/646/396
f 413/647/398 356/646/396 432/642/420 434/643/421
f 413/647/398 434/643/421 29/621/399
f 606/453/278 501/452/277 662/467/283
f 584/648/422 587/649/423 458/650/424 477/651/425
f 594/652/426 496/653/427 457/654/428 586/655/429
f 592/656/430 486/657/431 464/658/432 588/659/433
f 485/660/158 462/661/158 463/662/158 487/663/158
f 489/664/78 460/665/78 461/666/78 490/667/78
f 570/668/434 483/669/435 460/670/436 566/671/437
f 493/672/78 465/673/78 466/674/78 494/675/78
f 593/676/438 492/677/439 468/678/440 589/679/441
f 491/680/158 467/681/158 469/682/158 488/683/158
f 571/684/442 489/685/443 465/686/444 567/687/445
f 569/688/446 479/689/447 471/690/448 568/691/449
f 481/692/158 473/693/158 470/694/158 478/695/158
f 591/696/450 482/697/451 474/698/452 590/699/453
f 483/700/78 471/701/78 472/702/78 484/703/78
f 585/704/454 584/648/422 477/651/425 456/705/455
f 563/706/456 562/417/255 475/420/258 96/437/265
f 585/704/454 456/705/455 482/697/451 591/696/450
f 236/707/156 481/692/158 478/695/158 247/708/157
f 563/706/456 96/437/265 479/689/447 569/688/446
f 471/701/78 479/127/78 480/130/78 472/702/78
f 460/665/78 483/700/78 484/703/78 461/666/78
f 568/691/449 471/690/448 483/669/435 570/668/434
f 473/693/158 485/660/158 487/663/158 470/694/158
f 590/699/453 474/698/452 486/657/431 592/656/430
f 566/671/437 460/670/436 489/685/443 571/684/442
f 462/661/158 491/680/158 488/683/158 463/662/158
f 588/659/433 464/658/432 492/677/439 593/676/438
f 465/673/78 489/664/78 490/667/78 466/674/78
f 10/709/273 493/672/78 494/675/78 49/710/274
f 589/679/441 468/678/440 496/653/427 594/652/426
f 467/681/158 495/285/158 497/288/158 469/682/158
f 567/687/445 465/686/444 493/2/2 572/1/1
f 501/452/277 650/451/276 498/711/457
f 660/712/458 539/713/459 499/714/460 651/715/461
f 649/716/462 534/717/463 499/714/460 641/718/464
f 647/719/465 524/720/466 506/721/467 643/722/468
f 523/723/254 504/724/254 505/725/254 526/726/254
f 527/727/226 502/728/226 503/729/226 529/730/226
f 669/731/469 525/732/470 502/733/471 665/734/472
f 668/735/473 517/736/474 507/737/475 666/738/476
f 520/739/254 510/740/254 508/741/254 518/742/254
f 646/743/477 521/744/478 511/745/479 644/746/480
f 525/747/226 507/748/226 509/749/226 522/750/226
f 535/751/226 515/752/226 512/753/226 532/754/226
f 648/755/481 531/756/482 514/757/483 645/758/484
f 530/759/254 513/760/254 516/761/254 528/762/254
f 670/763/485 527/764/486 515/765/487 667/766/488
f 640/767/489 498/768/457 521/744/478 646/743/477
f 5/769/280 520/739/254 518/742/254 44/770/281
f 662/771/283 4/772/282 517/736/474 668/735/473
f 507/748/226 517/384/226 519/387/226 509/749/226
f 502/728/226 525/747/226 522/750/226 503/729/226
f 666/738/476 507/737/475 525/732/470 669/731/469
f 510/740/254 523/723/254 526/726/254 508/741/254
f 644/746/480 511/745/479 524/720/466 647/719/465
f 665/734/472 502/733/471 527/764/486 670/763/485
f 504/724/254 530/759/254 528/762/254 505/725/254
f 643/722/468 506/721/467 531/756/482 648/755/481
f 515/752/226 527/727/226 529/730/226 512/753/226
f 307/773/224 535/751/226 532/754/226 316/774/225
f 645/758/484 514/757/483 534/717/463 649/716/462
f 513/760/254 533/413/254 536/416/254 516/761/254
f 667/766/488 515/765/487 535/14/14 671/13/13
f 652/775/490 500/776/491 539/713/459 660/712/458
f 630/777/492 324/394/235 538/389/230 638/388/229
f 599/778/493 544/779/494 550/780/495 604/781/496
f 598/782/497 543/783/498 549/784/499 603/785/500
f 600/786/501 545/787/502 548/788/503 602/789/504
f 595/790/505 540/791/506 547/792/507 601/793/508
f 595/790/505 605/794/509 546/795/510 540/791/506
f 601/793/508 547/792/507 545/787/502 600/786/501
f 603/785/500 549/784/499 544/779/494 599/778/493
f 602/789/504 548/788/503 543/783/498 598/782/497
f 604/781/496 550/780/495 541/796/511 596/797/512
f 605/794/509 597/798/513 542/799/514 546/795/510
f 577/800/515 555/801/516 561/802/517 582/803/518
f 576/804/519 554/805/520 560/806/521 581/807/522
f 578/808/523 556/809/524 559/810/525 580/811/526
f 573/812/527 551/813/528 558/814/529 579/815/530
f 573/812/527 583/816/531 557/817/532 551/813/528
f 579/815/530 558/814/529 556/809/524 578/808/523
f 581/807/522 560/806/521 555/801/516 577/800/515
f 580/811/526 559/810/525 554/805/520 576/804/519
f 583/816/531 575/818/533 553/819/534 557/817/532
f 582/803/518 561/802/517 552/820/535 574/821/536
f 555/801/516 567/687/445 572/1/1 561/802/517
f 554/805/520 566/671/437 571/684/442 560/806/521
f 556/809/524 568/691/449 570/668/434 559/810/525
f 551/813/528 563/706/456 569/688/446 558/814/529
f 551/813/528 557/817/532 562/417/255 563/706/456
f 558/814/529 569/688/446 568/691/449 556/809/524
f 560/806/521 571/684/442 567/687/445 555/801/516
f 559/810/525 570/668/434 566/671/437 554/805/520
f 557/817/532 553/819/534 565/418/256 562/417/255
f 561/802/517 572/1/1 564/4/4 552/820/535
f 496/653/427 582/803/518 574/821/536 457/654/428
f 477/651/425 458/650/424 575/818/533 583/816/531
f 486/657/431 580/811/526 576/804/519 464/658/432
f 492/677/439 581/807/522 577/800/515 468/678/440
f 482/697/451 579/815/530 578/808/523 474/698/452
f 456/705/455 477/651/425 583/816/531 573/812/527
f 456/705/455 573/812/527 579/815/530 482/697/451
f 474/698/452 578/808/523 580/811/526 486/657/431
f 464/658/432 576/804/519 581/807/522 492/677/439
f 468/678/440 577/800/515 582/803/518 496/653/427
f 544/779/494 589/679/441 594/652/426 550/780/495
f 543/783/498 588/659/433 593/676/438 549/784/499
f 545/787/502 590/699/453 592/656/430 548/788/503
f 540/791/506 585/704/454 591/696/450 547/792/507
f 540/791/506 546/795/510 584/648/422 585/704/454
f 547/792/507 591/696/450 590/699/453 545/787/502
f 549/784/499 593/676/438 589/679/441 544/779/494
f 548/788/503 592/656/430 588/659/433 543/783/498
f 550/780/495 594/652/426 586/655/429 541/796/511
f 546/795/510 542/799/514 587/649/423 584/648/422
f 476/435/263 238/428/260 597/798/513 605/794/509
f 495/822/537 604/781/496 596/797/512 11/823/538
f 485/824/539 602/789/504 598/782/497 462/825/540
f 491/826/541 603/785/500 599/778/493 467/827/542
f 481/828/543 601/793/508 600/786/501 473/829/544
f 236/434/262 476/435/263 605/794/509 595/790/505
f 236/434/262 595/790/505 601/793/508 481/828/543
f 473/829/544 600/786/501 602/789/504 485/824/539
f 462/825/540 598/782/497 603/785/500 491/826/541
f 467/827/542 599/778/493 604/781/496 495/822/537
f 664/830/545 608/831/546 616/832/547 661/833/548
f 655/834/549 611/835/550 615/836/551 659/837/552
f 653/838/553 609/839/554 614/840/555 658/841/556
f 654/842/557 610/843/558 613/844/559 657/845/560
f 650/846/276 606/847/278 612/848/561 656/849/562
f 658/841/556 614/840/555 611/835/550 655/834/549
f 656/849/562 612/848/561 610/843/558 654/842/557
f 657/845/560 613/844/559 609/839/554 653/838/553
f 661/833/548 616/832/547 607/850/563 663/16/16
f 659/837/552 615/836/551 607/850/563 651/715/461
f 642/851/564 619/852/565 627/853/566 639/854/567
f 633/855/568 622/856/569 626/857/570 637/858/571
f 631/859/572 620/860/573 625/861/574 636/862/575
f 632/863/576 621/864/577 624/865/578 635/866/579
f 628/867/580 617/868/581 623/869/582 634/870/583
f 636/862/575 625/861/574 622/856/569 633/855/568
f 634/870/583 623/869/582 621/864/577 632/863/576
f 635/866/579 624/865/578 620/860/573 631/859/572
f 637/858/571 626/857/570 618/871/584 629/391/232
f 639/854/567 627/853/566 618/871/584 641/718/464
f 533/872/585 637/858/571 629/391/232 323/390/231
f 523/873/586 635/866/579 631/859/572 504/874/587
f 520/875/588 634/870/583 632/863/576 510/876/589
f 530/877/590 636/862/575 633/855/568 513/878/591
f 5/879/592 628/867/580 634/870/583 520/875/588
f 510/876/589 632/863/576 635/866/579 523/873/586
f 504/874/587 631/859/572 636/862/575 530/877/590
f 513/878/591 633/855/568 637/858/571 533/872/585
f 619/852/565 630/777/492 638/388/229 627/853/566
f 627/853/566 638/388/229 629/391/232 618/871/584
f 539/713/459 639/854/567 641/718/464 499/714/460
f 500/776/491 642/851/564 639/854/567 539/713/459
f 622/856/569 645/758/484 649/716/462 626/857/570
f 620/860/573 643/722/468 648/755/481 625/861/574
f 621/864/577 644/746/480 647/719/465 624/865/578
f 617/868/581 640/767/489 646/743/477 623/869/582
f 625/861/574 648/755/481 645/758/484 622/856/569
f 623/869/582 646/743/477 644/746/480 621/864/577
f 624/865/578 647/719/465 643/722/468 620/860/573
f 626/857/570 649/716/462 641/718/464 618/871/584
f 534/717/463 659/837/552 651/715/461 499/714/460
f 524/720/466 657/845/560 653/838/553 506/721/467
f 521/744/478 656/849/562 654/842/557 511/745/479
f 531/756/482 658/841/556 655/834/549 514/757/483
f 498/768/457 650/846/276 656/849/562 521/744/478
f 511/745/479 654/842/557 657/845/560 524/720/466
f 506/721/467 653/838/553 658/841/556 531/756/482
f 514/757/483 655/834/549 659/837/552 534/717/463
f 608/831/546 652/775/490 660/712/458 616/832/547
f 616/832/547 660/712/458 651/715/461 607/850/563
f 537/362/206 661/833/548 663/16/16 307/15/15
f 309/361/205 664/830/545 661/833/548 537/362/206
f 611/835/550 667/766/488 671/13/13 615/836/551
f 609/839/554 665/734/472 670/763/485 614/840/555
f 610/843/558 666/738/476 669/731/469 613/844/559
f 606/847/278 662/771/283 668/735/473 612/848/561
f 614/840/555 670/763/485 667/766/488 611/835/550
f 612/848/561 668/735/473 666/738/476 610/843/558
f 613/844/559 669/731/469 665/734/472 609/839/554
f 615/836/551 671/13/13 663/16/16 607/850/563
f 501/452/277 498/711/457 640/880/489
f 640/880/489 617/881/581 501/452/277
f 617/881/581 628/882/580 501/452/277
f 5/883/592 338/884/287 501/452/277 628/882/580
f 11/885/538 596/886/512 459/887/325 340/888/324
f 541/889/511 459/887/325 596/886/512
f 541/889/511 586/890/429 459/887/325
f 459/887/325 586/890/429 457/891/428
f 574/892/536 459/887/325 457/891/428
f 552/893/535 459/887/325 574/892/536
f 552/893/535 564/894/4 459/887/325
f 10/466/3 339/895/311 459/887/325 564/894/4
f 672/896/593 674/897/327 673/898/326
f 672/896/593 675/899/328 674/897/327
f 672/896/593 676/900/329 675/899/328
f 672/896/593 677/901/330 676/900/329
f 672/896/593 678/902/331 677/901/330
f 672/896/593 679/903/332 678/902/331
f 672/896/593 680/904/333 679/903/332
f 672/896/593 681/905/334 680/904/333
f 672/896/593 682/906/335 681/905/334
f 672/896/593 683/907/336 682/906/335
f 672/896/593 684/908/288 683/907/336
f 672/896/593 685/909/285 684/908/288
f 672/896/593 686/910/286 685/909/285
f 672/896/593 687/911/289 686/910/286
f 672/896/593 688/912/290 687/911/289
f 672/896/593 689/913/291 688/912/290
f 672/896/593 690/914/292 689/913/291
f 672/896/593 691/915/293 690/914/292
f 672/896/593 692/916/294 691/915/293
f 672/896/593 693/917/295 692/916/294
f 672/896/593 694/918/296 693/917/295
f 672/896/593 695/919/297 694/918/296
f 672/896/593 696/920/298 695/919/297
f 672/896/593 697/921/299 696/920/298
f 672/896/593 698/922/300 697/921/299
f 672/896/593 699/923/301 698/922/300
f 672/896/593 700/924/302 699/923/301
f 672/896/593 701/925/303 700/924/302
f 672/896/593 702/926/304 701/925/303
f 672/896/593 703/927/305 702/926/304
f 672/896/593 704/928/306 703/927/305
f 672/896/593 705/929/307 704/928/306
f 672/896/593 706/930/308 705/929/307
f 672/896/593 707/931/309 706/930/308
f 672/896/593 708/932/310 707/931/309
f 672/896/593 709/933/312 708/932/310
f 672/896/593 710/934/313 709/933/312
f 672/896/593 711/935/314 710/934/313
f 672/896/593 712/936/315 711/935/314
f 672/896/593 713/937/316 712/936/315
f 672/896/593 714/938/317 713/937/316
f 672/896/593 715/939/318 714/938/317
f 672/896/593 716/940/319 715/939/318
f 672/896/593 717/941/320 716/940/319
f 672/896/593 718/942/321 717/941/320
f 672/896/593 719/943/322 718/942/321
f 672/896/593 720/944/323 719/943/322
f 672/896/593 673/898/326 720/944/323
f 864/945/22 856/946/22 724/947/22 749/948/22
f 924/949/594 916/950/22 726/951/595 750/952/596
f 928/953/597 917/954/598 729/955/599 762/956/600
f 868/957/22 857/958/601 728/959/22 761/960/22
f 926/961/602 918/962/603 732/963/604 756/964/605
f 866/965/606 858/966/607 731/967/22 755/968/22
f 863/969/22 859/970/22 733/971/22 745/972/22
f 923/973/22 919/974/22 734/975/22 746/976/22
f 925/977/608 920/978/609 738/979/610 752/980/611
f 865/981/612 860/982/22 737/983/22 751/984/22
f 867/985/613 861/986/614 739/987/22 757/988/22
f 927/989/615 921/990/616 740/991/617 758/992/618
f 869/993/22 862/994/22 743/995/22 763/996/22
f 929/997/22 922/998/619 744/999/620 764/1000/22
f 930/1001/22 923/973/22 746/976/22 725/1002/22
f 870/1003/22 863/969/22 745/972/22 722/1004/22
f 920/978/609 924/949/594 750/952/596 738/979/610
f 860/982/22 864/945/22 749/948/22 737/983/22
f 858/966/607 865/981/612 751/984/22 731/967/22
f 918/962/603 925/977/608 752/980/611 732/963/604
f 861/986/614 866/965/606 755/968/22 739/987/22
f 921/990/616 926/961/602 756/964/605 740/991/617
f 917/954/598 927/989/615 758/992/618 729/955/599
f 857/958/601 867/985/613 757/988/22 728/959/22
f 862/994/22 868/957/22 761/960/22 743/995/22
f 922/998/619 928/953/597 762/956/600 744/999/620
f 919/974/22 929/997/22 764/1000/22 734/975/22
f 859/970/22 869/993/22 763/996/22 733/971/22
f 889/1005/22 899/1006/22 780/1007/22 770/1008/22
f 892/1009/621 898/1010/622 779/1011/623 773/1012/624
f 887/1013/625 897/1014/626 778/1015/627 768/1016/628
f 891/1017/629 896/1018/630 777/1019/631 772/1020/632
f 888/1021/633 895/1022/634 776/1023/635 769/1024/636
f 890/1025/637 894/1026/638 775/1027/639 771/1028/640
f 900/1029/22 893/1030/22 774/1031/22 767/1032/22
f 899/1006/22 892/1009/621 773/1012/624 780/1007/22
f 897/1014/626 891/1017/629 772/1020/632 778/1015/627
f 895/1022/634 890/1025/637 771/1028/640 776/1023/635
f 893/1030/22 889/1005/22 770/1008/22 774/1031/22
f 896/1018/630 888/1021/633 769/1024/636 777/1019/631
f 898/1010/622 887/1013/625 768/1016/628 779/1011/623
f 894/1026/638 886/1033/641 766/1034/642 775/1027/639
f 949/1035/22 959/1036/22 795/1037/22 785/1038/22
f 952/1039/643 958/1040/644 794/1041/645 788/1042/646
f 947/1043/647 957/1044/648 793/1045/649 783/1046/650
f 951/1047/651 956/1048/652 792/1049/653 787/1050/654
f 948/1051/655 955/1052/656 791/1053/657 784/1054/658
f 950/1055/659 954/1056/660 790/1057/661 786/1058/662
f 960/1059/22 953/1060/22 789/1061/22 781/1062/22
f 959/1036/22 952/1039/643 788/1042/646 795/1037/22
f 957/1044/648 951/1047/651 787/1050/654 793/1045/649
f 955/1052/656 950/1055/659 786/1058/662 791/1053/657
f 953/1060/22 949/1035/22 785/1038/22 789/1061/22
f 956/1048/652 948/1051/655 784/1054/658 792/1049/653
f 958/1040/644 947/1043/647 783/1046/650 794/1041/645
f 954/1056/660 946/1063/22 782/1064/663 790/1057/661
f 875/1065/22 885/1066/22 809/1067/22 799/1068/22
f 878/1069/22 884/1070/664 808/1071/665 802/1072/22
f 873/1073/666 883/1074/667 807/1075/668 797/1076/669
f 877/1077/670 882/1078/671 806/1079/672 801/1080/673
f 874/1081/674 881/1082/675 805/1083/676 798/1084/677
f 876/1085/678 880/1086/679 804/1087/22 800/1088/680
f 871/1089/22 879/1090/22 803/1091/22 810/1092/22
f 885/1066/22 878/1069/22 802/1072/22 809/1067/22
f 883/1074/667 877/1077/670 801/1080/673 807/1075/668
f 881/1082/675 876/1085/678 800/1088/680 805/1083/676
f 879/1090/22 875/1065/22 799/1068/22 803/1091/22
f 882/1078/671 874/1081/674 798/1084/677 806/1079/672
f 884/1070/664 873/1073/666 797/1076/669 808/1071/665
f 880/1086/679 872/1093/22 796/1094/22 804/1087/22
f 910/1095/681 902/1096/682 812/1097/683 820/1098/684
f 914/1099/685 903/1100/686 813/1101/687 824/1102/688
f 912/1103/689 904/1104/690 814/1105/691 822/1106/692
f 909/1107/22 905/1108/22 815/1109/22 819/1110/22
f 911/1111/693 906/1112/694 816/1113/695 821/1114/696
f 913/1115/697 907/1116/698 817/1117/699 823/1118/700
f 915/1119/22 908/1120/701 818/1121/702 825/1122/22
f 901/1123/22 909/1107/22 819/1110/22 811/1124/22
f 906/1112/694 910/1095/681 820/1098/684 816/1113/695
f 904/1104/690 911/1111/693 821/1114/696 814/1105/691
f 907/1116/698 912/1103/689 822/1106/692 817/1117/699
f 903/1100/686 913/1115/697 823/1118/700 813/1101/687
f 908/1120/701 914/1099/685 824/1102/688 818/1121/702
f 905/1108/22 915/1119/22 825/1122/22 815/1109/22
f 935/1125/22 945/1126/22 839/1127/22 829/1128/22
f 938/1129/703 944/1130/704 838/1131/705 832/1132/706
f 933/1133/707 943/1134/708 837/1135/709 827/1136/710
f 937/1137/711 942/1138/712 836/1139/713 831/1140/714
f 934/1141/715 941/1142/716 835/1143/717 828/1144/718
f 936/1145/719 940/1146/720 834/1147/721 830/1148/722
f 931/1149/22 939/1150/22 833/1151/22 840/1152/22
f 945/1126/22 938/1129/703 832/1132/706 839/1127/22
f 943/1134/708 937/1137/711 831/1140/714 837/1135/709
f 941/1142/716 936/1145/719 830/1148/722 835/1143/717
f 939/1150/22 935/1125/22 829/1128/22 833/1151/22
f 942/1138/712 934/1141/715 828/1144/718 836/1139/713
f 944/1130/704 933/1133/707 827/1136/710 838/1131/705
f 940/1146/720 932/1153/723 826/1154/724 834/1147/721
f 970/1155/22 962/1156/22 842/1157/22 850/1158/22
f 974/1159/22 963/1160/22 843/1161/725 854/1162/726
f 972/1163/727 964/1164/728 844/1165/729 852/1166/730
f 969/1167/22 965/1168/22 845/1169/22 849/1170/22
f 971/1171/22 966/1172/22 846/1173/731 851/1174/732
f 973/1175/733 967/1176/734 847/1177/735 853/1178/736
f 975/1179/22 968/1180/22 848/1181/22 855/1182/22
f 961/1183/22 969/1167/22 849/1170/22 841/1184/22
f 966/1172/22 970/1155/22 850/1158/22 846/1173/731
f 964/1164/728 971/1171/22 851/1174/732 844/1165/729
f 967/1176/734 972/1163/727 852/1166/730 847/1177/735
f 963/1160/22 973/1175/733 853/1178/736 843/1161/725
f 968/1180/22 974/1159/22 854/1162/726 848/1181/22
f 965/1168/22 975/1179/22 855/1182/22 845/1169/22
f 799/1068/22 809/1067/22 869/993/22 859/970/22
f 802/1072/22 808/1071/665 868/957/22 862/994/22
f 797/1076/669 807/1075/668 867/985/613 857/958/601
f 801/1080/673 806/1079/672 866/965/606 861/986/614
f 798/1084/677 805/1083/676 865/981/612 858/966/607
f 800/1088/680 804/1087/22 864/945/22 860/982/22
f 810/1092/22 803/1091/22 863/969/22 870/1003/22
f 809/1067/22 802/1072/22 862/994/22 869/993/22
f 807/1075/668 801/1080/673 861/986/614 867/985/613
f 805/1083/676 800/1088/680 860/982/22 865/981/612
f 803/1091/22 799/1068/22 859/970/22 863/969/22
f 806/1079/672 798/1084/677 858/966/607 866/965/606
f 808/1071/665 797/1076/669 857/958/601 868/957/22
f 804/1087/22 796/1094/22 856/946/22 864/945/22
f 775/1027/639 766/1034/642 872/1093/22 880/1086/679
f 779/1011/623 768/1016/628 873/1073/666 884/1070/664
f 777/1019/631 769/1024/636 874/1081/674 882/1078/671
f 774/1031/22 770/1008/22 875/1065/22 879/1090/22
f 776/1023/635 771/1028/640 876/1085/678 881/1082/675
f 778/1015/627 772/1020/632 877/1077/670 883/1074/667
f 780/1007/22 773/1012/624 878/1069/22 885/1066/22
f 767/1032/22 774/1031/22 879/1090/22 871/1089/22
f 771/1028/640 775/1027/639 880/1086/679 876/1085/678
f 769/1024/636 776/1023/635 881/1082/675 874/1081/674
f 772/1020/632 777/1019/631 882/1078/671 877/1077/670
f 768/1016/628 778/1015/627 883/1074/667 873/1073/666
f 773/1012/624 779/1011/623 884/1070/664 878/1069/22
f 770/1008/22 780/1007/22 885/1066/22 875/1065/22
f 820/1098/684 812/1097/683 886/1033/641 894/1026/638
f 824/1102/688 813/1101/687 887/1013/625 898/1010/622
f 822/1106/692 814/1105/691 888/1021/633 896/1018/630
f 819/1110/22 815/1109/22 889/1005/22 893/1030/22
f 821/1114/696 816/1113/695 890/1025/637 895/1022/634
f 823/1118/700 817/1117/699 891/1017/629 897/1014/626
f 825/1122/22 818/1121/702 892/1009/621 899/1006/22
f 811/1124/22 819/1110/22 893/1030/22 900/1029/22
f 816/1113/695 820/1098/684 894/1026/638 890/1025/637
f 814/1105/691 821/1114/696 895/1022/634 888/1021/633
f 817/1117/699 822/1106/692 896/1018/630 891/1017/629
f 813/1101/687 823/1118/700 897/1014/626 887/1013/625
f 818/1121/702 824/1102/688 898/1010/622 892/1009/621
f 815/1109/22 825/1122/22 899/1006/22 889/1005/22
f 734/975/22 764/1000/22 915/1119/22 905/1108/22
f 744/999/620 762/956/600 914/1099/685 908/1120/701
f 729/955/599 758/992/618 913/1115/697 903/1100/686
f 740/991/617 756/964/605 912/1103/689 907/1116/698
f 732/963/604 752/980/611 911/1111/693 904/1104/690
f 738/979/610 750/952/596 910/1095/681 906/1112/694
f 725/1002/22 746/976/22 909/1107/22 901/1123/22
f 764/1000/22 744/999/620 908/1120/701 915/1119/22
f 758/992/618 740/991/617 907/1116/698 913/1115/697
f 752/980/611 738/979/610 906/1112/694 911/1111/693
f 746/976/22 734/975/22 905/1108/22 909/1107/22
f 756/964/605 732/963/604 904/1104/690 912/1103/689
f 762/956/600 729/955/599 903/1100/686 914/1099/685
f 750/952/596 726/951/595 902/1096/682 910/1095/681
f 829/1128/22 839/1127/22 929/997/22 919/974/22
f 832/1132/706 838/1131/705 928/953/597 922/998/619
f 827/1136/710 837/1135/709 927/989/615 917/954/598
f 831/1140/714 836/1139/713 926/961/602 921/990/616
f 828/1144/718 835/1143/717 925/977/608 918/962/603
f 830/1148/722 834/1147/721 924/949/594 920/978/609
f 840/1152/22 833/1151/22 923/973/22 930/1001/22
f 839/1127/22 832/1132/706 922/998/619 929/997/22
f 837/1135/709 831/1140/714 921/990/616 927/989/615
f 835/1143/717 830/1148/722 920/978/609 925/977/608
f 833/1151/22 829/1128/22 919/974/22 923/973/22
f 836/1139/713 828/1144/718 918/962/603 926/961/602
f 838/1131/705 827/1136/710 917/954/598 928/953/597
f 834/1147/721 826/1154/724 916/950/22 924/949/594
f 790/1057/661 782/1064/663 932/1153/723 940/1146/720
f 794/1041/645 783/1046/650 933/1133/707 944/1130/704
f 792/1049/653 784/1054/658 934/1141/715 942/1138/712
f 789/1061/22 785/1038/22 935/1125/22 939/1150/22
f 791/1053/657 786/1058/662 936/1145/719 941/1142/716
f 793/1045/649 787/1050/654 937/1137/711 943/1134/708
f 795/1037/22 788/1042/646 938/1129/703 945/1126/22
f 781/1062/22 789/1061/22 939/1150/22 931/1149/22
f 786/1058/662 790/1057/661 940/1146/720 936/1145/719
f 784/1054/658 791/1053/657 941/1142/716 934/1141/715
f 787/1050/654 792/1049/653 942/1138/712 937/1137/711
f 783/1046/650 793/1045/649 943/1134/708 933/1133/707
f 788/1042/646 794/1041/645 944/1130/704 938/1129/703
f 785/1038/22 795/1037/22 945/1126/22 935/1125/22
f 850/1158/22 842/1157/22 946/1063/22 954/1056/660
f 854/1162/726 843/1161/725 947/1043/647 958/1040/644
f 852/1166/730 844/1165/729 948/1051/655 956/1048/652
f 849/1170/22 845/1169/22 949/1035/22 953/1060/22
f 851/1174/732 846/1173/731 950/1055/659 955/1052/656
f 853/1178/736 847/1177/735 951/1047/651 957/1044/648
f 855/1182/22 848/1181/22 952/1039/643 959/1036/22
f 841/1184/22 849/1170/22 953/1060/22 960/1059/22
f 846/1173/731 850/1158/22 954/1056/660 950/1055/659
f 844/1165/729 851/1174/732 955/1052/656 948/1051/655
f 847/1177/735 852/1166/730 956/1048/652 951/1047/651
f 843/1161/725 853/1178/736 957/1044/648 947/1043/647
f 848/1181/22 854/1162/726 958/1040/644 952/1039/643
f 845/1169/22 855/1182/22 959/1036/22 949/1035/22
f 735/1185/22 765/1186/22 975/1179/22 965/1168/22
f 742/1187/22 760/1188/22 974/1159/22 968/1180/22
f 727/1189/22 759/1190/22 973/1175/733 963/1160/22
f 741/1191/22 754/1192/22 972/1163/727 967/1176/734
f 730/1193/22 753/1194/22 971/1171/22 964/1164/728
f 736/1195/22 748/1196/22 970/1155/22 966/1172/22
f 721/1197/22 747/1198/22 969/1167/22 961/1183/22
f 765/1186/22 742/1187/22 968/1180/22 975/1179/22
f 759/1190/22 741/1191/22 967/1176/734 973/1175/733
f 753/1194/22 736/1195/22 966/1172/22 971/1171/22
f 747/1198/22 735/1185/22 965/1168/22 969/1167/22
f 754/1192/22 730/1193/22 964/1164/728 972/1163/727
f 760/1188/22 727/1189/22 963/1160/22 974/1159/22
f 748/1196/22 723/1199/22 962/1156/22 970/1155/22
f 1101/1200/22 1093/1201/22 979/1202/22 1049/1203/22
f 1065/1204/22 1057/1205/22 980/1206/22 1050/1207/22
f 1155/1208/22 1058/1209/22 984/1210/22 1148/1211/22
f 1159/1212/737 1094/1213/738 983/1214/739 1147/1215/740
f 1157/1216/741 1076/1217/742 987/1218/743 1149/1219/744
f 1083/1220/22 1075/1221/22 985/1222/22 1051/1223/22
f 1161/1224/745 1112/1225/746 990/1226/747 1150/1227/748
f 1119/1228/22 1111/1229/22 989/1230/22 1052/1231/22
f 1160/1232/749 1104/1233/750 992/1234/751 1151/1235/752
f 1110/1236/22 1103/1237/22 991/1238/22 1053/1239/22
f 1128/1240/22 1121/1241/22 995/1242/22 1054/1243/22
f 1162/1244/22 1122/1245/22 996/1246/753 1152/1247/22
f 1092/1248/22 1085/1249/22 998/1250/22 1055/1251/22
f 1158/1252/754 1086/1253/755 999/1254/756 1153/1255/757
f 1156/1256/22 1068/1257/22 1001/1258/22 1154/1259/22
f 1074/1260/22 1067/1261/22 1000/1262/22 1056/1263/22
f 1073/1264/22 1069/1265/22 1011/1266/22 1046/1267/22
f 1091/1268/758 1087/1269/593 1010/1270/759 1045/1271/760
f 1127/1272/22 1123/1273/22 1009/1274/761 1044/1275/762
f 1109/1276/763 1105/1277/764 1008/1278/765 1043/1279/766
f 1118/1280/767 1114/1281/768 1007/1282/769 1042/1283/770
f 1082/1284/771 1078/1285/772 1006/1286/773 1041/1287/774
f 1064/1288/22 1060/1289/22 1005/1290/22 1040/1291/22
f 1100/1292/775 1096/1293/776 1004/1294/777 1039/1295/778
f 1190/1296/779 1070/1297/780 1020/1298/781 1188/1299/782
f 1192/1300/22 1088/1301/783 1019/1302/784 1187/1303/785
f 1196/1304/22 1124/1305/22 1018/1306/22 1186/1307/22
f 1194/1308/786 1106/1309/787 1017/1310/788 1185/1311/789
f 1195/1312/22 1115/1313/22 1016/1314/790 1184/1315/791
f 1191/1316/792 1079/1317/793 1015/1318/794 1183/1319/795
f 1193/1320/796 1097/1321/797 1012/1322/22 1181/1323/798
f 1189/1324/22 1061/1325/22 1013/1326/22 1182/1327/22
f 1206/1328/22 1062/1329/22 1022/1330/22 1198/1331/22
f 1210/1332/799 1098/1333/800 1021/1334/801 1197/1335/802
f 1208/1336/803 1080/1337/804 1023/1338/805 1199/1339/806
f 1212/1340/22 1116/1341/22 1024/1342/807 1200/1343/808
f 1211/1344/809 1107/1345/810 1025/1346/811 1201/1347/812
f 1213/1348/22 1125/1349/22 1026/1350/22 1202/1351/22
f 1209/1352/22 1089/1353/22 1027/1354/22 1203/1355/22
f 1207/1356/813 1071/1357/814 1028/1358/815 1204/1359/816
f 1173/1360/817 1072/1361/818 1038/1362/819 1170/1363/820
f 1175/1364/821 1090/1365/822 1037/1366/823 1169/1367/824
f 1179/1368/22 1126/1369/22 1036/1370/22 1168/1371/22
f 1177/1372/825 1108/1373/826 1035/1374/827 1167/1375/828
f 1178/1376/22 1117/1377/829 1034/1378/830 1166/1379/831
f 1174/1380/832 1081/1381/833 1033/1382/834 1165/1383/835
f 1176/1384/836 1099/1385/837 1031/1386/838 1163/1387/839
f 1172/1388/22 1063/1389/22 1032/1390/22 1164/1391/22
f 1142/1392/840 1100/1292/775 1039/1295/778 1129/1393/841
f 1138/1394/22 1064/1288/22 1040/1291/22 1130/1395/22
f 1140/1396/842 1082/1284/771 1041/1287/774 1131/1397/843
f 1144/1398/844 1118/1280/767 1042/1283/770 1132/1399/845
f 1143/1400/846 1109/1276/763 1043/1279/766 1133/1401/847
f 1145/1402/22 1127/1272/22 1044/1275/762 1134/1403/848
f 1141/1404/849 1091/1268/758 1045/1271/760 1135/1405/850
f 1139/1406/22 1073/1264/22 1046/1267/22 1136/1407/22
f 1069/1265/22 1074/1260/22 1056/1263/22 1011/1266/22
f 1087/1269/593 1092/1248/22 1055/1251/22 1010/1270/759
f 1123/1273/22 1128/1240/22 1054/1243/22 1009/1274/761
f 1105/1277/764 1110/1236/22 1053/1239/22 1008/1278/765
f 1114/1281/768 1119/1228/22 1052/1231/22 1007/1282/769
f 1078/1285/772 1083/1220/22 1051/1223/22 1006/1286/773
f 1060/1289/22 1065/1204/22 1050/1207/22 1005/1290/22
f 1096/1293/776 1101/1200/22 1049/1203/22 1004/1294/777
f 1011/1266/22 1056/1263/22 1065/1204/22 1060/1289/22
f 1136/1407/22 1046/1267/22 1064/1288/22 1138/1394/22
f 1170/1363/820 1038/1362/819 1063/1389/22 1172/1388/22
f 1204/1359/816 1028/1358/815 1062/1329/22 1206/1328/22
f 1188/1299/782 1020/1298/781 1061/1325/22 1189/1324/22
f 1046/1267/22 1011/1266/22 1060/1289/22 1064/1288/22
f 1154/1259/22 1001/1258/22 1058/1209/22 1155/1208/22
f 1056/1263/22 1000/1262/22 1057/1205/22 1065/1204/22
f 1006/1286/773 1051/1223/22 1074/1260/22 1069/1265/22
f 1131/1397/843 1041/1287/774 1073/1264/22 1139/1406/22
f 1165/1383/835 1033/1382/834 1072/1361/818 1173/1360/817
f 1199/1339/806 1023/1338/805 1071/1357/814 1207/1356/813
f 1183/1319/795 1015/1318/794 1070/1297/780 1190/1296/779
f 1041/1287/774 1006/1286/773 1069/1265/22 1073/1264/22
f 1051/1223/22 985/1222/22 1067/1261/22 1074/1260/22
f 1149/1219/744 987/1218/743 1068/1257/22 1156/1256/22
f 1010/1270/759 1055/1251/22 1083/1220/22 1078/1285/772
f 1135/1405/850 1045/1271/760 1082/1284/771 1140/1396/842
f 1169/1367/824 1037/1366/823 1081/1381/833 1174/1380/832
f 1203/1355/22 1027/1354/22 1080/1337/804 1208/1336/803
f 1187/1303/785 1019/1302/784 1079/1317/793 1191/1316/792
f 1045/1271/760 1010/1270/759 1078/1285/772 1082/1284/771
f 1055/1251/22 998/1250/22 1075/1221/22 1083/1220/22
f 1153/1255/757 999/1254/756 1076/1217/742 1157/1216/741
f 1004/1408/777 1049/1409/22 1092/1248/22 1087/1269/593
f 1129/1410/841 1039/1411/778 1091/1268/758 1141/1404/849
f 1163/1412/839 1031/1413/838 1090/1365/822 1175/1364/821
f 1197/1414/802 1021/1415/801 1089/1353/22 1209/1352/22
f 1181/1416/798 1012/1417/22 1088/1301/783 1192/1300/22
f 1039/1411/778 1004/1408/777 1087/1269/593 1091/1268/758
f 1147/1418/740 983/1214/739 1086/1253/755 1158/1252/754
f 1049/1409/22 979/1419/22 1085/1249/22 1092/1248/22
f 1008/1278/765 1053/1239/22 1101/1200/22 1096/1293/776
f 1133/1401/847 1043/1279/766 1100/1292/775 1142/1392/840
f 1167/1375/828 1035/1374/827 1099/1385/837 1176/1384/836
f 1201/1347/812 1025/1346/811 1098/1333/800 1210/1332/799
f 1185/1311/789 1017/1310/788 1097/1321/797 1193/1320/796
f 1043/1279/766 1008/1278/765 1096/1293/776 1100/1292/775
f 1151/1235/752 992/1234/751 1094/1213/738 1159/1212/737
f 1053/1239/22 991/1238/22 1093/1201/22 1101/1200/22
f 1007/1282/769 1052/1231/22 1110/1236/22 1105/1277/764
f 1132/1399/845 1042/1283/770 1109/1276/763 1143/1400/846
f 1166/1379/831 1034/1378/830 1108/1373/826 1177/1372/825
f 1200/1343/808 1024/1342/807 1107/1345/810 1211/1344/809
f 1184/1315/791 1016/1314/790 1106/1309/787 1194/1308/786
f 1042/1283/770 1007/1282/769 1105/1277/764 1109/1276/763
f 1052/1231/22 989/1230/22 1103/1237/22 1110/1236/22
f 1150/1227/748 990/1226/747 1104/1233/750 1160/1232/749
f 1009/1274/761 1054/1243/22 1119/1228/22 1114/1281/768
f 1134/1403/848 1044/1275/762 1118/1280/767 1144/1398/844
f 1168/1371/22 1036/1370/22 1117/1377/829 1178/1376/22
f 1202/1351/22 1026/1350/22 1116/1341/22 1212/1340/22
f 1186/1307/22 1018/1306/22 1115/1313/22 1195/1312/22
f 1044/1275/762 1009/1274/761 1114/1281/768 1118/1280/767
f 1054/1243/22 995/1242/22 1111/1229/22 1119/1228/22
f 1152/1247/22 996/1246/753 1112/1225/746 1161/1224/745
f 1003/1420/22 1048/1421/22 1128/1240/22 1123/1273/22
f 1137/1422/22 1047/1423/22 1127/1272/22 1145/1402/22
f 1171/1424/22 1030/1425/22 1126/1369/22 1179/1368/22
f 1205/1426/22 1029/1427/22 1125/1349/22 1213/1348/22
f 1180/1428/22 1014/1429/22 1124/1305/22 1196/1304/22
f 1047/1423/22 1003/1420/22 1123/1273/22 1127/1272/22
f 1146/1430/22 982/1431/22 1122/1245/22 1162/1244/22
f 1048/1421/22 978/1432/22 1121/1241/22 1128/1240/22
f 982/1431/22 1137/1422/22 1145/1402/22 1122/1245/22
f 996/1246/753 1134/1403/848 1144/1398/844 1112/1225/746
f 990/1226/747 1132/1399/845 1143/1400/846 1104/1233/750
f 992/1234/751 1133/1401/847 1142/1392/840 1094/1213/738
f 983/1214/739 1129/1410/841 1141/1404/849 1086/1253/755
f 999/1254/756 1135/1405/850 1140/1396/842 1076/1217/742
f 987/1218/743 1131/1397/843 1139/1406/22 1068/1257/22
f 1001/1258/22 1136/1407/22 1138/1394/22 1058/1209/22
f 1068/1257/22 1139/1406/22 1136/1407/22 1001/1258/22
f 1086/1253/755 1141/1404/849 1135/1405/850 999/1254/756
f 1122/1245/22 1145/1402/22 1134/1403/848 996/1246/753
f 1104/1233/750 1143/1400/846 1133/1401/847 992/1234/751
f 1112/1225/746 1144/1398/844 1132/1399/845 990/1226/747
f 1076/1217/742 1140/1396/842 1131/1397/843 987/1218/743
f 1058/1209/22 1138/1394/22 1130/1395/22 984/1210/22
f 1094/1213/738 1142/1392/840 1129/1393/841 983/1214/739
f 1030/1425/22 1146/1430/22 1162/1244/22 1126/1369/22
f 1036/1370/22 1152/1247/22 1161/1224/745 1117/1377/829
f 1034/1378/830 1150/1227/748 1160/1232/749 1108/1373/826
f 1035/1374/827 1151/1235/752 1159/1212/737 1099/1385/837
f 1031/1413/838 1147/1418/740 1158/1252/754 1090/1365/822
f 1037/1366/823 1153/1255/757 1157/1216/741 1081/1381/833
f 1033/1382/834 1149/1219/744 1156/1256/22 1072/1361/818
f 1038/1362/819 1154/1259/22 1155/1208/22 1063/1389/22
f 1072/1361/818 1156/1256/22 1154/1259/22 1038/1362/819
f 1090/1365/822 1158/1252/754 1153/1255/757 1037/1366/823
f 1126/1369/22 1162/1244/22 1152/1247/22 1036/1370/22
f 1108/1373/826 1160/1232/749 1151/1235/752 1035/1374/827
f 1117/1377/829 1161/1224/745 1150/1227/748 1034/1378/830
f 1081/1381/833 1157/1216/741 1149/1219/744 1033/1382/834
f 1099/1385/837 1159/1212/737 1147/1215/740 1031/1386/838
f 1063/1389/22 1155/1208/22 1148/1211/22 1032/1390/22
f 1014/1429/22 1171/1424/22 1179/1368/22 1124/1305/22
f 1018/1306/22 1168/1371/22 1178/1376/22 1115/1313/22
f 1016/1314/790 1166/1379/831 1177/1372/825 1106/1309/787
f 1017/1310/788 1167/1375/828 1176/1384/836 1097/1321/797
f 1012/1417/22 1163/1412/839 1175/1364/821 1088/1301/783
f 1019/1302/784 1169/1367/824 1174/1380/832 1079/1317/793
f 1015/1318/794 1165/1383/835 1173/1360/817 1070/1297/780
f 1020/1298/781 1170/1363/820 1172/1388/22 1061/1325/22
f 1061/1325/22 1172/1388/22 1164/1391/22 1013/1326/22
f 1097/1321/797 1176/1384/836 1163/1387/839 1012/1322/22
f 1079/1317/793 1174/1380/832 1165/1383/835 1015/1318/794
f 1115/1313/22 1178/1376/22 1166/1379/831 1016/1314/790
f 1106/1309/787 1177/1372/825 1167/1375/828 1017/1310/788
f 1124/1305/22 1179/1368/22 1168/1371/22 1018/1306/22
f 1088/1301/783 1175/1364/821 1169/1367/824 1019/1302/784
f 1070/1297/780 1173/1360/817 1170/1363/820 1020/1298/781
f 1029/1427/22 1180/1428/22 1196/1304/22 1125/1349/22
f 1026/1350/22 1186/1307/22 1195/1312/22 1116/1341/22
f 1024/1342/807 1184/1315/791 1194/1308/786 1107/1345/810
f 1025/1346/811 1185/1311/789 1193/1320/796 1098/1333/800
f 1021/1415/801 1181/1416/798 1192/1300/22 1089/1353/22
f 1027/1354/22 1187/1303/785 1191/1316/792 1080/1337/804
f 1023/1338/805 1183/1319/795 1190/1296/779 1071/1357/814
f 1028/1358/815 1188/1299/782 1189/1324/22 1062/1329/22
f 1062/1329/22 1189/1324/22 1182/1327/22 1022/1330/22
f 1098/1333/800 1193/1320/796 1181/1323/798 1021/1334/801
f 1080/1337/804 1191/1316/792 1183/1319/795 1023/1338/805
f 1116/1341/22 1195/1312/22 1184/1315/791 1024/1342/807
f 1107/1345/810 1194/1308/786 1185/1311/789 1025/1346/811
f 1125/1349/22 1196/1304/22 1186/1307/22 1026/1350/22
f 1089/1353/22 1192/1300/22 1187/1303/785 1027/1354/22
f 1071/1357/814 1190/1296/779 1188/1299/782 1028/1358/815
f 976/1433/22 1205/1426/22 1213/1348/22 1120/1434/22
f 994/1435/22 1202/1351/22 1212/1340/22 1113/1436/22
f 988/1437/851 1200/1343/808 1211/1344/809 1102/1438/852
f 993/1439/853 1201/1347/812 1210/1332/799 1095/1440/854
f 977/1441/855 1197/1414/802 1209/1352/22 1084/1442/22
f 997/1443/22 1203/1355/22 1208/1336/803 1077/1444/856
f 986/1445/857 1199/1339/806 1207/1356/813 1066/1446/858
f 1002/1447/859 1204/1359/816 1206/1328/22 1059/1448/22
f 1066/1446/858 1207/1356/813 1204/1359/816 1002/1447/859
f 1084/1442/22 1209/1352/22 1203/1355/22 997/1443/22
f 1120/1434/22 1213/1348/22 1202/1351/22 994/1435/22
f 1102/1438/852 1211/1344/809 1201/1347/812 993/1439/853
f 1113/1436/22 1212/1340/22 1200/1343/808 988/1437/851
f 1077/1444/856 1208/1336/803 1199/1339/806 986/1445/857
f 1095/1440/854 1210/1332/799 1197/1335/802 977/1449/855
f 1059/1448/22 1206/1328/22 1198/1331/22 981/1450/22
